Player's Name,Height,Weight,Birthplace City,Birthplace State,College,College City,College State,Plays From,Plays From State,Birth Date,Exempt Status,Combined States,Birthplace City and State,College City and State,Plays From City and State,Headshot Link,,
Scottie Scheffler,"6'3""",200,Dallas,Texas,University of Texas,Austin,Texas,"Dallas, TX",Texas,6/21/1996,Top 125 FedExCup 2024,Texas-Texas-Texas,"Dallas, Texas","Austin, Texas","Dallas, Texas","https://pga-tour-res.cloudinary.com/image/upload/c_fill,d_headshots_default.png,dpr_2.0,f_auto,g_face:center,h_350,q_auto,w_280/headshots_46046.png",,
Xander Schauffele,"5'10""",175,San Diego,California,San Diego State University,San Diego,California,"Scottsdale, AZ",Arizona,10/25/1993,Top 125 FedExCup 2024,California-California-Arizona,"San Diego, California","San Diego, California","Scottsdale, Arizona","https://pga-tour-res.cloudinary.com/image/upload/c_fill,d_headshots_default.png,dpr_2.0,f_auto,g_face:center,h_350,q_auto,w_280/headshots_48081.png",,
Rory McIlroy,"5'10""",160,Holywood,Northern Ireland,None,None,None,"Jupiter, FL",Florida,5/4/1989,Top 125 FedExCup 2024,Northern Ireland-None-Florida,"Holywood, Northern Ireland",N/A,"Jupiter, Florida","https://pga-tour-res.cloudinary.com/image/upload/c_fill,d_headshots_default.png,dpr_2.0,f_auto,g_face:center,h_350,q_auto,w_280/headshots_28237.png",,
Ludvig Aberg,"6'0""",190,Eslöv,Sweden,Texas Tech University,Lubbock,Texas,"Eslöv, Sweden",Sweden,10/31/1999,Top 50 OWGR 2025,Sweden-Texas-Sweden,"Eslöv, Sweden","Lubbock, Texas","Eslöv, Sweden","https://pga-tour-res.cloudinary.com/image/upload/c_fill,d_headshots_default.png,dpr_2.0,f_auto,g_face:center,h_350,q_auto,w_280/headshots_52955.png",,
Collin Morikawa,"5'9""",160,Los Angeles,California,"University of California, Berkeley",Berkeley,California,"La Cañada Flintridge, CA",California,2/6/1997,Top 125 FedExCup 2024,California-California-California,"Los Angeles, California","Berkeley, California","La Cañada Flintridge, California","https://pga-tour-res.cloudinary.com/image/upload/c_fill,d_headshots_default.png,dpr_2.0,f_auto,g_face:center,h_350,q_auto,w_280/headshots_50525.png",,
Hideki Matsuyama,"5'11""",198,Ehime,Japan,Tohoku Fukushi University,Sendai,Japan,"Tokyo, Japan",Japan,2/25/1992,Top 50 OWGR 2025,Japan-Japan-Japan,"Ehime, Japan","Sendai, Japan","Tokyo, Japan","https://pga-tour-res.cloudinary.com/image/upload/c_fill,d_headshots_default.png,dpr_2.0,f_auto,g_face:center,h_350,q_auto,w_280/headshots_32839.png",,
Wyndham Clark,"6'0""",175,Denver,Colorado,University of Oregon,Eugene,Oregon,"Scottsdale, AZ",Arizona,12/9/1993,Top 125 FedExCup 2024,Colorado-Oregon-Arizona,"Denver, Colorado","Eugene, Oregon","Scottsdale, Arizona","https://pga-tour-res.cloudinary.com/image/upload/c_fill,d_headshots_default.png,dpr_2.0,f_auto,g_face:center,h_350,q_auto,w_280/headshots_51766.png",,
Tyrrell Hatton,"5'9""",161,High Wycombe,England,None,None,None,"Marlow, England",England,10/14/1991,Top 50 OWGR 2025,England-None-England,"High Wycombe, England",N/A,"Marlow, England","https://pga-tour-res.cloudinary.com/image/upload/c_fill,d_headshots_default.png,dpr_2.0,f_auto,g_face:center,h_350,q_auto,w_280/headshots_34363.png",,
Justin Thomas,"5'10""",160,Louisville,Kentucky,University of Alabama,Tuscaloosa,Alabama,"Jupiter, FL",Florida,4/29/1993,Top 125 FedExCup 2024,Kentucky-Alabama-Florida,"Louisville, Kentucky","Tuscaloosa, Alabama","Jupiter, Florida","https://pga-tour-res.cloudinary.com/image/upload/c_fill,d_headshots_default.png,dpr_2.0,f_auto,g_face:center,h_350,q_auto,w_280/headshots_33448.png",,
Tommy Fleetwood,"5'11""",175,Southport,England,None,None,None,"Dubai, UAE",N/A,1/19/1991,Top 125 FedExCup 2024,England-None-N/A,"Southport, England",N/A,"Dubai, UAE","https://pga-tour-res.cloudinary.com/image/upload/c_fill,d_headshots_default.png,dpr_2.0,f_auto,g_face:center,h_350,q_auto,w_280/headshots_30911.png",,
Bryson DeChambeau,"6'1""",235,Modesto,California,Southern Methodist University,Dallas,Texas,"Dallas, TX",Texas,9/16/1993,Top 50 OWGR 2025,California-Texas-Texas,"Modesto, California","Dallas, Texas","Dallas, Texas","https://pga-tour-res.cloudinary.com/image/upload/c_fill,d_headshots_default.png,dpr_2.0,f_auto,g_face:center,h_350,q_auto,w_280/headshots_47959.png",,
Patrick Cantlay,"5'10""",190,Long Beach,California,UCLA,Los Angeles,California,"Jupiter, FL",Florida,3/17/1992,Top 125 FedExCup 2024,California-California-Florida,"Long Beach, California","Los Angeles, California","Jupiter, Florida","https://pga-tour-res.cloudinary.com/image/upload/c_fill,d_headshots_default.png,dpr_2.0,f_auto,g_face:center,h_350,q_auto,w_280/headshots_35450.png",,
Maverick McNealy,"6'1""",170,Stanford,California,Stanford University,Palo Alto,California,"Las Vegas, NV",Nevada,11/7/1995,Top 125 FedExCup 2024,California-California-Nevada,"Stanford, California","Palo Alto, California","Las Vegas, Nevada","https://pga-tour-res.cloudinary.com/image/upload/c_fill,d_headshots_default.png,dpr_2.0,f_auto,g_face:center,h_350,q_auto,w_280/headshots_46442.png",,
Viktor Hovland,"5'10""",165,Oslo,Norway,Oklahoma State University,Stillwater,Oklahoma,"Oslo, Norway",Norway,9/18/1997,Top 125 FedExCup 2024,Norway-Oklahoma-Norway,"Oslo, Norway","Stillwater, Oklahoma","Oslo, Norway","https://pga-tour-res.cloudinary.com/image/upload/c_fill,d_headshots_default.png,dpr_2.0,f_auto,g_face:center,h_350,q_auto,w_280/headshots_46717.png",,
Keegan Bradley,"6'3""",190,Woodstock,Vermont,St. John's University,Queens,New York,"Jupiter, FL",Florida,6/7/1986,Top 50 OWGR 2025,Vermont-New York-Florida,"Woodstock, Vermont","Queens, New York","Jupiter, Florida","https://pga-tour-res.cloudinary.com/image/upload/c_fill,d_headshots_default.png,dpr_2.0,f_auto,g_face:center,h_350,q_auto,w_280/headshots_33141.png",,
Robert MacIntyre,"5'11""",175,Oban,Scotland,None,None,None,"Oban, Scotland",Scotland,8/3/1996,Top 125 FedExCup 2024,Scotland-None-Scotland,"Oban, Scotland",N/A,"Oban, Scotland","https://pga-tour-res.cloudinary.com/image/upload/c_fill,d_headshots_default.png,dpr_2.0,f_auto,g_face:center,h_350,q_auto,w_280/headshots_52215.png",,
Russell Henley,"6'0""",180,Macon,Georgia,University of Georgia,Athens,Georgia,"Kiawah Island, SC",South Carolina,4/12/1989,Top 125 FedExCup 2024,Georgia-Georgia-South Carolina,"Macon, Georgia","Athens, Georgia","Kiawah Island, South Carolina","https://pga-tour-res.cloudinary.com/image/upload/c_fill,d_headshots_default.png,dpr_2.0,f_auto,g_face:center,h_350,q_auto,w_280/headshots_34098.png",,
Shane Lowry,"6'1""",225,Clara,Ireland,None,None,None,"Jupiter, FL",Florida,4/2/1987,Top 125 FedExCup 2024,Ireland-None-Florida,"Clara, Ireland",N/A,"Jupiter, Florida","https://pga-tour-res.cloudinary.com/image/upload/c_fill,d_headshots_default.png,dpr_2.0,f_auto,g_face:center,h_350,q_auto,w_280/headshots_33204.png",,
Sepp Straka,"6'3""",235,Vienna,Austria,University of Georgia,Athens,Georgia,"Athens, GA",Georgia,5/1/1993,Top 50 OWGR 2025,Austria-Georgia-Georgia,"Vienna, Austria","Athens, Georgia","Athens, Georgia","https://pga-tour-res.cloudinary.com/image/upload/c_fill,d_headshots_default.png,dpr_2.0,f_auto,g_face:center,h_350,q_auto,w_280/headshots_49960.png",,
Billy Horschel,"6'0""",175,Grant,Florida,University of Florida,Gainesville,Florida,"Ponte Vedra Beach, FL",Florida,12/7/1986,Top 125 FedExCup 2024,Florida-Florida-Florida,"Grant, Florida","Gainesville, Florida","Ponte Vedra Beach, Florida","https://pga-tour-res.cloudinary.com/image/upload/c_fill,d_headshots_default.png,dpr_2.0,f_auto,g_face:center,h_350,q_auto,w_280/headshots_29420.png",,
Sahith Theegala,"6'3""",185,Houston,Texas,Pepperdine University,Malibu,California,"Chino Hills, CA",California,10/4/1997,Top 125 FedExCup 2024,Texas-California-California,"Houston, Texas","Malibu, California","Chino Hills, California","https://pga-tour-res.cloudinary.com/image/upload/c_fill,d_headshots_default.png,dpr_2.0,f_auto,g_face:center,h_350,q_auto,w_280/headshots_51634.png",,
Sungjae Im,"6'0""",200,Jeju Island,South Korea,None,None,None,"Las Vegas, NV",Nevada,3/30/1998,Top 125 FedExCup 2024,South Korea-None-Nevada,"Jeju Island, South Korea",N/A,"Las Vegas, Nevada","https://pga-tour-res.cloudinary.com/image/upload/c_fill,d_headshots_default.png,dpr_2.0,f_auto,g_face:center,h_350,q_auto,w_280/headshots_39971.png",,
Thomas Detry,"6'2""",170,Uccle,Belgium,University of Illinois,Urbana-Champaign,Illinois,"Brussels, Belgium",Belgium,1/13/1993,Top 125 FedExCup 2024,Belgium-Illinois-Belgium,"Uccle, Belgium","Urbana-Champaign, Illinois","Brussels, Belgium","https://pga-tour-res.cloudinary.com/image/upload/c_fill,d_headshots_default.png,dpr_2.0,f_auto,g_face:center,h_350,q_auto,w_280/headshots_33653.png",,
Aaron Rai,"5'11""",150,Wolverhampton,England,None,None,None,"Wolverhampton, England",England,3/3/1995,Top 125 FedExCup 2024,England-None-England,"Wolverhampton, England",N/A,"Wolverhampton, England","https://pga-tour-res.cloudinary.com/image/upload/c_fill,d_headshots_default.png,dpr_2.0,f_auto,g_face:center,h_350,q_auto,w_280/headshots_46414.png",,
Tom Kim,"6'0""",170,Seoul,South Korea,None,None,None,"Dallas, TX",Texas,6/21/2002,Top 125 FedExCup 2024,South Korea-None-Texas,"Seoul, South Korea",N/A,"Dallas, Texas","https://pga-tour-res.cloudinary.com/image/upload/c_fill,d_headshots_default.png,dpr_2.0,f_auto,g_face:center,h_350,q_auto,w_280/headshots_55182.png",,
Adam Scott,"6'0""",180,Adelaide,Australia,"University of Nevada, Las Vegas",Las Vegas,Nevada,"Crans-Montana, Switzerland",N/A,7/16/1980,Top 125 FedExCup 2024,Australia-Nevada-N/A,"Adelaide, Australia","Las Vegas, Nevada","Crans-Montana, Switzerland","https://pga-tour-res.cloudinary.com/image/upload/c_fill,d_headshots_default.png,dpr_2.0,f_auto,g_face:center,h_350,q_auto,w_280/headshots_24502.png",,
Tony Finau,"6'4""",200,Salt Lake City,Utah,None,None,None,"Scottsdale, AZ",Arizona,9/14/1989,Top 125 FedExCup 2024,Utah-None-Arizona,"Salt Lake City, Utah",N/A,"Scottsdale, Arizona","https://pga-tour-res.cloudinary.com/image/upload/c_fill,d_headshots_default.png,dpr_2.0,f_auto,g_face:center,h_350,q_auto,w_280/headshots_29725.png",,
Sam Burns,"6'1""",185,Shreveport,Louisiana,Louisiana State University,Baton Rouge,Louisiana,"Choudrant, LA",Louisiana,7/23/1996,Top 125 FedExCup 2024,Louisiana-Louisiana-Louisiana,"Shreveport, Louisiana","Baton Rouge, Louisiana","Choudrant, Louisiana","https://pga-tour-res.cloudinary.com/image/upload/c_fill,d_headshots_default.png,dpr_2.0,f_auto,g_face:center,h_350,q_auto,w_280/headshots_47504.png",,
Akshay Bhatia,"6'1""",130,Raleigh,North Carolina,None,None,None,"Wake Forest, NC",North Carolina,1/31/2002,Top 125 FedExCup 2024,North Carolina-None-North Carolina,"Raleigh, North Carolina",N/A,"Wake Forest, North Carolina","https://pga-tour-res.cloudinary.com/image/upload/c_fill,d_headshots_default.png,dpr_2.0,f_auto,g_face:center,h_350,q_auto,w_280/headshots_56630.png",,
Nick Taylor,"5'11""",170,Winnipeg,Manitoba,University of Washington,Seattle,Washington,"Abbotsford, Canada",N/A,4/14/1988,Top 125 FedExCup 2024,Manitoba-Washington-N/A,"Winnipeg, Manitoba","Seattle, Washington","Abbotsford, Canada","https://pga-tour-res.cloudinary.com/image/upload/c_fill,d_headshots_default.png,dpr_2.0,f_auto,g_face:center,h_350,q_auto,w_280/headshots_25493.png",,
Nick Dunlap,"6'3""",185,Huntsville,Alabama,University of Alabama,Tuscaloosa,Alabama,"Tuscaloosa, AL",Alabama,12/23/2003,Top 125 FedExCup 2024,Alabama-Alabama-Alabama,"Huntsville, Alabama","Tuscaloosa, Alabama","Tuscaloosa, Alabama","https://pga-tour-res.cloudinary.com/image/upload/c_fill,d_headshots_default.png,dpr_2.0,f_auto,g_face:center,h_350,q_auto,w_280/headshots_59866.png",,
Byeong Hun An,"6'1""",209,Seoul,South Korea,None,None,None,"Orlando, FL",Florida,9/17/1991,Top 50 OWGR 2025,South Korea-None-Florida,"Seoul, South Korea",N/A,"Orlando, Florida","https://pga-tour-res.cloudinary.com/image/upload/c_fill,d_headshots_default.png,dpr_2.0,f_auto,g_face:center,h_350,q_auto,w_280/headshots_33948.png",,
Jason Day,"6'0""",195,Beaudesert,Australia,None,None,None,"Westerville, OH",Ohio,7/12/1987,Top 50 OWGR 2025,Australia-None-Ohio,"Beaudesert, Australia",N/A,"Westerville, Ohio","https://pga-tour-res.cloudinary.com/image/upload/c_fill,d_headshots_default.png,dpr_2.0,f_auto,g_face:center,h_350,q_auto,w_280/headshots_28089.png",,
Harris English,"6'3""",185,Valdosta,Georgia,University of Georgia,Athens,Georgia,"Sea Island, GA",Georgia,7/23/1989,Top 125 FedExCup 2024,Georgia-Georgia-Georgia,"Valdosta, Georgia","Athens, Georgia","Sea Island, Georgia","https://pga-tour-res.cloudinary.com/image/upload/c_fill,d_headshots_default.png,dpr_2.0,f_auto,g_face:center,h_350,q_auto,w_280/headshots_34099.png",,
Max Greyserman,"6'0""",175,New York,New York,Duke University,Durham,North Carolina,"Short Hills, NJ",New Jersey,5/31/1995,Top 125 FedExCup 2024,New York-North Carolina-New Jersey,"New York, New York","Durham, North Carolina","Short Hills, New Jersey","https://pga-tour-res.cloudinary.com/image/upload/c_fill,d_headshots_default.png,dpr_2.0,f_auto,g_face:center,h_350,q_auto,w_280/headshots_51977.png",,
Denny McCarthy,"5'9""",165,Takoma Park,Maryland,University of Virginia,Charlottesville,Virginia,"Jupiter, FL",Florida,3/4/1993,Top 125 FedExCup 2024,Maryland-Virginia-Florida,"Takoma Park, Maryland","Charlottesville, Virginia","Jupiter, Florida","https://pga-tour-res.cloudinary.com/image/upload/c_fill,d_headshots_default.png,dpr_2.0,f_auto,g_face:center,h_350,q_auto,w_280/headshots_47993.png",,
Brian Harman,"5'7""",155,Savannah,Georgia,University of Georgia,Athens,Georgia,"Sea Island, GA",Georgia,1/19/1987,Top 125 FedExCup 2024,Georgia-Georgia-Georgia,"Savannah, Georgia","Athens, Georgia","Sea Island, Georgia","https://pga-tour-res.cloudinary.com/image/upload/c_fill,d_headshots_default.png,dpr_2.0,f_auto,g_face:center,h_350,q_auto,w_280/headshots_27644.png",,
Justin Rose,"6'3""",195,Johannesburg,South Africa,None,None,None,"London, England",England,7/30/1980,Top 50 OWGR 2025,South Africa-None-England,"Johannesburg, South Africa",N/A,"London, England","https://pga-tour-res.cloudinary.com/image/upload/c_fill,d_headshots_default.png,dpr_2.0,f_auto,g_face:center,h_350,q_auto,w_280/headshots_22405.png",,
J.T. Poston,"6'2""",165,Hickory,North Carolina,Western Carolina University,Cullowhee,North Carolina,"St. Simons Island, GA",Georgia,6/1/1993,Top 125 FedExCup 2024,North Carolina-North Carolina-Georgia,"Hickory, North Carolina","Cullowhee, North Carolina","St. Simons Island, Georgia","https://pga-tour-res.cloudinary.com/image/upload/c_fill,d_headshots_default.png,dpr_2.0,f_auto,g_face:center,h_350,q_auto,w_280/headshots_49771.png",,
Taylor Pendrith,"6'2""",205,Richmond Hill,Ontario,Kent State University,Kent,Ohio,"Hobe Sound, FL",Florida,5/30/1991,Top 125 FedExCup 2024,Ontario-Ohio-Florida,"Richmond Hill, Ontario","Kent, Ohio","Hobe Sound, Florida","https://pga-tour-res.cloudinary.com/image/upload/c_fill,d_headshots_default.png,dpr_2.0,f_auto,g_face:center,h_350,q_auto,w_280/headshots_40250.png",,
Lucas Glover,"6'2""",195,Greenville,South Carolina,Clemson University,Clemson,South Carolina,"Jupiter, FL",Florida,11/12/1979,Top 125 FedExCup 2024,South Carolina-South Carolina-Florida,"Greenville, South Carolina","Clemson, South Carolina","Jupiter, Florida","https://pga-tour-res.cloudinary.com/image/upload/c_fill,d_headshots_default.png,dpr_2.0,f_auto,g_face:center,h_350,q_auto,w_280/headshots_25900.png",,
Stephan Jaeger,"5'9""",185,Munich,Germany,University of Tennessee at Chattanooga,Chattanooga,Tennessee,"Greenville, SC",South Carolina,5/30/1989,Top 125 FedExCup 2024,Germany-Tennessee-South Carolina,"Munich, Germany","Chattanooga, Tennessee","Greenville, South Carolina","https://pga-tour-res.cloudinary.com/image/upload/c_fill,d_headshots_default.png,dpr_2.0,f_auto,g_face:center,h_350,q_auto,w_280/headshots_36799.png",,
Matthieu Pavon,"6'0""",165,Toulouse,France,None,None,None,"Andernos-les-Bains, France",France,11/2/1992,Top 125 FedExCup 2024,France-None-France,"Toulouse, France",N/A,"Andernos-les-Bains, France","https://pga-tour-res.cloudinary.com/image/upload/c_fill,d_headshots_default.png,dpr_2.0,f_auto,g_face:center,h_350,q_auto,w_280/headshots_48153.png",,
Austin Eckroat,"6'0""",175,Edmond,Oklahoma,Oklahoma State University,Stillwater,Oklahoma,"Edmond, OK",Oklahoma,1/12/1999,Top 125 FedExCup 2024,Oklahoma-Oklahoma-Oklahoma,"Edmond, Oklahoma","Stillwater, Oklahoma","Edmond, Oklahoma","https://pga-tour-res.cloudinary.com/image/upload/c_fill,d_headshots_default.png,dpr_2.0,f_auto,g_face:center,h_350,q_auto,w_280/headshots_57362.png",,
Rasmus Højgaard,"6'1""",175,Odense,Denmark,None,None,None,"Odense, Denmark",Denmark,3/12/2001,Top 50 OWGR 2025,Denmark-None-Denmark,"Odense, Denmark",N/A,"Odense, Denmark","https://pga-tour-res.cloudinary.com/image/upload/c_fill,d_headshots_default.png,dpr_2.0,f_auto,g_face:center,h_350,q_auto,w_280/headshots_52686.png",,
Nico Echavarria,"5'11""",165,Medellín,Colombia,University of Arkansas,Fayetteville,Arkansas,"Jupiter, FL",Florida,7/11/1994,Top 125 FedExCup 2024,Colombia-Arkansas-Florida,"Medellín, Colombia","Fayetteville, Arkansas","Jupiter, Florida","https://pga-tour-res.cloudinary.com/image/upload/c_fill,d_headshots_default.png,dpr_2.0,f_auto,g_face:center,h_350,q_auto,w_280/headshots_51349.png",,
Cameron Young,"5'11""",185,Scarborough,New York,Wake Forest University,Winston-Salem,North Carolina,"Jupiter, FL",Florida,5/7/1997,Top 50 OWGR 2025,New York-North Carolina-Florida,"Scarborough, New York","Winston-Salem, North Carolina","Jupiter, Florida","https://pga-tour-res.cloudinary.com/image/upload/c_fill,d_headshots_default.png,dpr_2.0,f_auto,g_face:center,h_350,q_auto,w_280/headshots_57366.png",,
Davis Thompson,"6'4""",180,Auburn,Alabama,University of Georgia,Athens,Georgia,"St. Simons Island, GA",Georgia,6/5/1999,Top 125 FedExCup 2024,Alabama-Georgia-Georgia,"Auburn, Alabama","Athens, Georgia","St. Simons Island, Georgia","https://pga-tour-res.cloudinary.com/image/upload/c_fill,d_headshots_default.png,dpr_2.0,f_auto,g_face:center,h_350,q_auto,w_280/headshots_58168.png",,
Cam Davis,"6'4""",180,Sydney,Australia,None,None,None,"Seattle, WA",Washington,2/21/1995,Top 125 FedExCup 2024,Australia-None-Washington,"Sydney, Australia",N/A,"Seattle, Washington","https://pga-tour-res.cloudinary.com/image/upload/c_fill,d_headshots_default.png,dpr_2.0,f_auto,g_face:center,h_350,q_auto,w_280/headshots_45157.png",,
Corey Conners,"6'0""",190,Listowel,Ontario,Kent State University,Kent,Ohio,"Palm Beach Gardens, FL",Florida,1/6/1992,Top 50 OWGR 2025,Ontario-Ohio-Florida,"Listowel, Ontario","Kent, Ohio","Palm Beach Gardens, Florida","https://pga-tour-res.cloudinary.com/image/upload/c_fill,d_headshots_default.png,dpr_2.0,f_auto,g_face:center,h_350,q_auto,w_280/headshots_39997.png",,
Christiaan Bezuidenhout,"6'0""",165,Delmas,South Africa,None,None,None,"St. Francis Bay, South Africa",South Africa,5/18/1994,Top 125 FedExCup 2024,South Africa-None-South Africa,"Delmas, South Africa",N/A,"St. Francis Bay, South Africa","https://pga-tour-res.cloudinary.com/image/upload/c_fill,d_headshots_default.png,dpr_2.0,f_auto,g_face:center,h_350,q_auto,w_280/headshots_45522.png",,
Daniel Berger,"6'1""",175,Plantation,Florida,Florida State University,Tallahassee,Florida,"Jupiter, FL",Florida,4/7/1993,Top 125 FedExCup 2024,Florida-Florida-Florida,"Plantation, Florida","Tallahassee, Florida","Jupiter, Florida","https://pga-tour-res.cloudinary.com/image/upload/c_fill,d_headshots_default.png,dpr_2.0,f_auto,g_face:center,h_350,q_auto,w_280/headshots_40026.png",,
Laurie Canter,"6'2""",176,Bath,England,None,None,None,"Bath, England",England,11/3/1989,Top 50 OWGR 2025,England-None-England,"Bath, England",N/A,"Bath, England","https://pga-tour-res.cloudinary.com/image/upload/c_fill,d_headshots_default.png,dpr_2.0,f_auto,g_face:center,h_350,q_auto,w_280/headshots_34362.png",,
Jon Rahm,"6'2""",220,Barrika,Spain,Arizona State University,Tempe,Arizona,"Scottsdale, AZ",Arizona,11/10/1994,Top 50 OWGR 2025,Spain-Arizona-Arizona,"Barrika, Spain","Tempe, Arizona","Scottsdale, Arizona","https://pga-tour-res.cloudinary.com/image/upload/c_fill,d_headshots_default.png,dpr_2.0,f_auto,g_face:center,h_350,q_auto,w_280/headshots_46970.png",,
Min Woo Lee,"6'0""",165,Perth,Australia,None,None,None,"Perth, Australia",Australia,7/27/1998,Top 50 OWGR 2025,Australia-None-Australia,"Perth, Australia",N/A,"Perth, Australia","https://pga-tour-res.cloudinary.com/image/upload/c_fill,d_headshots_default.png,dpr_2.0,f_auto,g_face:center,h_350,q_auto,w_280/headshots_37378.png",,
Matt McCarty,"6'0""",165,Scottsdale,Arizona,University of Oregon,Eugene,Oregon,"Scottsdale, AZ",Arizona,11/6/1997,Korn Ferry Tour 2024,Arizona-Oregon-Arizona,"Scottsdale, Arizona","Eugene, Oregon","Scottsdale, Arizona","https://pga-tour-res.cloudinary.com/image/upload/c_fill,d_headshots_default.png,dpr_2.0,f_auto,g_face:center,h_350,q_auto,w_280/headshots_59141.png",,
Ben Griffin,"6'0""",185,Chapel Hill,North Carolina,University of North Carolina,Chapel Hill,North Carolina,"Sea Island, GA",Georgia,5/6/1996,Top 125 FedExCup 2024,North Carolina-North Carolina-Georgia,"Chapel Hill, North Carolina","Chapel Hill, North Carolina","Sea Island, Georgia","https://pga-tour-res.cloudinary.com/image/upload/c_fill,d_headshots_default.png,dpr_2.0,f_auto,g_face:center,h_350,q_auto,w_280/headshots_54591.png",,
Eric Cole,"5'9""",155,Palm Springs,California,Nova Southeastern University,Fort Lauderdale,Florida,"Tequesta, FL",Florida,6/12/1988,Top 125 FedExCup 2024,California-Florida-Florida,"Palm Springs, California","Fort Lauderdale, Florida","Tequesta, Florida","https://pga-tour-res.cloudinary.com/image/upload/c_fill,d_headshots_default.png,dpr_2.0,f_auto,g_face:center,h_350,q_auto,w_280/headshots_47591.png",,
Thriston Lawrence,"5'11""",195,Nelspruit,South Africa,None,None,None,"Nelspruit, South Africa",South Africa,4/3/1997,Top 50 OWGR 2025,South Africa-None-South Africa,"Nelspruit, South Africa",N/A,"Nelspruit, South Africa","https://pga-tour-res.cloudinary.com/image/upload/c_fill,d_headshots_default.png,dpr_2.0,f_auto,g_face:center,h_350,q_auto,w_280/headshots_45523.png",,
Matt Fitzpatrick,"5'10""",155,Sheffield,England,Northwestern University,Evanston,Illinois,"Jupiter, FL",Florida,9/1/1994,Top 50 OWGR 2025,England-Illinois-Florida,"Sheffield, England","Evanston, Illinois","Jupiter, Florida","https://pga-tour-res.cloudinary.com/image/upload/c_fill,d_headshots_default.png,dpr_2.0,f_auto,g_face:center,h_350,q_auto,w_280/headshots_40098.png",,
Alex Noren,"5'11""",165,Stockholm,Sweden,Oklahoma State University,Stillwater,Oklahoma,"Stockholm, Sweden",Sweden,7/12/1982,Top 50 OWGR 2025,Sweden-Oklahoma-Sweden,"Stockholm, Sweden","Stillwater, Oklahoma","Stockholm, Sweden","https://pga-tour-res.cloudinary.com/image/upload/c_fill,d_headshots_default.png,dpr_2.0,f_auto,g_face:center,h_350,q_auto,w_280/headshots_27349.png",,
Jhonattan Vegas,"6'3""",230,Maturín,Venezuela,University of Texas,Austin,Texas,"Houston, TX",Texas,8/19/1984,Top 50 OWGR 2025,Venezuela-Texas-Texas,"Maturín, Venezuela","Austin, Texas","Houston, Texas","https://pga-tour-res.cloudinary.com/image/upload/c_fill,d_headshots_default.png,dpr_2.0,f_auto,g_face:center,h_350,q_auto,w_280/headshots_27064.png",,
Max Homa,"6'1""",180,Burbank,California,"University of California, Berkeley",Berkeley,California,"Scottsdale, AZ",Arizona,11/19/1990,Top 50 OWGR 2025,California-California-Arizona,"Burbank, California","Berkeley, California","Scottsdale, Arizona","https://pga-tour-res.cloudinary.com/image/upload/c_fill,d_headshots_default.png,dpr_2.0,f_auto,g_face:center,h_350,q_auto,w_280/headshots_39977.png",,
Mackenzie Hughes,"6'1""",180,Hamilton,Ontario,Kent State University,Kent,Ohio,"Charlotte, NC",North Carolina,11/23/1990,Top 125 FedExCup 2024,Ontario-Ohio-North Carolina,"Hamilton, Ontario","Kent, Ohio","Charlotte, North Carolina","https://pga-tour-res.cloudinary.com/image/upload/c_fill,d_headshots_default.png,dpr_2.0,f_auto,g_face:center,h_350,q_auto,w_280/headshots_35506.png",,
Si Woo Kim,"5'11""",180,Seoul,South Korea,None,None,None,"Dallas, TX",Texas,6/28/1995,Top 125 FedExCup 2024,South Korea-None-Texas,"Seoul, South Korea",N/A,"Dallas, Texas","https://pga-tour-res.cloudinary.com/image/upload/c_fill,d_headshots_default.png,dpr_2.0,f_auto,g_face:center,h_350,q_auto,w_280/headshots_37455.png",,
Will Zalatoris,"6'2""",175,San Francisco,California,Wake Forest University,Winston-Salem,North Carolina,"Dallas, TX",Texas,8/16/1996,Top 125 FedExCup 2024,California-North Carolina-Texas,"San Francisco, California","Winston-Salem, North Carolina","Dallas, Texas","https://pga-tour-res.cloudinary.com/image/upload/c_fill,d_headshots_default.png,dpr_2.0,f_auto,g_face:center,h_350,q_auto,w_280/headshots_47483.png",,
Tom Hoge,"6'1""",175,Fargo,North Dakota,Texas Christian University,Fort Worth,Texas,"Fargo, ND",North Dakota,5/25/1989,Top 125 FedExCup 2024,North Dakota-Texas-North Dakota,"Fargo, North Dakota","Fort Worth, Texas","Fargo, North Dakota","https://pga-tour-res.cloudinary.com/image/upload/c_fill,d_headshots_default.png,dpr_2.0,f_auto,g_face:center,h_350,q_auto,w_280/headshots_35532.png",,
Nicolai Højgaard,"6'1""",175,Odense,Denmark,None,None,None,"Aarhus, Denmark",Denmark,3/12/2001,Top 50 OWGR 2025,Denmark-None-Denmark,"Odense, Denmark",N/A,"Aarhus, Denmark","https://pga-tour-res.cloudinary.com/image/upload/c_fill,d_headshots_default.png,dpr_2.0,f_auto,g_face:center,h_350,q_auto,w_280/headshots_52453.png",,
Adam Hadwin,"5'8""",165,Abbotsford,British Columbia,University of Louisville,Louisville,Kentucky,"Wichita, KS",Kansas,11/2/1987,Top 125 FedExCup 2024,British Columbia-Kentucky-Kansas,"Abbotsford, British Columbia","Louisville, Kentucky","Wichita, Kansas","https://pga-tour-res.cloudinary.com/image/upload/c_fill,d_headshots_default.png,dpr_2.0,f_auto,g_face:center,h_350,q_auto,w_280/headshots_33399.png",,
Jordan Spieth,"6'1""",175,Dallas,Texas,University of Texas,Austin,Texas,"Dallas, TX",Texas,7/27/1993,Top 125 FedExCup 2024,Texas-Texas-Texas,"Dallas, Texas","Austin, Texas","Dallas, Texas","https://pga-tour-res.cloudinary.com/image/upload/c_fill,d_headshots_default.png,dpr_2.0,f_auto,g_face:center,h_350,q_auto,w_280/headshots_34046.png",,
Kevin Yu,"5'11""",175,Taipei,Taiwan,Arizona State University,Tempe,Arizona,"Scottsdale, AZ",Arizona,8/24/1998,Top 125 FedExCup 2024,Taiwan-Arizona-Arizona,"Taipei, Taiwan","Tempe, Arizona","Scottsdale, Arizona","https://pga-tour-res.cloudinary.com/image/upload/c_fill,d_headshots_default.png,dpr_2.0,f_auto,g_face:center,h_350,q_auto,w_280/headshots_45242.png",,
Chris Kirk,"6'3""",175,Knoxville,Tennessee,University of Georgia,Athens,Georgia,"Athens, GA",Georgia,5/8/1985,Top 125 FedExCup 2024,Tennessee-Georgia-Georgia,"Knoxville, Tennessee","Athens, Georgia","Athens, Georgia","https://pga-tour-res.cloudinary.com/image/upload/c_fill,d_headshots_default.png,dpr_2.0,f_auto,g_face:center,h_350,q_auto,w_280/headshots_30926.png",,
Patrick Rodgers,"6'2""",165,Avon,Indiana,Stanford University,Palo Alto,California,"Jupiter, FL",Florida,6/30/1992,Top 50 OWGR 2025,Indiana-California-Florida,"Avon, Indiana","Palo Alto, California","Jupiter, Florida","https://pga-tour-res.cloudinary.com/image/upload/c_fill,d_headshots_default.png,dpr_2.0,f_auto,g_face:center,h_350,q_auto,w_280/headshots_36699.png",,
Joaquin Niemann,"6'0""",154,Santiago,Chile,None,None,None,"Jupiter, FL",Florida,11/7/1998,Top 50 OWGR 2025,Chile-None-Florida,"Santiago, Chile",N/A,"Jupiter, Florida","https://pga-tour-res.cloudinary.com/image/upload/c_fill,d_headshots_default.png,dpr_2.0,f_auto,g_face:center,h_350,q_auto,w_280/headshots_45486.png",,
Matt Wallace,"6'0""",185,Hillingdon,England,Jacksonville State University,Jacksonville,Alabama,"London, England",England,4/12/1990,Top 125 FedExCup 2024,England-Alabama-England,"Hillingdon, England","Jacksonville, Alabama","London, England","https://pga-tour-res.cloudinary.com/image/upload/c_fill,d_headshots_default.png,dpr_2.0,f_auto,g_face:center,h_350,q_auto,w_280/headshots_48887.png",,
Sam Stevens,"6'1""",190,Wichita,Kansas,Oklahoma State University,Stillwater,Oklahoma,"Fort Worth, TX",Texas,7/5/1996,Top 50 OWGR 2025,Kansas-Oklahoma-Texas,"Wichita, Kansas","Stillwater, Oklahoma","Fort Worth, Texas","https://pga-tour-res.cloudinary.com/image/upload/c_fill,d_headshots_default.png,dpr_2.0,f_auto,g_face:center,h_350,q_auto,w_280/headshots_55893.png",,
Andrew Novak,"6'0""",190,Raleigh,North Carolina,Wofford College,Spartanburg,South Carolina,"Jupiter, FL",Florida,3/31/1995,Top 50 OWGR 2025,North Carolina-South Carolina-Florida,"Raleigh, North Carolina","Spartanburg, South Carolina","Jupiter, Florida","https://pga-tour-res.cloudinary.com/image/upload/c_fill,d_headshots_default.png,dpr_2.0,f_auto,g_face:center,h_350,q_auto,w_280/headshots_51997.png",,
Taylor Moore,"5'9""",160,Edmond,Oklahoma,University of Arkansas,Fayetteville,Arkansas,"San Angelo, TX",Texas,4/28/1997,Top 50 OWGR 2025,Oklahoma-Arkansas-Texas,"Edmond, Oklahoma","Fayetteville, Arkansas","San Angelo, Texas","https://pga-tour-res.cloudinary.com/image/upload/c_fill,d_headshots_default.png,dpr_2.0,f_auto,g_face:center,h_350,q_auto,w_280/headshots_49947.png",,
Michael Kim,"6'0""",165,San Diego,California,"University of California, Berkeley",Berkeley,California,"Houston, TX",Texas,7/14/1993,Top 50 OWGR 2025,California-California-Texas,"San Diego, California","Berkeley, California","Houston, Texas","https://pga-tour-res.cloudinary.com/image/upload/c_fill,d_headshots_default.png,dpr_2.0,f_auto,g_face:center,h_350,q_auto,w_280/headshots_39975.png",,
Thorbjørn Olesen,"5'9""",152,Furesø,Denmark,None,None,None,"Dubai, UAE",N/A,12/21/1989,Top 50 OWGR 2025,Denmark-None-N/A,"Furesø, Denmark",N/A,"Dubai, UAE","https://pga-tour-res.cloudinary.com/image/upload/c_fill,d_headshots_default.png,dpr_2.0,f_auto,g_face:center,h_350,q_auto,w_280/headshots_33968.png",,
J.J. Spaun,"5'10""",190,Los Angeles,California,San Diego State University,San Diego,California,"Scottsdale, AZ",Arizona,8/21/1990,Top 50 OWGR 2025,California-California-Arizona,"Los Angeles, California","San Diego, California","Scottsdale, Arizona","https://pga-tour-res.cloudinary.com/image/upload/c_fill,d_headshots_default.png,dpr_2.0,f_auto,g_face:center,h_350,q_auto,w_280/headshots_39324.png",,
Beau Hossler,"6'1""",195,Mission Viejo,California,University of Texas,Austin,Texas,"Jupiter, FL",Florida,3/16/1995,Top 125 FedExCup 2024,California-Texas-Florida,"Mission Viejo, California","Austin, Texas","Jupiter, Florida","https://pga-tour-res.cloudinary.com/image/upload/c_fill,d_headshots_default.png,dpr_2.0,f_auto,g_face:center,h_350,q_auto,w_280/headshots_35461.png",,
David Puig,"5'9""",165,La Garriga,Spain,Arizona State University,Tempe,Arizona,"Barcelona, Spain",Spain,12/7/2001,Top 50 OWGR 2025,Spain-Arizona-Spain,"La Garriga, Spain","Tempe, Arizona","Barcelona, Spain","https://pga-tour-res.cloudinary.com/image/upload/c_fill,d_headshots_default.png,dpr_2.0,f_auto,g_face:center,h_350,q_auto,w_280/headshots_61193.png",,
Justin Lower,"5'10""",175,Akron,Ohio,Malone University,Canton,Ohio,"Mt. Pleasant, SC",South Carolina,4/4/1989,Top 50 OWGR 2025,Ohio-Ohio-South Carolina,"Akron, Ohio","Canton, Ohio","Mt. Pleasant, South Carolina","https://pga-tour-res.cloudinary.com/image/upload/c_fill,d_headshots_default.png,dpr_2.0,f_auto,g_face:center,h_350,q_auto,w_280/headshots_40162.png",,
Rasmus Neergaard-Petersen,"6'1""",170,Holte,Denmark,Oklahoma State University,Stillwater,Oklahoma,"Copenhagen, Denmark",Denmark,8/14/2000,Top 50 OWGR 2025,Denmark-Oklahoma-Denmark,"Holte, Denmark","Stillwater, Oklahoma","Copenhagen, Denmark","https://pga-tour-res.cloudinary.com/image/upload/c_fill,d_headshots_default.png,dpr_2.0,f_auto,g_face:center,h_350,q_auto,w_280/headshots_52689.png",,
Lee Hodges,"6'0""",190,Huntsville,Alabama,University of Alabama,Tuscaloosa,Alabama,"Elkmont, AL",Alabama,5/29/1995,Top 125 FedExCup 2024,Alabama-Alabama-Alabama,"Huntsville, Alabama","Tuscaloosa, Alabama","Elkmont, Alabama","https://pga-tour-res.cloudinary.com/image/upload/c_fill,d_headshots_default.png,dpr_2.0,f_auto,g_face:center,h_350,q_auto,w_280/headshots_54628.png",,
Erik van Rooyen,"6'3""",190,Bellville,South Africa,University of Minnesota,Minneapolis,Minnesota,"Jupiter, FL",Florida,2/21/1990,Top 50 OWGR 2025,South Africa-Minnesota-Florida,"Bellville, South Africa","Minneapolis, Minnesota","Jupiter, Florida","https://pga-tour-res.cloudinary.com/image/upload/c_fill,d_headshots_default.png,dpr_2.0,f_auto,g_face:center,h_350,q_auto,w_280/headshots_40006.png",,
Harry Hall,"6'1""",185,Hayle,England,"University of Nevada, Las Vegas",Las Vegas,Nevada,"Las Vegas, NV",Nevada,8/6/1997,Top 50 OWGR 2025,England-Nevada-Nevada,"Hayle, England","Las Vegas, Nevada","Las Vegas, Nevada","https://pga-tour-res.cloudinary.com/image/upload/c_fill,d_headshots_default.png,dpr_2.0,f_auto,g_face:center,h_350,q_auto,w_280/headshots_57975.png",,
Kurt Kitayama,"5'7""",170,Chico,California,"University of Nevada, Las Vegas",Las Vegas,Nevada,"Henderson, NV",Nevada,1/14/1993,Top 50 OWGR 2025,California-Nevada-Nevada,"Chico, California","Las Vegas, Nevada","Henderson, Nevada","https://pga-tour-res.cloudinary.com/image/upload/c_fill,d_headshots_default.png,dpr_2.0,f_auto,g_face:center,h_350,q_auto,w_280/headshots_48117.png",,
Niklas Nørgaard,"6'2""",185,Aarhus,Denmark,None,None,None,"Aarhus, Denmark",Denmark,9/14/1996,Top 50 OWGR 2025,Denmark-None-Denmark,"Aarhus, Denmark",N/A,"Aarhus, Denmark","https://pga-tour-res.cloudinary.com/image/upload/c_fill,d_headshots_default.png,dpr_2.0,f_auto,g_face:center,h_350,q_auto,w_280/headshots_35706.png",,
John Parry,"5'11""",165,Harrogate,England,None,None,None,"Harrogate, England",England,11/17/1986,Top 50 OWGR 2025,England-None-England,"Harrogate, England",N/A,"Harrogate, England","https://pga-tour-res.cloudinary.com/image/upload/c_fill,d_headshots_default.png,dpr_2.0,f_auto,g_face:center,h_350,q_auto,w_280/headshots_28723.png",,
Romain Langasque,"5'10""",160,Saint-Tropez,France,None,None,None,"Saint-Tropez, France",France,5/18/1995,Top 50 OWGR 2025,France-None-France,"Saint-Tropez, France",N/A,"Saint-Tropez, France","https://pga-tour-res.cloudinary.com/image/upload/c_fill,d_headshots_default.png,dpr_2.0,f_auto,g_face:center,h_350,q_auto,w_280/headshots_37250.png",,
Max McGreevy,N/A,N/A,Edmond,Oklahoma,University of Oklahoma,Norman,Oklahoma,"Edmond, OK",Oklahoma,5/3/1995,Korn Ferry Tour 2024,Oklahoma-Oklahoma-Oklahoma,"Edmond, Oklahoma","Norman, Oklahoma","Edmond, Oklahoma","https://pga-tour-res.cloudinary.com/image/upload/c_fill,d_headshots_default.png,dpr_2.0,f_auto,g_face:center,h_350,q_auto,w_280/headshots_51950.png",,
Luke Clanton,N/A,N/A,Hialeah,Florida,Florida State University,Tallahassee,Florida,"Hialeah, FL",Florida,5/20/2004,Top 50 OWGR 2025,Florida-Florida-Florida,"Hialeah, Florida","Tallahassee, Florida","Hialeah, Florida","https://pga-tour-res.cloudinary.com/image/upload/c_fill,d_headshots_default.png,dpr_2.0,f_auto,g_face:center,h_350,q_auto,w_280/headshots_66743.png",,
Rickie Fowler,"5'9""",150,Murrieta,California,Oklahoma State University,Stillwater,Oklahoma,"Jupiter, FL",Florida,12/13/1988,Top 125 FedExCup 2024,California-Oklahoma-Florida,"Murrieta, California","Stillwater, Oklahoma","Jupiter, Florida","https://pga-tour-res.cloudinary.com/image/upload/c_fill,d_headshots_default.png,dpr_2.0,f_auto,g_face:center,h_350,q_auto,w_280/headshots_32102.png",,
Victor Perez,"6'3""",190,Tarbes,France,University of New Mexico,Albuquerque,New Mexico,"Dundee, Scotland",Scotland,9/2/1992,Top 50 OWGR 2025,France-New Mexico-Scotland,"Tarbes, France","Albuquerque, New Mexico","Dundee, Scotland","https://pga-tour-res.cloudinary.com/image/upload/c_fill,d_headshots_default.png,dpr_2.0,f_auto,g_face:center,h_350,q_auto,w_280/headshots_47679.png",,
Brian Campbell,N/A,N/A,Irvine,California,University of Illinois,Urbana-Champaign,Illinois,"Princeton, NJ",New Jersey,3/6/1993,Korn Ferry Tour 2024,California-Illinois-New Jersey,"Irvine, California","Urbana-Champaign, Illinois","Princeton, New Jersey","https://pga-tour-res.cloudinary.com/image/upload/c_fill,d_headshots_default.png,dpr_2.0,f_auto,g_face:center,h_350,q_auto,w_280/headshots_46443.png",,
Cameron Smith,"5'11""",172,Brisbane,Australia,None,None,None,"Jupiter, FL",Florida,8/18/1993,Top 50 OWGR 2025,Australia-None-Florida,"Brisbane, Australia",N/A,"Jupiter, Florida","https://pga-tour-res.cloudinary.com/image/upload/c_fill,d_headshots_default.png,dpr_2.0,f_auto,g_face:center,h_350,q_auto,w_280/headshots_35891.png",,
Jake Knapp,"5'11""",180,Costa Mesa,California,UCLA,Los Angeles,California,"Costa Mesa, CA",California,5/31/1994,Top 125 FedExCup 2024,California-California-California,"Costa Mesa, California","Los Angeles, California","Costa Mesa, California","https://pga-tour-res.cloudinary.com/image/upload/c_fill,d_headshots_default.png,dpr_2.0,f_auto,g_face:center,h_350,q_auto,w_280/headshots_47420.png",,
Keith Mitchell,"6'1""",185,Chattanooga,Tennessee,University of Georgia,Athens,Georgia,"St. Simons Island, GA",Georgia,1/7/1992,Top 125 FedExCup 2024,Tennessee-Georgia-Georgia,"Chattanooga, Tennessee","Athens, Georgia","St. Simons Island, Georgia","https://pga-tour-res.cloudinary.com/image/upload/c_fill,d_headshots_default.png,dpr_2.0,f_auto,g_face:center,h_350,q_auto,w_280/headshots_39546.png",,
Charley Hoffman,"6'0""",200,San Diego,California,"University of Nevada, Las Vegas",Las Vegas,Nevada,"Scottsdale, AZ",Arizona,12/27/1976,Top 50 OWGR 2025,California-Nevada-Arizona,"San Diego, California","Las Vegas, Nevada","Scottsdale, Arizona","https://pga-tour-res.cloudinary.com/image/upload/c_fill,d_headshots_default.png,dpr_2.0,f_auto,g_face:center,h_350,q_auto,w_280/headshots_12716.png",,
Matteo Manassero,"6'0""",174,Negrar,Italy,None,None,None,"Negrar, Italy",Italy,4/19/1993,Top 50 OWGR 2025,Italy-None-Italy,"Negrar, Italy",N/A,"Negrar, Italy","https://pga-tour-res.cloudinary.com/image/upload/c_fill,d_headshots_default.png,dpr_2.0,f_auto,g_face:center,h_350,q_auto,w_280/headshots_33199.png",,
Ryan Fox,"5'11""",215,Auckland,New Zealand,None,None,None,"Auckland, New Zealand",New Zealand,1/22/1987,Top 50 OWGR 2025,New Zealand-None-New Zealand,"Auckland, New Zealand",N/A,"Auckland, New Zealand","https://pga-tour-res.cloudinary.com/image/upload/c_fill,d_headshots_default.png,dpr_2.0,f_auto,g_face:center,h_350,q_auto,w_280/headshots_29936.png",,
Jordan Smith,"5'10""",174,Bath,England,None,None,None,"Bath, England",England,11/9/1992,Top 50 OWGR 2025,England-None-England,"Bath, England",N/A,"Bath, England","https://pga-tour-res.cloudinary.com/image/upload/c_fill,d_headshots_default.png,dpr_2.0,f_auto,g_face:center,h_350,q_auto,w_280/headshots_46464.png",,
Doug Ghim,"5'9""",185,Des Plaines,Illinois,University of Texas,Austin,Texas,"Las Vegas, NV",Nevada,4/16/1996,Top 125 FedExCup 2024,Illinois-Texas-Nevada,"Des Plaines, Illinois","Austin, Texas","Las Vegas, Nevada","https://pga-tour-res.cloudinary.com/image/upload/c_fill,d_headshots_default.png,dpr_2.0,f_auto,g_face:center,h_350,q_auto,w_280/headshots_52375.png",,
Shaun Norris,"5'11""",165,Pretoria,South Africa,None,None,None,"Pretoria, South Africa",South Africa,5/14/1982,Top 50 OWGR 2025,South Africa-None-South Africa,"Pretoria, South Africa",N/A,"Pretoria, South Africa","https://pga-tour-res.cloudinary.com/image/upload/c_fill,d_headshots_default.png,dpr_2.0,f_auto,g_face:center,h_350,q_auto,w_280/headshots_26328.png",,
Kensei Hirata,"5'10""",165,Tokyo,Japan,None,None,None,"Tokyo, Japan",Japan,5/11/2000,Top 50 OWGR 2025,Japan-None-Japan,"Tokyo, Japan",N/A,"Tokyo, Japan","https://pga-tour-res.cloudinary.com/image/upload/c_fill,d_headshots_default.png,dpr_2.0,f_auto,g_face:center,h_350,q_auto,w_280/headshots_49120.png",,
Jesper Svensson,"6'0""",170,Uppsala,Sweden,None,None,None,"Uppsala, Sweden",Sweden,3/22/1996,Top 50 OWGR 2025,Sweden-None-Sweden,"Uppsala, Sweden",N/A,"Uppsala, Sweden","https://pga-tour-res.cloudinary.com/image/upload/c_fill,d_headshots_default.png,dpr_2.0,f_auto,g_face:center,h_350,q_auto,w_280/headshots_57586.png",,
Aldrich Potgieter,"5'11""",165,George,South Africa,None,None,None,"Mossel Bay, South Africa",South Africa,9/13/2004,Korn Ferry Tour 2024,South Africa-None-South Africa,"George, South Africa",N/A,"Mossel Bay, South Africa","https://pga-tour-res.cloudinary.com/image/upload/c_fill,d_headshots_default.png,dpr_2.0,f_auto,g_face:center,h_350,q_auto,w_280/headshots_63343.png",,
Ryo Hisatsune,"5'8""",150,Ibaraki,Japan,None,None,None,"Ponte Vedra Beach, FL",Florida,9/18/2002,Top 125 FedExCup 2024,Japan-None-Florida,"Ibaraki, Japan",N/A,"Ponte Vedra Beach, Florida","https://pga-tour-res.cloudinary.com/image/upload/c_fill,d_headshots_default.png,dpr_2.0,f_auto,g_face:center,h_350,q_auto,w_280/headshots_51287.png",,
Adam Schenk,N/A,N/A,Vincennes,Indiana,Purdue University,West Lafayette,Indiana,"Vincennes, IN",Indiana,1/26/1992,Top 50 OWGR 2025,Indiana-Indiana-Indiana,"Vincennes, Indiana","West Lafayette, Indiana","Vincennes, Indiana","https://pga-tour-res.cloudinary.com/image/upload/c_fill,d_headshots_default.png,dpr_2.0,f_auto,g_face:center,h_350,q_auto,w_280/headshots_47347.png",,
Mark Hubbard,"6'0""",175,Denver,Colorado,San Jose State University,San Jose,California,"The Woodlands, TX",Texas,5/24/1989,Top 125 FedExCup 2024,Colorado-California-Texas,"Denver, Colorado","San Jose, California","The Woodlands, Texas","https://pga-tour-res.cloudinary.com/image/upload/c_fill,d_headshots_default.png,dpr_2.0,f_auto,g_face:center,h_350,q_auto,w_280/headshots_36801.png",,
Patrick Fishburn,"6'0""",185,Ogden,Utah,Brigham Young University,Provo,Utah,"Ogden, UT",Utah,7/20/1992,Top 125 FedExCup 2024,Utah-Utah-Utah,"Ogden, Utah","Provo, Utah","Ogden, Utah","https://pga-tour-res.cloudinary.com/image/upload/c_fill,d_headshots_default.png,dpr_2.0,f_auto,g_face:center,h_350,q_auto,w_280/headshots_54576.png",,
Paul Waring,N/A,N/A,Birkenhead,England,None,None,None,"Birkenhead, England",England,2/2/1985,Top 50 OWGR 2025,England-None-England,"Birkenhead, England",N/A,"Birkenhead, England","https://pga-tour-res.cloudinary.com/image/upload/c_fill,d_headshots_default.png,dpr_2.0,f_auto,g_face:center,h_350,q_auto,w_280/headshots_31113.png",,
Tom McKibbin,N/A,N/A,Holywood,Northern Ireland,None,None,None,"Holywood, Northern Ireland",Northern Ireland,12/19/2002,Top 50 OWGR 2025,Northern Ireland-None-Northern Ireland,"Holywood, Northern Ireland",N/A,"Holywood, Northern Ireland","https://pga-tour-res.cloudinary.com/image/upload/c_fill,d_headshots_default.png,dpr_2.0,f_auto,g_face:center,h_350,q_auto,w_280/headshots_50823.png",,
Jorge Campillo,N/A,N/A,Badajoz,Spain,None,None,None,"Cáceres, Spain",Spain,6/1/1986,Top 50 OWGR 2025,Spain-None-Spain,"Badajoz, Spain",N/A,"Cáceres, Spain","https://pga-tour-res.cloudinary.com/image/upload/c_fill,d_headshots_default.png,dpr_2.0,f_auto,g_face:center,h_350,q_auto,w_280/headshots_32367.png",,
C.T. Pan,"5'7""",150,Taipei,Taiwan,University of Washington,Seattle,Washington,"Jupiter, FL",Florida,11/12/1991,Top 50 OWGR 2025,Taiwan-Washington-Florida,"Taipei, Taiwan","Seattle, Washington","Jupiter, Florida","https://pga-tour-res.cloudinary.com/image/upload/c_fill,d_headshots_default.png,dpr_2.0,f_auto,g_face:center,h_350,q_auto,w_280/headshots_29908.png",,
Matti Schmid,N/A,N/A,Regensburg,Germany,University of Louisville,Louisville,Kentucky,"Regensburg, Germany",Germany,11/18/1997,Top 50 OWGR 2025,Germany-Kentucky-Germany,"Regensburg, Germany","Louisville, Kentucky","Regensburg, Germany","https://pga-tour-res.cloudinary.com/image/upload/c_fill,d_headshots_default.png,dpr_2.0,f_auto,g_face:center,h_350,q_auto,w_280/headshots_48867.png",,
Seamus Power,"6'3""",200,Waterford,Ireland,East Tennessee State University,Johnson City,Tennessee,"Las Vegas, NV",Nevada,3/4/1987,Top 125 FedExCup 2024,Ireland-Tennessee-Nevada,"Waterford, Ireland","Johnson City, Tennessee","Las Vegas, Nevada","https://pga-tour-res.cloudinary.com/image/upload/c_fill,d_headshots_default.png,dpr_2.0,f_auto,g_face:center,h_350,q_auto,w_280/headshots_28252.png",,
Patrick Reed,"6'0""",200,San Antonio,Texas,Augusta University,Augusta,Georgia,"The Woodlands, TX",Texas,8/5/1990,Top 50 OWGR 2025,Texas-Georgia-Texas,"San Antonio, Texas","Augusta, Georgia","The Woodlands, Texas","https://pga-tour-res.cloudinary.com/image/upload/c_fill,d_headshots_default.png,dpr_2.0,f_auto,g_face:center,h_350,q_auto,w_280/headshots_34360.png",,
Patton Kizzire,"6'5""",215,Tuscaloosa,Alabama,Auburn University,Auburn,Alabama,"Sea Island, GA",Georgia,3/3/1986,Top 125 FedExCup 2024,Alabama-Alabama-Georgia,"Tuscaloosa, Alabama","Auburn, Alabama","Sea Island, Georgia","https://pga-tour-res.cloudinary.com/image/upload/c_fill,d_headshots_default.png,dpr_2.0,f_auto,g_face:center,h_350,q_auto,w_280/headshots_32757.png",,
Julien Guerrier,N/A,N/A,Toulouse,France,None,None,None,"La Baule, France",France,7/1/1985,Top 50 OWGR 2025,France-None-France,"Toulouse, France",N/A,"La Baule, France","https://pga-tour-res.cloudinary.com/image/upload/c_fill,d_headshots_default.png,dpr_2.0,f_auto,g_face:center,h_350,q_auto,w_280/headshots_28340.png",,
Matthew Jordan,N/A,N/A,Wirral,England,None,None,None,"Wirral, England",England,10/18/1995,Top 50 OWGR 2025,England-None-England,"Wirral, England",N/A,"Wirral, England","https://pga-tour-res.cloudinary.com/image/upload/c_fill,d_headshots_default.png,dpr_2.0,f_auto,g_face:center,h_350,q_auto,w_280/headshots_55955.png",,
Daniel Brown,N/A,N/A,Northallerton,England,None,None,None,"Bedale, England",England,5/5/1994,Top 50 OWGR 2025,England-None-England,"Northallerton, England",N/A,"Bedale, England","https://pga-tour-res.cloudinary.com/image/upload/c_fill,d_headshots_default.png,dpr_2.0,f_auto,g_face:center,h_350,q_auto,w_280/headshots_49009.png",,
Sebastian Soderberg,N/A,N/A,Gothenburg,Sweden,Coastal Carolina University,Conway,South Carolina,"Gothenburg, Sweden",Sweden,9/19/1990,Top 50 OWGR 2025,Sweden-South Carolina-Sweden,"Gothenburg, Sweden","Conway, South Carolina","Gothenburg, Sweden","https://pga-tour-res.cloudinary.com/image/upload/c_fill,d_headshots_default.png,dpr_2.0,f_auto,g_face:center,h_350,q_auto,w_280/headshots_46405.png",,
Vince Whaley,"6'2""",190,Atlanta,Georgia,Georgia Tech,Atlanta,Georgia,"Alpharetta, GA",Georgia,3/11/1995,Top 125 FedExCup 2024,Georgia-Georgia-Georgia,"Atlanta, Georgia","Atlanta, Georgia","Alpharetta, Georgia","https://pga-tour-res.cloudinary.com/image/upload/c_fill,d_headshots_default.png,dpr_2.0,f_auto,g_face:center,h_350,q_auto,w_280/headshots_51894.png",,
Johannes Veerman,N/A,N/A,Houston,Texas,Texas A&M University,College Station,Texas,"Amsterdam, Netherlands",Netherlands,5/17/1992,Top 50 OWGR 2025,Texas-Texas-Netherlands,"Houston, Texas","College Station, Texas","Amsterdam, Netherlands","https://pga-tour-res.cloudinary.com/image/upload/c_fill,d_headshots_default.png,dpr_2.0,f_auto,g_face:center,h_350,q_auto,w_280/headshots_48640.png",,
Emiliano Grillo,"5'9""",175,Resistencia,Argentina,None,None,None,"Jupiter, FL",Florida,9/14/1992,Top 50 OWGR 2025,Argentina-None-Florida,"Resistencia, Argentina",N/A,"Jupiter, Florida","https://pga-tour-res.cloudinary.com/image/upload/c_fill,d_headshots_default.png,dpr_2.0,f_auto,g_face:center,h_350,q_auto,w_280/headshots_31646.png",,
Matt Kuchar,"6'4""",195,Winter Park,Florida,Georgia Tech,Atlanta,Georgia,"Jupiter, FL",Florida,6/21/1978,Top 125 FedExCup 2024,Florida-Georgia-Florida,"Winter Park, Florida","Atlanta, Georgia","Jupiter, Florida","https://pga-tour-res.cloudinary.com/image/upload/c_fill,d_headshots_default.png,dpr_2.0,f_auto,g_face:center,h_350,q_auto,w_280/headshots_23108.png",,
Antoine Rozner,N/A,N/A,Paris,France,None,None,None,"Dubai, UAE",N/A,2/12/1993,Top 50 OWGR 2025,France-None-N/A,"Paris, France",N/A,"Dubai, UAE","https://pga-tour-res.cloudinary.com/image/upload/c_fill,d_headshots_default.png,dpr_2.0,f_auto,g_face:center,h_350,q_auto,w_280/headshots_46646.png",,
John Catlin,N/A,N/A,Sacramento,California,University of New Mexico,Albuquerque,New Mexico,"Scottsdale, AZ",Arizona,11/15/1990,Top 50 OWGR 2025,California-New Mexico-Arizona,"Sacramento, California","Albuquerque, New Mexico","Scottsdale, Arizona","https://pga-tour-res.cloudinary.com/image/upload/c_fill,d_headshots_default.png,dpr_2.0,f_auto,g_face:center,h_350,q_auto,w_280/headshots_45734.png",,
Dean Burmester,N/A,N/A,Bloemfontein,South Africa,None,None,None,"Stellenbosch, South Africa",South Africa,6/2/1989,Top 50 OWGR 2025,South Africa-None-South Africa,"Bloemfontein, South Africa",N/A,"Stellenbosch, South Africa","https://pga-tour-res.cloudinary.com/image/upload/c_fill,d_headshots_default.png,dpr_2.0,f_auto,g_face:center,h_350,q_auto,w_280/headshots_33974.png",,
Brendon Todd,N/A,N/A,Winston-Salem,North Carolina,University of Georgia,Athens,Georgia,"Athens, GA",Georgia,7/22/1985,Top 50 OWGR 2025,North Carolina-Georgia-Georgia,"Winston-Salem, North Carolina","Athens, Georgia","Athens, Georgia","https://pga-tour-res.cloudinary.com/image/upload/c_fill,d_headshots_default.png,dpr_2.0,f_auto,g_face:center,h_350,q_auto,w_280/headshots_30927.png",,
Rico Hoey,"5'9""",185,Manila,Philippines,University of Southern California,Los Angeles,California,"Rancho Cucamonga, CA",California,9/19/1995,Top 125 FedExCup 2024,Philippines-California-California,"Manila, Philippines","Los Angeles, California","Rancho Cucamonga, California","https://pga-tour-res.cloudinary.com/image/upload/c_fill,d_headshots_default.png,dpr_2.0,f_auto,g_face:center,h_350,q_auto,w_280/headshots_51696.png",,
Joseph Dean,N/A,N/A,Wolverhampton,England,None,None,None,"Wolverhampton, England",England,5/15/1995,Top 50 OWGR 2025,England-None-England,"Wolverhampton, England",N/A,"Wolverhampton, England","https://pga-tour-res.cloudinary.com/image/upload/c_fill,d_headshots_default.png,dpr_2.0,f_auto,g_face:center,h_350,q_auto,w_280/headshots_37094.png",,
Keita Nakajima,N/A,N/A,Nagoya,Japan,None,None,None,"Nagoya, Japan",Japan,6/24/2000,Top 50 OWGR 2025,Japan-None-Japan,"Nagoya, Japan",N/A,"Nagoya, Japan","https://pga-tour-res.cloudinary.com/image/upload/c_fill,d_headshots_default.png,dpr_2.0,f_auto,g_face:center,h_350,q_auto,w_280/headshots_49228.png",,
Alex Smalley,"6'0""",160,Wake Forest,North Carolina,Duke University,Durham,North Carolina,"Greensboro, NC",North Carolina,10/21/1996,Top 125 FedExCup 2024,North Carolina-North Carolina-North Carolina,"Wake Forest, North Carolina","Durham, North Carolina","Greensboro, North Carolina","https://pga-tour-res.cloudinary.com/image/upload/c_fill,d_headshots_default.png,dpr_2.0,f_auto,g_face:center,h_350,q_auto,w_280/headshots_46340.png",,
Daniel Hillier,N/A,N/A,Wellington,New Zealand,None,None,None,"Wellington, New Zealand",New Zealand,1/26/1999,Top 50 OWGR 2025,New Zealand-None-New Zealand,"Wellington, New Zealand",N/A,"Wellington, New Zealand","https://pga-tour-res.cloudinary.com/image/upload/c_fill,d_headshots_default.png,dpr_2.0,f_auto,g_face:center,h_350,q_auto,w_280/headshots_49813.png",,
Guido Migliozzi,N/A,N/A,Vicenza,Italy,None,None,None,"Vicenza, Italy",Italy,1/25/1997,Top 50 OWGR 2025,Italy-None-Italy,"Vicenza, Italy",N/A,"Vicenza, Italy","https://pga-tour-res.cloudinary.com/image/upload/c_fill,d_headshots_default.png,dpr_2.0,f_auto,g_face:center,h_350,q_auto,w_280/headshots_39834.png",,
Luke List,"6'2""",180,Seattle,Washington,Vanderbilt University,Nashville,Tennessee,"Augusta, GA",Georgia,1/14/1985,Top 125 FedExCup 2024,Washington-Tennessee-Georgia,"Seattle, Washington","Nashville, Tennessee","Augusta, Georgia","https://pga-tour-res.cloudinary.com/image/upload/c_fill,d_headshots_default.png,dpr_2.0,f_auto,g_face:center,h_350,q_auto,w_280/headshots_27129.png",,
Ben Kohles,"6'2""",170,Dallas,Texas,University of Virginia,Charlottesville,Virginia,"Cary, NC",North Carolina,2/24/1990,Top 125 FedExCup 2024,Texas-Virginia-North Carolina,"Dallas, Texas","Charlottesville, Virginia","Cary, North Carolina","https://pga-tour-res.cloudinary.com/image/upload/c_fill,d_headshots_default.png,dpr_2.0,f_auto,g_face:center,h_350,q_auto,w_280/headshots_36884.png",,
Davis Riley,N/A,N/A,Hattiesburg,Mississippi,University of Alabama,Tuscaloosa,Alabama,"Hattiesburg, MS",Mississippi,12/17/1996,Top 50 OWGR 2025,Mississippi-Alabama-Mississippi,"Hattiesburg, Mississippi","Tuscaloosa, Alabama","Hattiesburg, Mississippi","https://pga-tour-res.cloudinary.com/image/upload/c_fill,d_headshots_default.png,dpr_2.0,f_auto,g_face:center,h_350,q_auto,w_280/headshots_47995.png",,
Frankie Capan III,"6'0""",170,North Oaks,Minnesota,Florida Gulf Coast University,Fort Myers,Florida,"North Oaks, MN",Minnesota,8/7/1999,Korn Ferry Tour 2024,Minnesota-Florida-Minnesota,"North Oaks, Minnesota","Fort Myers, Florida","North Oaks, Minnesota","https://pga-tour-res.cloudinary.com/image/upload/c_fill,d_headshots_default.png,dpr_2.0,f_auto,g_face:center,h_350,q_auto,w_280/headshots_49590.png",,
Peter Uihlein,N/A,N/A,New Bedford,Massachusetts,Oklahoma State University,Stillwater,Oklahoma,"Jupiter, FL",Florida,8/29/1989,Top 50 OWGR 2025,Massachusetts-Oklahoma-Florida,"New Bedford, Massachusetts","Stillwater, Oklahoma","Jupiter, Florida","https://pga-tour-res.cloudinary.com/image/upload/c_fill,d_headshots_default.png,dpr_2.0,f_auto,g_face:center,h_350,q_auto,w_280/headshots_29484.png",,
Adam Svensson,"6'0""",180,Surrey,British Columbia,Barry University,Miami Shores,Florida,"Palm Beach Gardens, FL",Florida,12/31/1993,Top 125 FedExCup 2024,British Columbia-Florida-Florida,"Surrey, British Columbia","Miami Shores, Florida","Palm Beach Gardens, Florida","https://pga-tour-res.cloudinary.com/image/upload/c_fill,d_headshots_default.png,dpr_2.0,f_auto,g_face:center,h_350,q_auto,w_280/headshots_40115.png",,
Andrew Putnam,"6'1""",170,Tacoma,Washington,Pepperdine University,Malibu,California,"University Place, WA",Washington,1/25/1989,Top 125 FedExCup 2024,Washington-California-Washington,"Tacoma, Washington","Malibu, California","University Place, Washington","https://pga-tour-res.cloudinary.com/image/upload/c_fill,d_headshots_default.png,dpr_2.0,f_auto,g_face:center,h_350,q_auto,w_280/headshots_34256.png",,
Peter Malnati,"5'10""",159,New Castle,Indiana,University of Missouri,Columbia,Missouri,"Knoxville, TN",Tennessee,6/13/1987,Top 125 FedExCup 2024,Indiana-Missouri-Tennessee,"New Castle, Indiana","Columbia, Missouri","Knoxville, Tennessee","https://pga-tour-res.cloudinary.com/image/upload/c_fill,d_headshots_default.png,dpr_2.0,f_auto,g_face:center,h_350,q_auto,w_280/headshots_34466.png",,
Jang Yu Bin,N/A,N/A,Seoul,South Korea,None,None,None,"Seoul, South Korea",South Korea,5/11/2002,N/A,South Korea-None-South Korea,"Seoul, South Korea",N/A,"Seoul, South Korea","https://pga-tour-res.cloudinary.com/image/upload/c_fill,d_headshots_default.png,dpr_2.0,f_auto,g_face:center,h_350,q_auto,w_280/headshots_59875.png",,
Ben Campbell,N/A,N/A,Masterton,New Zealand,None,None,None,"Queenstown, New Zealand",New Zealand,5/14/1991,N/A,New Zealand-None-New Zealand,"Masterton, New Zealand",N/A,"Queenstown, New Zealand","https://pga-tour-res.cloudinary.com/image/upload/c_fill,d_headshots_default.png,dpr_2.0,f_auto,g_face:center,h_350,q_auto,w_280/headshots_33921.png",,
Hayden Springer,N/A,N/A,Dallas,Texas,Texas Christian University,Fort Worth,Texas,"Nashville, TN",Tennessee,3/12/1997,Korn Ferry Tour 2024,Texas-Texas-Tennessee,"Dallas, Texas","Fort Worth, Texas","Nashville, Tennessee","https://pga-tour-res.cloudinary.com/image/upload/c_fill,d_headshots_default.png,dpr_2.0,f_auto,g_face:center,h_350,q_auto,w_280/headshots_50484.png",,
Ewen Ferguson,N/A,N/A,Glasgow,Scotland,None,None,None,"Glasgow, Scotland",Scotland,7/6/1996,N/A,Scotland-None-Scotland,"Glasgow, Scotland",N/A,"Glasgow, Scotland","https://pga-tour-res.cloudinary.com/image/upload/c_fill,d_headshots_default.png,dpr_2.0,f_auto,g_face:center,h_350,q_auto,w_280/headshots_50223.png",,
Carson Young,N/A,N/A,Anderson,South Carolina,Clemson University,Clemson,South Carolina,"Greenville, SC",South Carolina,8/23/1994,Top 125 FedExCup 2024,South Carolina-South Carolina-South Carolina,"Anderson, South Carolina","Clemson, South Carolina","Greenville, South Carolina","https://pga-tour-res.cloudinary.com/image/upload/c_fill,d_headshots_default.png,dpr_2.0,f_auto,g_face:center,h_350,q_auto,w_280/headshots_52513.png",,
Haotong Li,N/A,N/A,Changsha,China,None,None,None,"Orlando, FL",Florida,8/3/1995,N/A,China-None-Florida,"Changsha, China",N/A,"Orlando, Florida","https://pga-tour-res.cloudinary.com/image/upload/c_fill,d_headshots_default.png,dpr_2.0,f_auto,g_face:center,h_350,q_auto,w_280/headshots_35296.png",,
Mac Meissner,N/A,N/A,Dallas,Texas,Southern Methodist University,Dallas,Texas,"Jupiter, FL",Florida,3/11/1998,Korn Ferry Tour 2024,Texas-Texas-Florida,"Dallas, Texas","Dallas, Texas","Jupiter, Florida","https://pga-tour-res.cloudinary.com/image/upload/c_fill,d_headshots_default.png,dpr_2.0,f_auto,g_face:center,h_350,q_auto,w_280/headshots_59143.png",,
Takumi Kanaya,N/A,N/A,Tokyo,Japan,None,None,None,"Tokyo, Japan",Japan,5/29/1998,N/A,Japan-None-Japan,"Tokyo, Japan",N/A,"Tokyo, Japan","https://pga-tour-res.cloudinary.com/image/upload/c_fill,d_headshots_default.png,dpr_2.0,f_auto,g_face:center,h_350,q_auto,w_280/headshots_47917.png",,
Brooks Koepka,"6'0""",205,West Palm Beach,Florida,Florida State University,Tallahassee,Florida,"Jupiter, FL",Florida,5/3/1990,Top 50 OWGR 2025,Florida-Florida-Florida,"West Palm Beach, Florida","Tallahassee, Florida","Jupiter, Florida","https://pga-tour-res.cloudinary.com/image/upload/c_fill,d_headshots_default.png,dpr_2.0,f_auto,g_face:center,h_350,q_auto,w_280/headshots_36689.png",,
K.H. Lee,"6'0""",180,Seoul,South Korea,Korea National Sport University,Seoul,South Korea,"Plano, TX",Texas,8/24/1991,Top 125 FedExCup 2024,South Korea-South Korea-Texas,"Seoul, South Korea","Seoul, South Korea","Plano, Texas","https://pga-tour-res.cloudinary.com/image/upload/c_fill,d_headshots_default.png,dpr_2.0,f_auto,g_face:center,h_350,q_auto,w_280/headshots_32791.png",,
Alejandro Del Rey,N/A,N/A,Madrid,Spain,None,None,None,"Madrid, Spain",Spain,2/25/1997,N/A,Spain-None-Spain,"Madrid, Spain",N/A,"Madrid, Spain","https://pga-tour-res.cloudinary.com/image/upload/c_fill,d_headshots_default.png,dpr_2.0,f_auto,g_face:center,h_350,q_auto,w_280/headshots_50762.png",,
Chandler Phillips,N/A,N/A,Huntsville,Texas,Texas A&M University,College Station,Texas,"The Woodlands, TX",Texas,11/2/1996,Korn Ferry Tour 2024,Texas-Texas-Texas,"Huntsville, Texas","College Station, Texas","The Woodlands, Texas","https://pga-tour-res.cloudinary.com/image/upload/c_fill,d_headshots_default.png,dpr_2.0,f_auto,g_face:center,h_350,q_auto,w_280/headshots_57900.png",,
Ben Silverman,N/A,N/A,Palm Beach Gardens,Florida,Florida Atlantic University,Boca Raton,Florida,"Jupiter, FL",Florida,11/15/1987,N/A,Florida-Florida-Florida,"Palm Beach Gardens, Florida","Boca Raton, Florida","Jupiter, Florida","https://pga-tour-res.cloudinary.com/image/upload/c_fill,d_headshots_default.png,dpr_2.0,f_auto,g_face:center,h_350,q_auto,w_280/headshots_39327.png",,
Johnny Keefer,N/A,N/A,San Antonio,Texas,Baylor University,Waco,Texas,"San Antonio, TX",Texas,8/24/2000,N/A,Texas-Texas-Texas,"San Antonio, Texas","Waco, Texas","San Antonio, Texas","https://pga-tour-res.cloudinary.com/image/upload/c_fill,d_headshots_default.png,dpr_2.0,f_auto,g_face:center,h_350,q_auto,w_280/headshots_63454.png",,
Greyson Sigg,N/A,N/A,Augusta,Georgia,University of Georgia,Athens,Georgia,"Sea Island, GA",Georgia,2/17/1995,Korn Ferry Tour 2024,Georgia-Georgia-Georgia,"Augusta, Georgia","Athens, Georgia","Sea Island, Georgia","https://pga-tour-res.cloudinary.com/image/upload/c_fill,d_headshots_default.png,dpr_2.0,f_auto,g_face:center,h_350,q_auto,w_280/headshots_51890.png",,
Daniel van Tonder,N/A,N/A,Johannesburg,South Africa,None,None,None,"Johannesburg, South Africa",South Africa,3/12/1991,N/A,South Africa-None-South Africa,"Johannesburg, South Africa",N/A,"Johannesburg, South Africa","https://pga-tour-res.cloudinary.com/image/upload/c_fill,d_headshots_default.png,dpr_2.0,f_auto,g_face:center,h_350,q_auto,w_280/headshots_35181.png",,
David Lipsky,"5'11""",165,Los Angeles,California,Northwestern University,Evanston,Illinois,"Las Vegas, NV",Nevada,7/14/1988,Top 125 FedExCup 2024,California-Illinois-Nevada,"Los Angeles, California","Evanston, Illinois","Las Vegas, Nevada","https://pga-tour-res.cloudinary.com/image/upload/c_fill,d_headshots_default.png,dpr_2.0,f_auto,g_face:center,h_350,q_auto,w_280/headshots_36326.png",,
Chan Kim,N/A,N/A,Honolulu,Hawaii,Texas A&M University,College Station,Texas,"Gilbert, AZ",Arizona,3/24/1990,Korn Ferry Tour 2024,Hawaii-Texas-Arizona,"Honolulu, Hawaii","College Station, Texas","Gilbert, Arizona","https://pga-tour-res.cloudinary.com/image/upload/c_fill,d_headshots_default.png,dpr_2.0,f_auto,g_face:center,h_350,q_auto,w_280/headshots_34587.png",,
Pierceson Coody,N/A,N/A,Plano,Texas,University of Texas,Austin,Texas,"Plano, TX",Texas,1/7/2000,Korn Ferry Tour 2024,Texas-Texas-Texas,"Plano, Texas","Austin, Texas","Plano, Texas","https://pga-tour-res.cloudinary.com/image/upload/c_fill,d_headshots_default.png,dpr_2.0,f_auto,g_face:center,h_350,q_auto,w_280/headshots_59836.png",,
S.H. Kim,N/A,N/A,Seoul,South Korea,None,None,None,"Jacksonville, FL",Florida,9/17/1998,Top 125 FedExCup 2024,South Korea-None-Florida,"Seoul, South Korea",N/A,"Jacksonville, Florida","https://pga-tour-res.cloudinary.com/image/upload/c_fill,d_headshots_default.png,dpr_2.0,f_auto,g_face:center,h_350,q_auto,w_280/headshots_50188.png",,
Rikuya Hoshino,N/A,N/A,Tokyo,Japan,None,None,None,"Tokyo, Japan",Japan,5/12/1996,N/A,Japan-None-Japan,"Tokyo, Japan",N/A,"Tokyo, Japan","https://pga-tour-res.cloudinary.com/image/upload/c_fill,d_headshots_default.png,dpr_2.0,f_auto,g_face:center,h_350,q_auto,w_280/headshots_47056.png",,
Sami Valimaki,N/A,N/A,Tampere,Finland,None,None,None,"Nokia, Finland",Finland,7/16/1998,N/A,Finland-None-Finland,"Tampere, Finland",N/A,"Nokia, Finland","https://pga-tour-res.cloudinary.com/image/upload/c_fill,d_headshots_default.png,dpr_2.0,f_auto,g_face:center,h_350,q_auto,w_280/headshots_52666.png",,
Joe Highsmith,N/A,N/A,Tacoma,Washington,Pepperdine University,Malibu,California,"Lakewood, WA",Washington,3/22/2000,N/A,Washington-California-Washington,"Tacoma, Washington","Malibu, California","Lakewood, Washington","https://pga-tour-res.cloudinary.com/image/upload/c_fill,d_headshots_default.png,dpr_2.0,f_auto,g_face:center,h_350,q_auto,w_280/headshots_60067.png",,
Steven Fisk,N/A,N/A,Columbus,Georgia,Georgia Southern University,Statesboro,Georgia,"Stockbridge, GA",Georgia,4/9/1997,N/A,Georgia-Georgia-Georgia,"Columbus, Georgia","Statesboro, Georgia","Stockbridge, Georgia","https://pga-tour-res.cloudinary.com/image/upload/c_fill,d_headshots_default.png,dpr_2.0,f_auto,g_face:center,h_350,q_auto,w_280/headshots_57123.png",,
Adrian Meronk,N/A,N/A,Warsaw,Poland,East Tennessee State University,Johnson City,Tennessee,"Dubai, UAE",N/A,5/31/1993,N/A,Poland-Tennessee-N/A,"Warsaw, Poland","Johnson City, Tennessee","Dubai, UAE","https://pga-tour-res.cloudinary.com/image/upload/c_fill,d_headshots_default.png,dpr_2.0,f_auto,g_face:center,h_350,q_auto,w_280/headshots_33674.png",,
Harry Higgs,N/A,N/A,Overland Park,Kansas,Southern Methodist University,Dallas,Texas,"Dallas, TX",Texas,12/4/1991,N/A,Kansas-Texas-Texas,"Overland Park, Kansas","Dallas, Texas","Dallas, Texas","https://pga-tour-res.cloudinary.com/image/upload/c_fill,d_headshots_default.png,dpr_2.0,f_auto,g_face:center,h_350,q_auto,w_280/headshots_33597.png",,
Gary Woodland,"6'1""",195,Topeka,Kansas,University of Kansas,Lawrence,Kansas,"Delray Beach, FL",Florida,5/21/1984,Top 125 FedExCup 2024,Kansas-Kansas-Florida,"Topeka, Kansas","Lawrence, Kansas","Delray Beach, Florida","https://pga-tour-res.cloudinary.com/image/upload/c_fill,d_headshots_default.png,dpr_2.0,f_auto,g_face:center,h_350,q_auto,w_280/headshots_31323.png",,
Frederic LaCroix,N/A,N/A,Nice,France,None,None,None,"Nice, France",France,8/14/1995,N/A,France-None-France,"Nice, France",N/A,"Nice, France","https://pga-tour-res.cloudinary.com/image/upload/c_fill,d_headshots_default.png,dpr_2.0,f_auto,g_face:center,h_350,q_auto,w_280/headshots_52585.png",,
Tim Widing,N/A,N/A,Stockholm,Sweden,University of San Francisco,San Francisco,California,"Stockholm, Sweden",Sweden,4/28/1997,Korn Ferry Tour 2024,Sweden-California-Sweden,"Stockholm, Sweden","San Francisco, California","Stockholm, Sweden","https://pga-tour-res.cloudinary.com/image/upload/c_fill,d_headshots_default.png,dpr_2.0,f_auto,g_face:center,h_350,q_auto,w_280/headshots_50474.png",,
Dan Bradbury,N/A,N/A,Wakefield,England,None,None,None,"Wakefield, England",England,11/27/1999,N/A,England-None-England,"Wakefield, England",N/A,"Wakefield, England","https://pga-tour-res.cloudinary.com/image/upload/c_fill,d_headshots_default.png,dpr_2.0,f_auto,g_face:center,h_350,q_auto,w_280/headshots_63459.png",,
Angel Ayora,N/A,N/A,Madrid,Spain,None,None,None,"Madrid, Spain",Spain,9/12/2003,N/A,Spain-None-Spain,"Madrid, Spain",N/A,"Madrid, Spain","https://pga-tour-res.cloudinary.com/image/upload/c_fill,d_headshots_default.png,dpr_2.0,f_auto,g_face:center,h_350,q_auto,w_280/headshots_64052.png",,
Isaiah Salinda,N/A,N/A,South San Francisco,California,Stanford University,Palo Alto,California,"South San Francisco, CA",California,11/13/1996,N/A,California-California-California,"South San Francisco, California","Palo Alto, California","South San Francisco, California","https://pga-tour-res.cloudinary.com/image/upload/c_fill,d_headshots_default.png,dpr_2.0,f_auto,g_face:center,h_350,q_auto,w_280/headshots_56781.png",,
Rafael Campos,N/A,N/A,San Juan,Puerto Rico,Virginia Commonwealth University,Richmond,Virginia,"Guaynabo, PR",Puerto Rico,4/15/1988,Top 125 FedExCup 2024,Puerto Rico-Virginia-Puerto Rico,"San Juan, Puerto Rico","Richmond, Virginia","Guaynabo, Puerto Rico","https://pga-tour-res.cloudinary.com/image/upload/c_fill,d_headshots_default.png,dpr_2.0,f_auto,g_face:center,h_350,q_auto,w_280/headshots_32070.png",,
Zac Blair,"5'6""",155,Salt Lake City,Utah,Brigham Young University,Provo,Utah,"St. George, UT",Utah,6/20/1990,Top 125 FedExCup 2024,Utah-Utah-Utah,"Salt Lake City, Utah","Provo, Utah","St. George, Utah","https://pga-tour-res.cloudinary.com/image/upload/c_fill,d_headshots_default.png,dpr_2.0,f_auto,g_face:center,h_350,q_auto,w_280/headshots_40058.png",,
Joel Dahmen,"5'11""",165,Clarkston,Washington,University of Washington,Seattle,Washington,"Scottsdale, AZ",Arizona,11/11/1987,Top 125 FedExCup 2024,Washington-Washington-Arizona,"Clarkston, Washington","Seattle, Washington","Scottsdale, Arizona","https://pga-tour-res.cloudinary.com/image/upload/c_fill,d_headshots_default.png,dpr_2.0,f_auto,g_face:center,h_350,q_auto,w_280/headshots_34076.png",,
David Ravetto,N/A,N/A,Paris,France,None,None,None,"Paris, France",France,5/22/1997,N/A,France-None-France,"Paris, France",N/A,"Paris, France","https://pga-tour-res.cloudinary.com/image/upload/c_fill,d_headshots_default.png,dpr_2.0,f_auto,g_face:center,h_350,q_auto,w_280/headshots_52287.png",,
Sam Bairstow,N/A,N/A,Sheffield,England,None,None,None,"Sheffield, England",England,1/12/1999,N/A,England-None-England,"Sheffield, England",N/A,"Sheffield, England","https://pga-tour-res.cloudinary.com/image/upload/c_fill,d_headshots_default.png,dpr_2.0,f_auto,g_face:center,h_350,q_auto,w_280/headshots_60369.png",,
Alex Fitzpatrick,N/A,N/A,Wakefield,England,Wake Forest University,Winston-Salem,North Carolina,"Sheffield, England",England,1/30/1999,N/A,England-North Carolina-England,"Wakefield, England","Winston-Salem, North Carolina","Sheffield, England","https://pga-tour-res.cloudinary.com/image/upload/c_fill,d_headshots_default.png,dpr_2.0,f_auto,g_face:center,h_350,q_auto,w_280/headshots_55721.png",,
Angel Hidalgo Jordan,N/A,N/A,Marbella,Spain,None,None,None,"Marbella, Spain",Spain,8/11/1998,N/A,Spain-None-Spain,"Marbella, Spain",N/A,"Marbella, Spain","https://pga-tour-res.cloudinary.com/image/upload/c_fill,d_headshots_default.png,dpr_2.0,f_auto,g_face:center,h_350,q_auto,w_280/headshots_53488.png",,
William Mouw,N/A,N/A,Chino,California,Pepperdine University,Malibu,California,"Chino, CA",California,8/11/2000,N/A,California-California-California,"Chino, California","Malibu, California","Chino, California","https://pga-tour-res.cloudinary.com/image/upload/c_fill,d_headshots_default.png,dpr_2.0,f_auto,g_face:center,h_350,q_auto,w_280/headshots_63121.png",,
Brice Garnett,"5'11""",175,Gallatin,Missouri,Missouri Western State University,St. Joseph,Missouri,"Gallatin, MO",Missouri,9/6/1983,Top 125 FedExCup 2024,Missouri-Missouri-Missouri,"Gallatin, Missouri","St. Joseph, Missouri","Gallatin, Missouri","https://pga-tour-res.cloudinary.com/image/upload/c_fill,d_headshots_default.png,dpr_2.0,f_auto,g_face:center,h_350,q_auto,w_280/headshots_29535.png",,
Ryan Gerard,N/A,N/A,Raleigh,North Carolina,University of North Carolina,Chapel Hill,North Carolina,"Jupiter, FL",Florida,8/12/1998,N/A,North Carolina-North Carolina-Florida,"Raleigh, North Carolina","Chapel Hill, North Carolina","Jupiter, Florida","https://pga-tour-res.cloudinary.com/image/upload/c_fill,d_headshots_default.png,dpr_2.0,f_auto,g_face:center,h_350,q_auto,w_280/headshots_59018.png",,
Alejandro Tosti,N/A,N/A,Rosario,Argentina,University of Florida,Gainesville,Florida,"Rosario, Argentina",Argentina,5/30/1996,N/A,Argentina-Florida-Argentina,"Rosario, Argentina","Gainesville, Florida","Rosario, Argentina","https://pga-tour-res.cloudinary.com/image/upload/c_fill,d_headshots_default.png,dpr_2.0,f_auto,g_face:center,h_350,q_auto,w_280/headshots_38991.png",,
Kris Ventura,N/A,N/A,Rørvik,Norway,Oklahoma State University,Stillwater,Oklahoma,"Oslo, Norway",Norway,3/24/1995,N/A,Norway-Oklahoma-Norway,"Rørvik, Norway","Stillwater, Oklahoma","Oslo, Norway","https://pga-tour-res.cloudinary.com/image/upload/c_fill,d_headshots_default.png,dpr_2.0,f_auto,g_face:center,h_350,q_auto,w_280/headshots_35658.png",,
Yuta Sugiura,N/A,N/A,Tokyo,Japan,None,None,None,"Tokyo, Japan",Japan,10/17/1998,N/A,Japan-None-Japan,"Tokyo, Japan",N/A,"Tokyo, Japan","https://pga-tour-res.cloudinary.com/image/upload/c_fill,d_headshots_default.png,dpr_2.0,f_auto,g_face:center,h_350,q_auto,w_280/headshots_54218.png",,
Nacho Elvira,N/A,N/A,Madrid,Spain,None,None,None,"Madrid, Spain",Spain,2/17/1987,N/A,Spain-None-Spain,"Madrid, Spain",N/A,"Madrid, Spain","https://pga-tour-res.cloudinary.com/image/upload/c_fill,d_headshots_default.png,dpr_2.0,f_auto,g_face:center,h_350,q_auto,w_280/headshots_39201.png",,
Sam Ryder,N/A,N/A,Orlando,Florida,Stetson University,DeLand,Florida,"Ponte Vedra Beach, FL",Florida,12/14/1989,Top 125 FedExCup 2024,Florida-Florida-Florida,"Orlando, Florida","DeLand, Florida","Ponte Vedra Beach, Florida","https://pga-tour-res.cloudinary.com/image/upload/c_fill,d_headshots_default.png,dpr_2.0,f_auto,g_face:center,h_350,q_auto,w_280/headshots_37275.png",,
Taylor Dickson,N/A,N/A,Aberdeen,Scotland,None,None,None,"Aberdeen, Scotland",Scotland,11/15/1996,N/A,Scotland-None-Scotland,"Aberdeen, Scotland",N/A,"Aberdeen, Scotland","https://pga-tour-res.cloudinary.com/image/upload/c_fill,d_headshots_default.png,dpr_2.0,f_auto,g_face:center,h_350,q_auto,w_280/headshots_51690.png",,
Alexander Björk,N/A,N/A,Växjö,Sweden,None,None,None,"Växjö, Sweden",Sweden,6/7/1990,N/A,Sweden-None-Sweden,"Växjö, Sweden",N/A,"Växjö, Sweden","https://pga-tour-res.cloudinary.com/image/upload/c_fill,d_headshots_default.png,dpr_2.0,f_auto,g_face:center,h_350,q_auto,w_280/headshots_34310.png",,
David Micheluzzi,N/A,N/A,Melbourne,Australia,None,None,None,"Melbourne, Australia",Australia,8/7/1996,N/A,Australia-None-Australia,"Melbourne, Australia",N/A,"Melbourne, Australia","https://pga-tour-res.cloudinary.com/image/upload/c_fill,d_headshots_default.png,dpr_2.0,f_auto,g_face:center,h_350,q_auto,w_280/headshots_47102.png",,
Henrik Norlander,N/A,N/A,Danderyd,Sweden,Augusta University,Augusta,Georgia,"Stockholm, Sweden",Sweden,3/25/1987,N/A,Sweden-Georgia-Sweden,"Danderyd, Sweden","Augusta, Georgia","Stockholm, Sweden","https://pga-tour-res.cloudinary.com/image/upload/c_fill,d_headshots_default.png,dpr_2.0,f_auto,g_face:center,h_350,q_auto,w_280/headshots_30163.png",,
Michael Thorbjornsen,N/A,N/A,Wellesley,Massachusetts,Stanford University,Palo Alto,California,"Wellesley, MA",Massachusetts,9/16/2001,N/A,Massachusetts-California-Massachusetts,"Wellesley, Massachusetts","Palo Alto, California","Wellesley, Massachusetts","https://pga-tour-res.cloudinary.com/image/upload/c_fill,d_headshots_default.png,dpr_2.0,f_auto,g_face:center,h_350,q_auto,w_280/headshots_57364.png",,
Brandon R-Thompson,N/A,N/A,Dallas,Texas,University of Texas,Austin,Texas,"Dallas, TX",Texas,8/23/2000,N/A,Texas-Texas-Texas,"Dallas, Texas","Austin, Texas","Dallas, Texas","https://pga-tour-res.cloudinary.com/image/upload/c_fill,d_headshots_default.png,dpr_2.0,f_auto,g_face:center,h_350,q_auto,w_280/headshots_54475.png",,
Connor Syme,N/A,N/A,Aberdeen,Scotland,None,None,None,"Aberdeen, Scotland",Scotland,7/11/1995,N/A,Scotland-None-Scotland,"Aberdeen, Scotland",N/A,"Aberdeen, Scotland","https://pga-tour-res.cloudinary.com/image/upload/c_fill,d_headshots_default.png,dpr_2.0,f_auto,g_face:center,h_350,q_auto,w_280/headshots_50584.png",,
Jackson Suber,N/A,N/A,Charleston,South Carolina,University of Mississippi,Oxford,Mississippi,"Tampa, FL",Florida,10/11/1999,N/A,South Carolina-Mississippi-Florida,"Charleston, South Carolina","Oxford, Mississippi","Tampa, Florida","https://pga-tour-res.cloudinary.com/image/upload/c_fill,d_headshots_default.png,dpr_2.0,f_auto,g_face:center,h_350,q_auto,w_280/headshots_60019.png",,
Thomas Rosenmueller,N/A,N/A,Stockholm,Sweden,University of North Texas,Denton,Texas,"Stockholm, Sweden",Sweden,8/24/1999,N/A,Sweden-Texas-Sweden,"Stockholm, Sweden","Denton, Texas","Stockholm, Sweden","https://pga-tour-res.cloudinary.com/image/upload/c_fill,d_headshots_default.png,dpr_2.0,f_auto,g_face:center,h_350,q_auto,w_280/headshots_60882.png",,
Kevin Roy,N/A,N/A,Syracuse,New York,Long Beach State University,Long Beach,California,"Tampa, FL",Florida,6/22/1990,N/A,New York-California-Florida,"Syracuse, New York","Long Beach, California","Tampa, Florida","https://pga-tour-res.cloudinary.com/image/upload/c_fill,d_headshots_default.png,dpr_2.0,f_auto,g_face:center,h_350,q_auto,w_280/headshots_39335.png",,
Jacob Bridgeman,N/A,N/A,Inman,South Carolina,Clemson University,Clemson,South Carolina,"Inman, SC",South Carolina,2/25/2000,N/A,South Carolina-South Carolina-South Carolina,"Inman, South Carolina","Clemson, South Carolina","Inman, South Carolina","https://pga-tour-res.cloudinary.com/image/upload/c_fill,d_headshots_default.png,dpr_2.0,f_auto,g_face:center,h_350,q_auto,w_280/headshots_60004.png",,
Andy Sullivan,N/A,N/A,Nuneaton,England,None,None,None,"Nuneaton, England",England,5/19/1987,N/A,England-None-England,"Nuneaton, England",N/A,"Nuneaton, England","https://pga-tour-res.cloudinary.com/image/upload/c_fill,d_headshots_default.png,dpr_2.0,f_auto,g_face:center,h_350,q_auto,w_280/headshots_35314.png",,
Elvis Smylie,N/A,N/A,Gold Coast,Australia,None,None,None,"Gold Coast, Australia",Australia,5/31/2002,N/A,Australia-None-Australia,"Gold Coast, Australia",N/A,"Gold Coast, Australia","https://pga-tour-res.cloudinary.com/image/upload/c_fill,d_headshots_default.png,dpr_2.0,f_auto,g_face:center,h_350,q_auto,w_280/headshots_54185.png",,
Adrian Otaegui,N/A,N/A,Pamplona,Spain,None,None,None,"Pamplona, Spain",Spain,11/21/1992,N/A,Spain-None-Spain,"Pamplona, Spain",N/A,"Pamplona, Spain","https://pga-tour-res.cloudinary.com/image/upload/c_fill,d_headshots_default.png,dpr_2.0,f_auto,g_face:center,h_350,q_auto,w_280/headshots_34575.png",,
Marcel Siem,N/A,N/A,Ratingen,Germany,None,None,None,"Ratingen, Germany",Germany,7/15/1980,N/A,Germany-None-Germany,"Ratingen, Germany",N/A,"Ratingen, Germany","https://pga-tour-res.cloudinary.com/image/upload/c_fill,d_headshots_default.png,dpr_2.0,f_auto,g_face:center,h_350,q_auto,w_280/headshots_23481.png",,
Nicolas Colsaerts,N/A,N/A,Brussels,Belgium,None,None,None,"Brussels, Belgium",Belgium,11/14/1982,N/A,Belgium-None-Belgium,"Brussels, Belgium",N/A,"Brussels, Belgium","https://pga-tour-res.cloudinary.com/image/upload/c_fill,d_headshots_default.png,dpr_2.0,f_auto,g_face:center,h_350,q_auto,w_280/headshots_23452.png",,
Yannik Paul,N/A,N/A,Frankfurt,Germany,University of Colorado,Boulder,Colorado,"Innsbruck, Austria",Austria,3/5/1994,N/A,Germany-Colorado-Austria,"Frankfurt, Germany","Boulder, Colorado","Innsbruck, Austria","https://pga-tour-res.cloudinary.com/image/upload/c_fill,d_headshots_default.png,dpr_2.0,f_auto,g_face:center,h_350,q_auto,w_280/headshots_48051.png",,
Marcus Armitage,N/A,N/A,Rochdale,England,None,None,None,"Rochdale, England",England,10/15/1987,N/A,England-None-England,"Rochdale, England",N/A,"Rochdale, England","https://pga-tour-res.cloudinary.com/image/upload/c_fill,d_headshots_default.png,dpr_2.0,f_auto,g_face:center,h_350,q_auto,w_280/headshots_45194.png",,
Chris Gotterup,N/A,N/A,Little Silver,New Jersey,University of Oklahoma,Norman,Oklahoma,"Jupiter, FL",Florida,6/11/1999,N/A,New Jersey-Oklahoma-Florida,"Little Silver, New Jersey","Norman, Oklahoma","Jupiter, Florida","https://pga-tour-res.cloudinary.com/image/upload/c_fill,d_headshots_default.png,dpr_2.0,f_auto,g_face:center,h_350,q_auto,w_280/headshots_59095.png",,
Kevin Streelman,"5'10""",175,Wheaton,Illinois,Duke University,Durham,North Carolina,"Scottsdale, AZ",Arizona,11/4/1978,Top 125 FedExCup 2024,Illinois-North Carolina-Arizona,"Wheaton, Illinois","Durham, North Carolina","Scottsdale, Arizona","https://pga-tour-res.cloudinary.com/image/upload/c_fill,d_headshots_default.png,dpr_2.0,f_auto,g_face:center,h_350,q_auto,w_280/headshots_27214.png",,
Adrien Saddier,N/A,N/A,Lyon,France,None,None,None,"Lyon, France",France,5/15/1992,N/A,France-None-France,"Lyon, France",N/A,"Lyon, France","https://pga-tour-res.cloudinary.com/image/upload/c_fill,d_headshots_default.png,dpr_2.0,f_auto,g_face:center,h_350,q_auto,w_280/headshots_34371.png",,
Jacques Kruyswijk,N/A,N/A,Pretoria,South Africa,None,None,None,"Pretoria, South Africa",South Africa,8/12/1994,N/A,South Africa-None-South Africa,"Pretoria, South Africa",N/A,"Pretoria, South Africa","https://pga-tour-res.cloudinary.com/image/upload/c_fill,d_headshots_default.png,dpr_2.0,f_auto,g_face:center,h_350,q_auto,w_280/headshots_37446.png",,
Pablo Larrazabal,N/A,N/A,Barcelona,Spain,None,None,None,"Barcelona, Spain",Spain,5/15/1983,N/A,Spain-None-Spain,"Barcelona, Spain",N/A,"Barcelona, Spain","https://pga-tour-res.cloudinary.com/image/upload/c_fill,d_headshots_default.png,dpr_2.0,f_auto,g_face:center,h_350,q_auto,w_280/headshots_29670.png",,
Adrien Dumont de Chassart,N/A,N/A,Hasselt,Belgium,University of Illinois,Urbana-Champaign,Illinois,"Hasselt, Belgium",Belgium,8/14/2000,N/A,Belgium-Illinois-Belgium,"Hasselt, Belgium","Urbana-Champaign, Illinois","Hasselt, Belgium","https://pga-tour-res.cloudinary.com/image/upload/c_fill,d_headshots_default.png,dpr_2.0,f_auto,g_face:center,h_350,q_auto,w_280/headshots_50497.png",,
Alistair Docherty,N/A,N/A,Vancouver,Washington,Chico State University,Chico,California,"Vancouver, WA",Washington,5/25/1994,N/A,Washington-California-Washington,"Vancouver, Washington","Chico, California","Vancouver, Washington","https://pga-tour-res.cloudinary.com/image/upload/c_fill,d_headshots_default.png,dpr_2.0,f_auto,g_face:center,h_350,q_auto,w_280/headshots_51680.png",,
Nate Lashley,"6'1""",190,Scottsbluff,Nebraska,University of Arizona,Tucson,Arizona,"Scottsdale, AZ",Arizona,12/12/1982,Top 125 FedExCup 2024,Nebraska-Arizona-Arizona,"Scottsbluff, Nebraska","Tucson, Arizona","Scottsdale, Arizona","https://pga-tour-res.cloudinary.com/image/upload/c_fill,d_headshots_default.png,dpr_2.0,f_auto,g_face:center,h_350,q_auto,w_280/headshots_28775.png",,
Ugo Coussaud,N/A,N/A,Bordeaux,France,None,None,None,"Bordeaux, France",France,6/25/1992,N/A,France-None-France,"Bordeaux, France",N/A,"Bordeaux, France","https://pga-tour-res.cloudinary.com/image/upload/c_fill,d_headshots_default.png,dpr_2.0,f_auto,g_face:center,h_350,q_auto,w_280/headshots_48936.png",,
Wesley Bryan,N/A,N/A,Columbia,South Carolina,University of South Carolina,Columbia,South Carolina,"Augusta, GA",Georgia,1/26/1990,N/A,South Carolina-South Carolina-Georgia,"Columbia, South Carolina","Columbia, South Carolina","Augusta, Georgia","https://pga-tour-res.cloudinary.com/image/upload/c_fill,d_headshots_default.png,dpr_2.0,f_auto,g_face:center,h_350,q_auto,w_280/headshots_48084.png",,
Bernd Wiesberger,N/A,N/A,Vienna,Austria,None,None,None,"Vienna, Austria",Austria,10/8/1985,N/A,Austria-None-Austria,"Vienna, Austria",N/A,"Vienna, Austria","https://pga-tour-res.cloudinary.com/image/upload/c_fill,d_headshots_default.png,dpr_2.0,f_auto,g_face:center,h_350,q_auto,w_280/headshots_29454.png",,
Ryo Ishikawa,N/A,N/A,Saitama,Japan,None,None,None,"Tokyo, Japan",Japan,9/17/1991,N/A,Japan-None-Japan,"Saitama, Japan",N/A,"Tokyo, Japan","https://pga-tour-res.cloudinary.com/image/upload/c_fill,d_headshots_default.png,dpr_2.0,f_auto,g_face:center,h_350,q_auto,w_280/headshots_30852.png",,
Robin Williams,N/A,N/A,Johannesburg,South Africa,None,None,None,"Johannesburg, South Africa",South Africa,8/21/2001,N/A,South Africa-None-South Africa,"Johannesburg, South Africa",N/A,"Johannesburg, South Africa","https://pga-tour-res.cloudinary.com/image/upload/c_fill,d_headshots_default.png,dpr_2.0,f_auto,g_face:center,h_350,q_auto,w_280/headshots_53196.png",,
Jayden Schaper,N/A,N/A,Johannesburg,South Africa,None,None,None,"Johannesburg, South Africa",South Africa,5/15/2001,N/A,South Africa-None-South Africa,"Johannesburg, South Africa",N/A,"Johannesburg, South Africa","https://pga-tour-res.cloudinary.com/image/upload/c_fill,d_headshots_default.png,dpr_2.0,f_auto,g_face:center,h_350,q_auto,w_280/headshots_57737.png",,
Paul Peterson,N/A,N/A,Seattle,Washington,Oregon State University,Corvallis,Oregon,"Tucson, AZ",Arizona,8/1/1988,N/A,Washington-Oregon-Arizona,"Seattle, Washington","Corvallis, Oregon","Tucson, Arizona","https://pga-tour-res.cloudinary.com/image/upload/c_fill,d_headshots_default.png,dpr_2.0,f_auto,g_face:center,h_350,q_auto,w_280/headshots_36824.png",,
Grant Forrest,N/A,N/A,North Berwick,Scotland,None,None,None,"North Berwick, Scotland",Scotland,6/19/1993,N/A,Scotland-None-Scotland,"North Berwick, Scotland",N/A,"North Berwick, Scotland","https://pga-tour-res.cloudinary.com/image/upload/c_fill,d_headshots_default.png,dpr_2.0,f_auto,g_face:center,h_350,q_auto,w_280/headshots_37066.png",,
Shugo Imahira,N/A,N/A,Tokyo,Japan,None,None,None,"Tokyo, Japan",Japan,10/2/1992,N/A,Japan-None-Japan,"Tokyo, Japan",N/A,"Tokyo, Japan","https://pga-tour-res.cloudinary.com/image/upload/c_fill,d_headshots_default.png,dpr_2.0,f_auto,g_face:center,h_350,q_auto,w_280/headshots_32775.png",,
Dylan Wu,N/A,N/A,Medford,Oregon,Northwestern University,Evanston,Illinois,"Medford, OR",Oregon,1/29/1996,N/A,Oregon-Illinois-Oregon,"Medford, Oregon","Evanston, Illinois","Medford, Oregon","https://pga-tour-res.cloudinary.com/image/upload/c_fill,d_headshots_default.png,dpr_2.0,f_auto,g_face:center,h_350,q_auto,w_280/headshots_54783.png",,
Neal Shipley,N/A,N/A,Pittsburgh,Pennsylvania,James Madison University,Harrisonburg,Virginia,"Pittsburgh, PA",Pennsylvania,1/24/2001,N/A,Pennsylvania-Virginia-Pennsylvania,"Pittsburgh, Pennsylvania","Harrisonburg, Virginia","Pittsburgh, Pennsylvania","https://pga-tour-res.cloudinary.com/image/upload/c_fill,d_headshots_default.png,dpr_2.0,f_auto,g_face:center,h_350,q_auto,w_280/headshots_63807.png",,
Richard Lee,N/A,N/A,Taipei,Taiwan,None,None,None,"Taipei, Taiwan",Taiwan,10/29/1990,N/A,Taiwan-None-Taiwan,"Taipei, Taiwan",N/A,"Taipei, Taiwan","https://pga-tour-res.cloudinary.com/image/upload/c_fill,d_headshots_default.png,dpr_2.0,f_auto,g_face:center,h_350,q_auto,w_280/headshots_31109.png",,
Joost Luiten,N/A,N/A,Bleiswijk,Netherlands,None,None,None,"Bleiswijk, Netherlands",Netherlands,1/7/1986,N/A,Netherlands-None-Netherlands,"Bleiswijk, Netherlands",N/A,"Bleiswijk, Netherlands","https://pga-tour-res.cloudinary.com/image/upload/c_fill,d_headshots_default.png,dpr_2.0,f_auto,g_face:center,h_350,q_auto,w_280/headshots_28300.png",,
Louis Oosthuizen,"5'10""",180,Mossel Bay,South Africa,None,None,None,"Jupiter, FL",Florida,10/19/1982,N/A,South Africa-None-Florida,"Mossel Bay, South Africa",N/A,"Jupiter, Florida","https://pga-tour-res.cloudinary.com/image/upload/c_fill,d_headshots_default.png,dpr_2.0,f_auto,g_face:center,h_350,q_auto,w_280/headshots_26329.png",,
Jeff Winther,N/A,N/A,Copenhagen,Denmark,None,None,None,"Copenhagen, Denmark",Denmark,10/5/1988,N/A,Denmark-None-Denmark,"Copenhagen, Denmark",N/A,"Copenhagen, Denmark","https://pga-tour-res.cloudinary.com/image/upload/c_fill,d_headshots_default.png,dpr_2.0,f_auto,g_face:center,h_350,q_auto,w_280/headshots_35709.png",,
John Pak,N/A,N/A,Scotch Plains,New Jersey,Florida State University,Tallahassee,Florida,"Scotch Plains, NJ",New Jersey,11/24/1998,N/A,New Jersey-Florida-New Jersey,"Scotch Plains, New Jersey","Tallahassee, Florida","Scotch Plains, New Jersey","https://pga-tour-res.cloudinary.com/image/upload/c_fill,d_headshots_default.png,dpr_2.0,f_auto,g_face:center,h_350,q_auto,w_280/headshots_59160.png",,
Hank Lebioda,N/A,N/A,Orlando,Florida,Florida State University,Tallahassee,Florida,"Orlando, FL",Florida,1/14/1994,N/A,Florida-Florida-Florida,"Orlando, Florida","Tallahassee, Florida","Orlando, Florida","https://pga-tour-res.cloudinary.com/image/upload/c_fill,d_headshots_default.png,dpr_2.0,f_auto,g_face:center,h_350,q_auto,w_280/headshots_49766.png",,
Francesco Laporta,N/A,N/A,Naples,Italy,None,None,None,"Naples, Italy",Italy,10/10/1990,N/A,Italy-None-Italy,"Naples, Italy",N/A,"Naples, Italy","https://pga-tour-res.cloudinary.com/image/upload/c_fill,d_headshots_default.png,dpr_2.0,f_auto,g_face:center,h_350,q_auto,w_280/headshots_34607.png",,
Vincent Norrman,N/A,N/A,Stockholm,Sweden,Florida State University,Tallahassee,Florida,"Stockholm, Sweden",Sweden,12/24/1997,N/A,Sweden-Florida-Sweden,"Stockholm, Sweden","Tallahassee, Florida","Stockholm, Sweden","https://pga-tour-res.cloudinary.com/image/upload/c_fill,d_headshots_default.png,dpr_2.0,f_auto,g_face:center,h_350,q_auto,w_280/headshots_51070.png",,
MK Kim,N/A,N/A,Seoul,South Korea,None,None,None,"Seoul, South Korea",South Korea,11/14/1997,N/A,South Korea-None-South Korea,"Seoul, South Korea",N/A,"Seoul, South Korea","https://pga-tour-res.cloudinary.com/image/upload/c_fill,d_headshots_default.png,dpr_2.0,f_auto,g_face:center,h_350,q_auto,w_280/headshots_48979.png",,
Takahiro Hataji,N/A,N/A,Tokyo,Japan,None,None,None,"Tokyo, Japan",Japan,7/18/1994,N/A,Japan-None-Japan,"Tokyo, Japan",N/A,"Tokyo, Japan","https://pga-tour-res.cloudinary.com/image/upload/c_fill,d_headshots_default.png,dpr_2.0,f_auto,g_face:center,h_350,q_auto,w_280/headshots_32686.png",,
Hamish Brown,N/A,N/A,Copenhagen,Denmark,None,None,None,"Copenhagen, Denmark",Denmark,11/11/1998,N/A,Denmark-None-Denmark,"Copenhagen, Denmark",N/A,"Copenhagen, Denmark","https://pga-tour-res.cloudinary.com/image/upload/c_fill,d_headshots_default.png,dpr_2.0,f_auto,g_face:center,h_350,q_auto,w_280/headshots_50672.png",,
Suteepat Prateeptienchai,N/A,N/A,Bangkok,Thailand,None,None,None,"Bangkok, Thailand",Thailand,6/22/1998,N/A,Thailand-None-Thailand,"Bangkok, Thailand",N/A,"Bangkok, Thailand","https://pga-tour-res.cloudinary.com/image/upload/c_fill,d_headshots_default.png,dpr_2.0,f_auto,g_face:center,h_350,q_auto,w_280/headshots_49562.png",,
Ricky Castillo,N/A,N/A,Yorba Linda,California,University of Florida,Gainesville,Florida,"Yorba Linda, CA",California,2/28/2001,N/A,California-Florida-California,"Yorba Linda, California","Gainesville, Florida","Yorba Linda, California","https://pga-tour-res.cloudinary.com/image/upload/c_fill,d_headshots_default.png,dpr_2.0,f_auto,g_face:center,h_350,q_auto,w_280/headshots_59440.png",,
Joakim Lagergren,N/A,N/A,Stockholm,Sweden,None,None,None,"Stockholm, Sweden",Sweden,11/20/1991,N/A,Sweden-None-Sweden,"Stockholm, Sweden",N/A,"Stockholm, Sweden","https://pga-tour-res.cloudinary.com/image/upload/c_fill,d_headshots_default.png,dpr_2.0,f_auto,g_face:center,h_350,q_auto,w_280/headshots_34317.png",,
Camilo Villegas,"5'9""",150,Medellín,Colombia,University of Florida,Gainesville,Florida,"Jupiter, FL",Florida,1/7/1982,N/A,Colombia-Florida-Florida,"Medellín, Colombia","Gainesville, Florida","Jupiter, Florida","https://pga-tour-res.cloudinary.com/image/upload/c_fill,d_headshots_default.png,dpr_2.0,f_auto,g_face:center,h_350,q_auto,w_280/headshots_27770.png",,
Lanto Griffin,N/A,N/A,Richmond,Virginia,Virginia Commonwealth University,Richmond,Virginia,"Orlando, FL",Florida,6/15/1988,N/A,Virginia-Virginia-Florida,"Richmond, Virginia","Richmond, Virginia","Orlando, Florida","https://pga-tour-res.cloudinary.com/image/upload/c_fill,d_headshots_default.png,dpr_2.0,f_auto,g_face:center,h_350,q_auto,w_280/headshots_35310.png",,
Taylor Montgomery,N/A,N/A,Las Vegas,Nevada,"University of Nevada, Las Vegas",Las Vegas,Nevada,"Las Vegas, NV",Nevada,1/30/1995,N/A,Nevada-Nevada-Nevada,"Las Vegas, Nevada","Las Vegas, Nevada","Las Vegas, Nevada","https://pga-tour-res.cloudinary.com/image/upload/c_fill,d_headshots_default.png,dpr_2.0,f_auto,g_face:center,h_350,q_auto,w_280/headshots_55789.png",,
Chiehpo Lee,N/A,N/A,Taipei,Taiwan,None,None,None,"Taipei, Taiwan",Taiwan,12/30/1995,N/A,Taiwan-None-Taiwan,"Taipei, Taiwan",N/A,"Taipei, Taiwan","https://pga-tour-res.cloudinary.com/image/upload/c_fill,d_headshots_default.png,dpr_2.0,f_auto,g_face:center,h_350,q_auto,w_280/headshots_37183.png",,
Christo Lamprecht,N/A,N/A,Pretoria,South Africa,Georgia Tech,Atlanta,Georgia,"Pretoria, South Africa",South Africa,1/30/2001,N/A,South Africa-Georgia-South Africa,"Pretoria, South Africa","Atlanta, Georgia","Pretoria, South Africa","https://pga-tour-res.cloudinary.com/image/upload/c_fill,d_headshots_default.png,dpr_2.0,f_auto,g_face:center,h_350,q_auto,w_280/headshots_54422.png",,
Richard Mansell,N/A,N/A,Stafford,England,None,None,None,"Stafford, England",England,3/24/1995,N/A,England-None-England,"Stafford, England",N/A,"Stafford, England","https://pga-tour-res.cloudinary.com/image/upload/c_fill,d_headshots_default.png,dpr_2.0,f_auto,g_face:center,h_350,q_auto,w_280/headshots_54190.png",,
Cristobal Del Solar,N/A,N/A,Viña del Mar,Chile,Florida State University,Tallahassee,Florida,"Jupiter, FL",Florida,11/2/1993,N/A,Chile-Florida-Florida,"Viña del Mar, Chile","Tallahassee, Florida","Jupiter, Florida","https://pga-tour-res.cloudinary.com/image/upload/c_fill,d_headshots_default.png,dpr_2.0,f_auto,g_face:center,h_350,q_auto,w_280/headshots_39859.png",,
Bud Cauley,N/A,N/A,Jacksonville,Florida,University of Alabama,Tuscaloosa,Alabama,"Jacksonville, FL",Florida,3/16/1990,N/A,Florida-Alabama-Florida,"Jacksonville, Florida","Tuscaloosa, Alabama","Jacksonville, Florida","https://pga-tour-res.cloudinary.com/image/upload/c_fill,d_headshots_default.png,dpr_2.0,f_auto,g_face:center,h_350,q_auto,w_280/headshots_34021.png",,
David Skinns,N/A,N/A,Lincoln,England,University of Tennessee,Knoxville,Tennessee,"Lincoln, England",England,2/1/1982,N/A,England-Tennessee-England,"Lincoln, England","Knoxville, Tennessee","Lincoln, England","https://pga-tour-res.cloudinary.com/image/upload/c_fill,d_headshots_default.png,dpr_2.0,f_auto,g_face:center,h_350,q_auto,w_280/headshots_27139.png",,
Kyle Westmoreland,N/A,N/A,Charleston,South Carolina,Air Force Academy,Colorado Springs,Colorado,"Daniel Island, SC",South Carolina,9/23/1991,N/A,South Carolina-Colorado-South Carolina,"Charleston, South Carolina","Colorado Springs, Colorado","Daniel Island, South Carolina","https://pga-tour-res.cloudinary.com/image/upload/c_fill,d_headshots_default.png,dpr_2.0,f_auto,g_face:center,h_350,q_auto,w_280/headshots_52411.png",,
Frederik Kjettrup,N/A,N/A,Aabenraa,Denmark,Florida State University,Tallahassee,Florida,"Aabenraa, Denmark",Denmark,4/27/2000,N/A,Denmark-Florida-Denmark,"Aabenraa, Denmark","Tallahassee, Florida","Aabenraa, Denmark","https://pga-tour-res.cloudinary.com/image/upload/c_fill,d_headshots_default.png,dpr_2.0,f_auto,g_face:center,h_350,q_auto,w_280/headshots_55077.png",,
Shubhankar Sharma,N/A,N/A,Chandigarh,India,None,None,None,"Chandigarh, India",India,7/21/1996,N/A,India-None-India,"Chandigarh, India",N/A,"Chandigarh, India","https://pga-tour-res.cloudinary.com/image/upload/c_fill,d_headshots_default.png,dpr_2.0,f_auto,g_face:center,h_350,q_auto,w_280/headshots_39113.png",,
Trace Crowe,N/A,N/A,Auburn,Alabama,Auburn University,Auburn,Alabama,"Auburn, AL",Alabama,8/22/1996,N/A,Alabama-Alabama-Alabama,"Auburn, Alabama","Auburn, Alabama","Auburn, Alabama","https://pga-tour-res.cloudinary.com/image/upload/c_fill,d_headshots_default.png,dpr_2.0,f_auto,g_face:center,h_350,q_auto,w_280/headshots_52514.png",,
Quade Cummins,N/A,N/A,Midwest City,Oklahoma,University of Oklahoma,Norman,Oklahoma,"Midwest City, OK",Oklahoma,5/15/1996,N/A,Oklahoma-Oklahoma-Oklahoma,"Midwest City, Oklahoma","Norman, Oklahoma","Midwest City, Oklahoma","https://pga-tour-res.cloudinary.com/image/upload/c_fill,d_headshots_default.png,dpr_2.0,f_auto,g_face:center,h_350,q_auto,w_280/headshots_58605.png",,
Karl Vilips,N/A,N/A,Perth,Australia,Stanford University,Palo Alto,California,"Perth, Australia",Australia,11/15/2001,N/A,Australia-California-Australia,"Perth, Australia","Palo Alto, California","Perth, Australia","https://pga-tour-res.cloudinary.com/image/upload/c_fill,d_headshots_default.png,dpr_2.0,f_auto,g_face:center,h_350,q_auto,w_280/headshots_54304.png",,
Ivan Cantero Gutierrez,N/A,N/A,Madrid,Spain,None,None,None,"Madrid, Spain",Spain,5/24/1998,N/A,Spain-None-Spain,"Madrid, Spain",N/A,"Madrid, Spain","https://pga-tour-res.cloudinary.com/image/upload/c_fill,d_headshots_default.png,dpr_2.0,f_auto,g_face:center,h_350,q_auto,w_280/headshots_47847.png",,
Robby Shelton,"6'0""",190,Mobile,Alabama,University of Alabama,Tuscaloosa,Alabama,"Wilmer, AL",Alabama,8/25/1995,N/A,Alabama-Alabama-Alabama,"Mobile, Alabama","Tuscaloosa, Alabama","Wilmer, Alabama","https://pga-tour-res.cloudinary.com/image/upload/c_fill,d_headshots_default.png,dpr_2.0,f_auto,g_face:center,h_350,q_auto,w_280/headshots_46441.png",,
Marcus Kinhult,N/A,N/A,Gothenburg,Sweden,None,None,None,"Gothenburg, Sweden",Sweden,7/24/1996,N/A,Sweden-None-Sweden,"Gothenburg, Sweden",N/A,"Gothenburg, Sweden","https://pga-tour-res.cloudinary.com/image/upload/c_fill,d_headshots_default.png,dpr_2.0,f_auto,g_face:center,h_350,q_auto,w_280/headshots_46404.png",,
Austin Smotherman,N/A,N/A,Dallas,Texas,Southern Methodist University,Dallas,Texas,"Dallas, TX",Texas,5/19/1994,N/A,Texas-Texas-Texas,"Dallas, Texas","Dallas, Texas","Dallas, Texas","https://pga-tour-res.cloudinary.com/image/upload/c_fill,d_headshots_default.png,dpr_2.0,f_auto,g_face:center,h_350,q_auto,w_280/headshots_50095.png",,
Darius Van Driel,N/A,N/A,The Hague,Netherlands,None,None,None,"The Hague, Netherlands",Netherlands,12/2/1989,N/A,Netherlands-None-Netherlands,"The Hague, Netherlands",N/A,"The Hague, Netherlands","https://pga-tour-res.cloudinary.com/image/upload/c_fill,d_headshots_default.png,dpr_2.0,f_auto,g_face:center,h_350,q_auto,w_280/headshots_32659.png",,
Sean Crocker,N/A,N/A,Harare,Zimbabwe,University of Southern California,Los Angeles,California,"Jupiter, FL",Florida,8/31/1996,N/A,Zimbabwe-California-Florida,"Harare, Zimbabwe","Los Angeles, California","Jupiter, Florida","https://pga-tour-res.cloudinary.com/image/upload/c_fill,d_headshots_default.png,dpr_2.0,f_auto,g_face:center,h_350,q_auto,w_280/headshots_39524.png",,
Lucas Herbert,N/A,N/A,Bendigo,Australia,None,None,None,"Jupiter, FL",Florida,12/5/1995,N/A,Australia-None-Florida,"Bendigo, Australia",N/A,"Jupiter, Florida","https://pga-tour-res.cloudinary.com/image/upload/c_fill,d_headshots_default.png,dpr_2.0,f_auto,g_face:center,h_350,q_auto,w_280/headshots_39058.png",,
Zander Lombard,N/A,N/A,Pretoria,South Africa,None,None,None,"Pretoria, South Africa",South Africa,1/18/1995,N/A,South Africa-None-South Africa,"Pretoria, South Africa",N/A,"Pretoria, South Africa","https://pga-tour-res.cloudinary.com/image/upload/c_fill,d_headshots_default.png,dpr_2.0,f_auto,g_face:center,h_350,q_auto,w_280/headshots_37447.png",,
Ollie Schniederjans,N/A,N/A,Dallas,Texas,Georgia Tech,Atlanta,Georgia,"Powder Springs, GA",Georgia,6/15/1993,N/A,Texas-Georgia-Georgia,"Dallas, Texas","Atlanta, Georgia","Powder Springs, Georgia","https://pga-tour-res.cloudinary.com/image/upload/c_fill,d_headshots_default.png,dpr_2.0,f_auto,g_face:center,h_350,q_auto,w_280/headshots_46501.png",,
Richie Ramsay,N/A,N/A,Aberdeen,Scotland,None,None,None,"Aberdeen, Scotland",Scotland,6/15/1983,N/A,Scotland-None-Scotland,"Aberdeen, Scotland",N/A,"Aberdeen, Scotland","https://pga-tour-res.cloudinary.com/image/upload/c_fill,d_headshots_default.png,dpr_2.0,f_auto,g_face:center,h_350,q_auto,w_280/headshots_29531.png",,
Yuto Katsuragawa,N/A,N/A,Tokyo,Japan,None,None,None,"Tokyo, Japan",Japan,10/23/1998,N/A,Japan-None-Japan,"Tokyo, Japan",N/A,"Tokyo, Japan","https://pga-tour-res.cloudinary.com/image/upload/c_fill,d_headshots_default.png,dpr_2.0,f_auto,g_face:center,h_350,q_auto,w_280/headshots_48632.png",,
Trav Smyth,N/A,N/A,Brisbane,Australia,None,None,None,"Brisbane, Australia",Australia,3/25/1995,N/A,Australia-None-Australia,"Brisbane, Australia",N/A,"Brisbane, Australia","https://pga-tour-res.cloudinary.com/image/upload/c_fill,d_headshots_default.png,dpr_2.0,f_auto,g_face:center,h_350,q_auto,w_280/headshots_47078.png",,
Martin Couvra,N/A,N/A,Nice,France,None,None,None,"Nice, France",France,4/11/2003,N/A,France-None-France,"Nice, France",N/A,"Nice, France","https://pga-tour-res.cloudinary.com/image/upload/c_fill,d_headshots_default.png,dpr_2.0,f_auto,g_face:center,h_350,q_auto,w_280/headshots_60073.png",,
Danny Walker,N/A,N/A,Bradenton,Florida,University of Virginia,Charlottesville,Virginia,"Bradenton, FL",Florida,10/23/1998,N/A,Florida-Virginia-Florida,"Bradenton, Florida","Charlottesville, Virginia","Bradenton, Florida","https://pga-tour-res.cloudinary.com/image/upload/c_fill,d_headshots_default.png,dpr_2.0,f_auto,g_face:center,h_350,q_auto,w_280/headshots_54607.png",,
Brandon Stone,N/A,N/A,Pretoria,South Africa,University of Texas,Austin,Texas,"Pretoria, South Africa",South Africa,4/20/1993,N/A,South Africa-Texas-South Africa,"Pretoria, South Africa","Austin, Texas","Pretoria, South Africa","https://pga-tour-res.cloudinary.com/image/upload/c_fill,d_headshots_default.png,dpr_2.0,f_auto,g_face:center,h_350,q_auto,w_280/headshots_35225.png",,
Braden Thornberry,N/A,N/A,Germantown,Tennessee,University of Mississippi,Oxford,Mississippi,"Germantown, TN",Tennessee,4/11/1997,N/A,Tennessee-Mississippi-Tennessee,"Germantown, Tennessee","Oxford, Mississippi","Germantown, Tennessee","https://pga-tour-res.cloudinary.com/image/upload/c_fill,d_headshots_default.png,dpr_2.0,f_auto,g_face:center,h_350,q_auto,w_280/headshots_52144.png",,
Kevin Tway,"6'3""",175,Edmond,Oklahoma,Oklahoma State University,Stillwater,Oklahoma,"Jupiter, FL",Florida,7/23/1988,N/A,Oklahoma-Oklahoma-Florida,"Edmond, Oklahoma","Stillwater, Oklahoma","Jupiter, Florida","https://pga-tour-res.cloudinary.com/image/upload/c_fill,d_headshots_default.png,dpr_2.0,f_auto,g_face:center,h_350,q_auto,w_280/headshots_32333.png",,
Carl Yuan,N/A,N/A,Dalian,China,University of Washington,Seattle,Washington,"Jacksonville, FL",Florida,3/21/1997,N/A,China-Washington-Florida,"Dalian, China","Seattle, Washington","Jacksonville, Florida","https://pga-tour-res.cloudinary.com/image/upload/c_fill,d_headshots_default.png,dpr_2.0,f_auto,g_face:center,h_350,q_auto,w_280/headshots_55454.png",,
Calum Hill,N/A,N/A,Edinburgh,Scotland,None,None,None,"Edinburgh, Scotland",Scotland,11/23/1994,N/A,Scotland-None-Scotland,"Edinburgh, Scotland",N/A,"Edinburgh, Scotland","https://pga-tour-res.cloudinary.com/image/upload/c_fill,d_headshots_default.png,dpr_2.0,f_auto,g_face:center,h_350,q_auto,w_280/headshots_55707.png",,
Martin Laird,"6'2""",190,Glasgow,Scotland,Colorado State University,Fort Collins,Colorado,"Scottsdale, AZ",Arizona,12/29/1982,N/A,Scotland-Colorado-Arizona,"Glasgow, Scotland","Fort Collins, Colorado","Scottsdale, Arizona","https://pga-tour-res.cloudinary.com/image/upload/c_fill,d_headshots_default.png,dpr_2.0,f_auto,g_face:center,h_350,q_auto,w_280/headshots_27936.png",,
Matt NeSmith,N/A,N/A,North Augusta,South Carolina,University of South Carolina,Columbia,South Carolina,"North Augusta, SC",South Carolina,9/9/1993,N/A,South Carolina-South Carolina-South Carolina,"North Augusta, South Carolina","Columbia, South Carolina","North Augusta, South Carolina","https://pga-tour-res.cloudinary.com/image/upload/c_fill,d_headshots_default.png,dpr_2.0,f_auto,g_face:center,h_350,q_auto,w_280/headshots_36871.png",,
Ryosuke Kinoshita,N/A,N/A,Tokyo,Japan,None,None,None,"Tokyo, Japan",Japan,5/15/1991,N/A,Japan-None-Japan,"Tokyo, Japan",N/A,"Tokyo, Japan","https://pga-tour-res.cloudinary.com/image/upload/c_fill,d_headshots_default.png,dpr_2.0,f_auto,g_face:center,h_350,q_auto,w_280/headshots_34500.png",,
Jason Scrivener,N/A,N/A,Perth,Australia,None,None,None,"Perth, Australia",Australia,4/18/1989,N/A,Australia-None-Australia,"Perth, Australia",N/A,"Perth, Australia","https://pga-tour-res.cloudinary.com/image/upload/c_fill,d_headshots_default.png,dpr_2.0,f_auto,g_face:center,h_350,q_auto,w_280/headshots_31569.png",,
Sudarshan Yellamaraju,N/A,N/A,Bangalore,India,None,None,None,"Bangalore, India",India,8/14/2002,N/A,India-None-India,"Bangalore, India",N/A,"Bangalore, India","https://pga-tour-res.cloudinary.com/image/upload/c_fill,d_headshots_default.png,dpr_2.0,f_auto,g_face:center,h_350,q_auto,w_280/headshots_60386.png",,
Barend Botha,N/A,N/A,Pretoria,South Africa,None,None,None,"Pretoria, South Africa",South Africa,3/15/2001,N/A,South Africa-None-South Africa,"Pretoria, South Africa",N/A,"Pretoria, South Africa","https://pga-tour-res.cloudinary.com/image/upload/c_fill,d_headshots_default.png,dpr_2.0,f_auto,g_face:center,h_350,q_auto,w_280/headshots_65408.png",,
Taiga Semikawa,N/A,N/A,Tokyo,Japan,None,None,None,"Tokyo, Japan",Japan,1/11/2001,N/A,Japan-None-Japan,"Tokyo, Japan",N/A,"Tokyo, Japan","https://pga-tour-res.cloudinary.com/image/upload/c_fill,d_headshots_default.png,dpr_2.0,f_auto,g_face:center,h_350,q_auto,w_280/headshots_47888.png",,
Justin Suh,"5'8""",165,San Jose,California,University of Southern California,Los Angeles,California,"Las Vegas, NV",Nevada,6/12/1997,N/A,California-California-Nevada,"San Jose, California","Los Angeles, California","Las Vegas, Nevada","https://pga-tour-res.cloudinary.com/image/upload/c_fill,d_headshots_default.png,dpr_2.0,f_auto,g_face:center,h_350,q_auto,w_280/headshots_50493.png",,
Miguel Tabuena,N/A,N/A,Manila,Philippines,None,None,None,"Manila, Philippines",Philippines,10/13/1994,N/A,Philippines-None-Philippines,"Manila, Philippines",N/A,"Manila, Philippines","https://pga-tour-res.cloudinary.com/image/upload/c_fill,d_headshots_default.png,dpr_2.0,f_auto,g_face:center,h_350,q_auto,w_280/headshots_35261.png",,
Wilco Nienaber,N/A,N/A,Bloemfontein,South Africa,None,None,None,"Bloemfontein, South Africa",South Africa,4/7/2000,N/A,South Africa-None-South Africa,"Bloemfontein, South Africa",N/A,"Bloemfontein, South Africa","https://pga-tour-res.cloudinary.com/image/upload/c_fill,d_headshots_default.png,dpr_2.0,f_auto,g_face:center,h_350,q_auto,w_280/headshots_56272.png",,
Ryan Moore,"5'9""",170,Tacoma,Washington,"University of Nevada, Las Vegas",Las Vegas,Nevada,"Las Vegas, NV",Nevada,12/5/1982,N/A,Washington-Nevada-Nevada,"Tacoma, Washington","Las Vegas, Nevada","Las Vegas, Nevada","https://pga-tour-res.cloudinary.com/image/upload/c_fill,d_headshots_default.png,dpr_2.0,f_auto,g_face:center,h_350,q_auto,w_280/headshots_26596.png",,
Zach Bauchou,N/A,N/A,Tulsa,Oklahoma,Oklahoma State University,Stillwater,Oklahoma,"Tulsa, OK",Oklahoma,1/31/1997,N/A,Oklahoma-Oklahoma-Oklahoma,"Tulsa, Oklahoma","Stillwater, Oklahoma","Tulsa, Oklahoma","https://pga-tour-res.cloudinary.com/image/upload/c_fill,d_headshots_default.png,dpr_2.0,f_auto,g_face:center,h_350,q_auto,w_280/headshots_48001.png",,
Scott Jamieson,N/A,N/A,Glasgow,Scotland,None,None,None,"Glasgow, Scotland",Scotland,11/28/1983,N/A,Scotland-None-Scotland,"Glasgow, Scotland",N/A,"Glasgow, Scotland","https://pga-tour-res.cloudinary.com/image/upload/c_fill,d_headshots_default.png,dpr_2.0,f_auto,g_face:center,h_350,q_auto,w_280/headshots_31138.png",,
Eugenio Chacarra,N/A,N/A,Madrid,Spain,Oklahoma State University,Stillwater,Oklahoma,"Madrid, Spain",Spain,3/22/2000,N/A,Spain-Oklahoma-Spain,"Madrid, Spain","Stillwater, Oklahoma","Madrid, Spain","https://pga-tour-res.cloudinary.com/image/upload/c_fill,d_headshots_default.png,dpr_2.0,f_auto,g_face:center,h_350,q_auto,w_280/headshots_57492.png",,
Jamie Rutherford,N/A,N/A,London,England,None,None,None,"London, England",England,10/15/1990,N/A,England-None-England,"London, England",N/A,"London, England","https://pga-tour-res.cloudinary.com/image/upload/c_fill,d_headshots_default.png,dpr_2.0,f_auto,g_face:center,h_350,q_auto,w_280/headshots_46410.png",,
Taisei Shimizu,N/A,N/A,Tokyo,Japan,None,None,None,"Tokyo, Japan",Japan,1/15/1999,N/A,Japan-None-Japan,"Tokyo, Japan",N/A,"Tokyo, Japan","https://pga-tour-res.cloudinary.com/image/upload/c_fill,d_headshots_default.png,dpr_2.0,f_auto,g_face:center,h_350,q_auto,w_280/headshots_66583.png",,
Andrea Pavan,N/A,N/A,Rome,Italy,Texas A&M University,College Station,Texas,"Rome, Italy",Italy,4/27/1989,N/A,Italy-Texas-Italy,"Rome, Italy","College Station, Texas","Rome, Italy","https://pga-tour-res.cloudinary.com/image/upload/c_fill,d_headshots_default.png,dpr_2.0,f_auto,g_face:center,h_350,q_auto,w_280/headshots_30756.png",,
Ryggs Johnston,N/A,N/A,Libby,Montana,Arizona State University,Tempe,Arizona,"Libby, MT",Montana,3/30/1999,N/A,Montana-Arizona-Montana,"Libby, Montana","Tempe, Arizona","Libby, Montana","https://pga-tour-res.cloudinary.com/image/upload/c_fill,d_headshots_default.png,dpr_2.0,f_auto,g_face:center,h_350,q_auto,w_280/headshots_63617.png",,
Sam Bennett,N/A,N/A,Madisonville,Texas,Texas A&M University,College Station,Texas,"Madisonville, TX",Texas,12/21/1999,N/A,Texas-Texas-Texas,"Madisonville, Texas","College Station, Texas","Madisonville, Texas","https://pga-tour-res.cloudinary.com/image/upload/c_fill,d_headshots_default.png,dpr_2.0,f_auto,g_face:center,h_350,q_auto,w_280/headshots_59652.png",,
Chad Ramey,N/A,N/A,Greenville,Mississippi,Mississippi State University,Starkville,Mississippi,"Fulton, MS",Mississippi,8/3/1992,N/A,Mississippi-Mississippi-Mississippi,"Greenville, Mississippi","Starkville, Mississippi","Fulton, Mississippi","https://pga-tour-res.cloudinary.com/image/upload/c_fill,d_headshots_default.png,dpr_2.0,f_auto,g_face:center,h_350,q_auto,w_280/headshots_47983.png",,
Hiroshi Iwata,N/A,N/A,Tokyo,Japan,None,None,None,"Tokyo, Japan",Japan,8/31/1981,N/A,Japan-None-Japan,"Tokyo, Japan",N/A,"Tokyo, Japan","https://pga-tour-res.cloudinary.com/image/upload/c_fill,d_headshots_default.png,dpr_2.0,f_auto,g_face:center,h_350,q_auto,w_280/headshots_27747.png",,
Casey Jarvis,N/A,N/A,Johannesburg,South Africa,None,None,None,"Johannesburg, South Africa",South Africa,7/27/2003,N/A,South Africa-None-South Africa,"Johannesburg, South Africa",N/A,"Johannesburg, South Africa","https://pga-tour-res.cloudinary.com/image/upload/c_fill,d_headshots_default.png,dpr_2.0,f_auto,g_face:center,h_350,q_auto,w_280/headshots_57688.png",,
Will Chandler,N/A,N/A,Horsham,England,None,None,None,"Horsham, England",England,10/23/1997,N/A,England-None-England,"Horsham, England",N/A,"Horsham, England","https://pga-tour-res.cloudinary.com/image/upload/c_fill,d_headshots_default.png,dpr_2.0,f_auto,g_face:center,h_350,q_auto,w_280/headshots_58933.png",,
Ryan van Velzen,N/A,N/A,Durban,South Africa,None,None,None,"Durban, South Africa",South Africa,9/11/2001,N/A,South Africa-None-South Africa,"Durban, South Africa",N/A,"Durban, South Africa","https://pga-tour-res.cloudinary.com/image/upload/c_fill,d_headshots_default.png,dpr_2.0,f_auto,g_face:center,h_350,q_auto,w_280/headshots_59629.png",,
Conor Purcell,N/A,N/A,Dublin,Ireland,None,None,None,"Dublin, Ireland",Ireland,5/22/1997,N/A,Ireland-None-Ireland,"Dublin, Ireland",N/A,"Dublin, Ireland","https://pga-tour-res.cloudinary.com/image/upload/c_fill,d_headshots_default.png,dpr_2.0,f_auto,g_face:center,h_350,q_auto,w_280/headshots_56512.png",,
Todd Clements,N/A,N/A,Colchester,England,None,None,None,"Colchester, England",England,8/11/1996,N/A,England-None-England,"Colchester, England",N/A,"Colchester, England","https://pga-tour-res.cloudinary.com/image/upload/c_fill,d_headshots_default.png,dpr_2.0,f_auto,g_face:center,h_350,q_auto,w_280/headshots_51151.png",,
Kiradech Aphibarnrat,N/A,N/A,Bangkok,Thailand,None,None,None,"Bangkok, Thailand",Thailand,7/23/1989,N/A,Thailand-None-Thailand,"Bangkok, Thailand",N/A,"Bangkok, Thailand","https://pga-tour-res.cloudinary.com/image/upload/c_fill,d_headshots_default.png,dpr_2.0,f_auto,g_face:center,h_350,q_auto,w_280/headshots_30978.png",,
Kazuki Higa,N/A,N/A,Okinawa,Japan,None,None,None,"Okinawa, Japan",Japan,4/23/1995,N/A,Japan-None-Japan,"Okinawa, Japan",N/A,"Okinawa, Japan","https://pga-tour-res.cloudinary.com/image/upload/c_fill,d_headshots_default.png,dpr_2.0,f_auto,g_face:center,h_350,q_auto,w_280/headshots_35778.png",,
Aaron Cockerill,N/A,N/A,Ottawa,Ontario,None,None,None,"Calgary, Canada",N/A,4/17/1992,N/A,Ontario-None-N/A,"Ottawa, Ontario",N/A,"Calgary, Canada","https://pga-tour-res.cloudinary.com/image/upload/c_fill,d_headshots_default.png,dpr_2.0,f_auto,g_face:center,h_350,q_auto,w_280/headshots_35557.png",,
Nick Hardy,N/A,N/A,Northbrook,Illinois,University of Illinois,Urbana-Champaign,Illinois,"Northbrook, IL",Illinois,1/26/1996,N/A,Illinois-Illinois-Illinois,"Northbrook, Illinois","Urbana-Champaign, Illinois","Northbrook, Illinois","https://pga-tour-res.cloudinary.com/image/upload/c_fill,d_headshots_default.png,dpr_2.0,f_auto,g_face:center,h_350,q_auto,w_280/headshots_47988.png",,
Fabrizio Zanotti,N/A,N/A,Asunción,Paraguay,None,None,None,"Asunción, Paraguay",Paraguay,5/21/1983,N/A,Paraguay-None-Paraguay,"Asunción, Paraguay",N/A,"Asunción, Paraguay","https://pga-tour-res.cloudinary.com/image/upload/c_fill,d_headshots_default.png,dpr_2.0,f_auto,g_face:center,h_350,q_auto,w_280/headshots_29939.png",,
Oliver Lindell,N/A,N/A,Helsinki,Finland,None,None,None,"Helsinki, Finland",Finland,10/14/1998,N/A,Finland-None-Finland,"Helsinki, Finland",N/A,"Helsinki, Finland","https://pga-tour-res.cloudinary.com/image/upload/c_fill,d_headshots_default.png,dpr_2.0,f_auto,g_face:center,h_350,q_auto,w_280/headshots_48237.png",,
S.Y. Noh,"6'1""",165,Seoul,South Korea,None,None,None,"Dallas, TX",Texas,5/29/1991,N/A,South Korea-None-Texas,"Seoul, South Korea",N/A,"Dallas, Texas","https://pga-tour-res.cloudinary.com/image/upload/c_fill,d_headshots_default.png,dpr_2.0,f_auto,g_face:center,h_350,q_auto,w_280/headshots_29289.png",,
Caleb Surratt,N/A,N/A,Indian Trail,North Carolina,University of Tennessee,Knoxville,Tennessee,"Indian Trail, NC",North Carolina,4/13/2004,N/A,North Carolina-Tennessee-North Carolina,"Indian Trail, North Carolina","Knoxville, Tennessee","Indian Trail, North Carolina","https://pga-tour-res.cloudinary.com/image/upload/c_fill,d_headshots_default.png,dpr_2.0,f_auto,g_face:center,h_350,q_auto,w_280/headshots_64054.png",,
Josh Teater,N/A,N/A,Hazard,Kentucky,Morehead State University,Morehead,Kentucky,"Lexington, KY",Kentucky,4/6/1979,N/A,Kentucky-Kentucky-Kentucky,"Hazard, Kentucky","Morehead, Kentucky","Lexington, Kentucky","https://pga-tour-res.cloudinary.com/image/upload/c_fill,d_headshots_default.png,dpr_2.0,f_auto,g_face:center,h_350,q_auto,w_280/headshots_27330.png",,
Joseph Bramlett,"6'4""",195,Stanford,California,Stanford University,Palo Alto,California,"Las Vegas, NV",Nevada,4/7/1988,N/A,California-California-Nevada,"Stanford, California","Palo Alto, California","Las Vegas, Nevada","https://pga-tour-res.cloudinary.com/image/upload/c_fill,d_headshots_default.png,dpr_2.0,f_auto,g_face:center,h_350,q_auto,w_280/headshots_34255.png",,
Deon Germishuys,N/A,N/A,Pretoria,South Africa,None,None,None,"Pretoria, South Africa",South Africa,5/14/2000,N/A,South Africa-None-South Africa,"Pretoria, South Africa",N/A,"Pretoria, South Africa","https://pga-tour-res.cloudinary.com/image/upload/c_fill,d_headshots_default.png,dpr_2.0,f_auto,g_face:center,h_350,q_auto,w_280/headshots_56266.png",,
Garrick Higgo,N/A,N/A,Stellenbosch,South Africa,"University of Nevada, Las Vegas",Las Vegas,Nevada,"Jupiter, FL",Florida,5/12/1999,N/A,South Africa-Nevada-Florida,"Stellenbosch, South Africa","Las Vegas, Nevada","Jupiter, Florida","https://pga-tour-res.cloudinary.com/image/upload/c_fill,d_headshots_default.png,dpr_2.0,f_auto,g_face:center,h_350,q_auto,w_280/headshots_54421.png",,
Alfredo Garcia-Heredia,N/A,N/A,Asturias,Spain,None,None,None,"Asturias, Spain",Spain,8/7/1981,N/A,Spain-None-Spain,"Asturias, Spain",N/A,"Asturias, Spain","https://pga-tour-res.cloudinary.com/image/upload/c_fill,d_headshots_default.png,dpr_2.0,f_auto,g_face:center,h_350,q_auto,w_280/headshots_26503.png",,
Marcel Schneider,N/A,N/A,Nuremberg,Germany,None,None,None,"Nuremberg, Germany",Germany,4/6/1990,N/A,Germany-None-Germany,"Nuremberg, Germany",N/A,"Nuremberg, Germany","https://pga-tour-res.cloudinary.com/image/upload/c_fill,d_headshots_default.png,dpr_2.0,f_auto,g_face:center,h_350,q_auto,w_280/headshots_31242.png",,
Sadom Kaewkanjana,N/A,N/A,Bangkok,Thailand,None,None,None,"Bangkok, Thailand",Thailand,8/5/1998,N/A,Thailand-None-Thailand,"Bangkok, Thailand",N/A,"Bangkok, Thailand","https://pga-tour-res.cloudinary.com/image/upload/c_fill,d_headshots_default.png,dpr_2.0,f_auto,g_face:center,h_350,q_auto,w_280/headshots_48018.png",,
Young-han Song,N/A,N/A,Seoul,South Korea,None,None,None,"Seoul, South Korea",South Korea,7/12/1991,N/A,South Korea-None-South Korea,"Seoul, South Korea",N/A,"Seoul, South Korea","https://pga-tour-res.cloudinary.com/image/upload/c_fill,d_headshots_default.png,dpr_2.0,f_auto,g_face:center,h_350,q_auto,w_280/headshots_36521.png",,
Ren Yonezawa,N/A,N/A,Tokyo,Japan,None,None,None,"Tokyo, Japan",Japan,6/22/1999,N/A,Japan-None-Japan,"Tokyo, Japan",N/A,"Tokyo, Japan","https://pga-tour-res.cloudinary.com/image/upload/c_fill,d_headshots_default.png,dpr_2.0,f_auto,g_face:center,h_350,q_auto,w_280/headshots_56100.png",,
Ben Martin,"5'11""",175,Greenwood,South Carolina,Clemson University,Clemson,South Carolina,"Greenville, SC",South Carolina,8/26/1987,N/A,South Carolina-South Carolina-South Carolina,"Greenwood, South Carolina","Clemson, South Carolina","Greenville, South Carolina","https://pga-tour-res.cloudinary.com/image/upload/c_fill,d_headshots_default.png,dpr_2.0,f_auto,g_face:center,h_350,q_auto,w_280/headshots_33413.png",,
Mitchell Meissner,N/A,N/A,Houston,Texas,Rice University,Houston,Texas,"Houston, TX",Texas,6/23/1999,N/A,Texas-Texas-Texas,"Houston, Texas","Houston, Texas","Houston, Texas","https://pga-tour-res.cloudinary.com/image/upload/c_fill,d_headshots_default.png,dpr_2.0,f_auto,g_face:center,h_350,q_auto,w_280/headshots_56376.png",,
Will Gordon,N/A,N/A,Charlotte,North Carolina,Vanderbilt University,Nashville,Tennessee,"Charlotte, NC",North Carolina,11/28/1996,N/A,North Carolina-Tennessee-North Carolina,"Charlotte, North Carolina","Nashville, Tennessee","Charlotte, North Carolina","https://pga-tour-res.cloudinary.com/image/upload/c_fill,d_headshots_default.png,dpr_2.0,f_auto,g_face:center,h_350,q_auto,w_280/headshots_56762.png",,
Chesson Hadley,"6'4""",165,Raleigh,North Carolina,Georgia Tech,Atlanta,Georgia,"Raleigh, NC",North Carolina,7/5/1987,N/A,North Carolina-Georgia-North Carolina,"Raleigh, North Carolina","Atlanta, Georgia","Raleigh, North Carolina","https://pga-tour-res.cloudinary.com/image/upload/c_fill,d_headshots_default.png,dpr_2.0,f_auto,g_face:center,h_350,q_auto,w_280/headshots_34563.png",,
Joel Moscatel Nachsh,N/A,N/A,Madrid,Spain,None,None,None,"Madrid, Spain",Spain,9/23/1998,N/A,Spain-None-Spain,"Madrid, Spain",N/A,"Madrid, Spain","https://pga-tour-res.cloudinary.com/image/upload/c_fill,d_headshots_default.png,dpr_2.0,f_auto,g_face:center,h_350,q_auto,w_280/headshots_59826.png",,
Tom Vaillant,N/A,N/A,Paris,France,None,None,None,"Paris, France",France,3/24/2000,N/A,France-None-France,"Paris, France",N/A,"Paris, France","https://pga-tour-res.cloudinary.com/image/upload/c_fill,d_headshots_default.png,dpr_2.0,f_auto,g_face:center,h_350,q_auto,w_280/headshots_59827.png",,
Kevin Chappell,"6'0""",180,Fresno,California,UCLA,Los Angeles,California,"Fresno, CA",California,7/8/1986,N/A,California-California-California,"Fresno, California","Los Angeles, California","Fresno, California","https://pga-tour-res.cloudinary.com/image/upload/c_fill,d_headshots_default.png,dpr_2.0,f_auto,g_face:center,h_350,q_auto,w_280/headshots_32366.png",,
Davis Chatfield,N/A,N/A,Atlanta,Georgia,University of Notre Dame,Notre Dame,Indiana,"Atlanta, GA",Georgia,6/23/1999,N/A,Georgia-Indiana-Georgia,"Atlanta, Georgia","Notre Dame, Indiana","Atlanta, Georgia","https://pga-tour-res.cloudinary.com/image/upload/c_fill,d_headshots_default.png,dpr_2.0,f_auto,g_face:center,h_350,q_auto,w_280/headshots_59006.png",,
Kevin Velo,N/A,N/A,Pleasanton,California,University of San Diego,San Diego,California,"Pleasanton, CA",California,7/23/1997,N/A,California-California-California,"Pleasanton, California","San Diego, California","Pleasanton, California","https://pga-tour-res.cloudinary.com/image/upload/c_fill,d_headshots_default.png,dpr_2.0,f_auto,g_face:center,h_350,q_auto,w_280/headshots_58619.png",,
Brandon Wu,N/A,N/A,Scarsdale,New York,Stanford University,Palo Alto,California,"Scarsdale, NY",New York,2/17/1997,N/A,New York-California-New York,"Scarsdale, New York","Palo Alto, California","Scarsdale, New York","https://pga-tour-res.cloudinary.com/image/upload/c_fill,d_headshots_default.png,dpr_2.0,f_auto,g_face:center,h_350,q_auto,w_280/headshots_52374.png",,
Hayden Buckley,N/A,N/A,Tupelo,Mississippi,University of Missouri,Columbia,Missouri,"Tupelo, MS",Mississippi,3/1/1996,N/A,Mississippi-Missouri-Mississippi,"Tupelo, Mississippi","Columbia, Missouri","Tupelo, Mississippi","https://pga-tour-res.cloudinary.com/image/upload/c_fill,d_headshots_default.png,dpr_2.0,f_auto,g_face:center,h_350,q_auto,w_280/headshots_55708.png",,
Dylan Frittelli,N/A,N/A,Johannesburg,South Africa,University of Texas,Austin,Texas,"Johannesburg, South Africa",South Africa,6/5/1990,N/A,South Africa-Texas-South Africa,"Johannesburg, South Africa","Austin, Texas","Johannesburg, South Africa","https://pga-tour-res.cloudinary.com/image/upload/c_fill,d_headshots_default.png,dpr_2.0,f_auto,g_face:center,h_350,q_auto,w_280/headshots_29970.png",,
Jeremy Paul,N/A,N/A,Munich,Germany,University of Colorado,Boulder,Colorado,"Munich, Germany",Germany,8/12/1994,N/A,Germany-Colorado-Germany,"Munich, Germany","Boulder, Colorado","Munich, Germany","https://pga-tour-res.cloudinary.com/image/upload/c_fill,d_headshots_default.png,dpr_2.0,f_auto,g_face:center,h_350,q_auto,w_280/headshots_50582.png",,
Curtis Luck,N/A,N/A,Perth,Australia,None,None,None,"Perth, Australia",Australia,8/9/1995,N/A,Australia-None-Australia,"Perth, Australia",N/A,"Perth, Australia","https://pga-tour-res.cloudinary.com/image/upload/c_fill,d_headshots_default.png,dpr_2.0,f_auto,g_face:center,h_350,q_auto,w_280/headshots_37380.png",,
Zach Johnson,"5'11""",160,Cedar Rapids,Iowa,Drake University,Des Moines,Iowa,"Cedar Rapids, IA",Iowa,2/24/1976,N/A,Iowa-Iowa-Iowa,"Cedar Rapids, Iowa","Des Moines, Iowa","Cedar Rapids, Iowa","https://pga-tour-res.cloudinary.com/image/upload/c_fill,d_headshots_default.png,dpr_2.0,f_auto,g_face:center,h_350,q_auto,w_280/headshots_24024.png",,
MJ Maguire,N/A,N/A,Dallas,Texas,University of North Texas,Denton,Texas,"Dallas, TX",Texas,8/23/1998,N/A,Texas-Texas-Texas,"Dallas, Texas","Denton, Texas","Dallas, Texas","https://pga-tour-res.cloudinary.com/image/upload/c_fill,d_headshots_default.png,dpr_2.0,f_auto,g_face:center,h_350,q_auto,w_280/headshots_47472.png",,
Matthew Southgate,N/A,N/A,Southend-on-Sea,England,None,None,None,"Southend-on-Sea, England",England,10/3/1988,N/A,England-None-England,"Southend-on-Sea, England",N/A,"Southend-on-Sea, England","https://pga-tour-res.cloudinary.com/image/upload/c_fill,d_headshots_default.png,dpr_2.0,f_auto,g_face:center,h_350,q_auto,w_280/headshots_35174.png",,
Tyler Duncan,"5'10""",150,Columbus,Indiana,Purdue University,West Lafayette,Indiana,"Columbus, IN",Indiana,7/13/1989,N/A,Indiana-Indiana-Indiana,"Columbus, Indiana","West Lafayette, Indiana","Columbus, Indiana","https://pga-tour-res.cloudinary.com/image/upload/c_fill,d_headshots_default.png,dpr_2.0,f_auto,g_face:center,h_350,q_auto,w_280/headshots_45609.png",,
Trey Winstead,N/A,N/A,Baton Rouge,Louisiana,Louisiana State University,Baton Rouge,Louisiana,"Baton Rouge, LA",Louisiana,6/23/1998,N/A,Louisiana-Louisiana-Louisiana,"Baton Rouge, Louisiana","Baton Rouge, Louisiana","Baton Rouge, Louisiana","https://pga-tour-res.cloudinary.com/image/upload/c_fill,d_headshots_default.png,dpr_2.0,f_auto,g_face:center,h_350,q_auto,w_280/headshots_59211.png",,
Gavin Green,N/A,N/A,Kuala Lumpur,Malaysia,University of New Mexico,Albuquerque,New Mexico,"Kuala Lumpur, Malaysia",Malaysia,12/28/1993,N/A,Malaysia-New Mexico-Malaysia,"Kuala Lumpur, Malaysia","Albuquerque, New Mexico","Kuala Lumpur, Malaysia","https://pga-tour-res.cloudinary.com/image/upload/c_fill,d_headshots_default.png,dpr_2.0,f_auto,g_face:center,h_350,q_auto,w_280/headshots_31273.png",,
Davis Shore,N/A,N/A,Tuscaloosa,Alabama,University of Alabama,Tuscaloosa,Alabama,"Tuscaloosa, AL",Alabama,8/23/1999,N/A,Alabama-Alabama-Alabama,"Tuscaloosa, Alabama","Tuscaloosa, Alabama","Tuscaloosa, Alabama","https://pga-tour-res.cloudinary.com/image/upload/c_fill,d_headshots_default.png,dpr_2.0,f_auto,g_face:center,h_350,q_auto,w_280/headshots_58601.png",,
Chez Reavie,"5'9""",160,Mesa,Arizona,Arizona State University,Tempe,Arizona,"Scottsdale, AZ",Arizona,11/12/1981,N/A,Arizona-Arizona-Arizona,"Mesa, Arizona","Tempe, Arizona","Scottsdale, Arizona","https://pga-tour-res.cloudinary.com/image/upload/c_fill,d_headshots_default.png,dpr_2.0,f_auto,g_face:center,h_350,q_auto,w_280/headshots_26476.png",,
Aaron Baddeley,"6'0""",175,Lebanon,New Hampshire,None,None,None,"Scottsdale, AZ",Arizona,3/17/1981,N/A,New Hampshire-None-Arizona,"Lebanon, New Hampshire",N/A,"Scottsdale, Arizona","https://pga-tour-res.cloudinary.com/image/upload/c_fill,d_headshots_default.png,dpr_2.0,f_auto,g_face:center,h_350,q_auto,w_280/headshots_22371.png",,
Webb Simpson,"6'2""",185,Raleigh,North Carolina,Wake Forest University,Winston-Salem,North Carolina,"Charlotte, NC",North Carolina,8/8/1985,N/A,North Carolina-North Carolina-North Carolina,"Raleigh, North Carolina","Winston-Salem, North Carolina","Charlotte, North Carolina","https://pga-tour-res.cloudinary.com/image/upload/c_fill,d_headshots_default.png,dpr_2.0,f_auto,g_face:center,h_350,q_auto,w_280/headshots_29221.png",,
Ricardo Gouveia,N/A,N/A,Lisbon,Portugal,University of Central Florida,Orlando,Florida,"Lisbon, Portugal",Portugal,10/6/1991,N/A,Portugal-Florida-Portugal,"Lisbon, Portugal","Orlando, Florida","Lisbon, Portugal","https://pga-tour-res.cloudinary.com/image/upload/c_fill,d_headshots_default.png,dpr_2.0,f_auto,g_face:center,h_350,q_auto,w_280/headshots_46594.png",,
Peter Kuest,N/A,N/A,Fresno,California,Brigham Young University,Provo,Utah,"Fresno, CA",California,6/23/1998,N/A,California-Utah-California,"Fresno, California","Provo, Utah","Fresno, California","https://pga-tour-res.cloudinary.com/image/upload/c_fill,d_headshots_default.png,dpr_2.0,f_auto,g_face:center,h_350,q_auto,w_280/headshots_58696.png",,
Jimmy Stanger,N/A,N/A,Tampa,Florida,University of Virginia,Charlottesville,Virginia,"Tampa, FL",Florida,3/23/1995,N/A,Florida-Virginia-Florida,"Tampa, Florida","Charlottesville, Virginia","Tampa, Florida","https://pga-tour-res.cloudinary.com/image/upload/c_fill,d_headshots_default.png,dpr_2.0,f_auto,g_face:center,h_350,q_auto,w_280/headshots_51600.png",,
Jens Dantorp,N/A,N/A,Malmö,Sweden,None,None,None,"Malmö, Sweden",Sweden,4/28/1989,N/A,Sweden-None-Sweden,"Malmö, Sweden",N/A,"Malmö, Sweden","https://pga-tour-res.cloudinary.com/image/upload/c_fill,d_headshots_default.png,dpr_2.0,f_auto,g_face:center,h_350,q_auto,w_280/headshots_33459.png",,
Carter Jenkins,N/A,N/A,Raleigh,North Carolina,University of North Carolina,Chapel Hill,North Carolina,"Raleigh, NC",North Carolina,8/23/1994,N/A,North Carolina-North Carolina-North Carolina,"Raleigh, North Carolina","Chapel Hill, North Carolina","Raleigh, North Carolina","https://pga-tour-res.cloudinary.com/image/upload/c_fill,d_headshots_default.png,dpr_2.0,f_auto,g_face:center,h_350,q_auto,w_280/headshots_35437.png",,
Matthew Baldwin,N/A,N/A,Southport,England,None,None,None,"Southport, England",England,2/26/1986,N/A,England-None-England,"Southport, England",N/A,"Southport, England","https://pga-tour-res.cloudinary.com/image/upload/c_fill,d_headshots_default.png,dpr_2.0,f_auto,g_face:center,h_350,q_auto,w_280/headshots_32622.png",,
Phachara Khongwatmai,N/A,N/A,Bangkok,Thailand,None,None,None,"Bangkok, Thailand",Thailand,5/3/1999,N/A,Thailand-None-Thailand,"Bangkok, Thailand",N/A,"Bangkok, Thailand","https://pga-tour-res.cloudinary.com/image/upload/c_fill,d_headshots_default.png,dpr_2.0,f_auto,g_face:center,h_350,q_auto,w_280/headshots_47239.png",,
Seungtaek Lee,N/A,N/A,Seoul,South Korea,None,None,None,"Seoul, South Korea",South Korea,8/23/1995,N/A,South Korea-None-South Korea,"Seoul, South Korea",N/A,"Seoul, South Korea","https://pga-tour-res.cloudinary.com/image/upload/c_fill,d_headshots_default.png,dpr_2.0,f_auto,g_face:center,h_350,q_auto,w_280/headshots_36529.png",,
Hur In-hoi,N/A,N/A,Seoul,South Korea,None,None,None,"Seoul, South Korea",South Korea,11/14/1987,N/A,South Korea-None-South Korea,"Seoul, South Korea",N/A,"Seoul, South Korea","https://pga-tour-res.cloudinary.com/image/upload/c_fill,d_headshots_default.png,dpr_2.0,f_auto,g_face:center,h_350,q_auto,w_280/headshots_29303.png",,
Guntaek Koh,N/A,N/A,Seoul,South Korea,None,None,None,"Seoul, South Korea",South Korea,5/23/1996,N/A,South Korea-None-South Korea,"Seoul, South Korea",N/A,"Seoul, South Korea","https://pga-tour-res.cloudinary.com/image/upload/c_fill,d_headshots_default.png,dpr_2.0,f_auto,g_face:center,h_350,q_auto,w_280/headshots_51190.png",,
Lee Jung-hwan,N/A,N/A,Seoul,South Korea,None,None,None,"Seoul, South Korea",South Korea,4/2/1987,N/A,South Korea-None-South Korea,"Seoul, South Korea",N/A,"Seoul, South Korea","https://pga-tour-res.cloudinary.com/image/upload/c_fill,d_headshots_default.png,dpr_2.0,f_auto,g_face:center,h_350,q_auto,w_280/headshots_34225.png",,
Mason Andersen,N/A,N/A,Phoenix,Arizona,University of Arizona,Tucson,Arizona,"Phoenix, AZ",Arizona,8/24/1998,N/A,Arizona-Arizona-Arizona,"Phoenix, Arizona","Tucson, Arizona","Phoenix, Arizona","https://pga-tour-res.cloudinary.com/image/upload/c_fill,d_headshots_default.png,dpr_2.0,f_auto,g_face:center,h_350,q_auto,w_280/headshots_52370.png",,
Jeong Weon Ko,N/A,N/A,Seoul,South Korea,None,None,None,"Seoul, South Korea",South Korea,3/23/1999,N/A,South Korea-None-South Korea,"Seoul, South Korea",N/A,"Seoul, South Korea","https://pga-tour-res.cloudinary.com/image/upload/c_fill,d_headshots_default.png,dpr_2.0,f_auto,g_face:center,h_350,q_auto,w_280/headshots_56987.png",,
Kazuma Kobori,N/A,N/A,Christchurch,New Zealand,None,None,None,"Christchurch, New Zealand",New Zealand,9/23/2001,N/A,New Zealand-None-New Zealand,"Christchurch, New Zealand",N/A,"Christchurch, New Zealand","https://pga-tour-res.cloudinary.com/image/upload/c_fill,d_headshots_default.png,dpr_2.0,f_auto,g_face:center,h_350,q_auto,w_280/headshots_54621.png",,
Max Kieffer,N/A,N/A,Düsseldorf,Germany,None,None,None,"Düsseldorf, Germany",Germany,6/25/1990,N/A,Germany-None-Germany,"Düsseldorf, Germany",N/A,"Düsseldorf, Germany","https://pga-tour-res.cloudinary.com/image/upload/c_fill,d_headshots_default.png,dpr_2.0,f_auto,g_face:center,h_350,q_auto,w_280/headshots_30957.png",,
Troy Merritt,"6'0""",160,Osage,Iowa,Boise State University,Boise,Idaho,"Eagle, ID",Idaho,10/25/1985,N/A,Iowa-Idaho-Idaho,"Osage, Iowa","Boise, Idaho","Eagle, Idaho","https://pga-tour-res.cloudinary.com/image/upload/c_fill,d_headshots_default.png,dpr_2.0,f_auto,g_face:center,h_350,q_auto,w_280/headshots_32640.png",,
Daniel Summerhays,N/A,N/A,Orem,Utah,Brigham Young University,Provo,Utah,"Farmington, UT",Utah,8/2/1983,N/A,Utah-Utah-Utah,"Orem, Utah","Provo, Utah","Farmington, Utah","https://pga-tour-res.cloudinary.com/image/upload/c_fill,d_headshots_default.png,dpr_2.0,f_auto,g_face:center,h_350,q_auto,w_280/headshots_25834.png",,
Noah Goodwin,N/A,N/A,Dallas,Texas,Southern Methodist University,Dallas,Texas,"Dallas, TX",Texas,5/23/2000,N/A,Texas-Texas-Texas,"Dallas, Texas","Dallas, Texas","Dallas, Texas","https://pga-tour-res.cloudinary.com/image/upload/c_fill,d_headshots_default.png,dpr_2.0,f_auto,g_face:center,h_350,q_auto,w_280/headshots_55165.png",,
Takashi Ogiso,N/A,N/A,Tokyo,Japan,None,None,None,"Tokyo, Japan",Japan,3/15/1998,N/A,Japan-None-Japan,"Tokyo, Japan",N/A,"Tokyo, Japan","https://pga-tour-res.cloudinary.com/image/upload/c_fill,d_headshots_default.png,dpr_2.0,f_auto,g_face:center,h_350,q_auto,w_280/headshots_46270.png",,
Emilio Gonzalez,N/A,N/A,Santiago,Chile,None,None,None,"Santiago, Chile",Chile,10/23/1996,N/A,Chile-None-Chile,"Santiago, Chile",N/A,"Santiago, Chile","https://pga-tour-res.cloudinary.com/image/upload/c_fill,d_headshots_default.png,dpr_2.0,f_auto,g_face:center,h_350,q_auto,w_280/headshots_59567.png",,
Kristoffer Reitan,N/A,N/A,Oslo,Norway,None,None,None,"Oslo, Norway",Norway,3/2/1998,N/A,Norway-None-Norway,"Oslo, Norway",N/A,"Oslo, Norway","https://pga-tour-res.cloudinary.com/image/upload/c_fill,d_headshots_default.png,dpr_2.0,f_auto,g_face:center,h_350,q_auto,w_280/headshots_49855.png",,
Kaito Onishi,N/A,N/A,Tokyo,Japan,None,None,None,"Tokyo, Japan",Japan,5/23/1998,N/A,Japan-None-Japan,"Tokyo, Japan",N/A,"Tokyo, Japan","https://pga-tour-res.cloudinary.com/image/upload/c_fill,d_headshots_default.png,dpr_2.0,f_auto,g_face:center,h_350,q_auto,w_280/headshots_55623.png",,
Freddy Schott,N/A,N/A,Munich,Germany,None,None,None,"Munich, Germany",Germany,4/23/2001,N/A,Germany-None-Germany,"Munich, Germany",N/A,"Munich, Germany","https://pga-tour-res.cloudinary.com/image/upload/c_fill,d_headshots_default.png,dpr_2.0,f_auto,g_face:center,h_350,q_auto,w_280/headshots_58690.png",,
Russell Knox,"5'10""",165,Inverness,Scotland,Jacksonville University,Jacksonville,Florida,"Jacksonville, FL",Florida,6/21/1985,N/A,Scotland-Florida-Florida,"Inverness, Scotland","Jacksonville, Florida","Jacksonville, Florida","https://pga-tour-res.cloudinary.com/image/upload/c_fill,d_headshots_default.png,dpr_2.0,f_auto,g_face:center,h_350,q_auto,w_280/headshots_33122.png",,
Roger Sloan,N/A,N/A,Calgary,Alberta,University of Texas at El Paso,El Paso,Texas,"Calgary, Canada",N/A,5/15/1987,N/A,Alberta-Texas-N/A,"Calgary, Alberta","El Paso, Texas","Calgary, Canada","https://pga-tour-res.cloudinary.com/image/upload/c_fill,d_headshots_default.png,dpr_2.0,f_auto,g_face:center,h_350,q_auto,w_280/headshots_33486.png",,
Gaganjeet Bhullar,N/A,N/A,Kapurthala,India,None,None,None,"Kapurthala, India",India,4/27/1988,N/A,India-None-India,"Kapurthala, India",N/A,"Kapurthala, India","https://pga-tour-res.cloudinary.com/image/upload/c_fill,d_headshots_default.png,dpr_2.0,f_auto,g_face:center,h_350,q_auto,w_280/headshots_28697.png",,
Yuta Kaneko,N/A,N/A,Tokyo,Japan,None,None,None,"Tokyo, Japan",Japan,8/23/1997,N/A,Japan-None-Japan,"Tokyo, Japan",N/A,"Tokyo, Japan","https://pga-tour-res.cloudinary.com/image/upload/c_fill,d_headshots_default.png,dpr_2.0,f_auto,g_face:center,h_350,q_auto,w_280/headshots_59859.png",,
Wooyoung Cho,N/A,N/A,Seoul,South Korea,None,None,None,"Seoul, South Korea",South Korea,3/23/1996,N/A,South Korea-None-South Korea,"Seoul, South Korea",N/A,"Seoul, South Korea","https://pga-tour-res.cloudinary.com/image/upload/c_fill,d_headshots_default.png,dpr_2.0,f_auto,g_face:center,h_350,q_auto,w_280/headshots_56190.png",,
Padraig Harrington,"6'1""",185,Dublin,Ireland,None,None,None,"Dublin, Ireland",Ireland,8/31/1971,N/A,Ireland-None-Ireland,"Dublin, Ireland",N/A,"Dublin, Ireland","https://pga-tour-res.cloudinary.com/image/upload/c_fill,d_headshots_default.png,dpr_2.0,f_auto,g_face:center,h_350,q_auto,w_280/headshots_20766.png",,
Jonathan Broomhead,N/A,N/A,Johannesburg,South Africa,None,None,None,"Johannesburg, South Africa",South Africa,3/23/2000,N/A,South Africa-None-South Africa,"Johannesburg, South Africa",N/A,"Johannesburg, South Africa","https://pga-tour-res.cloudinary.com/image/upload/c_fill,d_headshots_default.png,dpr_2.0,f_auto,g_face:center,h_350,q_auto,w_280/headshots_63818.png",,
Matt Atkins,N/A,N/A,Altoona,Pennsylvania,University of South Carolina Aiken,Aiken,South Carolina,"Oviedo, FL",Florida,12/13/1990,N/A,Pennsylvania-South Carolina-Florida,"Altoona, Pennsylvania","Aiken, South Carolina","Oviedo, Florida","https://pga-tour-res.cloudinary.com/image/upload/c_fill,d_headshots_default.png,dpr_2.0,f_auto,g_face:center,h_350,q_auto,w_280/headshots_47125.png",,
Carlos Ortiz,N/A,N/A,Guadalajara,Mexico,University of North Texas,Denton,Texas,"Dallas, TX",Texas,4/24/1991,N/A,Mexico-Texas-Texas,"Guadalajara, Mexico","Denton, Texas","Dallas, Texas","https://pga-tour-res.cloudinary.com/image/upload/c_fill,d_headshots_default.png,dpr_2.0,f_auto,g_face:center,h_350,q_auto,w_280/headshots_33667.png",,
Stewart Cink,"6'4""",205,Huntsville,Alabama,Georgia Tech,Atlanta,Georgia,"Duluth, GA",Georgia,5/21/1973,N/A,Alabama-Georgia-Georgia,"Huntsville, Alabama","Atlanta, Georgia","Duluth, Georgia","https://pga-tour-res.cloudinary.com/image/upload/c_fill,d_headshots_default.png,dpr_2.0,f_auto,g_face:center,h_350,q_auto,w_280/headshots_20229.png",,
Norman Xiong,N/A,N/A,Guam,N/A,University of Oregon,Eugene,Oregon,Guam,N/A,11/8/1998,N/A,N/A-Oregon-N/A,Guam,N/A,"Eugene, Oregon",Guam,N/A,"https://pga-tour-res.cloudinary.com/image/upload/c_fill,d_headshots_default.png,dpr_2.0,f_auto,g_face:center,h_350,q_auto,w_280/headshots_54328.png"
Myles Creighton,N/A,N/A,Halifax,Nova Scotia,Radford University,Radford,Virginia,"Halifax, Canada",N/A,7/23/1996,N/A,Nova Scotia-Virginia-N/A,"Halifax, Nova Scotia","Radford, Virginia","Halifax, Canada","https://pga-tour-res.cloudinary.com/image/upload/c_fill,d_headshots_default.png,dpr_2.0,f_auto,g_face:center,h_350,q_auto,w_280/headshots_56555.png",,
Kieran Vincent,N/A,N/A,Harare,Zimbabwe,Liberty University,Lynchburg,Virginia,"Harare, Zimbabwe",Zimbabwe,6/23/1998,N/A,Zimbabwe-Virginia-Zimbabwe,"Harare, Zimbabwe","Lynchburg, Virginia","Harare, Zimbabwe","https://pga-tour-res.cloudinary.com/image/upload/c_fill,d_headshots_default.png,dpr_2.0,f_auto,g_face:center,h_350,q_auto,w_280/headshots_50000.png",,
Andrew Wilson,N/A,N/A,York,England,None,None,None,"York, England",England,3/23/1997,N/A,England-None-England,"York, England",N/A,"York, England","https://pga-tour-res.cloudinary.com/image/upload/c_fill,d_headshots_default.png,dpr_2.0,f_auto,g_face:center,h_350,q_auto,w_280/headshots_55940.png",,
Brandon Crick,N/A,N/A,Oklahoma City,Oklahoma,University of Nebraska,Lincoln,Nebraska,"McKinney, TX",Texas,8/25/1987,N/A,Oklahoma-Nebraska-Texas,"Oklahoma City, Oklahoma","Lincoln, Nebraska","McKinney, Texas","https://pga-tour-res.cloudinary.com/image/upload/c_fill,d_headshots_default.png,dpr_2.0,f_auto,g_face:center,h_350,q_auto,w_280/headshots_34308.png",,
Trevor Cone,N/A,N/A,Dallas,Texas,Virginia Tech,Blacksburg,Virginia,"Concord, NC",North Carolina,8/23/1992,N/A,Texas-Virginia-North Carolina,"Dallas, Texas","Blacksburg, Virginia","Concord, North Carolina","https://pga-tour-res.cloudinary.com/image/upload/c_fill,d_headshots_default.png,dpr_2.0,f_auto,g_face:center,h_350,q_auto,w_280/headshots_49453.png",,
Eddie Pepperell,N/A,N/A,Oxford,England,None,None,None,"Oxford, England",England,1/22/1991,N/A,England-None-England,"Oxford, England",N/A,"Oxford, England","https://pga-tour-res.cloudinary.com/image/upload/c_fill,d_headshots_default.png,dpr_2.0,f_auto,g_face:center,h_350,q_auto,w_280/headshots_34709.png",,
Parker Coody,N/A,N/A,Plano,Texas,University of Texas,Austin,Texas,"Plano, TX",Texas,1/7/2000,N/A,Texas-Texas-Texas,"Plano, Texas","Austin, Texas","Plano, Texas","https://pga-tour-res.cloudinary.com/image/upload/c_fill,d_headshots_default.png,dpr_2.0,f_auto,g_face:center,h_350,q_auto,w_280/headshots_59442.png",,
Doc Redman,N/A,N/A,Raleigh,North Carolina,Clemson University,Clemson,South Carolina,"Jacksonville, FL",Florida,11/27/1997,N/A,North Carolina-South Carolina-Florida,"Raleigh, North Carolina","Clemson, South Carolina","Jacksonville, Florida","https://pga-tour-res.cloudinary.com/image/upload/c_fill,d_headshots_default.png,dpr_2.0,f_auto,g_face:center,h_350,q_auto,w_280/headshots_53165.png",,
Yuki Inamori,N/A,N/A,Tokyo,Japan,None,None,None,"Tokyo, Japan",Japan,10/2/1989,N/A,Japan-None-Japan,"Tokyo, Japan",N/A,"Tokyo, Japan","https://pga-tour-res.cloudinary.com/image/upload/c_fill,d_headshots_default.png,dpr_2.0,f_auto,g_face:center,h_350,q_auto,w_280/headshots_36514.png",,
Thanapath Pichaikul,N/A,N/A,Bangkok,Thailand,None,None,None,"Bangkok, Thailand",Thailand,5/23/1999,N/A,Thailand-None-Thailand,"Bangkok, Thailand",N/A,"Bangkok, Thailand","https://pga-tour-res.cloudinary.com/image/upload/c_fill,d_headshots_default.png,dpr_2.0,f_auto,g_face:center,h_350,q_auto,w_280/headshots_49356.png",,
Seth Reeves,N/A,N/A,Atlanta,Georgia,Georgia Tech,Atlanta,Georgia,"Suwanee, GA",Georgia,2/19/1991,N/A,Georgia-Georgia-Georgia,"Atlanta, Georgia","Atlanta, Georgia","Suwanee, Georgia","https://pga-tour-res.cloudinary.com/image/upload/c_fill,d_headshots_default.png,dpr_2.0,f_auto,g_face:center,h_350,q_auto,w_280/headshots_47856.png",,
Thomas Pieters,N/A,N/A,Geel,Belgium,University of Illinois,Urbana-Champaign,Illinois,"Antwerp, Belgium",Belgium,1/27/1992,N/A,Belgium-Illinois-Belgium,"Geel, Belgium","Urbana-Champaign, Illinois","Antwerp, Belgium","https://pga-tour-res.cloudinary.com/image/upload/c_fill,d_headshots_default.png,dpr_2.0,f_auto,g_face:center,h_350,q_auto,w_280/headshots_33293.png",,
Ross Steelman,N/A,N/A,Columbia,Missouri,University of Georgia,Athens,Georgia,"Columbia, MO",Missouri,8/23/1999,N/A,Missouri-Georgia-Missouri,"Columbia, Missouri","Athens, Georgia","Columbia, Missouri","https://pga-tour-res.cloudinary.com/image/upload/c_fill,d_headshots_default.png,dpr_2.0,f_auto,g_face:center,h_350,q_auto,w_280/headshots_63455.png",,
Benjamin Hebert,N/A,N/A,Brive-la-Gaillarde,France,None,None,None,"Paris, France",France,2/19/1987,N/A,France-None-France,"Brive-la-Gaillarde, France",N/A,"Paris, France","https://pga-tour-res.cloudinary.com/image/upload/c_fill,d_headshots_default.png,dpr_2.0,f_auto,g_face:center,h_350,q_auto,w_280/headshots_30812.png",,
Jeunghun Wang,N/A,N/A,Seoul,South Korea,None,None,None,"Seoul, South Korea",South Korea,9/7/1995,N/A,South Korea-None-South Korea,"Seoul, South Korea",N/A,"Seoul, South Korea","https://pga-tour-res.cloudinary.com/image/upload/c_fill,d_headshots_default.png,dpr_2.0,f_auto,g_face:center,h_350,q_auto,w_280/headshots_39958.png",,
Trent Phillips,N/A,N/A,Boiling Springs,South Carolina,University of Georgia,Athens,Georgia,"Boiling Springs, SC",South Carolina,8/23/1999,N/A,South Carolina-Georgia-South Carolina,"Boiling Springs, South Carolina","Athens, Georgia","Boiling Springs, South Carolina","https://pga-tour-res.cloudinary.com/image/upload/c_fill,d_headshots_default.png,dpr_2.0,f_auto,g_face:center,h_350,q_auto,w_280/headshots_57625.png",,
Tapio Pulkkanen,N/A,N/A,Helsinki,Finland,None,None,None,"Helsinki, Finland",Finland,5/21/1990,N/A,Finland-None-Finland,"Helsinki, Finland",N/A,"Helsinki, Finland","https://pga-tour-res.cloudinary.com/image/upload/c_fill,d_headshots_default.png,dpr_2.0,f_auto,g_face:center,h_350,q_auto,w_280/headshots_32394.png",,
Brandt Snedeker,"6'1""",185,Nashville,Tennessee,Vanderbilt University,Nashville,Tennessee,"Nashville, TN",Tennessee,12/8/1980,N/A,Tennessee-Tennessee-Tennessee,"Nashville, Tennessee","Nashville, Tennessee","Nashville, Tennessee","https://pga-tour-res.cloudinary.com/image/upload/c_fill,d_headshots_default.png,dpr_2.0,f_auto,g_face:center,h_350,q_auto,w_280/headshots_27649.png",,
Stefano Mazzoli,N/A,N/A,Milan,Italy,Texas Christian University,Fort Worth,Texas,"Milan, Italy",Italy,11/5/1996,N/A,Italy-Texas-Italy,"Milan, Italy","Fort Worth, Texas","Milan, Italy","https://pga-tour-res.cloudinary.com/image/upload/c_fill,d_headshots_default.png,dpr_2.0,f_auto,g_face:center,h_350,q_auto,w_280/headshots_49037.png",,
Naoyuki Kataoka,N/A,N/A,Tokyo,Japan,None,None,None,"Tokyo, Japan",Japan,8/23/1996,N/A,Japan-None-Japan,"Tokyo, Japan",N/A,"Tokyo, Japan","https://pga-tour-res.cloudinary.com/image/upload/c_fill,d_headshots_default.png,dpr_2.0,f_auto,g_face:center,h_350,q_auto,w_280/headshots_46879.png",,
,,,,,,,,,,,,,,,,,,
Mikumu Horikawa,N/A,N/A,Tokyo,Japan,None,None,None,"Tokyo, Japan",Japan,7/13/1993,N/A,Japan-None-Japan,"Tokyo, Japan",N/A,"Tokyo, Japan","https://pga-tour-res.cloudinary.com/image/upload/c_fill,d_headshots_default.png,dpr_2.0,f_auto,g_face:center,h_350,q_auto,w_280/headshots_34656.png",,
Charl Schwartzel,"5'11""",160,Vereeniging,South Africa,None,None,None,"Vereeniging, South Africa",South Africa,8/31/1984,N/A,South Africa-None-South Africa,"Vereeniging, South Africa",N/A,"Vereeniging, South Africa","https://pga-tour-res.cloudinary.com/image/upload/c_fill,d_headshots_default.png,dpr_2.0,f_auto,g_face:center,h_350,q_auto,w_280/headshots_26331.png",,
Maximilian Steinlechner,N/A,N/A,Innsbruck,Austria,None,None,None,"Innsbruck, Austria",Austria,5/23/2000,N/A,Austria-None-Austria,"Innsbruck, Austria",N/A,"Innsbruck, Austria","https://pga-tour-res.cloudinary.com/image/upload/c_fill,d_headshots_default.png,dpr_2.0,f_auto,g_face:center,h_350,q_auto,w_280/headshots_50198.png",,
Thomas Aiken,N/A,N/A,Johannesburg,South Africa,None,None,None,"Johannesburg, South Africa",South Africa,7/16/1983,N/A,South Africa-None-South Africa,"Johannesburg, South Africa",N/A,"Johannesburg, South Africa","https://pga-tour-res.cloudinary.com/image/upload/c_fill,d_headshots_default.png,dpr_2.0,f_auto,g_face:center,h_350,q_auto,w_280/headshots_24461.png",,
Joel Girrbach,N/A,N/A,Zurich,Switzerland,None,None,None,"Zurich, Switzerland",Switzerland,3/23/1998,N/A,Switzerland-None-Switzerland,"Zurich, Switzerland",N/A,"Zurich, Switzerland","https://pga-tour-res.cloudinary.com/image/upload/c_fill,d_headshots_default.png,dpr_2.0,f_auto,g_face:center,h_350,q_auto,w_280/headshots_35564.png",,
Jaco Ahlers,N/A,N/A,Pretoria,South Africa,None,None,None,"Pretoria, South Africa",South Africa,8/19/1982,N/A,South Africa-None-South Africa,"Pretoria, South Africa",N/A,"Pretoria, South Africa","https://pga-tour-res.cloudinary.com/image/upload/c_fill,d_headshots_default.png,dpr_2.0,f_auto,g_face:center,h_350,q_auto,w_280/headshots_29334.png",,
Andrew Johnston,N/A,N/A,Northwood,England,None,None,None,"Northwood, England",England,2/18/1989,N/A,England-None-England,"Northwood, England",N/A,"Northwood, England","https://pga-tour-res.cloudinary.com/image/upload/c_fill,d_headshots_default.png,dpr_2.0,f_auto,g_face:center,h_350,q_auto,w_280/headshots_34242.png",,
Kelly Kraft,N/A,N/A,Denton,Texas,Southern Methodist University,Dallas,Texas,"Dallas, TX",Texas,10/5/1988,N/A,Texas-Texas-Texas,"Denton, Texas","Dallas, Texas","Dallas, Texas","https://pga-tour-res.cloudinary.com/image/upload/c_fill,d_headshots_default.png,dpr_2.0,f_auto,g_face:center,h_350,q_auto,w_280/headshots_35879.png",,
Jordan Gumberg,N/A,N/A,Stuart,Florida,University of Arizona,Tucson,Arizona,"Stuart, FL",Florida,8/23/1995,N/A,Florida-Arizona-Florida,"Stuart, Florida","Tucson, Arizona","Stuart, Florida","https://pga-tour-res.cloudinary.com/image/upload/c_fill,d_headshots_default.png,dpr_2.0,f_auto,g_face:center,h_350,q_auto,w_280/headshots_51989.png",,
David Law,N/A,N/A,Aberdeen,Scotland,None,None,None,"Aberdeen, Scotland",Scotland,4/29/1991,N/A,Scotland-None-Scotland,"Aberdeen, Scotland",N/A,"Aberdeen, Scotland","https://pga-tour-res.cloudinary.com/image/upload/c_fill,d_headshots_default.png,dpr_2.0,f_auto,g_face:center,h_350,q_auto,w_280/headshots_34364.png",,
Max Rottluff,N/A,N/A,Hamburg,Germany,Arizona State University,Tempe,Arizona,"Hamburg, Germany",Germany,1/29/1993,N/A,Germany-Arizona-Germany,"Hamburg, Germany","Tempe, Arizona","Hamburg, Germany","https://pga-tour-res.cloudinary.com/image/upload/c_fill,d_headshots_default.png,dpr_2.0,f_auto,g_face:center,h_350,q_auto,w_280/headshots_48052.png",,
Dalton Ward,N/A,N/A,Dallas,Texas,University of Kansas,Lawrence,Kansas,"Dallas, TX",Texas,8/23/1998,N/A,Texas-Kansas-Texas,"Dallas, Texas","Lawrence, Kansas","Dallas, Texas","https://pga-tour-res.cloudinary.com/image/upload/c_fill,d_headshots_default.png,dpr_2.0,f_auto,g_face:center,h_350,q_auto,w_280/headshots_48705.png",,
Jack Senior,N/A,N/A,Fleetwood,England,None,None,None,"Fleetwood, England",England,7/18/1988,N/A,England-None-England,"Fleetwood, England",N/A,"Fleetwood, England","https://pga-tour-res.cloudinary.com/image/upload/c_fill,d_headshots_default.png,dpr_2.0,f_auto,g_face:center,h_350,q_auto,w_280/headshots_34708.png",,
Tom Whitney,N/A,N/A,La Jolla,California,Air Force Academy,Colorado Springs,Colorado,"Fort Collins, CO",Colorado,5/23/1989,N/A,California-Colorado-Colorado,"La Jolla, California","Colorado Springs, Colorado","Fort Collins, Colorado","https://pga-tour-res.cloudinary.com/image/upload/c_fill,d_headshots_default.png,dpr_2.0,f_auto,g_face:center,h_350,q_auto,w_280/headshots_48319.png",,
Ryan McCormick,N/A,N/A,Trenton,New Jersey,St. John's University,Queens,New York,"Middletown, NJ",New Jersey,8/23/1991,N/A,New Jersey-New York-New Jersey,"Trenton, New Jersey","Queens, New York","Middletown, New Jersey","https://pga-tour-res.cloudinary.com/image/upload/c_fill,d_headshots_default.png,dpr_2.0,f_auto,g_face:center,h_350,q_auto,w_280/headshots_46113.png",,
Erik Barnes,N/A,N/A,Austin,Texas,University of Texas,Austin,Texas,"Austin, TX",Texas,10/22/1987,N/A,Texas-Texas-Texas,"Austin, Texas","Austin, Texas","Austin, Texas","https://pga-tour-res.cloudinary.com/image/upload/c_fill,d_headshots_default.png,dpr_2.0,f_auto,g_face:center,h_350,q_auto,w_280/headshots_34374.png",,
Pontus Nyholm,N/A,N/A,Stockholm,Sweden,None,None,None,"Stockholm, Sweden",Sweden,3/23/1997,N/A,Sweden-None-Sweden,"Stockholm, Sweden",N/A,"Stockholm, Sweden","https://pga-tour-res.cloudinary.com/image/upload/c_fill,d_headshots_default.png,dpr_2.0,f_auto,g_face:center,h_350,q_auto,w_280/headshots_55851.png",,
Lucas Bjerregaard,N/A,N/A,Frederikssund,Denmark,None,None,None,"Copenhagen, Denmark",Denmark,8/14/1991,N/A,Denmark-None-Denmark,"Frederikssund, Denmark",N/A,"Copenhagen, Denmark","https://pga-tour-res.cloudinary.com/image/upload/c_fill,d_headshots_default.png,dpr_2.0,f_auto,g_face:center,h_350,q_auto,w_280/headshots_33803.png",,
Ryutaro Nagano,N/A,N/A,Tokyo,Japan,None,None,None,"Tokyo, Japan",Japan,5/23/1996,N/A,Japan-None-Japan,"Tokyo, Japan",N/A,"Tokyo, Japan","https://pga-tour-res.cloudinary.com/image/upload/c_fill,d_headshots_default.png,dpr_2.0,f_auto,g_face:center,h_350,q_auto,w_280/headshots_28521.png",,
Sanghyun Park,N/A,N/A,Seoul,South Korea,None,None,None,"Seoul, South Korea",South Korea,8/23/1988,N/A,South Korea-None-South Korea,"Seoul, South Korea",N/A,"Seoul, South Korea","https://pga-tour-res.cloudinary.com/image/upload/c_fill,d_headshots_default.png,dpr_2.0,f_auto,g_face:center,h_350,q_auto,w_280/headshots_32797.png",,
Scott Vincent,N/A,N/A,Harare,Zimbabwe,Virginia Tech,Blacksburg,Virginia,"Harare, Zimbabwe",Zimbabwe,5/20/1992,N/A,Zimbabwe-Virginia-Zimbabwe,"Harare, Zimbabwe","Blacksburg, Virginia","Harare, Zimbabwe","https://pga-tour-res.cloudinary.com/image/upload/c_fill,d_headshots_default.png,dpr_2.0,f_auto,g_face:center,h_350,q_auto,w_280/headshots_34126.png",,
Jannik De Bruyn,N/A,N/A,Hamburg,Germany,None,None,None,"Hamburg, Germany",Germany,8/23/1999,N/A,Germany-None-Germany,"Hamburg, Germany",N/A,"Hamburg, Germany","https://pga-tour-res.cloudinary.com/image/upload/c_fill,d_headshots_default.png,dpr_2.0,f_auto,g_face:center,h_350,q_auto,w_280/headshots_51921.png",,
Danny Willett,"5'11""",165,Sheffield,England,None,None,None,"Sheffield, England",England,10/3/1987,N/A,England-None-England,"Sheffield, England",N/A,"Sheffield, England","https://pga-tour-res.cloudinary.com/image/upload/c_fill,d_headshots_default.png,dpr_2.0,f_auto,g_face:center,h_350,q_auto,w_280/headshots_32139.png",,
Nicolai Von Dellingshausen,N/A,N/A,Hamburg,Germany,None,None,None,"Hamburg, Germany",Germany,2/3/1993,N/A,Germany-None-Germany,"Hamburg, Germany",N/A,"Hamburg, Germany","https://pga-tour-res.cloudinary.com/image/upload/c_fill,d_headshots_default.png,dpr_2.0,f_auto,g_face:center,h_350,q_auto,w_280/headshots_50743.png",,
Matthew Anderson,N/A,N/A,Vancouver,British Columbia,None,None,None,"Vancouver, Canada",N/A,8/23/1997,N/A,British Columbia-None-N/A,"Vancouver, British Columbia",N/A,"Vancouver, Canada","https://pga-tour-res.cloudinary.com/image/upload/c_fill,d_headshots_default.png,dpr_2.0,f_auto,g_face:center,h_350,q_auto,w_280/headshots_57321.png",,
Marc Leishman,"6'2""",200,Warrnambool,Australia,None,None,None,"Virginia Beach, VA",Virginia,10/24/1983,N/A,Australia-None-Virginia,"Warrnambool, Australia",N/A,"Virginia Beach, Virginia","https://pga-tour-res.cloudinary.com/image/upload/c_fill,d_headshots_default.png,dpr_2.0,f_auto,g_face:center,h_350,q_auto,w_280/headshots_26851.png",,
Niklas Lemke,N/A,N/A,Stockholm,Sweden,None,None,None,"Stockholm, Sweden",Sweden,5/23/1989,N/A,Sweden-None-Sweden,"Stockholm, Sweden",N/A,"Stockholm, Sweden","https://pga-tour-res.cloudinary.com/image/upload/c_fill,d_headshots_default.png,dpr_2.0,f_auto,g_face:center,h_350,q_auto,w_280/headshots_25799.png",,
Joe Weiler,N/A,N/A,Cincinnati,Ohio,Purdue University,West Lafayette,Indiana,"Cincinnati, OH",Ohio,8/23/1998,N/A,Ohio-Indiana-Ohio,"Cincinnati, Ohio","West Lafayette, Indiana","Cincinnati, Ohio","https://pga-tour-res.cloudinary.com/image/upload/c_fill,d_headshots_default.png,dpr_2.0,f_auto,g_face:center,h_350,q_auto,w_280/headshots_59533.png",,
Tyson Alexander,N/A,N/A,Gainesville,Florida,University of Florida,Gainesville,Florida,"Gainesville, FL",Florida,7/13/1988,N/A,Florida-Florida-Florida,"Gainesville, Florida","Gainesville, Florida","Gainesville, Florida","https://pga-tour-res.cloudinary.com/image/upload/c_fill,d_headshots_default.png,dpr_2.0,f_auto,g_face:center,h_350,q_auto,w_280/headshots_33408.png",,
Cameron Champ,"6'0""",180,Sacramento,California,Texas A&M University,College Station,Texas,"Houston, TX",Texas,6/15/1995,N/A,California-Texas-Texas,"Sacramento, California","College Station, Texas","Houston, Texas","https://pga-tour-res.cloudinary.com/image/upload/c_fill,d_headshots_default.png,dpr_2.0,f_auto,g_face:center,h_350,q_auto,w_280/headshots_52372.png",,
Kyung Nam Kang,N/A,N/A,Seoul,South Korea,None,None,None,"Seoul, South Korea",South Korea,3/31/1983,N/A,South Korea-None-South Korea,"Seoul, South Korea",N/A,"Seoul, South Korea","https://pga-tour-res.cloudinary.com/image/upload/c_fill,d_headshots_default.png,dpr_2.0,f_auto,g_face:center,h_350,q_auto,w_280/headshots_25883.png",,
Manuel Elvira,N/A,N/A,Madrid,Spain,None,None,None,"Madrid, Spain",Spain,8/23/1997,N/A,Spain-None-Spain,"Madrid, Spain",N/A,"Madrid, Spain","https://pga-tour-res.cloudinary.com/image/upload/c_fill,d_headshots_default.png,dpr_2.0,f_auto,g_face:center,h_350,q_auto,w_280/headshots_56643.png",,
Sam Jones,N/A,N/A,Auckland,New Zealand,None,None,None,"Auckland, New Zealand",New Zealand,5/23/1999,N/A,New Zealand-None-New Zealand,"Auckland, New Zealand",N/A,"Auckland, New Zealand","https://pga-tour-res.cloudinary.com/image/upload/c_fill,d_headshots_default.png,dpr_2.0,f_auto,g_face:center,h_350,q_auto,w_280/headshots_58652.png",,
Taichi Nabetani,N/A,N/A,Tokyo,Japan,None,None,None,"Tokyo, Japan",Japan,8/23/1996,N/A,Japan-None-Japan,"Tokyo, Japan",N/A,"Tokyo, Japan","https://pga-tour-res.cloudinary.com/image/upload/c_fill,d_headshots_default.png,dpr_2.0,f_auto,g_face:center,h_350,q_auto,w_280/headshots_37029.png",,
Alvaro Ortiz,N/A,N/A,Guadalajara,Mexico,University of Arkansas,Fayetteville,Arkansas,"Guadalajara, Mexico",Mexico,11/14/1995,N/A,Mexico-Arkansas-Mexico,"Guadalajara, Mexico","Fayetteville, Arkansas","Guadalajara, Mexico","https://pga-tour-res.cloudinary.com/image/upload/c_fill,d_headshots_default.png,dpr_2.0,f_auto,g_face:center,h_350,q_auto,w_280/headshots_39262.png",,
Tomoyo Ikemura,N/A,N/A,Tokyo,Japan,None,None,None,"Tokyo, Japan",Japan,3/23/1995,N/A,Japan-None-Japan,"Tokyo, Japan",N/A,"Tokyo, Japan","https://pga-tour-res.cloudinary.com/image/upload/c_fill,d_headshots_default.png,dpr_2.0,f_auto,g_face:center,h_350,q_auto,w_280/headshots_46673.png",,
Hong-taek Kim,N/A,N/A,Seoul,South Korea,None,None,None,"Seoul, South Korea",South Korea,8/23/1994,N/A,South Korea-None-South Korea,"Seoul, South Korea",N/A,"Seoul, South Korea","https://pga-tour-res.cloudinary.com/image/upload/c_fill,d_headshots_default.png,dpr_2.0,f_auto,g_face:center,h_350,q_auto,w_280/headshots_45403.png",,
Jeong Woo Ham,N/A,N/A,Seoul,South Korea,None,None,None,"Seoul, South Korea",South Korea,5/23/1993,N/A,South Korea-None-South Korea,"Seoul, South Korea",N/A,"Seoul, South Korea","https://pga-tour-res.cloudinary.com/image/upload/c_fill,d_headshots_default.png,dpr_2.0,f_auto,g_face:center,h_350,q_auto,w_280/headshots_46724.png",,
Austin Hitt,N/A,N/A,Charleston,South Carolina,University of North Carolina,Chapel Hill,North Carolina,"Charleston, SC",South Carolina,8/23/1998,N/A,South Carolina-North Carolina-South Carolina,"Charleston, South Carolina","Chapel Hill, North Carolina","Charleston, South Carolina","https://pga-tour-res.cloudinary.com/image/upload/c_fill,d_headshots_default.png,dpr_2.0,f_auto,g_face:center,h_350,q_auto,w_280/headshots_58547.png",,
Tatsunori Shogenji,N/A,N/A,Tokyo,Japan,None,None,None,"Tokyo, Japan",Japan,3/23/1997,N/A,Japan-None-Japan,"Tokyo, Japan",N/A,"Tokyo, Japan","https://pga-tour-res.cloudinary.com/image/upload/c_fill,d_headshots_default.png,dpr_2.0,f_auto,g_face:center,h_350,q_auto,w_280/headshots_50414.png",,
Jinichiro Kozuma,N/A,N/A,Tokyo,Japan,None,None,None,"Tokyo, Japan",Japan,8/23/1994,N/A,Japan-None-Japan,"Tokyo, Japan",N/A,"Tokyo, Japan","https://pga-tour-res.cloudinary.com/image/upload/c_fill,d_headshots_default.png,dpr_2.0,f_auto,g_face:center,h_350,q_auto,w_280/headshots_33689.png",,
Steve Lewton,N/A,N/A,London,England,None,None,None,"London, England",England,5/23/1986,N/A,England-None-England,"London, England",N/A,"London, England","https://pga-tour-res.cloudinary.com/image/upload/c_fill,d_headshots_default.png,dpr_2.0,f_auto,g_face:center,h_350,q_auto,w_280/headshots_31997.png",,
Taihei Sato,N/A,N/A,Tokyo,Japan,None,None,None,"Tokyo, Japan",Japan,3/23/1995,N/A,Japan-None-Japan,"Tokyo, Japan",N/A,"Tokyo, Japan","https://pga-tour-res.cloudinary.com/image/upload/c_fill,d_headshots_default.png,dpr_2.0,f_auto,g_face:center,h_350,q_auto,w_280/headshots_33908.png",,
Marco Penge,N/A,N/A,Horsham,England,None,None,None,"Horsham, England",England,5/23/1998,N/A,England-None-England,"Horsham, England",N/A,"Horsham, England","https://pga-tour-res.cloudinary.com/image/upload/c_fill,d_headshots_default.png,dpr_2.0,f_auto,g_face:center,h_350,q_auto,w_280/headshots_51003.png",,
Callum Shinkwin,N/A,N/A,Watford,England,None,None,None,"Watford, England",England,5/22/1993,N/A,England-None-England,"Watford, England",N/A,"Watford, England","https://pga-tour-res.cloudinary.com/image/upload/c_fill,d_headshots_default.png,dpr_2.0,f_auto,g_face:center,h_350,q_auto,w_280/headshots_46035.png",,
Lukas Nemecz,N/A,N/A,Graz,Austria,None,None,None,"Graz, Austria",Austria,3/23/1989,N/A,Austria-None-Austria,"Graz, Austria",N/A,"Graz, Austria","https://pga-tour-res.cloudinary.com/image/upload/c_fill,d_headshots_default.png,dpr_2.0,f_auto,g_face:center,h_350,q_auto,w_280/headshots_32344.png",,
Darren Fichardt,N/A,N/A,Pretoria,South Africa,None,None,None,"Pretoria, South Africa",South Africa,5/13/1975,N/A,South Africa-None-South Africa,"Pretoria, South Africa",N/A,"Pretoria, South Africa","https://pga-tour-res.cloudinary.com/image/upload/c_fill,d_headshots_default.png,dpr_2.0,f_auto,g_face:center,h_350,q_auto,w_280/headshots_20721.png",,
Stuart Macdonald,N/A,N/A,Vancouver,British Columbia,Purdue University,West Lafayette,Indiana,"Vancouver, Canada",N/A,8/23/1995,N/A,British Columbia-Indiana-N/A,"Vancouver, British Columbia","West Lafayette, Indiana","Vancouver, Canada","https://pga-tour-res.cloudinary.com/image/upload/c_fill,d_headshots_default.png,dpr_2.0,f_auto,g_face:center,h_350,q_auto,w_280/headshots_46368.png",,
Callum Tarren,N/A,N/A,Darlington,England,Radford University,Radford,Virginia,"Darlington, England",England,8/2/1990,N/A,England-Virginia-England,"Darlington, England","Radford, Virginia","Darlington, England","https://pga-tour-res.cloudinary.com/image/upload/c_fill,d_headshots_default.png,dpr_2.0,f_auto,g_face:center,h_350,q_auto,w_280/headshots_48699.png",,
Mike Hendry,N/A,N/A,Auckland,New Zealand,None,None,None,"Auckland, New Zealand",New Zealand,10/15/1979,N/A,New Zealand-None-New Zealand,"Auckland, New Zealand",N/A,"Auckland, New Zealand","https://pga-tour-res.cloudinary.com/image/upload/c_fill,d_headshots_default.png,dpr_2.0,f_auto,g_face:center,h_350,q_auto,w_280/headshots_29930.png",,
Nathan Kimsey,N/A,N/A,Newcastle upon Tyne,England,None,None,None,"Newcastle upon Tyne, England",England,9/14/1992,N/A,England-None-England,"Newcastle upon Tyne, England",N/A,"Newcastle upon Tyne, England","https://pga-tour-res.cloudinary.com/image/upload/c_fill,d_headshots_default.png,dpr_2.0,f_auto,g_face:center,h_350,q_auto,w_280/headshots_45426.png",,
Zihao Jin,N/A,N/A,Beijing,China,None,None,None,"Beijing, China",China,3/23/2001,N/A,China-None-China,"Beijing, China",N/A,"Beijing, China","https://pga-tour-res.cloudinary.com/image/upload/c_fill,d_headshots_default.png,dpr_2.0,f_auto,g_face:center,h_350,q_auto,w_280/headshots_58986.png",,
Trey Mullinax,N/A,N/A,Birmingham,Alabama,University of Alabama,Tuscaloosa,Alabama,"Birmingham, AL",Alabama,6/29/1992,N/A,Alabama-Alabama-Alabama,"Birmingham, Alabama","Tuscaloosa, Alabama","Birmingham, Alabama","https://pga-tour-res.cloudinary.com/image/upload/c_fill,d_headshots_default.png,dpr_2.0,f_auto,g_face:center,h_350,q_auto,w_280/headshots_46601.png",,
Keenan Davidse,N/A,N/A,Cape Town,South Africa,None,None,None,"Cape Town, South Africa",South Africa,5/23/1989,N/A,South Africa-None-South Africa,"Cape Town, South Africa",N/A,"Cape Town, South Africa","https://pga-tour-res.cloudinary.com/image/upload/c_fill,d_headshots_default.png,dpr_2.0,f_auto,g_face:center,h_350,q_auto,w_280/headshots_33017.png",,
Alexander Levy,N/A,N/A,Saint-Germain-en-Laye,France,None,None,None,"Paris, France",France,8/1/1990,N/A,France-None-France,"Saint-Germain-en-Laye, France",N/A,"Paris, France","https://pga-tour-res.cloudinary.com/image/upload/c_fill,d_headshots_default.png,dpr_2.0,f_auto,g_face:center,h_350,q_auto,w_280/headshots_34579.png",,
Abraham Ancer,"5'7""",155,McAllen,Texas,University of Oklahoma,Norman,Oklahoma,"San Antonio, TX",Texas,2/27/1991,N/A,Texas-Oklahoma-Texas,"McAllen, Texas","Norman, Oklahoma","San Antonio, Texas","https://pga-tour-res.cloudinary.com/image/upload/c_fill,d_headshots_default.png,dpr_2.0,f_auto,g_face:center,h_350,q_auto,w_280/headshots_45526.png",,
Rattanon Wannasrichan,N/A,N/A,Bangkok,Thailand,None,None,None,"Bangkok, Thailand",Thailand,8/23/1995,N/A,Thailand-None-Thailand,"Bangkok, Thailand",N/A,"Bangkok, Thailand","https://pga-tour-res.cloudinary.com/image/upload/c_fill,d_headshots_default.png,dpr_2.0,f_auto,g_face:center,h_350,q_auto,w_280/headshots_34542.png",,
José de Jesús Rodríguez,N/A,N/A,Irapuato,Mexico,None,None,None,"Irapuato, Mexico",Mexico,1/22/1981,N/A,Mexico-None-Mexico,"Irapuato, Mexico",N/A,"Irapuato, Mexico","https://pga-tour-res.cloudinary.com/image/upload/c_fill,d_headshots_default.png,dpr_2.0,f_auto,g_face:center,h_350,q_auto,w_280/headshots_32058.png",,
Jack Maguire,N/A,N/A,Tampa,Florida,Florida State University,Tallahassee,Florida,"Tampa, FL",Florida,8/23/1996,N/A,Florida-Florida-Florida,"Tampa, Florida","Tallahassee, Florida","Tampa, Florida","https://pga-tour-res.cloudinary.com/image/upload/c_fill,d_headshots_default.png,dpr_2.0,f_auto,g_face:center,h_350,q_auto,w_280/headshots_47996.png",,
Nick Voke,N/A,N/A,Auckland,New Zealand,Iowa State University,Ames,Iowa,"Auckland, New Zealand",New Zealand,3/23/1995,N/A,New Zealand-Iowa-New Zealand,"Auckland, New Zealand","Ames, Iowa","Auckland, New Zealand","https://pga-tour-res.cloudinary.com/image/upload/c_fill,d_headshots_default.png,dpr_2.0,f_auto,g_face:center,h_350,q_auto,w_280/headshots_53189.png",,
Andreas Halvorsen,N/A,N/A,Oslo,Norway,None,None,None,"Oslo, Norway",Norway,5/23/1996,N/A,Norway-None-Norway,"Oslo, Norway",N/A,"Oslo, Norway","https://pga-tour-res.cloudinary.com/image/upload/c_fill,d_headshots_default.png,dpr_2.0,f_auto,g_face:center,h_350,q_auto,w_280/headshots_40226.png",,
Ryan Palmer,"5'11""",175,Amarillo,Texas,Texas A&M University,College Station,Texas,"Colleyville, TX",Texas,9/19/1976,N/A,Texas-Texas-Texas,"Amarillo, Texas","College Station, Texas","Colleyville, Texas","https://pga-tour-res.cloudinary.com/image/upload/c_fill,d_headshots_default.png,dpr_2.0,f_auto,g_face:center,h_350,q_auto,w_280/headshots_23320.png",,
Ross Fisher,N/A,N/A,London,England,None,None,None,"London, England",England,11/22/1980,N/A,England-None-England,"London, England",N/A,"London, England","https://pga-tour-res.cloudinary.com/image/upload/c_fill,d_headshots_default.png,dpr_2.0,f_auto,g_face:center,h_350,q_auto,w_280/headshots_27896.png",,
Louis de Jager,N/A,N/A,Pretoria,South Africa,None,None,None,"Pretoria, South Africa",South Africa,1/30/1987,N/A,South Africa-None-South Africa,"Pretoria, South Africa",N/A,"Pretoria, South Africa","https://pga-tour-res.cloudinary.com/image/upload/c_fill,d_headshots_default.png,dpr_2.0,f_auto,g_face:center,h_350,q_auto,w_280/headshots_31681.png",,
Dylan Naidoo,N/A,N/A,Johannesburg,South Africa,None,None,None,"Johannesburg, South Africa",South Africa,3/23/1998,N/A,South Africa-None-South Africa,"Johannesburg, South Africa",N/A,"Johannesburg, South Africa","https://pga-tour-res.cloudinary.com/image/upload/c_fill,d_headshots_default.png,dpr_2.0,f_auto,g_face:center,h_350,q_auto,w_280/headshots_47505.png",,
Veer Ahlawat,N/A,N/A,New Delhi,India,None,None,None,"New Delhi, India",India,8/23/1996,N/A,India-None-India,"New Delhi, India",N/A,"New Delhi, India","https://pga-tour-res.cloudinary.com/image/upload/c_fill,d_headshots_default.png,dpr_2.0,f_auto,g_face:center,h_350,q_auto,w_280/headshots_51430.png",,
Filippo Celli,N/A,N/A,Rome,Italy,None,None,None,"Rome, Italy",Italy,5/23/2000,N/A,Italy-None-Italy,"Rome, Italy",N/A,"Rome, Italy","https://pga-tour-res.cloudinary.com/image/upload/c_fill,d_headshots_default.png,dpr_2.0,f_auto,g_face:center,h_350,q_auto,w_280/headshots_52444.png",,
Ben Schmidt,N/A,N/A,Sheffield,England,None,None,None,"Sheffield, England",England,8/23/1999,N/A,England-None-England,"Sheffield, England",N/A,"Sheffield, England","https://pga-tour-res.cloudinary.com/image/upload/c_fill,d_headshots_default.png,dpr_2.0,f_auto,g_face:center,h_350,q_auto,w_280/headshots_58060.png",,
Rick Lamb,N/A,N/A,South Bend,Indiana,University of Tennessee,Knoxville,Tennessee,"South Bend, IN",Indiana,9/20/1990,N/A,Indiana-Tennessee-Indiana,"South Bend, Indiana","Knoxville, Tennessee","South Bend, Indiana","https://pga-tour-res.cloudinary.com/image/upload/c_fill,d_headshots_default.png,dpr_2.0,f_auto,g_face:center,h_350,q_auto,w_280/headshots_46732.png",,
Julien Sale,N/A,N/A,Saint-Denis,Reunion,None,None,None,"Saint-Denis, Reunion",Reunion,3/23/1998,N/A,Reunion-None-Reunion,"Saint-Denis, Reunion",N/A,"Saint-Denis, Reunion","https://pga-tour-res.cloudinary.com/image/upload/c_fill,d_headshots_default.png,dpr_2.0,f_auto,g_face:center,h_350,q_auto,w_280/headshots_58869.png",,
Scott Stallings,N/A,N/A,Worcester,Massachusetts,Tennessee Tech University,Cookeville,Tennessee,"Knoxville, TN",Tennessee,3/25/1985,N/A,Massachusetts-Tennessee-Tennessee,"Worcester, Massachusetts","Cookeville, Tennessee","Knoxville, Tennessee","https://pga-tour-res.cloudinary.com/image/upload/c_fill,d_headshots_default.png,dpr_2.0,f_auto,g_face:center,h_350,q_auto,w_280/headshots_30692.png",,
Jens Fahrbring,N/A,N/A,Stockholm,Sweden,None,None,None,"Stockholm, Sweden",Sweden,5/23/1984,N/A,Sweden-None-Sweden,"Stockholm, Sweden",N/A,"Stockholm, Sweden","https://pga-tour-res.cloudinary.com/image/upload/c_fill,d_headshots_default.png,dpr_2.0,f_auto,g_face:center,h_350,q_auto,w_280/headshots_32720.png",,
Mikiya Akutsu,N/A,N/A,Tokyo,Japan,None,None,None,"Tokyo, Japan",Japan,8/23/1997,N/A,Japan-None-Japan,"Tokyo, Japan",N/A,"Tokyo, Japan","https://pga-tour-res.cloudinary.com/image/upload/c_fill,d_headshots_default.png,dpr_2.0,f_auto,g_face:center,h_350,q_auto,w_280/headshots_35752.png",,
Julian Suri,N/A,N/A,New York,New York,Duke University,Durham,North Carolina,"New York, NY",New York,4/6/1991,N/A,New York-North Carolina-New York,"New York, New York","Durham, North Carolina","New York, New York","https://pga-tour-res.cloudinary.com/image/upload/c_fill,d_headshots_default.png,dpr_2.0,f_auto,g_face:center,h_350,q_auto,w_280/headshots_45478.png",,
Yurav Premlall,N/A,N/A,Johannesburg,South Africa,None,None,None,"Johannesburg, South Africa",South Africa,3/23/2003,N/A,South Africa-None-South Africa,"Johannesburg, South Africa",N/A,"Johannesburg, South Africa","https://pga-tour-res.cloudinary.com/image/upload/c_fill,d_headshots_default.png,dpr_2.0,f_auto,g_face:center,h_350,q_auto,w_280/headshots_56267.png",,
Zecheng Dou,N/A,N/A,Beijing,China,None,None,None,"Beijing, China",China,1/22/1997,N/A,China-None-China,"Beijing, China",N/A,"Beijing, China","https://pga-tour-res.cloudinary.com/image/upload/c_fill,d_headshots_default.png,dpr_2.0,f_auto,g_face:center,h_350,q_auto,w_280/headshots_37338.png",,
Richy Werenski,N/A,N/A,Springfield,Massachusetts,Georgia Tech,Atlanta,Georgia,"Jupiter, FL",Florida,12/22/1991,N/A,Massachusetts-Georgia-Florida,"Springfield, Massachusetts","Atlanta, Georgia","Jupiter, Florida","https://pga-tour-res.cloudinary.com/image/upload/c_fill,d_headshots_default.png,dpr_2.0,f_auto,g_face:center,h_350,q_auto,w_280/headshots_47128.png",,
Thomas Walsh,N/A,N/A,High Point,North Carolina,University of Virginia,Charlottesville,Virginia,"High Point, NC",North Carolina,8/23/1998,N/A,North Carolina-Virginia-North Carolina,"High Point, North Carolina","Charlottesville, Virginia","High Point, North Carolina","https://pga-tour-res.cloudinary.com/image/upload/c_fill,d_headshots_default.png,dpr_2.0,f_auto,g_face:center,h_350,q_auto,w_280/headshots_56617.png",,
Fabián Gómez,N/A,N/A,Resistencia,Argentina,None,None,None,"Resistencia, Argentina",Argentina,10/27/1978,N/A,Argentina-None-Argentina,"Resistencia, Argentina",N/A,"Resistencia, Argentina","https://pga-tour-res.cloudinary.com/image/upload/c_fill,d_headshots_default.png,dpr_2.0,f_auto,g_face:center,h_350,q_auto,w_280/headshots_28679.png",,
Galam Jeon,N/A,N/A,Seoul,South Korea,None,None,None,"Seoul, South Korea",South Korea,3/23/1995,N/A,South Korea-None-South Korea,"Seoul, South Korea",N/A,"Seoul, South Korea","https://pga-tour-res.cloudinary.com/image/upload/c_fill,d_headshots_default.png,dpr_2.0,f_auto,g_face:center,h_350,q_auto,w_280/headshots_50063.png",,
Gunn Charoenkul,N/A,N/A,Bangkok,Thailand,None,None,None,"Bangkok, Thailand",Thailand,8/23/1992,N/A,Thailand-None-Thailand,"Bangkok, Thailand",N/A,"Bangkok, Thailand","https://pga-tour-res.cloudinary.com/image/upload/c_fill,d_headshots_default.png,dpr_2.0,f_auto,g_face:center,h_350,q_auto,w_280/headshots_33605.png",,
Bjorn Akesson,N/A,N/A,Stockholm,Sweden,None,None,None,"Stockholm, Sweden",Sweden,5/23/1989,N/A,Sweden-None-Sweden,"Stockholm, Sweden",N/A,"Stockholm, Sweden","https://pga-tour-res.cloudinary.com/image/upload/c_fill,d_headshots_default.png,dpr_2.0,f_auto,g_face:center,h_350,q_auto,w_280/headshots_29655.png",,
Lee Dai-han,N/A,N/A,Seoul,South Korea,None,None,None,"Seoul, South Korea",South Korea,8/23/1994,N/A,South Korea-None-South Korea,"Seoul, South Korea",N/A,"Seoul, South Korea","https://pga-tour-res.cloudinary.com/image/upload/c_fill,d_headshots_default.png,dpr_2.0,f_auto,g_face:center,h_350,q_auto,w_280/headshots_29314.png",,
Denwit David Boriboonsub,N/A,N/A,Bangkok,Thailand,None,None,None,"Bangkok, Thailand",Thailand,3/23/2004,N/A,Thailand-None-Thailand,"Bangkok, Thailand",N/A,"Bangkok, Thailand","https://pga-tour-res.cloudinary.com/image/upload/c_fill,d_headshots_default.png,dpr_2.0,f_auto,g_face:center,h_350,q_auto,w_280/headshots_58065.png",,
Taichi Kho,N/A,N/A,Hong Kong,N/A,None,None,None,Hong Kong,N/A,8/23/2000,N/A,N/A-None-N/A,Hong Kong,N/A,Hong Kong,N/A,"https://pga-tour-res.cloudinary.com/image/upload/c_fill,d_headshots_default.png,dpr_2.0,f_auto,g_face:center,h_350,q_auto,w_280/headshots_54299.png",
Shad Tuten,N/A,N/A,Augusta,Georgia,Middle Tennessee State University,Murfreesboro,Tennessee,"Augusta, GA",Georgia,8/23/1992,N/A,Georgia-Tennessee-Georgia,"Augusta, Georgia","Murfreesboro, Tennessee","Augusta, Georgia","https://pga-tour-res.cloudinary.com/image/upload/c_fill,d_headshots_default.png,dpr_2.0,f_auto,g_face:center,h_350,q_auto,w_280/headshots_49399.png",,
Taiki Yoshida,N/A,N/A,Tokyo,Japan,None,None,None,"Tokyo, Japan",Japan,3/23/1996,N/A,Japan-None-Japan,"Tokyo, Japan",N/A,"Tokyo, Japan","https://pga-tour-res.cloudinary.com/image/upload/c_fill,d_headshots_default.png,dpr_2.0,f_auto,g_face:center,h_350,q_auto,w_280/headshots_49230.png",,
Sergio Garcia,"5'10""",180,Castellón,Spain,None,None,None,"Borriol, Spain",Spain,1/9/1980,N/A,Spain-None-Spain,"Castellón, Spain",N/A,"Borriol, Spain","https://pga-tour-res.cloudinary.com/image/upload/c_fill,d_headshots_default.png,dpr_2.0,f_auto,g_face:center,h_350,q_auto,w_280/headshots_21209.png",,
Mikael Lindberg,N/A,N/A,Stockholm,Sweden,None,None,None,"Stockholm, Sweden",Sweden,5/23/1992,N/A,Sweden-None-Sweden,"Stockholm, Sweden",N/A,"Stockholm, Sweden","https://pga-tour-res.cloudinary.com/image/upload/c_fill,d_headshots_default.png,dpr_2.0,f_auto,g_face:center,h_350,q_auto,w_280/headshots_48293.png",,
Jaewoong Eom,N/A,N/A,Seoul,South Korea,None,None,None,"Seoul, South Korea",South Korea,8/23/1990,N/A,South Korea-None-South Korea,"Seoul, South Korea",N/A,"Seoul, South Korea","https://pga-tour-res.cloudinary.com/image/upload/c_fill,d_headshots_default.png,dpr_2.0,f_auto,g_face:center,h_350,q_auto,w_280/headshots_33125.png",,
Maverick Antcliff,N/A,N/A,Melbourne,Australia,None,None,None,"Melbourne, Australia",Australia,3/23/1993,N/A,Australia-None-Australia,"Melbourne, Australia",N/A,"Melbourne, Australia","https://pga-tour-res.cloudinary.com/image/upload/c_fill,d_headshots_default.png,dpr_2.0,f_auto,g_face:center,h_350,q_auto,w_280/headshots_51336.png",,
Ian Snyman,N/A,N/A,Pretoria,South Africa,None,None,None,"Pretoria, South Africa",South Africa,8/23/1995,N/A,South Africa-None-South Africa,"Pretoria, South Africa",N/A,"Pretoria, South Africa","https://pga-tour-res.cloudinary.com/image/upload/c_fill,d_headshots_default.png,dpr_2.0,f_auto,g_face:center,h_350,q_auto,w_280/headshots_56584.png",,
Wade Ormsby,N/A,N/A,Adelaide,Australia,None,None,None,"Adelaide, Australia",Australia,3/31/1980,N/A,Australia-None-Australia,"Adelaide, Australia",N/A,"Adelaide, Australia","https://pga-tour-res.cloudinary.com/image/upload/c_fill,d_headshots_default.png,dpr_2.0,f_auto,g_face:center,h_350,q_auto,w_280/headshots_26341.png",,
Sarit Suwannarut,N/A,N/A,Bangkok,Thailand,None,None,None,"Bangkok, Thailand",Thailand,8/23/1998,N/A,Thailand-None-Thailand,"Bangkok, Thailand",N/A,"Bangkok, Thailand","https://pga-tour-res.cloudinary.com/image/upload/c_fill,d_headshots_default.png,dpr_2.0,f_auto,g_face:center,h_350,q_auto,w_280/headshots_52507.png",,
Roberto Díaz,N/A,N/A,Veracruz,Mexico,None,None,None,"Veracruz, Mexico",Mexico,2/3/1987,N/A,Mexico-None-Mexico,"Veracruz, Mexico",N/A,"Veracruz, Mexico","https://pga-tour-res.cloudinary.com/image/upload/c_fill,d_headshots_default.png,dpr_2.0,f_auto,g_face:center,h_350,q_auto,w_280/headshots_35376.png",,
Nick Gabrelcik,N/A,N/A,Trinity,Florida,University of North Florida,Jacksonville,Florida,"Trinity, FL",Florida,8/23/2001,N/A,Florida-Florida-Florida,"Trinity, Florida","Jacksonville, Florida","Trinity, Florida","https://pga-tour-res.cloudinary.com/image/upload/c_fill,d_headshots_default.png,dpr_2.0,f_auto,g_face:center,h_350,q_auto,w_280/headshots_64576.png",,
Taehoon Ok,N/A,N/A,Seoul,South Korea,None,None,None,"Seoul, South Korea",South Korea,3/23/1992,N/A,South Korea-None-South Korea,"Seoul, South Korea",N/A,"Seoul, South Korea","https://pga-tour-res.cloudinary.com/image/upload/c_fill,d_headshots_default.png,dpr_2.0,f_auto,g_face:center,h_350,q_auto,w_280/headshots_49226.png",,
Poom Saksansin,N/A,N/A,Bangkok,Thailand,None,None,None,"Bangkok, Thailand",Thailand,8/23/1993,N/A,Thailand-None-Thailand,"Bangkok, Thailand",N/A,"Bangkok, Thailand","https://pga-tour-res.cloudinary.com/image/upload/c_fill,d_headshots_default.png,dpr_2.0,f_auto,g_face:center,h_350,q_auto,w_280/headshots_34541.png",,
Mike Lorenzo-Vera,N/A,N/A,Biarritz,France,None,None,None,"Biarritz, France",France,1/28/1985,N/A,France-None-France,"Biarritz, France",N/A,"Biarritz, France","https://pga-tour-res.cloudinary.com/image/upload/c_fill,d_headshots_default.png,dpr_2.0,f_auto,g_face:center,h_350,q_auto,w_280/headshots_29772.png",,
Rob Oppenheim,N/A,N/A,Andover,Massachusetts,Rollins College,Winter Park,Florida,"Andover, MA",Massachusetts,1/12/1980,N/A,Massachusetts-Florida-Massachusetts,"Andover, Massachusetts","Winter Park, Florida","Andover, Massachusetts","https://pga-tour-res.cloudinary.com/image/upload/c_fill,d_headshots_default.png,dpr_2.0,f_auto,g_face:center,h_350,q_auto,w_280/headshots_27942.png",,
John VanDerLaan,N/A,N/A,Southbury,Connecticut,Florida Southern College,Lakeland,Florida,"Southbury, CT",Connecticut,8/23/1996,N/A,Connecticut-Florida-Connecticut,"Southbury, Connecticut","Lakeland, Florida","Southbury, Connecticut","https://pga-tour-res.cloudinary.com/image/upload/c_fill,d_headshots_default.png,dpr_2.0,f_auto,g_face:center,h_350,q_auto,w_280/headshots_55573.png",,
,,,,,,,,,,,,,,,,,,
Will Cannon,N/A,N/A,San Antonio,Texas,University of Texas,Austin,Texas,"San Antonio, TX",Texas,8/23/1998,N/A,Texas-Texas-Texas,"San Antonio, Texas","Austin, Texas","San Antonio, Texas","https://pga-tour-res.cloudinary.com/image/upload/c_fill,d_headshots_default.png,dpr_2.0,f_auto,g_face:center,h_350,q_auto,w_280/headshots_51567.png",,
Sandy Scott,N/A,N/A,Nairn,Scotland,Texas Tech University,Lubbock,Texas,"Nairn, Scotland",Scotland,5/23/1998,N/A,Scotland-Texas-Scotland,"Nairn, Scotland","Lubbock, Texas","Nairn, Scotland","https://pga-tour-res.cloudinary.com/image/upload/c_fill,d_headshots_default.png,dpr_2.0,f_auto,g_face:center,h_350,q_auto,w_280/headshots_52576.png",,
Patrick Cover,N/A,N/A,Wilmington,North Carolina,University of North Carolina,Chapel Hill,North Carolina,"Wilmington, NC",North Carolina,8/23/1996,N/A,North Carolina-North Carolina-North Carolina,"Wilmington, North Carolina","Chapel Hill, North Carolina","Wilmington, North Carolina","https://pga-tour-res.cloudinary.com/image/upload/c_fill,d_headshots_default.png,dpr_2.0,f_auto,g_face:center,h_350,q_auto,w_280/headshots_56284.png",,
Nick Bachem,N/A,N/A,Cologne,Germany,None,None,None,"Cologne, Germany",Germany,11/23/1999,N/A,Germany-None-Germany,"Cologne, Germany",N/A,"Cologne, Germany","https://pga-tour-res.cloudinary.com/image/upload/c_fill,d_headshots_default.png,dpr_2.0,f_auto,g_face:center,h_350,q_auto,w_280/headshots_51661.png",,
Wang Wei Lun,N/A,N/A,Taipei,Taiwan,None,None,None,"Taipei, Taiwan",Taiwan,8/23/1997,N/A,Taiwan-None-Taiwan,"Taipei, Taiwan",N/A,"Taipei, Taiwan","https://pga-tour-res.cloudinary.com/image/upload/c_fill,d_headshots_default.png,dpr_2.0,f_auto,g_face:center,h_350,q_auto,w_280/headshots_47706.png",,
Wilson Furr,N/A,N/A,Jackson,Mississippi,University of Alabama,Tuscaloosa,Alabama,"Jackson, MS",Mississippi,8/23/1998,N/A,Mississippi-Alabama-Mississippi,"Jackson, Mississippi","Tuscaloosa, Alabama","Jackson, Mississippi","https://pga-tour-res.cloudinary.com/image/upload/c_fill,d_headshots_default.png,dpr_2.0,f_auto,g_face:center,h_350,q_auto,w_280/headshots_56149.png",,
Nicholas Lindheim,N/A,N/A,Mission Viejo,California,None,None,None,"Satellite Beach, FL",Florida,11/9/1984,N/A,California-None-Florida,"Mission Viejo, California",N/A,"Satellite Beach, Florida","https://pga-tour-res.cloudinary.com/image/upload/c_fill,d_headshots_default.png,dpr_2.0,f_auto,g_face:center,h_350,q_auto,w_280/headshots_37278.png",,
Jimmy Walker,"6'2""",180,Oklahoma City,Oklahoma,Baylor University,Waco,Texas,"San Antonio, TX",Texas,1/16/1979,N/A,Oklahoma-Texas-Texas,"Oklahoma City, Oklahoma","Waco, Texas","San Antonio, Texas","https://pga-tour-res.cloudinary.com/image/upload/c_fill,d_headshots_default.png,dpr_2.0,f_auto,g_face:center,h_350,q_auto,w_280/headshots_25632.png",,
Scott Piercy,"6'0""",185,Las Vegas,Nevada,San Diego State University,San Diego,California,"Las Vegas, NV",Nevada,11/6/1978,N/A,Nevada-California-Nevada,"Las Vegas, Nevada","San Diego, California","Las Vegas, Nevada","https://pga-tour-res.cloudinary.com/image/upload/c_fill,d_headshots_default.png,dpr_2.0,f_auto,g_face:center,h_350,q_auto,w_280/headshots_25818.png",,
Frank Kennedy,N/A,N/A,Bristol,England,None,None,None,"Bristol, England",England,8/23/2004,N/A,England-None-England,"Bristol, England",N/A,"Bristol, England","https://pga-tour-res.cloudinary.com/image/upload/c_fill,d_headshots_default.png,dpr_2.0,f_auto,g_face:center,h_350,q_auto,w_280/headshots_60795.png",,
Euan Walker,N/A,N/A,Dumfries,Scotland,None,None,None,"Dumfries, Scotland",Scotland,5/23/1995,N/A,Scotland-None-Scotland,"Dumfries, Scotland",N/A,"Dumfries, Scotland","https://pga-tour-res.cloudinary.com/image/upload/c_fill,d_headshots_default.png,dpr_2.0,f_auto,g_face:center,h_350,q_auto,w_280/headshots_57940.png",,
Matt Oshrine,N/A,N/A,Wellington,Florida,Loyola University Maryland,Baltimore,Maryland,"Wellington, FL",Florida,8/23/1998,N/A,Florida-Maryland-Florida,"Wellington, Florida","Baltimore, Maryland","Wellington, Florida","https://pga-tour-res.cloudinary.com/image/upload/c_fill,d_headshots_default.png,dpr_2.0,f_auto,g_face:center,h_350,q_auto,w_280/headshots_54228.png",,
Matthis Besard,N/A,N/A,Brussels,Belgium,None,None,None,"Brussels, Belgium",Belgium,3/23/1997,N/A,Belgium-None-Belgium,"Brussels, Belgium",N/A,"Brussels, Belgium","https://pga-tour-res.cloudinary.com/image/upload/c_fill,d_headshots_default.png,dpr_2.0,f_auto,g_face:center,h_350,q_auto,w_280/headshots_57330.png",,
Wenyi Ding,N/A,N/A,Beijing,China,None,None,None,"Beijing, China",China,8/23/2005,N/A,China-None-China,"Beijing, China",N/A,"Beijing, China","https://pga-tour-res.cloudinary.com/image/upload/c_fill,d_headshots_default.png,dpr_2.0,f_auto,g_face:center,h_350,q_auto,w_280/headshots_63196.png",,
Wil Bateman,N/A,N/A,Edmonton,Alberta,San Diego State University,San Diego,California,"Edmonton, Canada",N/A,8/23/1992,N/A,Alberta-California-N/A,"Edmonton, Alberta","San Diego, California","Edmonton, Canada","https://pga-tour-res.cloudinary.com/image/upload/c_fill,d_headshots_default.png,dpr_2.0,f_auto,g_face:center,h_350,q_auto,w_280/headshots_35490.png",,
Brandon Harkins,N/A,N/A,Concord,California,"California State University, Chico",Chico,California,"Scottsdale, AZ",Arizona,5/13/1986,N/A,California-California-Arizona,"Concord, California","Chico, California","Scottsdale, Arizona","https://pga-tour-res.cloudinary.com/image/upload/c_fill,d_headshots_default.png,dpr_2.0,f_auto,g_face:center,h_350,q_auto,w_280/headshots_35421.png",,
Branden Grace,N/A,N/A,Pretoria,South Africa,None,None,None,"George, South Africa",South Africa,5/20/1988,N/A,South Africa-None-South Africa,"Pretoria, South Africa",N/A,"George, South Africa","https://pga-tour-res.cloudinary.com/image/upload/c_fill,d_headshots_default.png,dpr_2.0,f_auto,g_face:center,h_350,q_auto,w_280/headshots_29974.png",,
Hendrik Du Plessis,N/A,N/A,Pretoria,South Africa,None,None,None,"Pretoria, South Africa",South Africa,8/23/1997,N/A,South Africa-None-South Africa,"Pretoria, South Africa",N/A,"Pretoria, South Africa","https://pga-tour-res.cloudinary.com/image/upload/c_fill,d_headshots_default.png,dpr_2.0,f_auto,g_face:center,h_350,q_auto,w_280/headshots_47497.png",,
Hurly Long,N/A,N/A,Heidelberg,Germany,None,None,None,"Heidelberg, Germany",Germany,1/21/1995,N/A,Germany-None-Germany,"Heidelberg, Germany",N/A,"Heidelberg, Germany","https://pga-tour-res.cloudinary.com/image/upload/c_fill,d_headshots_default.png,dpr_2.0,f_auto,g_face:center,h_350,q_auto,w_280/headshots_55509.png",,
Rahil Gangjee,N/A,N/A,Kolkata,India,None,None,None,"Kolkata, India",India,10/2/1978,N/A,India-None-India,"Kolkata, India",N/A,"Kolkata, India","https://pga-tour-res.cloudinary.com/image/upload/c_fill,d_headshots_default.png,dpr_2.0,f_auto,g_face:center,h_350,q_auto,w_280/headshots_24580.png",,
Christofer Blomstrand,N/A,N/A,Stockholm,Sweden,None,None,None,"Stockholm, Sweden",Sweden,8/23/1991,N/A,Sweden-None-Sweden,"Stockholm, Sweden",N/A,"Stockholm, Sweden","https://pga-tour-res.cloudinary.com/image/upload/c_fill,d_headshots_default.png,dpr_2.0,f_auto,g_face:center,h_350,q_auto,w_280/headshots_48370.png",,
Tomoharu Otsuki,N/A,N/A,Tokyo,Japan,None,None,None,"Tokyo, Japan",Japan,3/23/1989,N/A,Japan-None-Japan,"Tokyo, Japan",N/A,"Tokyo, Japan","https://pga-tour-res.cloudinary.com/image/upload/c_fill,d_headshots_default.png,dpr_2.0,f_auto,g_face:center,h_350,q_auto,w_280/headshots_31016.png",,
Tano Goya,N/A,N/A,Córdoba,Argentina,None,None,None,"Córdoba, Argentina",Argentina,6/1/1988,N/A,Argentina-None-Argentina,"Córdoba, Argentina",N/A,"Córdoba, Argentina","https://pga-tour-res.cloudinary.com/image/upload/c_fill,d_headshots_default.png,dpr_2.0,f_auto,g_face:center,h_350,q_auto,w_280/headshots_31577.png",,
Daan Huizing,N/A,N/A,Utrecht,Netherlands,None,None,None,"Utrecht, Netherlands",Netherlands,10/24/1990,N/A,Netherlands-None-Netherlands,"Utrecht, Netherlands",N/A,"Utrecht, Netherlands","https://pga-tour-res.cloudinary.com/image/upload/c_fill,d_headshots_default.png,dpr_2.0,f_auto,g_face:center,h_350,q_auto,w_280/headshots_31400.png",,
Koshiro Maeda,N/A,N/A,Tokyo,Japan,None,None,None,"Tokyo, Japan",Japan,8/23/1995,N/A,Japan-None-Japan,"Tokyo, Japan",N/A,"Tokyo, Japan","https://pga-tour-res.cloudinary.com/image/upload/c_fill,d_headshots_default.png,dpr_2.0,f_auto,g_face:center,h_350,q_auto,w_280/headshots_56046.png",,
Ryan Burnett,N/A,N/A,Monterey,California,University of North Carolina,Chapel Hill,North Carolina,"Monterey, CA",California,8/23/1998,N/A,California-North Carolina-California,"Monterey, California","Chapel Hill, North Carolina","Monterey, California","https://pga-tour-res.cloudinary.com/image/upload/c_fill,d_headshots_default.png,dpr_2.0,f_auto,g_face:center,h_350,q_auto,w_280/headshots_60005.png",,
T.J. Vogel,N/A,N/A,North Miami Beach,Florida,University of Florida,Gainesville,Florida,"North Miami Beach, FL",Florida,12/23/1990,N/A,Florida-Florida-Florida,"North Miami Beach, Florida","Gainesville, Florida","North Miami Beach, Florida","https://pga-tour-res.cloudinary.com/image/upload/c_fill,d_headshots_default.png,dpr_2.0,f_auto,g_face:center,h_350,q_auto,w_280/headshots_39480.png",,
Tommy Gainey,N/A,N/A,Hartsville,South Carolina,Central Carolina Technical College,Sumter,South Carolina,"Bishopville, SC",South Carolina,8/13/1975,N/A,South Carolina-South Carolina-South Carolina,"Hartsville, South Carolina","Sumter, South Carolina","Bishopville, South Carolina","https://pga-tour-res.cloudinary.com/image/upload/c_fill,d_headshots_default.png,dpr_2.0,f_auto,g_face:center,h_350,q_auto,w_280/headshots_30750.png",,
Tanner Gore,N/A,N/A,Mobile,Alabama,University of Alabama,Tuscaloosa,Alabama,"Mobile, AL",Alabama,8/23/1997,N/A,Alabama-Alabama-Alabama,"Mobile, Alabama","Tuscaloosa, Alabama","Mobile, Alabama","https://pga-tour-res.cloudinary.com/image/upload/c_fill,d_headshots_default.png,dpr_2.0,f_auto,g_face:center,h_350,q_auto,w_280/headshots_57550.png",,
Pierre Pineau,N/A,N/A,Paris,France,None,None,None,"Paris, France",France,3/23/1999,N/A,France-None-France,"Paris, France",N/A,"Paris, France","https://pga-tour-res.cloudinary.com/image/upload/c_fill,d_headshots_default.png,dpr_2.0,f_auto,g_face:center,h_350,q_auto,w_280/headshots_49067.png",,
Matthias Schwab,N/A,N/A,Schladming,Austria,Vanderbilt University,Nashville,Tennessee,"Schladming, Austria",Austria,12/9/1994,N/A,Austria-Tennessee-Austria,"Schladming, Austria","Nashville, Tennessee","Schladming, Austria","https://pga-tour-res.cloudinary.com/image/upload/c_fill,d_headshots_default.png,dpr_2.0,f_auto,g_face:center,h_350,q_auto,w_280/headshots_34610.png",,
Jonathan Goth-Rasmussen,N/A,N/A,Aarhus,Denmark,None,None,None,"Aarhus, Denmark",Denmark,8/23/1998,N/A,Denmark-None-Denmark,"Aarhus, Denmark",N/A,"Aarhus, Denmark","https://pga-tour-res.cloudinary.com/image/upload/c_fill,d_headshots_default.png,dpr_2.0,f_auto,g_face:center,h_350,q_auto,w_280/headshots_52683.png",,
Étienne Papineau,N/A,N/A,Quebec City,Quebec,None,None,None,"Quebec City, Canada",N/A,3/23/1996,N/A,Quebec-None-N/A,"Quebec City, Quebec",N/A,"Quebec City, Canada","https://pga-tour-res.cloudinary.com/image/upload/c_fill,d_headshots_default.png,dpr_2.0,f_auto,g_face:center,h_350,q_auto,w_280/headshots_55892.png",,
Jeffrey Kang,N/A,N/A,Los Angeles,California,None,None,None,"Los Angeles, CA",California,8/23/1995,N/A,California-None-California,"Los Angeles, California",N/A,"Los Angeles, California","https://pga-tour-res.cloudinary.com/image/upload/c_fill,d_headshots_default.png,dpr_2.0,f_auto,g_face:center,h_350,q_auto,w_280/headshots_47393.png",,
Dan McCarthy,N/A,N/A,Syracuse,New York,Le Moyne College,Syracuse,New York,"Palm Beach Gardens, FL",Florida,7/30/1985,N/A,New York-New York-Florida,"Syracuse, New York","Syracuse, New York","Palm Beach Gardens, Florida","https://pga-tour-res.cloudinary.com/image/upload/c_fill,d_headshots_default.png,dpr_2.0,f_auto,g_face:center,h_350,q_auto,w_280/headshots_29675.png",,
Dale Whitnell,N/A,N/A,Colchester,England,None,None,None,"Colchester, England",England,8/9/1988,N/A,England-None-England,"Colchester, England",N/A,"Colchester, England","https://pga-tour-res.cloudinary.com/image/upload/c_fill,d_headshots_default.png,dpr_2.0,f_auto,g_face:center,h_350,q_auto,w_280/headshots_33117.png",,
James Morrison,N/A,N/A,Guildford,England,None,None,None,"Guildford, England",England,1/24/1985,N/A,England-None-England,"Guildford, England",N/A,"Guildford, England","https://pga-tour-res.cloudinary.com/image/upload/c_fill,d_headshots_default.png,dpr_2.0,f_auto,g_face:center,h_350,q_auto,w_280/headshots_29256.png",,
Yusaku Hosono,N/A,N/A,Tokyo,Japan,None,None,None,"Tokyo, Japan",Japan,3/23/1994,N/A,Japan-None-Japan,"Tokyo, Japan",N/A,"Tokyo, Japan","https://pga-tour-res.cloudinary.com/image/upload/c_fill,d_headshots_default.png,dpr_2.0,f_auto,g_face:center,h_350,q_auto,w_280/headshots_56165.png",,
Ian Holt,N/A,N/A,Columbus,Ohio,Kent State University,Kent,Ohio,"Columbus, OH",Ohio,8/23/1997,N/A,Ohio-Ohio-Ohio,"Columbus, Ohio","Kent, Ohio","Columbus, Ohio","https://pga-tour-res.cloudinary.com/image/upload/c_fill,d_headshots_default.png,dpr_2.0,f_auto,g_face:center,h_350,q_auto,w_280/headshots_54525.png",,
JC Ritchie,N/A,N/A,Pretoria,South Africa,None,None,None,"Pretoria, South Africa",South Africa,1/24/1994,N/A,South Africa-None-South Africa,"Pretoria, South Africa",N/A,"Pretoria, South Africa","https://pga-tour-res.cloudinary.com/image/upload/c_fill,d_headshots_default.png,dpr_2.0,f_auto,g_face:center,h_350,q_auto,w_280/headshots_45847.png",,
Simon Forsström,N/A,N/A,Stockholm,Sweden,None,None,None,"Stockholm, Sweden",Sweden,4/15/1989,N/A,Sweden-None-Sweden,"Stockholm, Sweden",N/A,"Stockholm, Sweden","https://pga-tour-res.cloudinary.com/image/upload/c_fill,d_headshots_default.png,dpr_2.0,f_auto,g_face:center,h_350,q_auto,w_280/headshots_47960.png",,
Masahiro Kawamura,N/A,N/A,Tokyo,Japan,None,None,None,"Tokyo, Japan",Japan,2/25/1989,N/A,Japan-None-Japan,"Tokyo, Japan",N/A,"Tokyo, Japan","https://pga-tour-res.cloudinary.com/image/upload/c_fill,d_headshots_default.png,dpr_2.0,f_auto,g_face:center,h_350,q_auto,w_280/headshots_32815.png",,
Matthew Riedel,N/A,N/A,San Diego,California,None,None,None,"San Diego, CA",California,8/23/1999,N/A,California-None-California,"San Diego, California",N/A,"San Diego, California","https://pga-tour-res.cloudinary.com/image/upload/c_fill,d_headshots_default.png,dpr_2.0,f_auto,g_face:center,h_350,q_auto,w_280/headshots_64693.png",,
Ben Taylor,N/A,N/A,London,England,Louisiana State University,Baton Rouge,Louisiana,"London, England",England,11/11/1992,N/A,England-Louisiana-England,"London, England","Baton Rouge, Louisiana","London, England","https://pga-tour-res.cloudinary.com/image/upload/c_fill,d_headshots_default.png,dpr_2.0,f_auto,g_face:center,h_350,q_auto,w_280/headshots_48119.png",,
Adri Arnaus,N/A,N/A,Barcelona,Spain,Texas A&M University,College Station,Texas,"Barcelona, Spain",Spain,10/17/1994,N/A,Spain-Texas-Spain,"Barcelona, Spain","College Station, Texas","Barcelona, Spain","https://pga-tour-res.cloudinary.com/image/upload/c_fill,d_headshots_default.png,dpr_2.0,f_auto,g_face:center,h_350,q_auto,w_280/headshots_52096.png",,
Austin Cook,N/A,N/A,Jonesboro,Arkansas,University of Arkansas,Fayetteville,Arkansas,"Jonesboro, AR",Arkansas,3/13/1991,N/A,Arkansas-Arkansas-Arkansas,"Jonesboro, Arkansas","Fayetteville, Arkansas","Jonesboro, Arkansas","https://pga-tour-res.cloudinary.com/image/upload/c_fill,d_headshots_default.png,dpr_2.0,f_auto,g_face:center,h_350,q_auto,w_280/headshots_46435.png",,
Felix Mory,N/A,N/A,Paris,France,None,None,None,"Paris, France",France,8/23/1995,N/A,France-None-France,"Paris, France",N/A,"Paris, France","https://pga-tour-res.cloudinary.com/image/upload/c_fill,d_headshots_default.png,dpr_2.0,f_auto,g_face:center,h_350,q_auto,w_280/headshots_55468.png",,
Jbe' Kruger,N/A,N/A,Kimberley,South Africa,None,None,None,"Kimberley, South Africa",South Africa,6/23/1986,N/A,South Africa-None-South Africa,"Kimberley, South Africa",N/A,"Kimberley, South Africa","https://pga-tour-res.cloudinary.com/image/upload/c_fill,d_headshots_default.png,dpr_2.0,f_auto,g_face:center,h_350,q_auto,w_280/headshots_30008.png",,
Jacques Blaauw,N/A,N/A,Pretoria,South Africa,None,None,None,"Pretoria, South Africa",South Africa,11/13/1985,N/A,South Africa-None-South Africa,"Pretoria, South Africa",N/A,"Pretoria, South Africa","https://pga-tour-res.cloudinary.com/image/upload/c_fill,d_headshots_default.png,dpr_2.0,f_auto,g_face:center,h_350,q_auto,w_280/headshots_32979.png",,
Hideto Tanihara,N/A,N/A,Tokyo,Japan,None,None,None,"Tokyo, Japan",Japan,11/16/1978,N/A,Japan-None-Japan,"Tokyo, Japan",N/A,"Tokyo, Japan","https://pga-tour-res.cloudinary.com/image/upload/c_fill,d_headshots_default.png,dpr_2.0,f_auto,g_face:center,h_350,q_auto,w_280/headshots_21498.png",,
Chanwoo Kim,N/A,N/A,Seoul,South Korea,None,None,None,"Seoul, South Korea",South Korea,8/23/1994,N/A,South Korea-None-South Korea,"Seoul, South Korea",N/A,"Seoul, South Korea","https://pga-tour-res.cloudinary.com/image/upload/c_fill,d_headshots_default.png,dpr_2.0,f_auto,g_face:center,h_350,q_auto,w_280/headshots_48032.png",,
Pieter Moolman,N/A,N/A,Pretoria,South Africa,None,None,None,"Pretoria, South Africa",South Africa,3/23/1989,N/A,South Africa-None-South Africa,"Pretoria, South Africa",N/A,"Pretoria, South Africa","https://pga-tour-res.cloudinary.com/image/upload/c_fill,d_headshots_default.png,dpr_2.0,f_auto,g_face:center,h_350,q_auto,w_280/headshots_36351.png",,
Benjamin Follett-Smith,N/A,N/A,Harare,Zimbabwe,None,None,None,"Harare, Zimbabwe",Zimbabwe,8/23/1994,N/A,Zimbabwe-None-Zimbabwe,"Harare, Zimbabwe",N/A,"Harare, Zimbabwe","https://pga-tour-res.cloudinary.com/image/upload/c_fill,d_headshots_default.png,dpr_2.0,f_auto,g_face:center,h_350,q_auto,w_280/headshots_35201.png",,
Nelson Ledesma,N/A,N/A,Córdoba,Argentina,None,None,None,"Córdoba, Argentina",Argentina,2/25/1990,N/A,Argentina-None-Argentina,"Córdoba, Argentina",N/A,"Córdoba, Argentina","https://pga-tour-res.cloudinary.com/image/upload/c_fill,d_headshots_default.png,dpr_2.0,f_auto,g_face:center,h_350,q_auto,w_280/headshots_35230.png",,
Daniel Young,N/A,N/A,Edinburgh,Scotland,None,None,None,"Edinburgh, Scotland",Scotland,8/23/1996,N/A,Scotland-None-Scotland,"Edinburgh, Scotland",N/A,"Edinburgh, Scotland","https://pga-tour-res.cloudinary.com/image/upload/c_fill,d_headshots_default.png,dpr_2.0,f_auto,g_face:center,h_350,q_auto,w_280/headshots_48061.png",,
Patrick Welch,N/A,N/A,Houston,Texas,University of Oklahoma,Norman,Oklahoma,"Houston, TX",Texas,8/23/1999,N/A,Texas-Oklahoma-Texas,"Houston, Texas","Norman, Oklahoma","Houston, Texas","https://pga-tour-res.cloudinary.com/image/upload/c_fill,d_headshots_default.png,dpr_2.0,f_auto,g_face:center,h_350,q_auto,w_280/headshots_60021.png",,
Bjorn Hellgren,N/A,N/A,Stockholm,Sweden,None,None,None,"Stockholm, Sweden",Sweden,3/23/1992,N/A,Sweden-None-Sweden,"Stockholm, Sweden",N/A,"Stockholm, Sweden","https://pga-tour-res.cloudinary.com/image/upload/c_fill,d_headshots_default.png,dpr_2.0,f_auto,g_face:center,h_350,q_auto,w_280/headshots_36693.png",,
Sang-hee Lee,N/A,N/A,Seoul,South Korea,None,None,None,"Seoul, South Korea",South Korea,8/23/1990,N/A,South Korea-None-South Korea,"Seoul, South Korea",N/A,"Seoul, South Korea","https://pga-tour-res.cloudinary.com/image/upload/c_fill,d_headshots_default.png,dpr_2.0,f_auto,g_face:center,h_350,q_auto,w_280/headshots_33232.png",,
Brad Kennedy,N/A,N/A,Brisbane,Australia,None,None,None,"Brisbane, Australia",Australia,6/18/1974,N/A,Australia-None-Australia,"Brisbane, Australia",N/A,"Brisbane, Australia","https://pga-tour-res.cloudinary.com/image/upload/c_fill,d_headshots_default.png,dpr_2.0,f_auto,g_face:center,h_350,q_auto,w_280/headshots_23802.png",,
Riki Kawamoto,N/A,N/A,Tokyo,Japan,None,None,None,"Tokyo, Japan",Japan,3/23/1995,N/A,Japan-None-Japan,"Tokyo, Japan",N/A,"Tokyo, Japan","https://pga-tour-res.cloudinary.com/image/upload/c_fill,d_headshots_default.png,dpr_2.0,f_auto,g_face:center,h_350,q_auto,w_280/headshots_51366.png",,
Yuwa Kosaihira,N/A,N/A,Tokyo,Japan,None,None,None,"Tokyo, Japan",Japan,8/23/1996,N/A,Japan-None-Japan,"Tokyo, Japan",N/A,"Tokyo, Japan","https://pga-tour-res.cloudinary.com/image/upload/c_fill,d_headshots_default.png,dpr_2.0,f_auto,g_face:center,h_350,q_auto,w_280/headshots_35287.png",,
Joey Savoie,N/A,N/A,Saint-Jean-sur-Richelieu,Quebec,None,None,None,"Saint-Jean-sur-Richelieu, Canada",N/A,3/23/1994,N/A,Quebec-None-N/A,"Saint-Jean-sur-Richelieu, Quebec",N/A,"Saint-Jean-sur-Richelieu, Canada","https://pga-tour-res.cloudinary.com/image/upload/c_fill,d_headshots_default.png,dpr_2.0,f_auto,g_face:center,h_350,q_auto,w_280/headshots_55592.png",,
Oliver Wilson,N/A,N/A,Mansfield,England,None,None,None,"Mansfield, England",England,9/14/1980,N/A,England-None-England,"Mansfield, England",N/A,"Mansfield, England","https://pga-tour-res.cloudinary.com/image/upload/c_fill,d_headshots_default.png,dpr_2.0,f_auto,g_face:center,h_350,q_auto,w_280/headshots_27506.png",,
Garrick Porteous,N/A,N/A,Morpeth,England,None,None,None,"Morpeth, England",England,1/17/1990,N/A,England-None-England,"Morpeth, England",N/A,"Morpeth, England","https://pga-tour-res.cloudinary.com/image/upload/c_fill,d_headshots_default.png,dpr_2.0,f_auto,g_face:center,h_350,q_auto,w_280/headshots_36976.png",,
Martin Trainer,"6'1""",175,Palo Alto,California,University of Southern California,Los Angeles,California,"Palo Alto, CA",California,4/15/1991,N/A,California-California-California,"Palo Alto, California","Los Angeles, California","Palo Alto, California","https://pga-tour-res.cloudinary.com/image/upload/c_fill,d_headshots_default.png,dpr_2.0,f_auto,g_face:center,h_350,q_auto,w_280/headshots_35617.png",,
Anthony Quayle,N/A,N/A,Brisbane,Australia,None,None,None,"Brisbane, Australia",Australia,8/25/1994,N/A,Australia-None-Australia,"Brisbane, Australia",N/A,"Brisbane, Australia","https://pga-tour-res.cloudinary.com/image/upload/c_fill,d_headshots_default.png,dpr_2.0,f_auto,g_face:center,h_350,q_auto,w_280/headshots_46798.png",,
Jovan Rebula,N/A,N/A,Bloemfontein,South Africa,Auburn University,Auburn,Alabama,"Bloemfontein, South Africa",South Africa,7/22/1997,N/A,South Africa-Alabama-South Africa,"Bloemfontein, South Africa","Auburn, Alabama","Bloemfontein, South Africa","https://pga-tour-res.cloudinary.com/image/upload/c_fill,d_headshots_default.png,dpr_2.0,f_auto,g_face:center,h_350,q_auto,w_280/headshots_51563.png",,
Yuvraj Sandhu,N/A,N/A,Chandigarh,India,None,None,None,"Chandigarh, India",India,3/23/1997,N/A,India-None-India,"Chandigarh, India",N/A,"Chandigarh, India","https://pga-tour-res.cloudinary.com/image/upload/c_fill,d_headshots_default.png,dpr_2.0,f_auto,g_face:center,h_350,q_auto,w_280/headshots_51787.png",,
Paul Barjon,N/A,N/A,Dumfries,Scotland,Texas Christian University,Fort Worth,Texas,"Dumfries, Scotland",Scotland,9/19/1992,N/A,Scotland-Texas-Scotland,"Dumfries, Scotland","Fort Worth, Texas","Dumfries, Scotland","https://pga-tour-res.cloudinary.com/image/upload/c_fill,d_headshots_default.png,dpr_2.0,f_auto,g_face:center,h_350,q_auto,w_280/headshots_37212.png",,
Logan McAllister,N/A,N/A,Tulsa,Oklahoma,University of Oklahoma,Norman,Oklahoma,"Tulsa, OK",Oklahoma,8/23/1998,N/A,Oklahoma-Oklahoma-Oklahoma,"Tulsa, Oklahoma","Norman, Oklahoma","Tulsa, Oklahoma","https://pga-tour-res.cloudinary.com/image/upload/c_fill,d_headshots_default.png,dpr_2.0,f_auto,g_face:center,h_350,q_auto,w_280/headshots_60015.png",,
Santiago Tarrio,N/A,N/A,A Coruña,Spain,None,None,None,"A Coruña, Spain",Spain,3/23/1990,N/A,Spain-None-Spain,"A Coruña, Spain",N/A,"A Coruña, Spain","https://pga-tour-res.cloudinary.com/image/upload/c_fill,d_headshots_default.png,dpr_2.0,f_auto,g_face:center,h_350,q_auto,w_280/headshots_48929.png",,
Cooper Dossey,N/A,N/A,Austin,Texas,Baylor University,Waco,Texas,"Austin, TX",Texas,8/23/1997,N/A,Texas-Texas-Texas,"Austin, Texas","Waco, Texas","Austin, Texas","https://pga-tour-res.cloudinary.com/image/upload/c_fill,d_headshots_default.png,dpr_2.0,f_auto,g_face:center,h_350,q_auto,w_280/headshots_58600.png",,
Kosuke Suzuki,N/A,N/A,Tokyo,Japan,None,None,None,"Tokyo, Japan",Japan,3/23/1993,N/A,Japan-None-Japan,"Tokyo, Japan",N/A,"Tokyo, Japan","https://pga-tour-res.cloudinary.com/image/upload/c_fill,d_headshots_default.png,dpr_2.0,f_auto,g_face:center,h_350,q_auto,w_280/headshots_53188.png",,
Shunya Takeyasu,N/A,N/A,Tokyo,Japan,None,None,None,"Tokyo, Japan",Japan,8/23/1992,N/A,Japan-None-Japan,"Tokyo, Japan",N/A,"Tokyo, Japan","https://pga-tour-res.cloudinary.com/image/upload/c_fill,d_headshots_default.png,dpr_2.0,f_auto,g_face:center,h_350,q_auto,w_280/headshots_34235.png",,
Cedric Gugler,N/A,N/A,Geneva,Switzerland,None,None,None,"Geneva, Switzerland",Switzerland,3/23/1996,N/A,Switzerland-None-Switzerland,"Geneva, Switzerland",N/A,"Geneva, Switzerland","https://pga-tour-res.cloudinary.com/image/upload/c_fill,d_headshots_default.png,dpr_2.0,f_auto,g_face:center,h_350,q_auto,w_280/headshots_55933.png",,
Ashun Wu,N/A,N/A,Beijing,China,None,None,None,"Beijing, China",China,5/22/1985,N/A,China-None-China,"Beijing, China",N/A,"Beijing, China","https://pga-tour-res.cloudinary.com/image/upload/c_fill,d_headshots_default.png,dpr_2.0,f_auto,g_face:center,h_350,q_auto,w_280/headshots_33870.png",,
Eun Shin Park,N/A,N/A,Seoul,South Korea,None,None,None,"Seoul, South Korea",South Korea,3/23/1989,N/A,South Korea-None-South Korea,"Seoul, South Korea",N/A,"Seoul, South Korea","https://pga-tour-res.cloudinary.com/image/upload/c_fill,d_headshots_default.png,dpr_2.0,f_auto,g_face:center,h_350,q_auto,w_280/headshots_34128.png",,
Martin Vorster,N/A,N/A,Pretoria,South Africa,None,None,None,"Pretoria, South Africa",South Africa,8/23/2001,N/A,South Africa-None-South Africa,"Pretoria, South Africa",N/A,"Pretoria, South Africa","https://pga-tour-res.cloudinary.com/image/upload/c_fill,d_headshots_default.png,dpr_2.0,f_auto,g_face:center,h_350,q_auto,w_280/headshots_56214.png",,
Chandler Blanchet,N/A,N/A,Miami,Florida,University of Tennessee,Knoxville,Tennessee,"Miami, FL",Florida,8/23/1996,N/A,Florida-Tennessee-Florida,"Miami, Florida","Knoxville, Tennessee","Miami, Florida","https://pga-tour-res.cloudinary.com/image/upload/c_fill,d_headshots_default.png,dpr_2.0,f_auto,g_face:center,h_350,q_auto,w_280/headshots_54788.png",,
Soomin Lee,N/A,N/A,Seoul,South Korea,None,None,None,"Seoul, South Korea",South Korea,10/12/1993,N/A,South Korea-None-South Korea,"Seoul, South Korea",N/A,"Seoul, South Korea","https://pga-tour-res.cloudinary.com/image/upload/c_fill,d_headshots_default.png,dpr_2.0,f_auto,g_face:center,h_350,q_auto,w_280/headshots_34168.png",,
Ahmad Baig,N/A,N/A,Lahore,Pakistan,None,None,None,"Lahore, Pakistan",Pakistan,3/23/1996,N/A,Pakistan-None-Pakistan,"Lahore, Pakistan",N/A,"Lahore, Pakistan","https://pga-tour-res.cloudinary.com/image/upload/c_fill,d_headshots_default.png,dpr_2.0,f_auto,g_face:center,h_350,q_auto,w_280/headshots_54237.png",,
Cho Min-jun,N/A,N/A,Seoul,South Korea,None,None,None,"Seoul, South Korea",South Korea,8/23/1988,N/A,South Korea-None-South Korea,"Seoul, South Korea",N/A,"Seoul, South Korea","https://pga-tour-res.cloudinary.com/image/upload/c_fill,d_headshots_default.png,dpr_2.0,f_auto,g_face:center,h_350,q_auto,w_280/headshots_25132.png",,
David Kocher,N/A,N/A,Bethesda,Maryland,University of Maryland,College Park,Maryland,"Bethesda, MD",Maryland,8/23/1996,N/A,Maryland-Maryland-Maryland,"Bethesda, Maryland","College Park, Maryland","Bethesda, Maryland","https://pga-tour-res.cloudinary.com/image/upload/c_fill,d_headshots_default.png,dpr_2.0,f_auto,g_face:center,h_350,q_auto,w_280/headshots_54652.png",,
Dustin Johnson,"6'4""",190,Columbia,South Carolina,Coastal Carolina University,Conway,South Carolina,"Jupiter, FL",Florida,6/22/1984,N/A,South Carolina-South Carolina-Florida,"Columbia, South Carolina","Conway, South Carolina","Jupiter, Florida","https://pga-tour-res.cloudinary.com/image/upload/c_fill,d_headshots_default.png,dpr_2.0,f_auto,g_face:center,h_350,q_auto,w_280/headshots_30925.png",,
Michael Johnson,N/A,N/A,Mobile,Alabama,Auburn University,Auburn,Alabama,"Mobile, AL",Alabama,8/23/1992,N/A,Alabama-Alabama-Alabama,"Mobile, Alabama","Auburn, Alabama","Mobile, Alabama","https://pga-tour-res.cloudinary.com/image/upload/c_fill,d_headshots_default.png,dpr_2.0,f_auto,g_face:center,h_350,q_auto,w_280/headshots_34643.png",,
Justin Walters,N/A,N/A,Durban,South Africa,North Carolina State University,Raleigh,North Carolina,"Jupiter, FL",Florida,11/23/1980,N/A,South Africa-North Carolina-Florida,"Durban, South Africa","Raleigh, North Carolina","Jupiter, Florida","https://pga-tour-res.cloudinary.com/image/upload/c_fill,d_headshots_default.png,dpr_2.0,f_auto,g_face:center,h_350,q_auto,w_280/headshots_27140.png",,
Sam Hutsby,N/A,N/A,Portsmouth,England,None,None,None,"Portsmouth, England",England,10/29/1988,N/A,England-None-England,"Portsmouth, England",N/A,"Portsmouth, England","https://pga-tour-res.cloudinary.com/image/upload/c_fill,d_headshots_default.png,dpr_2.0,f_auto,g_face:center,h_350,q_auto,w_280/headshots_29327.png",,
Lloyd Jefferson Go,N/A,N/A,Manila,Philippines,None,None,None,"Manila, Philippines",Philippines,8/23/1996,N/A,Philippines-None-Philippines,"Manila, Philippines",N/A,"Manila, Philippines","https://pga-tour-res.cloudinary.com/image/upload/c_fill,d_headshots_default.png,dpr_2.0,f_auto,g_face:center,h_350,q_auto,w_280/headshots_36325.png",,
David Horsey,N/A,N/A,Stockport,England,None,None,None,"Stockport, England",England,4/28/1985,N/A,England-None-England,"Stockport, England",N/A,"Stockport, England","https://pga-tour-res.cloudinary.com/image/upload/c_fill,d_headshots_default.png,dpr_2.0,f_auto,g_face:center,h_350,q_auto,w_280/headshots_30909.png",,
Rafa Cabrera Bello,"6'2""",179,Las Palmas,Spain,None,None,None,"Las Palmas, Spain",Spain,5/25/1984,N/A,Spain-None-Spain,"Las Palmas, Spain",N/A,"Las Palmas, Spain","https://pga-tour-res.cloudinary.com/image/upload/c_fill,d_headshots_default.png,dpr_2.0,f_auto,g_face:center,h_350,q_auto,w_280/headshots_26499.png",,
Jean Hugo,N/A,N/A,Pretoria,South Africa,None,None,None,"Pretoria, South Africa",South Africa,11/23/1975,N/A,South Africa-None-South Africa,"Pretoria, South Africa",N/A,"Pretoria, South Africa","https://pga-tour-res.cloudinary.com/image/upload/c_fill,d_headshots_default.png,dpr_2.0,f_auto,g_face:center,h_350,q_auto,w_280/headshots_20802.png",,
William McGirt,"5'8""",195,Lumberton,North Carolina,Wofford College,Spartanburg,South Carolina,"Fairmont, NC",North Carolina,6/21/1979,N/A,North Carolina-South Carolina-North Carolina,"Lumberton, North Carolina","Spartanburg, South Carolina","Fairmont, North Carolina","https://pga-tour-res.cloudinary.com/image/upload/c_fill,d_headshots_default.png,dpr_2.0,f_auto,g_face:center,h_350,q_auto,w_280/headshots_31202.png",,
Runchanapong Youprayong,N/A,N/A,Bangkok,Thailand,None,None,None,"Bangkok, Thailand",Thailand,8/23/1998,N/A,Thailand-None-Thailand,"Bangkok, Thailand",N/A,"Bangkok, Thailand","https://pga-tour-res.cloudinary.com/image/upload/c_fill,d_headshots_default.png,dpr_2.0,f_auto,g_face:center,h_350,q_auto,w_280/headshots_52134.png",,
,,,,,,,,,,,,,,,,,,
Hunter Epson,N/A,N/A,Long Beach,California,None,None,None,"Long Beach, CA",California,8/23/1995,N/A,California-None-California,"Long Beach, California",N/A,"Long Beach, California","https://pga-tour-res.cloudinary.com/image/upload/c_fill,d_headshots_default.png,dpr_2.0,f_auto,g_face:center,h_350,q_auto,w_280/headshots_46436.png",,
James Nicholas,N/A,N/A,Scarsdale,New York,Yale University,New Haven,Connecticut,"Scarsdale, NY",New York,3/23/1997,N/A,New York-Connecticut-New York,"Scarsdale, New York","New Haven, Connecticut","Scarsdale, New York","https://pga-tour-res.cloudinary.com/image/upload/c_fill,d_headshots_default.png,dpr_2.0,f_auto,g_face:center,h_350,q_auto,w_280/headshots_56763.png",,
Paul Haley II,N/A,N/A,Dallas,Texas,Georgia Tech,Atlanta,Georgia,"Dallas, TX",Texas,1/20/1988,N/A,Texas-Georgia-Texas,"Dallas, Texas","Atlanta, Georgia","Dallas, Texas","https://pga-tour-res.cloudinary.com/image/upload/c_fill,d_headshots_default.png,dpr_2.0,f_auto,g_face:center,h_350,q_auto,w_280/headshots_36371.png",,
Tom Lewis,N/A,N/A,Welwyn Garden City,England,None,None,None,"Welwyn Garden City, England",England,1/5/1991,N/A,England-None-England,"Welwyn Garden City, England",N/A,"Welwyn Garden City, England","https://pga-tour-res.cloudinary.com/image/upload/c_fill,d_headshots_default.png,dpr_2.0,f_auto,g_face:center,h_350,q_auto,w_280/headshots_33846.png",,
Bryce Garnett,N/A,N/A,Tallahassee,Florida,Florida State University,Tallahassee,Florida,"Tallahassee, FL",Florida,8/23/1998,N/A,Florida-Florida-Florida,"Tallahassee, Florida","Tallahassee, Florida","Tallahassee, Florida","https://pga-tour-res.cloudinary.com/image/upload/c_fill,d_headshots_default.png,dpr_2.0,f_auto,g_face:center,h_350,q_auto,w_280/headshots_58626.png",,
A.J. McInerney,N/A,N/A,Las Vegas,Nevada,"University of Nevada, Las Vegas",Las Vegas,Nevada,"Las Vegas, NV",Nevada,8/23/1996,N/A,Nevada-Nevada-Nevada,"Las Vegas, Nevada","Las Vegas, Nevada","Las Vegas, Nevada","https://pga-tour-res.cloudinary.com/image/upload/c_fill,d_headshots_default.png,dpr_2.0,f_auto,g_face:center,h_350,q_auto,w_280/headshots_57626.png",,
Sebastián Muñoz,N/A,N/A,Bogotá,Colombia,University of North Texas,Denton,Texas,"Jupiter, FL",Florida,1/4/1993,N/A,Colombia-Texas-Florida,"Bogotá, Colombia","Denton, Texas","Jupiter, Florida","https://pga-tour-res.cloudinary.com/image/upload/c_fill,d_headshots_default.png,dpr_2.0,f_auto,g_face:center,h_350,q_auto,w_280/headshots_38970.png",,
Ryan Lumsden,N/A,N/A,Edinburgh,Scotland,Northwestern University,Evanston,Illinois,"Edinburgh, Scotland",Scotland,8/23/1997,N/A,Scotland-Illinois-Scotland,"Edinburgh, Scotland","Evanston, Illinois","Edinburgh, Scotland","https://pga-tour-res.cloudinary.com/image/upload/c_fill,d_headshots_default.png,dpr_2.0,f_auto,g_face:center,h_350,q_auto,w_280/headshots_54540.png",,
Manuel Relancio Menendez,N/A,N/A,Madrid,Spain,None,None,None,"Madrid, Spain",Spain,3/23/1998,N/A,Spain-None-Spain,"Madrid, Spain",N/A,"Madrid, Spain","https://pga-tour-res.cloudinary.com/image/upload/c_fill,d_headshots_default.png,dpr_2.0,f_auto,g_face:center,h_350,q_auto,w_280/headshots_59829.png",,
Evan Harmeling,N/A,N/A,Andover,Massachusetts,Princeton University,Princeton,New Jersey,"Andover, MA",Massachusetts,8/23/1995,N/A,Massachusetts-New Jersey-Massachusetts,"Andover, Massachusetts","Princeton, New Jersey","Andover, Massachusetts","https://pga-tour-res.cloudinary.com/image/upload/c_fill,d_headshots_default.png,dpr_2.0,f_auto,g_face:center,h_350,q_auto,w_280/headshots_50256.png",,
David Lingmerth,"5'7""",175,TranAs,Sweden,University of Arkansas,Fayetteville,Arkansas,"Ponte Vedra Beach, FL",Florida,7/22/1987,N/A,Sweden-Arkansas-Florida,"TranAs, Sweden","Fayetteville, Arkansas","Ponte Vedra Beach, Florida","https://pga-tour-res.cloudinary.com/image/upload/c_fill,d_headshots_default.png,dpr_2.0,f_auto,g_face:center,h_350,q_auto,w_280/headshots_35510.png",,
Soren Kjeldsen,N/A,N/A,Odense,Denmark,None,None,None,"Odense, Denmark",Denmark,5/17/1975,N/A,Denmark-None-Denmark,"Odense, Denmark",N/A,"Odense, Denmark","https://pga-tour-res.cloudinary.com/image/upload/c_fill,d_headshots_default.png,dpr_2.0,f_auto,g_face:center,h_350,q_auto,w_280/headshots_22526.png",,
Evan Katz,N/A,N/A,Atlanta,Georgia,Duke University,Durham,North Carolina,"Atlanta, GA",Georgia,8/23/1996,N/A,Georgia-North Carolina-Georgia,"Atlanta, Georgia","Durham, North Carolina","Atlanta, Georgia","https://pga-tour-res.cloudinary.com/image/upload/c_fill,d_headshots_default.png,dpr_2.0,f_auto,g_face:center,h_350,q_auto,w_280/headshots_52547.png",,
D.J. Trahan,"6'3""",185,Spartanburg,South Carolina,Clemson University,Clemson,South Carolina,"Mount Pleasant, SC",South Carolina,12/18/1980,N/A,South Carolina-South Carolina-South Carolina,"Spartanburg, South Carolina","Clemson, South Carolina","Mount Pleasant, South Carolina","https://pga-tour-res.cloudinary.com/image/upload/c_fill,d_headshots_default.png,dpr_2.0,f_auto,g_face:center,h_350,q_auto,w_280/headshots_24924.png",,
Tom Murray,N/A,N/A,Manchester,England,None,None,None,"Manchester, England",England,3/23/1990,N/A,England-None-England,"Manchester, England",N/A,"Manchester, England","https://pga-tour-res.cloudinary.com/image/upload/c_fill,d_headshots_default.png,dpr_2.0,f_auto,g_face:center,h_350,q_auto,w_280/headshots_35231.png",,
Michael Kim,N/A,N/A,Toronto,Ontario,"University of California, Berkeley",Berkeley,California,"Toronto, Canada",N/A,8/23/1993,N/A,Ontario-California-N/A,"Toronto, Ontario","Berkeley, California","Toronto, Canada","https://pga-tour-res.cloudinary.com/image/upload/c_fill,d_headshots_default.png,dpr_2.0,f_auto,g_face:center,h_350,q_auto,w_280/headshots_47493.png",,
David Bradshaw,N/A,N/A,Belfast,Northern Ireland,None,None,None,"Belfast, Northern Ireland",Northern Ireland,3/23/1996,N/A,Northern Ireland-None-Northern Ireland,"Belfast, Northern Ireland",N/A,"Belfast, Northern Ireland","https://pga-tour-res.cloudinary.com/image/upload/c_fill,d_headshots_default.png,dpr_2.0,f_auto,g_face:center,h_350,q_auto,w_280/headshots_51027.png",,
Tom Sloman,N/A,N/A,Brighton,England,None,None,None,"Brighton, England",England,8/23/1996,N/A,England-None-England,"Brighton, England",N/A,"Brighton, England","https://pga-tour-res.cloudinary.com/image/upload/c_fill,d_headshots_default.png,dpr_2.0,f_auto,g_face:center,h_350,q_auto,w_280/headshots_53562.png",,
Evan Grenus,N/A,N/A,Philadelphia,Pennsylvania,None,None,None,"Philadelphia, PA",Pennsylvania,8/23/1997,N/A,Pennsylvania-None-Pennsylvania,"Philadelphia, Pennsylvania",N/A,"Philadelphia, Pennsylvania","https://pga-tour-res.cloudinary.com/image/upload/c_fill,d_headshots_default.png,dpr_2.0,f_auto,g_face:center,h_350,q_auto,w_280/headshots_57621.png",,
Kornkamol Sukareekul,N/A,N/A,Bangkok,Thailand,None,None,None,"Bangkok, Thailand",Thailand,3/23/1995,N/A,Thailand-None-Thailand,"Bangkok, Thailand",N/A,"Bangkok, Thailand","https://pga-tour-res.cloudinary.com/image/upload/c_fill,d_headshots_default.png,dpr_2.0,f_auto,g_face:center,h_350,q_auto,w_280/headshots_51508.png",,
Aaron Wise,"6'1""",180,Cape Town,South Africa,University of Oregon,Eugene,Oregon,"Jupiter, FL",Florida,6/21/1996,N/A,South Africa-Oregon-Florida,"Cape Town, South Africa","Eugene, Oregon","Jupiter, Florida","https://pga-tour-res.cloudinary.com/image/upload/c_fill,d_headshots_default.png,dpr_2.0,f_auto,g_face:center,h_350,q_auto,w_280/headshots_49964.png",,
Arjun Atwal,N/A,N/A,New Delhi,India,None,None,None,"Windermere, FL",Florida,3/20/1973,N/A,India-None-Florida,"New Delhi, India",N/A,"Windermere, Florida","https://pga-tour-res.cloudinary.com/image/upload/c_fill,d_headshots_default.png,dpr_2.0,f_auto,g_face:center,h_350,q_auto,w_280/headshots_01307.png",,
Morgan Hoffmann,N/A,N/A,Saddle Brook,New Jersey,Oklahoma State University,Stillwater,Oklahoma,"Jupiter, FL",Florida,8/23/1989,N/A,New Jersey-Oklahoma-Florida,"Saddle Brook, New Jersey","Stillwater, Oklahoma","Jupiter, Florida","https://pga-tour-res.cloudinary.com/image/upload/c_fill,d_headshots_default.png,dpr_2.0,f_auto,g_face:center,h_350,q_auto,w_280/headshots_34046.png",,
Scott Brown,N/A,N/A,Augusta,Georgia,University of South Carolina Aiken,Aiken,South Carolina,"Aiken, SC",South Carolina,5/22/1983,N/A,Georgia-South Carolina-South Carolina,"Augusta, Georgia","Aiken, South Carolina","Aiken, South Carolina","https://pga-tour-res.cloudinary.com/image/upload/c_fill,d_headshots_default.png,dpr_2.0,f_auto,g_face:center,h_350,q_auto,w_280/headshots_32150.png",,
Matt Sharpstene,N/A,N/A,Asheville,North Carolina,University of North Carolina,Chapel Hill,North Carolina,"Asheville, NC",North Carolina,8/23/1996,N/A,North Carolina-North Carolina-North Carolina,"Asheville, North Carolina","Chapel Hill, North Carolina","Asheville, North Carolina","https://pga-tour-res.cloudinary.com/image/upload/c_fill,d_headshots_default.png,dpr_2.0,f_auto,g_face:center,h_350,q_auto,w_280/headshots_52371.png",,
Ricardo Celia,N/A,N/A,Barranquilla,Colombia,Nova Southeastern University,Fort Lauderdale,Florida,"Barranquilla, Colombia",Colombia,3/23/1992,N/A,Colombia-Florida-Colombia,"Barranquilla, Colombia","Fort Lauderdale, Florida","Barranquilla, Colombia","https://pga-tour-res.cloudinary.com/image/upload/c_fill,d_headshots_default.png,dpr_2.0,f_auto,g_face:center,h_350,q_auto,w_280/headshots_45574.png",,
Daniel Gale,N/A,N/A,Sydney,Australia,None,None,None,"Sydney, Australia",Australia,8/23/1997,N/A,Australia-None-Australia,"Sydney, Australia",N/A,"Sydney, Australia","https://pga-tour-res.cloudinary.com/image/upload/c_fill,d_headshots_default.png,dpr_2.0,f_auto,g_face:center,h_350,q_auto,w_280/headshots_57558.png",,
Jako Van Zyl,N/A,N/A,Pretoria,South Africa,None,None,None,"Pretoria, South Africa",South Africa,2/20/1979,N/A,South Africa-None-South Africa,"Pretoria, South Africa",N/A,"Pretoria, South Africa","https://pga-tour-res.cloudinary.com/image/upload/c_fill,d_headshots_default.png,dpr_2.0,f_auto,g_face:center,h_350,q_auto,w_280/headshots_24910.png",,
Yoshitsugu Yuki,N/A,N/A,Tokyo,Japan,None,None,None,"Tokyo, Japan",Japan,3/23/1989,N/A,Japan-None-Japan,"Tokyo, Japan",N/A,"Tokyo, Japan","https://pga-tour-res.cloudinary.com/image/upload/c_fill,d_headshots_default.png,dpr_2.0,f_auto,g_face:center,h_350,q_auto,w_280/headshots_30826.png",,
Sangmoon Bae,N/A,N/A,Daegu,South Korea,None,None,None,"Daegu, South Korea",South Korea,6/21/1986,N/A,South Korea-None-South Korea,"Daegu, South Korea",N/A,"Daegu, South Korea","https://pga-tour-res.cloudinary.com/image/upload/c_fill,d_headshots_default.png,dpr_2.0,f_auto,g_face:center,h_350,q_auto,w_280/headshots_28158.png",,
Drew Nesbitt,N/A,N/A,Toronto,Ontario,None,None,None,"Toronto, Canada",N/A,8/23/1995,N/A,Ontario-None-N/A,"Toronto, Ontario",N/A,"Toronto, Canada","https://pga-tour-res.cloudinary.com/image/upload/c_fill,d_headshots_default.png,dpr_2.0,f_auto,g_face:center,h_350,q_auto,w_280/headshots_52363.png",,
Nathan Petronzio,N/A,N/A,Pittsburgh,Pennsylvania,Case Western Reserve University,Cleveland,Ohio,"Pittsburgh, PA",Pennsylvania,8/23/1999,N/A,Pennsylvania-Ohio-Pennsylvania,"Pittsburgh, Pennsylvania","Cleveland, Ohio","Pittsburgh, Pennsylvania","https://pga-tour-res.cloudinary.com/image/upload/c_fill,d_headshots_default.png,dpr_2.0,f_auto,g_face:center,h_350,q_auto,w_280/headshots_59441.png",,
Torey Edwards,N/A,N/A,Toronto,Ontario,None,None,None,"Toronto, Canada",N/A,3/23/1994,N/A,Ontario-None-N/A,"Toronto, Ontario",N/A,"Toronto, Canada","https://pga-tour-res.cloudinary.com/image/upload/c_fill,d_headshots_default.png,dpr_2.0,f_auto,g_face:center,h_350,q_auto,w_280/headshots_50237.png",,
Ryan Sullivan,N/A,N/A,Raleigh,North Carolina,University of North Carolina,Chapel Hill,North Carolina,"Raleigh, NC",North Carolina,8/23/1997,N/A,North Carolina-North Carolina-North Carolina,"Raleigh, North Carolina","Chapel Hill, North Carolina","Raleigh, North Carolina","https://pga-tour-res.cloudinary.com/image/upload/c_fill,d_headshots_default.png,dpr_2.0,f_auto,g_face:center,h_350,q_auto,w_280/headshots_58608.png",,
Alejandro Cañizares,N/A,N/A,Madrid,Spain,Arizona State University,Tempe,Arizona,"Madrid, Spain",Spain,4/9/1983,N/A,Spain-Arizona-Spain,"Madrid, Spain","Tempe, Arizona","Madrid, Spain","https://pga-tour-res.cloudinary.com/image/upload/c_fill,d_headshots_default.png,dpr_2.0,f_auto,g_face:center,h_350,q_auto,w_280/headshots_25717.png",,
Marc Warren,N/A,N/A,Rutherglen,Scotland,None,None,None,"Rutherglen, Scotland",Scotland,4/1/1981,N/A,Scotland-None-Scotland,"Rutherglen, Scotland",N/A,"Rutherglen, Scotland","https://pga-tour-res.cloudinary.com/image/upload/c_fill,d_headshots_default.png,dpr_2.0,f_auto,g_face:center,h_350,q_auto,w_280/headshots_25731.png",,
Michael Block,N/A,N/A,St. Louis,Missouri,University of Missouri-St. Louis,St. Louis,Missouri,"Mission Viejo, CA",California,6/15/1976,N/A,Missouri-Missouri-California,"St. Louis, Missouri","St. Louis, Missouri","Mission Viejo, California","https://pga-tour-res.cloudinary.com/image/upload/c_fill,d_headshots_default.png,dpr_2.0,f_auto,g_face:center,h_350,q_auto,w_280/headshots_23621.png",,
Tjaart van der Walt,N/A,N/A,Pretoria,South Africa,None,None,None,"Pretoria, South Africa",South Africa,8/25/1974,N/A,South Africa-None-South Africa,"Pretoria, South Africa",N/A,"Pretoria, South Africa","https://pga-tour-res.cloudinary.com/image/upload/c_fill,d_headshots_default.png,dpr_2.0,f_auto,g_face:center,h_350,q_auto,w_280/headshots_22444.png",,
Myles Lewis,N/A,N/A,New Orleans,Louisiana,None,None,None,"New Orleans, LA",Louisiana,8/23/1996,N/A,Louisiana-None-Louisiana,"New Orleans, Louisiana",N/A,"New Orleans, Louisiana","https://pga-tour-res.cloudinary.com/image/upload/c_fill,d_headshots_default.png,dpr_2.0,f_auto,g_face:center,h_350,q_auto,w_280/headshots_57627.png",,
Thomas Longbella,N/A,N/A,Chippewa Falls,Wisconsin,University of Minnesota,Minneapolis,Minnesota,"Chippewa Falls, WI",Wisconsin,8/23/1997,N/A,Wisconsin-Minnesota-Wisconsin,"Chippewa Falls, Wisconsin","Minneapolis, Minnesota","Chippewa Falls, Wisconsin","https://pga-tour-res.cloudinary.com/image/upload/c_fill,d_headshots_default.png,dpr_2.0,f_auto,g_face:center,h_350,q_auto,w_280/headshots_56181.png",,
Chris Baker,N/A,N/A,Brownstown,Indiana,Iowa State University,Ames,Iowa,"Jacksonville, FL",Florida,3/1/1986,N/A,Indiana-Iowa-Florida,"Brownstown, Indiana","Ames, Iowa","Jacksonville, Florida","https://pga-tour-res.cloudinary.com/image/upload/c_fill,d_headshots_default.png,dpr_2.0,f_auto,g_face:center,h_350,q_auto,w_280/headshots_32639.png",,
Ryan Brehm,N/A,N/A,Mount Pleasant,Michigan,Michigan State University,East Lansing,Michigan,"Mount Pleasant, MI",Michigan,4/5/1986,N/A,Michigan-Michigan-Michigan,"Mount Pleasant, Michigan","East Lansing, Michigan","Mount Pleasant, Michigan","https://pga-tour-res.cloudinary.com/image/upload/c_fill,d_headshots_default.png,dpr_2.0,f_auto,g_face:center,h_350,q_auto,w_280/headshots_36686.png",,
Mitch Sutton,N/A,N/A,Toronto,Ontario,None,None,None,"Toronto, Canada",N/A,8/23/1994,N/A,Ontario-None-N/A,"Toronto, Ontario",N/A,"Toronto, Canada","https://pga-tour-res.cloudinary.com/image/upload/c_fill,d_headshots_default.png,dpr_2.0,f_auto,g_face:center,h_350,q_auto,w_280/headshots_51342.png",,
Jack Wall,N/A,N/A,Ponte Vedra Beach,Florida,None,None,None,"Ponte Vedra Beach, FL",Florida,8/23/1998,N/A,Florida-None-Florida,"Ponte Vedra Beach, Florida",N/A,"Ponte Vedra Beach, Florida","https://pga-tour-res.cloudinary.com/image/upload/c_fill,d_headshots_default.png,dpr_2.0,f_auto,g_face:center,h_350,q_auto,w_280/headshots_58623.png",,
Martin Simonsen,N/A,N/A,Copenhagen,Denmark,None,None,None,"Copenhagen, Denmark",Denmark,3/23/1992,N/A,Denmark-None-Denmark,"Copenhagen, Denmark",N/A,"Copenhagen, Denmark","https://pga-tour-res.cloudinary.com/image/upload/c_fill,d_headshots_default.png,dpr_2.0,f_auto,g_face:center,h_350,q_auto,w_280/headshots_50827.png",,
Aaron Cockerill,N/A,N/A,Winnipeg,Manitoba,None,None,None,"Winnipeg, Canada",N/A,8/23/1992,N/A,Manitoba-None-N/A,"Winnipeg, Manitoba",N/A,"Winnipeg, Canada","https://pga-tour-res.cloudinary.com/image/upload/c_fill,d_headshots_default.png,dpr_2.0,f_auto,g_face:center,h_350,q_auto,w_280/headshots_46681.png",,
Ben Carr,N/A,N/A,Columbus,Georgia,Georgia Southern University,Statesboro,Georgia,"Columbus, GA",Georgia,8/23/1999,N/A,Georgia-Georgia-Georgia,"Columbus, Georgia","Statesboro, Georgia","Columbus, Georgia","https://pga-tour-res.cloudinary.com/image/upload/c_fill,d_headshots_default.png,dpr_2.0,f_auto,g_face:center,h_350,q_auto,w_280/headshots_60003.png",,
Josh Hill,N/A,N/A,Warrington,England,None,None,None,"Warrington, England",England,3/23/2004,N/A,England-None-England,"Warrington, England",N/A,"Warrington, England","https://pga-tour-res.cloudinary.com/image/upload/c_fill,d_headshots_default.png,dpr_2.0,f_auto,g_face:center,h_350,q_auto,w_280/headshots_58999.png",,
M.J. Daffue,N/A,N/A,Pretoria,South Africa,Lamar University,Beaumont,Texas,"Houston, TX",Texas,1/13/1989,N/A,South Africa-Texas-Texas,"Pretoria, South Africa","Beaumont, Texas","Houston, Texas","https://pga-tour-res.cloudinary.com/image/upload/c_fill,d_headshots_default.png,dpr_2.0,f_auto,g_face:center,h_350,q_auto,w_280/headshots_37342.png",,
Evan Russell,N/A,N/A,Toronto,Ontario,None,None,None,"Toronto, Canada",N/A,8/23/1995,N/A,Ontario-None-N/A,"Toronto, Ontario",N/A,"Toronto, Canada","https://pga-tour-res.cloudinary.com/image/upload/c_fill,d_headshots_default.png,dpr_2.0,f_auto,g_face:center,h_350,q_auto,w_280/headshots_48727.png",,
David Hearn,N/A,N/A,Brampton,Ontario,University of Wyoming,Laramie,Wyoming,"Brantford, Canada",N/A,6/17/1979,N/A,Ontario-Wyoming-N/A,"Brampton, Ontario","Laramie, Wyoming","Brantford, Canada","https://pga-tour-res.cloudinary.com/image/upload/c_fill,d_headshots_default.png,dpr_2.0,f_auto,g_face:center,h_350,q_auto,w_280/headshots_24925.png",,
Matt Every,N/A,N/A,Daytona Beach,Florida,University of Florida,Gainesville,Florida,"Jacksonville Beach, FL",Florida,12/4/1983,N/A,Florida-Florida-Florida,"Daytona Beach, Florida","Gainesville, Florida","Jacksonville Beach, Florida","https://pga-tour-res.cloudinary.com/image/upload/c_fill,d_headshots_default.png,dpr_2.0,f_auto,g_face:center,h_350,q_auto,w_280/headshots_29222.png",,
Matt Short,N/A,N/A,Toronto,Ontario,None,None,None,"Toronto, Canada",N/A,8/23/1992,N/A,Ontario-None-N/A,"Toronto, Ontario",N/A,"Toronto, Canada","https://pga-tour-res.cloudinary.com/image/upload/c_fill,d_headshots_default.png,dpr_2.0,f_auto,g_face:center,h_350,q_auto,w_280/headshots_48951.png",,
Jack Trent,N/A,N/A,Brisbane,Australia,"University of Nevada, Las Vegas",Las Vegas,Nevada,"Brisbane, Australia",Australia,8/23/1997,N/A,Australia-Nevada-Australia,"Brisbane, Australia","Las Vegas, Nevada","Brisbane, Australia","https://pga-tour-res.cloudinary.com/image/upload/c_fill,d_headshots_default.png,dpr_2.0,f_auto,g_face:center,h_350,q_auto,w_280/headshots_54426.png",,
Steven Alker,N/A,N/A,Hamilton,New Zealand,None,None,None,"Hamilton, New Zealand",New Zealand,7/28/1971,N/A,New Zealand-None-New Zealand,"Hamilton, New Zealand",N/A,"Hamilton, New Zealand","https://pga-tour-res.cloudinary.com/image/upload/c_fill,d_headshots_default.png,dpr_2.0,f_auto,g_face:center,h_350,q_auto,w_280/headshots_22591.png",,
Dawie van der Walt,N/A,N/A,Paarl,South Africa,Lamar University,Beaumont,Texas,"Paarl, South Africa",South Africa,2/11/1983,N/A,South Africa-Texas-South Africa,"Paarl, South Africa","Beaumont, Texas","Paarl, South Africa","https://pga-tour-res.cloudinary.com/image/upload/c_fill,d_headshots_default.png,dpr_2.0,f_auto,g_face:center,h_350,q_auto,w_280/headshots_29325.png",,
Jarryd Felton,N/A,N/A,Perth,Australia,None,None,None,"Perth, Australia",Australia,8/23/1995,N/A,Australia-None-Australia,"Perth, Australia",N/A,"Perth, Australia","https://pga-tour-res.cloudinary.com/image/upload/c_fill,d_headshots_default.png,dpr_2.0,f_auto,g_face:center,h_350,q_auto,w_280/headshots_46595.png",,
Thomas Power Horan,N/A,N/A,Dublin,Ireland,None,None,None,"Dublin, Ireland",Ireland,3/23/1997,N/A,Ireland-None-Ireland,"Dublin, Ireland",N/A,"Dublin, Ireland","https://pga-tour-res.cloudinary.com/image/upload/c_fill,d_headshots_default.png,dpr_2.0,f_auto,g_face:center,h_350,q_auto,w_280/headshots_53725.png",,
Michael Brennan,N/A,N/A,Houston,Texas,Wake Forest University,Winston-Salem,North Carolina,"Houston, TX",Texas,8/23/2000,N/A,Texas-North Carolina-Texas,"Houston, Texas","Winston-Salem, North Carolina","Houston, Texas","https://pga-tour-res.cloudinary.com/image/upload/c_fill,d_headshots_default.png,dpr_2.0,f_auto,g_face:center,h_350,q_auto,w_280/headshots_58611.png",,
Chase Hanna,N/A,N/A,Dallas,Texas,University of Kansas,Lawrence,Kansas,"Dallas, TX",Texas,8/23/1994,N/A,Texas-Kansas-Texas,"Dallas, Texas","Lawrence, Kansas","Dallas, Texas","https://pga-tour-res.cloudinary.com/image/upload/c_fill,d_headshots_default.png,dpr_2.0,f_auto,g_face:center,h_350,q_auto,w_280/headshots_53185.png",,
Matt Saulez,N/A,N/A,Durban,South Africa,None,None,None,"Durban, South Africa",South Africa,3/23/1995,N/A,South Africa-None-South Africa,"Durban, South Africa",N/A,"Durban, South Africa","https://pga-tour-res.cloudinary.com/image/upload/c_fill,d_headshots_default.png,dpr_2.0,f_auto,g_face:center,h_350,q_auto,w_280/headshots_50392.png",,
Ashton Turner,N/A,N/A,York,England,None,None,None,"York, England",England,8/23/1994,N/A,England-None-England,"York, England",N/A,"York, England","https://pga-tour-res.cloudinary.com/image/upload/c_fill,d_headshots_default.png,dpr_2.0,f_auto,g_face:center,h_350,q_auto,w_280/headshots_48064.png",,
David Nyfjäll,N/A,N/A,Stockholm,Sweden,Northwestern University,Evanston,Illinois,"Stockholm, Sweden",Sweden,3/23/1996,N/A,Sweden-Illinois-Sweden,"Stockholm, Sweden","Evanston, Illinois","Stockholm, Sweden","https://pga-tour-res.cloudinary.com/image/upload/c_fill,d_headshots_default.png,dpr_2.0,f_auto,g_face:center,h_350,q_auto,w_280/headshots_54536.png",,
Cameron Percy,N/A,N/A,Melbourne,Australia,None,None,None,"Raleigh, NC",North Carolina,5/5/1974,N/A,Australia-None-North Carolina,"Melbourne, Australia",N/A,"Raleigh, North Carolina","https://pga-tour-res.cloudinary.com/image/upload/c_fill,d_headshots_default.png,dpr_2.0,f_auto,g_face:center,h_350,q_auto,w_280/headshots_26014.png",,
Ben Eccles,N/A,N/A,Melbourne,Australia,None,None,None,"Melbourne, Australia",Australia,8/23/1994,N/A,Australia-None-Australia,"Melbourne, Australia",N/A,"Melbourne, Australia","https://pga-tour-res.cloudinary.com/image/upload/c_fill,d_headshots_default.png,dpr_2.0,f_auto,g_face:center,h_350,q_auto,w_280/headshots_45773.png",,
Blair Hamilton,N/A,N/A,Toronto,Ontario,None,None,None,"Toronto, Canada",N/A,3/23/1993,N/A,Ontario-None-N/A,"Toronto, Ontario",N/A,"Toronto, Canada","https://pga-tour-res.cloudinary.com/image/upload/c_fill,d_headshots_default.png,dpr_2.0,f_auto,g_face:center,h_350,q_auto,w_280/headshots_46682.png",,
James Allenby,N/A,N/A,Sydney,Australia,None,None,None,"Sydney, Australia",Australia,8/23/1992,N/A,Australia-None-Australia,"Sydney, Australia",N/A,"Sydney, Australia","https://pga-tour-res.cloudinary.com/image/upload/c_fill,d_headshots_default.png,dpr_2.0,f_auto,g_face:center,h_350,q_auto,w_280/headshots_39102.png",,
Rhein Gibson,N/A,N/A,Sydney,Australia,Oklahoma Christian University,Edmond,Oklahoma,"Edmond, OK",Oklahoma,2/1/1986,N/A,Australia-Oklahoma-Oklahoma,"Sydney, Australia","Edmond, Oklahoma","Edmond, Oklahoma","https://pga-tour-res.cloudinary.com/image/upload/c_fill,d_headshots_default.png,dpr_2.0,f_auto,g_face:center,h_350,q_auto,w_280/headshots_36394.png",,
George Bryan IV,N/A,N/A,Columbia,South Carolina,University of South Carolina,Columbia,South Carolina,"Columbia, SC",South Carolina,8/23/1996,N/A,South Carolina-South Carolina-South Carolina,"Columbia, South Carolina","Columbia, South Carolina","Columbia, South Carolina","https://pga-tour-res.cloudinary.com/image/upload/c_fill,d_headshots_default.png,dpr_2.0,f_auto,g_face:center,h_350,q_auto,w_280/headshots_56766.png",,
Jack Singh Brar,N/A,N/A,Harrow,England,None,None,None,"Harrow, England",England,3/23/1997,N/A,England-None-England,"Harrow, England",N/A,"Harrow, England","https://pga-tour-res.cloudinary.com/image/upload/c_fill,d_headshots_default.png,dpr_2.0,f_auto,g_face:center,h_350,q_auto,w_280/headshots_51334.png",,
Matt Ryan,N/A,N/A,Toronto,Ontario,None,None,None,"Toronto, Canada",N/A,8/23/1993,N/A,Ontario-None-N/A,"Toronto, Ontario",N/A,"Toronto, Canada","https://pga-tour-res.cloudinary.com/image/upload/c_fill,d_headshots_default.png,dpr_2.0,f_auto,g_face:center,h_350,q_auto,w_280/headshots_51343.png",,
Trevor Sluman,N/A,N/A,Orlando,Florida,University of Louisville,Louisville,Kentucky,"Orlando, FL",Florida,8/23/1994,N/A,Florida-Kentucky-Florida,"Orlando, Florida","Louisville, Kentucky","Orlando, Florida","https://pga-tour-res.cloudinary.com/image/upload/c_fill,d_headshots_default.png,dpr_2.0,f_auto,g_face:center,h_350,q_auto,w_280/headshots_51344.png",,
,,,,,,,,,,,,,,,,,,
Oihan Guillamoundeguy,N/A,N/A,Biarritz,France,None,None,None,"Biarritz, France",France,8/23/2000,N/A,France-None-France,"Biarritz, France",N/A,"Biarritz, France","https://pga-tour-res.cloudinary.com/image/upload/c_fill,d_headshots_default.png,dpr_2.0,f_auto,g_face:center,h_350,q_auto,w_280/headshots_59830.png",,
Victor Dubuisson,N/A,N/A,Cannes,France,None,None,None,"Cannes, France",France,4/22/1990,N/A,France-None-France,"Cannes, France",N/A,"Cannes, France","https://pga-tour-res.cloudinary.com/image/upload/c_fill,d_headshots_default.png,dpr_2.0,f_auto,g_face:center,h_350,q_auto,w_280/headshots_34071.png",,
Tom Vaillant,N/A,N/A,Paris,France,None,None,None,"Paris, France",France,8/23/1998,N/A,France-None-France,"Paris, France",N/A,"Paris, France","https://pga-tour-res.cloudinary.com/image/upload/c_fill,d_headshots_default.png,dpr_2.0,f_auto,g_face:center,h_350,q_auto,w_280/headshots_57628.png",,
Ollie Osborne,N/A,N/A,Reno,Nevada,Southern Methodist University,Dallas,Texas,"Reno, NV",Nevada,8/23/1999,N/A,Nevada-Texas-Nevada,"Reno, Nevada","Dallas, Texas","Reno, Nevada","https://pga-tour-res.cloudinary.com/image/upload/c_fill,d_headshots_default.png,dpr_2.0,f_auto,g_face:center,h_350,q_auto,w_280/headshots_58612.png",,
Laurie Owen,N/A,N/A,Toronto,Ontario,None,None,None,"Toronto, Canada",N/A,3/23/1992,N/A,Ontario-None-N/A,"Toronto, Ontario",N/A,"Toronto, Canada","https://pga-tour-res.cloudinary.com/image/upload/c_fill,d_headshots_default.png,dpr_2.0,f_auto,g_face:center,h_350,q_auto,w_280/headshots_52364.png",,
Manuel Quiros,N/A,N/A,Málaga,Spain,None,None,None,"Málaga, Spain",Spain,8/23/1996,N/A,Spain-None-Spain,"Málaga, Spain",N/A,"Málaga, Spain","https://pga-tour-res.cloudinary.com/image/upload/c_fill,d_headshots_default.png,dpr_2.0,f_auto,g_face:center,h_350,q_auto,w_280/headshots_59831.png",,
Chris Williams,N/A,N/A,Moscow,Idaho,University of Washington,Seattle,Washington,"Moscow, ID",Idaho,3/20/1991,N/A,Idaho-Washington-Idaho,"Moscow, Idaho","Seattle, Washington","Moscow, Idaho","https://pga-tour-res.cloudinary.com/image/upload/c_fill,d_headshots_default.png,dpr_2.0,f_auto,g_face:center,h_350,q_auto,w_280/headshots_40022.png",,
Tyler Strafaci,N/A,N/A,Fort Lauderdale,Florida,Georgia Tech,Atlanta,Georgia,"Davie, FL",Florida,8/23/1998,N/A,Florida-Georgia-Florida,"Fort Lauderdale, Florida","Atlanta, Georgia","Davie, Florida","https://pga-tour-res.cloudinary.com/image/upload/c_fill,d_headshots_default.png,dpr_2.0,f_auto,g_face:center,h_350,q_auto,w_280/headshots_56148.png",,
David Howell,N/A,N/A,Swindon,England,None,None,None,"Swindon, England",England,6/23/1975,N/A,England-None-England,"Swindon, England",N/A,"Swindon, England","https://pga-tour-res.cloudinary.com/image/upload/c_fill,d_headshots_default.png,dpr_2.0,f_auto,g_face:center,h_350,q_auto,w_280/headshots_21940.png",,
Tom McGee,N/A,N/A,Toronto,Ontario,None,None,None,"Toronto, Canada",N/A,8/23/1993,N/A,Ontario-None-N/A,"Toronto, Ontario",N/A,"Toronto, Canada","https://pga-tour-res.cloudinary.com/image/upload/c_fill,d_headshots_default.png,dpr_2.0,f_auto,g_face:center,h_350,q_auto,w_280/headshots_51345.png",,
David Cooke,N/A,N/A,Toronto,Ontario,None,None,None,"Toronto, Canada",N/A,3/23/1991,N/A,Ontario-None-N/A,"Toronto, Ontario",N/A,"Toronto, Canada","https://pga-tour-res.cloudinary.com/image/upload/c_fill,d_headshots_default.png,dpr_2.0,f_auto,g_face:center,h_350,q_auto,w_280/headshots_48952.png",,
Ben Campbell,N/A,N/A,Toronto,Ontario,None,None,None,"Toronto, Canada",N/A,8/23/1990,N/A,Ontario-None-N/A,"Toronto, Ontario",N/A,"Toronto, Canada","https://pga-tour-res.cloudinary.com/image/upload/c_fill,d_headshots_default.png,dpr_2.0,f_auto,g_face:center,h_350,q_auto,w_280/headshots_46683.png",,
Michael Gligic,N/A,N/A,Kitchener,Ontario,None,None,None,"Burlington, Canada",N/A,9/19/1989,N/A,Ontario-None-N/A,"Kitchener, Ontario",N/A,"Burlington, Canada","https://pga-tour-res.cloudinary.com/image/upload/c_fill,d_headshots_default.png,dpr_2.0,f_auto,g_face:center,h_350,q_auto,w_280/headshots_31564.png",,
Drew Weaver,N/A,N/A,High Point,North Carolina,Virginia Tech,Blacksburg,Virginia,"High Point, NC",North Carolina,8/23/1987,N/A,North Carolina-Virginia-North Carolina,"High Point, North Carolina","Blacksburg, Virginia","High Point, North Carolina","https://pga-tour-res.cloudinary.com/image/upload/c_fill,d_headshots_default.png,dpr_2.0,f_auto,g_face:center,h_350,q_auto,w_280/headshots_32641.png",,
James Hahn,N/A,N/A,Seoul,South Korea,"University of California, Berkeley",Berkeley,California,"Scottsdale, AZ",Arizona,11/19/1981,N/A,South Korea-California-Arizona,"Seoul, South Korea","Berkeley, California","Scottsdale, Arizona","https://pga-tour-res.cloudinary.com/image/upload/c_fill,d_headshots_default.png,dpr_2.0,f_auto,g_face:center,h_350,q_auto,w_280/headshots_30967.png",,
Lee Soo-min,N/A,N/A,Seoul,South Korea,None,None,None,"Seoul, South Korea",South Korea,8/23/1993,N/A,South Korea-None-South Korea,"Seoul, South Korea",N/A,"Seoul, South Korea","https://pga-tour-res.cloudinary.com/image/upload/c_fill,d_headshots_default.png,dpr_2.0,f_auto,g_face:center,h_350,q_auto,w_280/headshots_34127.png",,
Ross Munro,N/A,N/A,Toronto,Ontario,None,None,None,"Toronto, Canada",N/A,3/23/1994,N/A,Ontario-None-N/A,"Toronto, Ontario",N/A,"Toronto, Canada","https://pga-tour-res.cloudinary.com/image/upload/c_fill,d_headshots_default.png,dpr_2.0,f_auto,g_face:center,h_350,q_auto,w_280/headshots_51346.png",,
Hunter Stewart,N/A,N/A,Lexington,Kentucky,Vanderbilt University,Nashville,Tennessee,"Lexington, KY",Kentucky,8/23/1992,N/A,Kentucky-Tennessee-Kentucky,"Lexington, Kentucky","Nashville, Tennessee","Lexington, Kentucky","https://pga-tour-res.cloudinary.com/image/upload/c_fill,d_headshots_default.png,dpr_2.0,f_auto,g_face:center,h_350,q_auto,w_280/headshots_47440.png",,
Chase Parker,N/A,N/A,Toronto,Ontario,None,None,None,"Toronto, Canada",N/A,8/23/1991,N/A,Ontario-None-N/A,"Toronto, Ontario",N/A,"Toronto, Canada","https://pga-tour-res.cloudinary.com/image/upload/c_fill,d_headshots_default.png,dpr_2.0,f_auto,g_face:center,h_350,q_auto,w_280/headshots_48953.png",,
Matt Hill,N/A,N/A,Sarnia,Ontario,North Carolina State University,Raleigh,North Carolina,"Sarnia, Canada",N/A,4/4/1988,N/A,Ontario-North Carolina-N/A,"Sarnia, Ontario","Raleigh, North Carolina","Sarnia, Canada","https://pga-tour-res.cloudinary.com/image/upload/c_fill,d_headshots_default.png,dpr_2.0,f_auto,g_face:center,h_350,q_auto,w_280/headshots_34075.png",,
Hugo Leon,N/A,N/A,Santiago,Chile,None,None,None,"Santiago, Chile",Chile,8/23/1988,N/A,Chile-None-Chile,"Santiago, Chile",N/A,"Santiago, Chile","https://pga-tour-res.cloudinary.com/image/upload/c_fill,d_headshots_default.png,dpr_2.0,f_auto,g_face:center,h_350,q_auto,w_280/headshots_34580.png",,
Grayson Murray,N/A,N/A,Raleigh,North Carolina,East Carolina University,Greenville,North Carolina,"Raleigh, NC",North Carolina,10/1/1993,N/A,North Carolina-North Carolina-North Carolina,"Raleigh, North Carolina","Greenville, North Carolina","Raleigh, North Carolina","https://pga-tour-res.cloudinary.com/image/upload/c_fill,d_headshots_default.png,dpr_2.0,f_auto,g_face:center,h_350,q_auto,w_280/headshots_47357.png",,
Mike Weir,N/A,N/A,Sarnia,Ontario,Brigham Young University,Provo,Utah,"Brighton, Canada",N/A,5/12/1970,N/A,Ontario-Utah-N/A,"Sarnia, Ontario","Provo, Utah","Brighton, Canada","https://pga-tour-res.cloudinary.com/image/upload/c_fill,d_headshots_default.png,dpr_2.0,f_auto,g_face:center,h_350,q_auto,w_280/headshots_23614.png",,
Chris Crisologo,N/A,N/A,Vancouver,British Columbia,Simon Fraser University,Burnaby,British Columbia,"Vancouver, Canada",N/A,8/23/1994,N/A,British Columbia-British Columbia-N/A,"Vancouver, British Columbia","Burnaby, British Columbia","Vancouver, Canada","https://pga-tour-res.cloudinary.com/image/upload/c_fill,d_headshots_default.png,dpr_2.0,f_auto,g_face:center,h_350,q_auto,w_280/headshots_51347.png",,
Evan White,N/A,N/A,Toronto,Ontario,None,None,None,"Toronto, Canada",N/A,3/23/1995,N/A,Ontario-None-N/A,"Toronto, Ontario",N/A,"Toronto, Canada","https://pga-tour-res.cloudinary.com/image/upload/c_fill,d_headshots_default.png,dpr_2.0,f_auto,g_face:center,h_350,q_auto,w_280/headshots_52365.png",,
Jesper Sandborg,N/A,N/A,Stockholm,Sweden,None,None,None,"Stockholm, Sweden",Sweden,8/23/1993,N/A,Sweden-None-Sweden,"Stockholm, Sweden",N/A,"Stockholm, Sweden","https://pga-tour-res.cloudinary.com/image/upload/c_fill,d_headshots_default.png,dpr_2.0,f_auto,g_face:center,h_350,q_auto,w_280/headshots_48371.png",,
Ben Lorenz,N/A,N/A,Oklahoma City,Oklahoma,University of Oklahoma,Norman,Oklahoma,"Oklahoma City, OK",Oklahoma,8/23/1998,N/A,Oklahoma-Oklahoma-Oklahoma,"Oklahoma City, Oklahoma","Norman, Oklahoma","Oklahoma City, Oklahoma","https://pga-tour-res.cloudinary.com/image/upload/c_fill,d_headshots_default.png,dpr_2.0,f_auto,g_face:center,h_350,q_auto,w_280/headshots_58613.png",,
Charlie Danielson,N/A,N/A,Osceola,Wisconsin,University of Illinois,Urbana-Champaign,Illinois,"Osceola, WI",Wisconsin,8/23/1994,N/A,Wisconsin-Illinois-Wisconsin,"Osceola, Wisconsin","Urbana-Champaign, Illinois","Osceola, Wisconsin","https://pga-tour-res.cloudinary.com/image/upload/c_fill,d_headshots_default.png,dpr_2.0,f_auto,g_face:center,h_350,q_auto,w_280/headshots_52367.png",,
David Pastore,N/A,N/A,Greenwich,Connecticut,None,None,None,"Greenwich, CT",Connecticut,8/23/1990,N/A,Connecticut-None-Connecticut,"Greenwich, Connecticut",N/A,"Greenwich, Connecticut","https://pga-tour-res.cloudinary.com/image/upload/c_fill,d_headshots_default.png,dpr_2.0,f_auto,g_face:center,h_350,q_auto,w_280/headshots_47441.png",,
Lee Detmer,N/A,N/A,Toronto,Ontario,None,None,None,"Toronto, Canada",N/A,3/23/1993,N/A,Ontario-None-N/A,"Toronto, Ontario",N/A,"Toronto, Canada","https://pga-tour-res.cloudinary.com/image/upload/c_fill,d_headshots_default.png,dpr_2.0,f_auto,g_face:center,h_350,q_auto,w_280/headshots_51348.png",,
Michael Sweeney,N/A,N/A,Toronto,Ontario,None,None,None,"Toronto, Canada",N/A,8/23/1992,N/A,Ontario-None-N/A,"Toronto, Ontario",N/A,"Toronto, Canada","https://pga-tour-res.cloudinary.com/image/upload/c_fill,d_headshots_default.png,dpr_2.0,f_auto,g_face:center,h_350,q_auto,w_280/headshots_48954.png",,
Corey Pereira,N/A,N/A,Cameron Park,California,University of Washington,Seattle,Washington,"Cameron Park, CA",California,8/23/1995,N/A,California-Washington-California,"Cameron Park, California","Seattle, Washington","Cameron Park, California","https://pga-tour-res.cloudinary.com/image/upload/c_fill,d_headshots_default.png,dpr_2.0,f_auto,g_face:center,h_350,q_auto,w_280/headshots_47442.png",,
John Augenstein,N/A,N/A,Owensboro,Kentucky,Vanderbilt University,Nashville,Tennessee,"Owensboro, KY",Kentucky,8/23/1997,N/A,Kentucky-Tennessee-Kentucky,"Owensboro, Kentucky","Nashville, Tennessee","Owensboro, Kentucky","https://pga-tour-res.cloudinary.com/image/upload/c_fill,d_headshots_default.png,dpr_2.0,f_auto,g_face:center,h_350,q_auto,w_280/headshots_56764.png",,
Taylor Funk,N/A,N/A,Ponte Vedra Beach,Florida,University of Texas,Austin,Texas,"Ponte Vedra Beach, FL",Florida,8/23/1995,N/A,Florida-Texas-Florida,"Ponte Vedra Beach, Florida","Austin, Texas","Ponte Vedra Beach, Florida","https://pga-tour-res.cloudinary.com/image/upload/c_fill,d_headshots_default.png,dpr_2.0,f_auto,g_face:center,h_350,q_auto,w_280/headshots_47443.png",,
Mark Baldwin,N/A,N/A,Toronto,Ontario,None,None,None,"Toronto, Canada",N/A,3/23/1990,N/A,Ontario-None-N/A,"Toronto, Ontario",N/A,"Toronto, Canada","https://pga-tour-res.cloudinary.com/image/upload/c_fill,d_headshots_default.png,dpr_2.0,f_auto,g_face:center,h_350,q_auto,w_280/headshots_51349.png",,
Evan Holmes,N/A,N/A,Toronto,Ontario,None,None,None,"Toronto, Canada",N/A,8/23/1989,N/A,Ontario-None-N/A,"Toronto, Ontario",N/A,"Toronto, Canada","https://pga-tour-res.cloudinary.com/image/upload/c_fill,d_headshots_default.png,dpr_2.0,f_auto,g_face:center,h_350,q_auto,w_280/headshots_48955.png",,
Chris Korte,N/A,N/A,Denver,Colorado,None,None,None,"Denver, CO",Colorado,8/23/1992,N/A,Colorado-None-Colorado,"Denver, Colorado",N/A,"Denver, Colorado","https://pga-tour-res.cloudinary.com/image/upload/c_fill,d_headshots_default.png,dpr_2.0,f_auto,g_face:center,h_350,q_auto,w_280/headshots_47444.png",,
Sebastian Szirmak,N/A,N/A,Toronto,Ontario,None,None,None,"Toronto, Canada",N/A,3/23/1988,N/A,Ontario-None-N/A,"Toronto, Ontario",N/A,"Toronto, Canada","https://pga-tour-res.cloudinary.com/image/upload/c_fill,d_headshots_default.png,dpr_2.0,f_auto,g_face:center,h_350,q_auto,w_280/headshots_51350.png",,
Ryan Yip,N/A,N/A,Calgary,Alberta,Kent State University,Kent,Ohio,"Calgary, Canada",N/A,8/25/1984,N/A,Alberta-Ohio-N/A,"Calgary, Alberta","Kent, Ohio","Calgary, Canada","https://pga-tour-res.cloudinary.com/image/upload/c_fill,d_headshots_default.png,dpr_2.0,f_auto,g_face:center,h_350,q_auto,w_280/headshots_32642.png",,
Dominic Bozzelli,N/A,N/A,Pittsford,New York,Auburn University,Auburn,Alabama,"Pittsford, NY",New York,5/22/1991,N/A,New York-Alabama-New York,"Pittsford, New York","Auburn, Alabama","Pittsford, New York","https://pga-tour-res.cloudinary.com/image/upload/c_fill,d_headshots_default.png,dpr_2.0,f_auto,g_face:center,h_350,q_auto,w_280/headshots_47445.png",,
Taylor Pendrith,N/A,N/A,Richmond Hill,Ontario,Kent State University,Kent,Ohio,Bahamas,N/A,5/30/1991,N/A,Ontario-Ohio-N/A,"Richmond Hill, Ontario","Kent, Ohio",Bahamas,N/A,"https://pga-tour-res.cloudinary.com/image/upload/c_fill,d_headshots_default.png,dpr_2.0,f_auto,g_face:center,h_350,q_auto,w_280/headshots_40250.png",
Dylan Meyer,N/A,N/A,Evansville,Indiana,University of Illinois,Urbana-Champaign,Illinois,"Evansville, IN",Indiana,8/23/1995,N/A,Indiana-Illinois-Indiana,"Evansville, Indiana","Urbana-Champaign, Illinois","Evansville, Indiana","https://pga-tour-res.cloudinary.com/image/upload/c_fill,d_headshots_default.png,dpr_2.0,f_auto,g_face:center,h_350,q_auto,w_280/headshots_47446.png",,
Mike Ballo Jr.,N/A,N/A,Stamford,Connecticut,None,None,None,"Stamford, CT",Connecticut,8/23/1988,N/A,Connecticut-None-Connecticut,"Stamford, Connecticut",N/A,"Stamford, Connecticut","https://pga-tour-res.cloudinary.com/image/upload/c_fill,d_headshots_default.png,dpr_2.0,f_auto,g_face:center,h_350,q_auto,w_280/headshots_47447.png",,
Brady Schnell,N/A,N/A,Lincoln,Nebraska,University of Nebraska,Lincoln,Nebraska,"Omaha, NE",Nebraska,8/23/1985,N/A,Nebraska-Nebraska-Nebraska,"Lincoln, Nebraska","Lincoln, Nebraska","Omaha, Nebraska","https://pga-tour-res.cloudinary.com/image/upload/c_fill,d_headshots_default.png,dpr_2.0,f_auto,g_face:center,h_350,q_auto,w_280/headshots_28321.png",,
Ryan Hall,N/A,N/A,Knoxville,Tennessee,University of South Carolina,Columbia,South Carolina,"Knoxville, TN",Tennessee,8/23/1994,N/A,Tennessee-South Carolina-Tennessee,"Knoxville, Tennessee","Columbia, South Carolina","Knoxville, Tennessee","https://pga-tour-res.cloudinary.com/image/upload/c_fill,d_headshots_default.png,dpr_2.0,f_auto,g_face:center,h_350,q_auto,w_280/headshots_47448.png",,
Tyler McCumber,N/A,N/A,Ponte Vedra Beach,Florida,University of Florida,Gainesville,Florida,"Ponte Vedra Beach, FL",Florida,4/4/1991,N/A,Florida-Florida-Florida,"Ponte Vedra Beach, Florida","Gainesville, Florida","Ponte Vedra Beach, Florida","https://pga-tour-res.cloudinary.com/image/upload/c_fill,d_headshots_default.png,dpr_2.0,f_auto,g_face:center,h_350,q_auto,w_280/headshots_47449.png",,
Chris Naegel,N/A,N/A,St. Louis,Missouri,Mississippi State University,Starkville,Mississippi,"Chesterfield, MO",Missouri,8/23/1982,N/A,Missouri-Mississippi-Missouri,"St. Louis, Missouri","Starkville, Mississippi","Chesterfield, Missouri","https://pga-tour-res.cloudinary.com/image/upload/c_fill,d_headshots_default.png,dpr_2.0,f_auto,g_face:center,h_350,q_auto,w_280/headshots_47450.png",,
Brent Grant,N/A,N/A,Sacramento,California,None,None,None,"Sacramento, CA",California,8/23/1995,N/A,California-None-California,"Sacramento, California",N/A,"Sacramento, California","https://pga-tour-res.cloudinary.com/image/upload/c_fill,d_headshots_default.png,dpr_2.0,f_auto,g_face:center,h_350,q_auto,w_280/headshots_47451.png",,
Brian Stuard,N/A,N/A,Jackson,Michigan,Oakland University,Rochester,Michigan,"Jackson, MI",Michigan,12/10/1982,N/A,Michigan-Michigan-Michigan,"Jackson, Michigan","Rochester, Michigan","Jackson, Michigan","https://pga-tour-res.cloudinary.com/image/upload/c_fill,d_headshots_default.png,dpr_2.0,f_auto,g_face:center,h_350,q_auto,w_280/headshots_30976.png",,
Michael Sims,N/A,N/A,Toronto,Ontario,None,None,None,"Toronto, Canada",N/A,8/23/1987,N/A,Ontario-None-N/A,"Toronto, Ontario",N/A,"Toronto, Canada","https://pga-tour-res.cloudinary.com/image/upload/c_fill,d_headshots_default.png,dpr_2.0,f_auto,g_face:center,h_350,q_auto,w_280/headshots_48956.png",,
Aaron Beverly,N/A,N/A,Sacramento,California,None,None,None,"Sacramento, CA",California,8/23/1992,N/A,California-None-California,"Sacramento, California",N/A,"Sacramento, California","https://pga-tour-res.cloudinary.com/image/upload/c_fill,d_headshots_default.png,dpr_2.0,f_auto,g_face:center,h_350,q_auto,w_280/headshots_47452.png",,
Matt Marshall,N/A,N/A,Toronto,Ontario,None,None,None,"Toronto, Canada",N/A,3/23/1986,N/A,Ontario-None-N/A,"Toronto, Ontario",N/A,"Toronto, Canada","https://pga-tour-res.cloudinary.com/image/upload/c_fill,d_headshots_default.png,dpr_2.0,f_auto,g_face:center,h_350,q_auto,w_280/headshots_51351.png",,
Brett Drewitt,N/A,N/A,Inverell,Australia,None,None,None,"Inverell, Australia",Australia,11/24/1990,N/A,Australia-None-Australia,"Inverell, Australia",N/A,"Inverell, Australia","https://pga-tour-res.cloudinary.com/image/upload/c_fill,d_headshots_default.png,dpr_2.0,f_auto,g_face:center,h_350,q_auto,w_280/headshots_35619.png",,
Johnny Ruiz,N/A,N/A,Toronto,Ontario,None,None,None,"Toronto, Canada",N/A,8/23/1985,N/A,Ontario-None-N/A,"Toronto, Ontario",N/A,"Toronto, Canada","https://pga-tour-res.cloudinary.com/image/upload/c_fill,d_headshots_default.png,dpr_2.0,f_auto,g_face:center,h_350,q_auto,w_280/headshots_48957.png",,
Anders Albertson,N/A,N/A,Woodstock,Georgia,Georgia Tech,Atlanta,Georgia,"Woodstock, GA",Georgia,6/8/1991,N/A,Georgia-Georgia-Georgia,"Woodstock, Georgia","Atlanta, Georgia","Woodstock, Georgia","https://pga-tour-res.cloudinary.com/image/upload/c_fill,d_headshots_default.png,dpr_2.0,f_auto,g_face:center,h_350,q_auto,w_280/headshots_47453.png",,
Danielle Kang,N/A,N/A,San Francisco,California,Pepperdine University,Malibu,California,"Las Vegas, NV",Nevada,10/20/1992,N/A,California-California-Nevada,"San Francisco, California","Malibu, California","Las Vegas, Nevada","https://pga-tour-res.cloudinary.com/image/upload/c_fill,d_headshots_default.png,dpr_2.0,f_auto,g_face:center,h_350,q_auto,w_280/headshots_47454.png",,
Evan Bowser,N/A,N/A,Toronto,Ontario,None,None,None,"Toronto, Canada",N/A,3/23/1984,N/A,Ontario-None-N/A,"Toronto, Ontario",N/A,"Toronto, Canada","https://pga-tour-res.cloudinary.com/image/upload/c_fill,d_headshots_default.png,dpr_2.0,f_auto,g_face:center,h_350,q_auto,w_280/headshots_51352.png",,
Zac Oakley,N/A,N/A,Toronto,Ontario,None,None,None,"Toronto, Canada",N/A,8/23/1983,N/A,Ontario-None-N/A,"Toronto, Ontario",N/A,"Toronto, Canada","https://pga-tour-res.cloudinary.com/image/upload/c_fill,d_headshots_default.png,dpr_2.0,f_auto,g_face:center,h_350,q_auto,w_280/headshots_48958.png",,
Tim Wilkinson,N/A,N/A,Palmerston North,New Zealand,None,None,None,"Jacksonville, FL",Florida,8/23/1978,N/A,New Zealand-None-Florida,"Palmerston North, New Zealand",N/A,"Jacksonville, Florida","https://pga-tour-res.cloudinary.com/image/upload/c_fill,d_headshots_default.png,dpr_2.0,f_auto,g_face:center,h_350,q_auto,w_280/headshots_26015.png",,
Charlie Reiter,N/A,N/A,Palm Desert,California,University of San Diego,San Diego,California,"Palm Desert, CA",California,8/23/2000,N/A,California-California-California,"Palm Desert, California","San Diego, California","Palm Desert, California","https://pga-tour-res.cloudinary.com/image/upload/c_fill,d_headshots_default.png,dpr_2.0,f_auto,g_face:center,h_350,q_auto,w_280/headshots_58614.png",,
Andrew Kozan,N/A,N/A,Palm Beach Gardens,Florida,Auburn University,Auburn,Alabama,"Palm Beach Gardens, FL",Florida,8/23/1999,N/A,Florida-Alabama-Florida,"Palm Beach Gardens, Florida","Auburn, Alabama","Palm Beach Gardens, Florida","https://pga-tour-res.cloudinary.com/image/upload/c_fill,d_headshots_default.png,dpr_2.0,f_auto,g_face:center,h_350,q_auto,w_280/headshots_58615.png",,
Matt Parziale,N/A,N/A,Brockton,Massachusetts,None,None,None,"Brockton, MA",Massachusetts,8/23/1987,N/A,Massachusetts-None-Massachusetts,"Brockton, Massachusetts",N/A,"Brockton, Massachusetts","https://pga-tour-res.cloudinary.com/image/upload/c_fill,d_headshots_default.png,dpr_2.0,f_auto,g_face:center,h_350,q_auto,w_280/headshots_47455.png",,
Mark Anguiano,N/A,N/A,El Paso,Texas,None,None,None,"El Paso, TX",Texas,8/23/1989,N/A,Texas-None-Texas,"El Paso, Texas",N/A,"El Paso, Texas","https://pga-tour-res.cloudinary.com/image/upload/c_fill,d_headshots_default.png,dpr_2.0,f_auto,g_face:center,h_350,q_auto,w_280/headshots_47456.png",,
Taylor Montgomery,N/A,N/A,Las Vegas,Nevada,"University of Nevada, Las Vegas",Las Vegas,Nevada,"Las Vegas, NV",Nevada,1/30/1995,N/A,Nevada-Nevada-Nevada,"Las Vegas, Nevada","Las Vegas, Nevada","Las Vegas, Nevada","https://pga-tour-res.cloudinary.com/image/upload/c_fill,d_headshots_default.png,dpr_2.0,f_auto,g_face:center,h_350,q_auto,w_280/headshots_55789.png",,
,,,,,,,,,,,,,,,,,,
Evan Brown,N/A,N/A,Toronto,Ontario,None,None,None,"Toronto, Canada",N/A,8/23/1986,N/A,Ontario-None-N/A,"Toronto, Ontario",N/A,"Toronto, Canada","https://pga-tour-res.cloudinary.com/image/upload/c_fill,d_headshots_default.png,dpr_2.0,f_auto,g_face:center,h_350,q_auto,w_280/headshots_48959.png",,
Ben Silverman,N/A,N/A,Palm Beach Gardens,Florida,Florida Atlantic University,Boca Raton,Florida,"Jupiter, FL",Florida,11/15/1987,N/A,Florida-Florida-Florida,"Palm Beach Gardens, Florida","Boca Raton, Florida","Jupiter, Florida","https://pga-tour-res.cloudinary.com/image/upload/c_fill,d_headshots_default.png,dpr_2.0,f_auto,g_face:center,h_350,q_auto,w_280/headshots_39327.png",,
Michael Feagles,N/A,N/A,Hinsdale,Illinois,University of Illinois,Urbana-Champaign,Illinois,"Hinsdale, IL",Illinois,8/23/1997,N/A,Illinois-Illinois-Illinois,"Hinsdale, Illinois","Urbana-Champaign, Illinois","Hinsdale, Illinois","https://pga-tour-res.cloudinary.com/image/upload/c_fill,d_headshots_default.png,dpr_2.0,f_auto,g_face:center,h_350,q_auto,w_280/headshots_56765.png",,
Jack Munro,N/A,N/A,Toronto,Ontario,None,None,None,"Toronto, Canada",N/A,3/23/1987,N/A,Ontario-None-N/A,"Toronto, Ontario",N/A,"Toronto, Canada","https://pga-tour-res.cloudinary.com/image/upload/c_fill,d_headshots_default.png,dpr_2.0,f_auto,g_face:center,h_350,q_auto,w_280/headshots_51353.png",,
Josh Whalen,N/A,N/A,Toronto,Ontario,None,None,None,"Toronto, Canada",N/A,8/23/1988,N/A,Ontario-None-N/A,"Toronto, Ontario",N/A,"Toronto, Canada","https://pga-tour-res.cloudinary.com/image/upload/c_fill,d_headshots_default.png,dpr_2.0,f_auto,g_face:center,h_350,q_auto,w_280/headshots_48960.png",,
Hugo Bernard,N/A,N/A,Quebec City,Quebec,None,None,None,"Quebec City, Canada",N/A,8/23/1994,N/A,Quebec-None-N/A,"Quebec City, Quebec",N/A,"Quebec City, Canada","https://pga-tour-res.cloudinary.com/image/upload/c_fill,d_headshots_default.png,dpr_2.0,f_auto,g_face:center,h_350,q_auto,w_280/headshots_51354.png",,
Etienne Brault,N/A,N/A,Toronto,Ontario,None,None,None,"Toronto, Canada",N/A,3/23/1989,N/A,Ontario-None-N/A,"Toronto, Ontario",N/A,"Toronto, Canada","https://pga-tour-res.cloudinary.com/image/upload/c_fill,d_headshots_default.png,dpr_2.0,f_auto,g_face:center,h_350,q_auto,w_280/headshots_48961.png",,
Robbie Greenwell,N/A,N/A,Toronto,Ontario,None,None,None,"Toronto, Canada",N/A,8/23/1990,N/A,Ontario-None-N/A,"Toronto, Ontario",N/A,"Toronto, Canada","https://pga-tour-res.cloudinary.com/image/upload/c_fill,d_headshots_default.png,dpr_2.0,f_auto,g_face:center,h_350,q_auto,w_280/headshots_51355.png",,
Luke Schniederjans,N/A,N/A,Dallas,Texas,Georgia Tech,Atlanta,Georgia,"Dallas, TX",Texas,8/23/1996,N/A,Texas-Georgia-Texas,"Dallas, Texas","Atlanta, Georgia","Dallas, Texas","https://pga-tour-res.cloudinary.com/image/upload/c_fill,d_headshots_default.png,dpr_2.0,f_auto,g_face:center,h_350,q_auto,w_280/headshots_47457.png",,
Pep Angles,N/A,N/A,Barcelona,Spain,None,None,None,"Barcelona, Spain",Spain,8/23/1992,N/A,Spain-None-Spain,"Barcelona, Spain",N/A,"Barcelona, Spain","https://pga-tour-res.cloudinary.com/image/upload/c_fill,d_headshots_default.png,dpr_2.0,f_auto,g_face:center,h_350,q_auto,w_280/headshots_46596.png",,
Braden Bailey,N/A,N/A,Waco,Texas,Baylor University,Waco,Texas,"Waco, TX",Texas,8/23/1995,N/A,Texas-Texas-Texas,"Waco, Texas","Waco, Texas","Waco, Texas","https://pga-tour-res.cloudinary.com/image/upload/c_fill,d_headshots_default.png,dpr_2.0,f_auto,g_face:center,h_350,q_auto,w_280/headshots_47458.png",,
Chris Crawford,N/A,N/A,Jacksonville,Florida,None,None,None,"Jacksonville, FL",Florida,8/23/1993,N/A,Florida-None-Florida,"Jacksonville, Florida",N/A,"Jacksonville, Florida","https://pga-tour-res.cloudinary.com/image/upload/c_fill,d_headshots_default.png,dpr_2.0,f_auto,g_face:center,h_350,q_auto,w_280/headshots_47459.png",,
Jonathan Keppler,N/A,N/A,Toronto,Ontario,None,None,None,"Toronto, Canada",N/A,3/23/1991,N/A,Ontario-None-N/A,"Toronto, Ontario",N/A,"Toronto, Canada","https://pga-tour-res.cloudinary.com/image/upload/c_fill,d_headshots_default.png,dpr_2.0,f_auto,g_face:center,h_350,q_auto,w_280/headshots_51356.png",,
P.J. Maybank,N/A,N/A,Cheboygan,Michigan,None,None,None,"Cheboygan, MI",Michigan,8/23/1999,N/A,Michigan-None-Michigan,"Cheboygan, Michigan",N/A,"Cheboygan, Michigan","https://pga-tour-res.cloudinary.com/image/upload/c_fill,d_headshots_default.png,dpr_2.0,f_auto,g_face:center,h_350,q_auto,w_280/headshots_58616.png",,
Martin Piller,N/A,N/A,Dallas,Texas,Texas A&M University,College Station,Texas,"Dallas, TX",Texas,5/14/1985,N/A,Texas-Texas-Texas,"Dallas, Texas","College Station, Texas","Dallas, Texas","https://pga-tour-res.cloudinary.com/image/upload/c_fill,d_headshots_default.png,dpr_2.0,f_auto,g_face:center,h_350,q_auto,w_280/headshots_32643.png",,
James Piot,N/A,N/A,Canton,Michigan,Michigan State University,East Lansing,Michigan,"Canton, MI",Michigan,8/23/1998,N/A,Michigan-Michigan-Michigan,"Canton, Michigan","East Lansing, Michigan","Canton, Michigan","https://pga-tour-res.cloudinary.com/image/upload/c_fill,d_headshots_default.png,dpr_2.0,f_auto,g_face:center,h_350,q_auto,w_280/headshots_58617.png",,
Scott Stevens,N/A,N/A,Toronto,Ontario,None,None,None,"Toronto, Canada",N/A,8/23/1992,N/A,Ontario-None-N/A,"Toronto, Ontario",N/A,"Toronto, Canada","https://pga-tour-res.cloudinary.com/image/upload/c_fill,d_headshots_default.png,dpr_2.0,f_auto,g_face:center,h_350,q_auto,w_280/headshots_48962.png",,
John Pak,N/A,N/A,Scotch Plains,New Jersey,Florida State University,Tallahassee,Florida,"Scotch Plains, NJ",New Jersey,11/24/1998,N/A,New Jersey-Florida-New Jersey,"Scotch Plains, New Jersey","Tallahassee, Florida","Scotch Plains, New Jersey","https://pga-tour-res.cloudinary.com/image/upload/c_fill,d_headshots_default.png,dpr_2.0,f_auto,g_face:center,h_350,q_auto,w_280/headshots_59160.png",,
Ryan Davis,N/A,N/A,Toronto,Ontario,None,None,None,"Toronto, Canada",N/A,3/23/1993,N/A,Ontario-None-N/A,"Toronto, Ontario",N/A,"Toronto, Canada","https://pga-tour-res.cloudinary.com/image/upload/c_fill,d_headshots_default.png,dpr_2.0,f_auto,g_face:center,h_350,q_auto,w_280/headshots_51357.png",,
Ryan Elmore,N/A,N/A,Toronto,Ontario,None,None,None,"Toronto, Canada",N/A,8/23/1994,N/A,Ontario-None-N/A,"Toronto, Ontario",N/A,"Toronto, Canada","https://pga-tour-res.cloudinary.com/image/upload/c_fill,d_headshots_default.png,dpr_2.0,f_auto,g_face:center,h_350,q_auto,w_280/headshots_48963.png",,
Taylor Funk,N/A,N/A,Ponte Vedra Beach,Florida,University of Texas,Austin,Texas,"Ponte Vedra Beach, FL",Florida,11/13/1995,N/A,Florida-Texas-Florida,"Ponte Vedra Beach, Florida","Austin, Texas","Ponte Vedra Beach, Florida","https://pga-tour-res.cloudinary.com/image/upload/c_fill,d_headshots_default.png,dpr_2.0,f_auto,g_face:center,h_350,q_auto,w_280/headshots_47443.png",,
Albin Choi,N/A,N/A,Toronto,Ontario,North Carolina State University,Raleigh,North Carolina,"Toronto, Canada",N/A,8/23/1992,N/A,Ontario-North Carolina-N/A,"Toronto, Ontario","Raleigh, North Carolina","Toronto, Canada","https://pga-tour-res.cloudinary.com/image/upload/c_fill,d_headshots_default.png,dpr_2.0,f_auto,g_face:center,h_350,q_auto,w_280/headshots_47460.png",,
Trevor Simsby,N/A,N/A,Calgary,Alberta,None,None,None,"Calgary, Canada",N/A,8/23/1991,N/A,Alberta-None-N/A,"Calgary, Alberta",N/A,"Calgary, Canada","https://pga-tour-res.cloudinary.com/image/upload/c_fill,d_headshots_default.png,dpr_2.0,f_auto,g_face:center,h_350,q_auto,w_280/headshots_47461.png",,
Derek Barron,N/A,N/A,Toronto,Ontario,None,None,None,"Toronto, Canada",N/A,3/23/1995,N/A,Ontario-None-N/A,"Toronto, Ontario",N/A,"Toronto, Canada","https://pga-tour-res.cloudinary.com/image/upload/c_fill,d_headshots_default.png,dpr_2.0,f_auto,g_face:center,h_350,q_auto,w_280/headshots_51358.png",,
Brendan Leonard,N/A,N/A,Toronto,Ontario,None,None,None,"Toronto, Canada",N/A,8/23/1996,N/A,Ontario-None-N/A,"Toronto, Ontario",N/A,"Toronto, Canada","https://pga-tour-res.cloudinary.com/image/upload/c_fill,d_headshots_default.png,dpr_2.0,f_auto,g_face:center,h_350,q_auto,w_280/headshots_48964.png",,
Mark Hubbard,N/A,N/A,Denver,Colorado,San Jose State University,San Jose,California,"The Woodlands, TX",Texas,5/24/1989,N/A,Colorado-California-Texas,"Denver, Colorado","San Jose, California","The Woodlands, Texas","https://pga-tour-res.cloudinary.com/image/upload/c_fill,d_headshots_default.png,dpr_2.0,f_auto,g_face:center,h_350,q_auto,w_280/headshots_36801.png",,
Will Thomson,N/A,N/A,Toronto,Ontario,None,None,None,"Toronto, Canada",N/A,3/23/1997,N/A,Ontario-None-N/A,"Toronto, Ontario",N/A,"Toronto, Canada","https://pga-tour-res.cloudinary.com/image/upload/c_fill,d_headshots_default.png,dpr_2.0,f_auto,g_face:center,h_350,q_auto,w_280/headshots_51359.png",,
Brad Miller,N/A,N/A,Richmond,Virginia,None,None,None,"Richmond, VA",Virginia,8/23/1989,N/A,Virginia-None-Virginia,"Richmond, Virginia",N/A,"Richmond, Virginia","https://pga-tour-res.cloudinary.com/image/upload/c_fill,d_headshots_default.png,dpr_2.0,f_auto,g_face:center,h_350,q_auto,w_280/headshots_47462.png",,
Jake Scott,N/A,N/A,Toronto,Ontario,None,None,None,"Toronto, Canada",N/A,8/23/1998,N/A,Ontario-None-N/A,"Toronto, Ontario",N/A,"Toronto, Canada","https://pga-tour-res.cloudinary.com/image/upload/c_fill,d_headshots_default.png,dpr_2.0,f_auto,g_face:center,h_350,q_auto,w_280/headshots_48965.png",,
Wes Homan,N/A,N/A,Cincinnati,Ohio,None,None,None,"Cincinnati, OH",Ohio,8/23/1983,N/A,Ohio-None-Ohio,"Cincinnati, Ohio",N/A,"Cincinnati, Ohio","https://pga-tour-res.cloudinary.com/image/upload/c_fill,d_headshots_default.png,dpr_2.0,f_auto,g_face:center,h_350,q_auto,w_280/headshots_47463.png",,
Jimmy Jones,N/A,N/A,Toronto,Ontario,None,None,None,"Toronto, Canada",N/A,3/23/1999,N/A,Ontario-None-N/A,"Toronto, Ontario",N/A,"Toronto, Canada","https://pga-tour-res.cloudinary.com/image/upload/c_fill,d_headshots_default.png,dpr_2.0,f_auto,g_face:center,h_350,q_auto,w_280/headshots_51360.png",,
Dawson Armstrong,N/A,N/A,Brentwood,Tennessee,Lipscomb University,Nashville,Tennessee,"Brentwood, TN",Tennessee,8/23/1995,N/A,Tennessee-Tennessee-Tennessee,"Brentwood, Tennessee","Nashville, Tennessee","Brentwood, Tennessee","https://pga-tour-res.cloudinary.com/image/upload/c_fill,d_headshots_default.png,dpr_2.0,f_auto,g_face:center,h_350,q_auto,w_280/headshots_47464.png",,
Andrew McCain,N/A,N/A,Toronto,Ontario,None,None,None,"Toronto, Canada",N/A,8/23/2000,N/A,Ontario-None-N/A,"Toronto, Ontario",N/A,"Toronto, Canada","https://pga-tour-res.cloudinary.com/image/upload/c_fill,d_headshots_default.png,dpr_2.0,f_auto,g_face:center,h_350,q_auto,w_280/headshots_48966.png",,
Chris Francoeur,N/A,N/A,Toronto,Ontario,None,None,None,"Toronto, Canada",N/A,3/23/2001,N/A,Ontario-None-N/A,"Toronto, Ontario",N/A,"Toronto, Canada","https://pga-tour-res.cloudinary.com/image/upload/c_fill,d_headshots_default.png,dpr_2.0,f_auto,g_face:center,h_350,q_auto,w_280/headshots_51361.png",,
Evan Stinson,N/A,N/A,Toronto,Ontario,None,None,None,"Toronto, Canada",N/A,8/23/2002,N/A,Ontario-None-N/A,"Toronto, Ontario",N/A,"Toronto, Canada","https://pga-tour-res.cloudinary.com/image/upload/c_fill,d_headshots_default.png,dpr_2.0,f_auto,g_face:center,h_350,q_auto,w_280/headshots_48967.png",,
Garrett May,N/A,N/A,Waco,Texas,Baylor University,Waco,Texas,"Waco, TX",Texas,8/23/1994,N/A,Texas-Texas-Texas,"Waco, Texas","Waco, Texas","Waco, Texas","https://pga-tour-res.cloudinary.com/image/upload/c_fill,d_headshots_default.png,dpr_2.0,f_auto,g_face:center,h_350,q_auto,w_280/headshots_47465.png",,
Evan Thornton,N/A,N/A,Toronto,Ontario,None,None,None,"Toronto, Canada",N/A,3/23/2003,N/A,Ontario-None-N/A,"Toronto, Ontario",N/A,"Toronto, Canada","https://pga-tour-res.cloudinary.com/image/upload/c_fill,d_headshots_default.png,dpr_2.0,f_auto,g_face:center,h_350,q_auto,w_280/headshots_51362.png",,
Andrew McAuley,N/A,N/A,Toronto,Ontario,None,None,None,"Toronto, Canada",N/A,8/23/2004,N/A,Ontario-None-N/A,"Toronto, Ontario",N/A,"Toronto, Canada","https://pga-tour-res.cloudinary.com/image/upload/c_fill,d_headshots_default.png,dpr_2.0,f_auto,g_face:center,h_350,q_auto,w_280/headshots_48968.png",,
Kyle Hogan,N/A,N/A,Dallas,Texas,None,None,None,"Dallas, TX",Texas,8/23/1990,N/A,Texas-None-Texas,"Dallas, Texas",N/A,"Dallas, Texas","https://pga-tour-res.cloudinary.com/image/upload/c_fill,d_headshots_default.png,dpr_2.0,f_auto,g_face:center,h_350,q_auto,w_280/headshots_47466.png",,
Matt Oshrine,N/A,N/A,Wellington,Florida,Loyola University Maryland,Baltimore,Maryland,"Wellington, FL",Florida,8/23/1998,N/A,Florida-Maryland-Florida,"Wellington, Florida","Baltimore, Maryland","Wellington, Florida","https://pga-tour-res.cloudinary.com/image/upload/c_fill,d_headshots_default.png,dpr_2.0,f_auto,g_face:center,h_350,q_auto,w_280/headshots_54228.png",,
Jon Mayer,N/A,N/A,Toronto,Ontario,None,None,None,"Toronto, Canada",N/A,3/23/2005,N/A,Ontario-None-N/A,"Toronto, Ontario",N/A,"Toronto, Canada","https://pga-tour-res.cloudinary.com/image/upload/c_fill,d_headshots_default.png,dpr_2.0,f_auto,g_face:center,h_350,q_auto,w_280/headshots_51363.png",,
Brad Hopfinger,N/A,N/A,Lake Forest,Illinois,University of Iowa,Iowa City,Iowa,"Lake Forest, IL",Illinois,8/23/1988,N/A,Illinois-Iowa-Illinois,"Lake Forest, Illinois","Iowa City, Iowa","Lake Forest, Illinois","https://pga-tour-res.cloudinary.com/image/upload/c_fill,d_headshots_default.png,dpr_2.0,f_auto,g_face:center,h_350,q_auto,w_280/headshots_47467.png",,
David Snyder,N/A,N/A,Toronto,Ontario,None,None,None,"Toronto, Canada",N/A,8/23/2006,N/A,Ontario-None-N/A,"Toronto, Ontario",N/A,"Toronto, Canada","https://pga-tour-res.cloudinary.com/image/upload/c_fill,d_headshots_default.png,dpr_2.0,f_auto,g_face:center,h_350,q_auto,w_280/headshots_48969.png",,
Jaime Gomez,N/A,N/A,Toronto,Ontario,None,None,None,"Toronto, Canada",N/A,3/23/2007,N/A,Ontario-None-N/A,"Toronto, Ontario",N/A,"Toronto, Canada","https://pga-tour-res.cloudinary.com/image/upload/c_fill,d_headshots_default.png,dpr_2.0,f_auto,g_face:center,h_350,q_auto,w_280/headshots_51364.png",,
Max Sear,N/A,N/A,Toronto,Ontario,None,None,None,"Toronto, Canada",N/A,8/23/2008,N/A,Ontario-None-N/A,"Toronto, Ontario",N/A,"Toronto, Canada","https://pga-tour-res.cloudinary.com/image/upload/c_fill,d_headshots_default.png,dpr_2.0,f_auto,g_face:center,h_350,q_auto,w_280/headshots_48970.png",,
Chris Wilson,N/A,N/A,Toronto,Ontario,None,None,None,"Toronto, Canada",N/A,3/23/2009,N/A,Ontario-None-N/A,"Toronto, Ontario",N/A,"Toronto, Canada","https://pga-tour-res.cloudinary.com/image/upload/c_fill,d_headshots_default.png,dpr_2.0,f_auto,g_face:center,h_350,q_auto,w_280/headshots_51365.png",,
Danny Walker,N/A,N/A,Bradenton,Florida,University of Virginia,Charlottesville,Virginia,"Bradenton, FL",Florida,8/23/1998,N/A,Florida-Virginia-Florida,"Bradenton, Florida","Charlottesville, Virginia","Bradenton, Florida","https://pga-tour-res.cloudinary.com/image/upload/c_fill,d_headshots_default.png,dpr_2.0,f_auto,g_face:center,h_350,q_auto,w_280/headshots_54607.png",,
Zack Fischer,N/A,N/A,San Antonio,Texas,University of Texas at Arlington,Arlington,Texas,"San Antonio, TX",Texas,8/23/1989,N/A,Texas-Texas-Texas,"San Antonio, Texas","Arlington, Texas","San Antonio, Texas","https://pga-tour-res.cloudinary.com/image/upload/c_fill,d_headshots_default.png,dpr_2.0,f_auto,g_face:center,h_350,q_auto,w_280/headshots_47468.png",,
Trevor Ranton,N/A,N/A,Toronto,Ontario,None,None,None,"Toronto, Canada",N/A,8/23/2010,N/A,Ontario-None-N/A,"Toronto, Ontario",N/A,"Toronto, Canada","https://pga-tour-res.cloudinary.com/image/upload/c_fill,d_headshots_default.png,dpr_2.0,f_auto,g_face:center,h_350,q_auto,w_280/headshots_48971.png",,
Tim Ritter,N/A,N/A,Toronto,Ontario,None,None,None,"Toronto, Canada",N/A,3/23/2011,N/A,Ontario-None-N/A,"Toronto, Ontario",N/A,"Toronto, Canada","https://pga-tour-res.cloudinary.com/image/upload/c_fill,d_headshots_default.png,dpr_2.0,f_auto,g_face:center,h_350,q_auto,w_280/headshots_51366.png",,
Derek Gillespie,N/A,N/A,Oshawa,Ontario,None,None,None,"Oshawa, Canada",N/A,8/23/1978,N/A,Ontario-None-N/A,"Oshawa, Ontario",N/A,"Oshawa, Canada","https://pga-tour-res.cloudinary.com/image/upload/c_fill,d_headshots_default.png,dpr_2.0,f_auto,g_face:center,h_350,q_auto,w_280/headshots_26016.png",,
Adam Cornelson,N/A,N/A,Toronto,Ontario,None,None,None,"Toronto, Canada",N/A,8/23/2012,N/A,Ontario-None-N/A,"Toronto, Ontario",N/A,"Toronto, Canada","https://pga-tour-res.cloudinary.com/image/upload/c_fill,d_headshots_default.png,dpr_2.0,f_auto,g_face:center,h_350,q_auto,w_280/headshots_48972.png",,
Andrew Harrison,N/A,N/A,Toronto,Ontario,None,None,None,"Toronto, Canada",N/A,3/23/2013,N/A,Ontario-None-N/A,"Toronto, Ontario",N/A,"Toronto, Canada","https://pga-tour-res.cloudinary.com/image/upload/c_fill,d_headshots_default.png,dpr_2.0,f_auto,g_face:center,h_350,q_auto,w_280/headshots_51367.png",,
John Sand,N/A,N/A,Toronto,Ontario,None,None,None,"Toronto, Canada",N/A,8/23/2014,N/A,Ontario-None-N/A,"Toronto, Ontario",N/A,"Toronto, Canada","https://pga-tour-res.cloudinary.com/image/upload/c_fill,d_headshots_default.png,dpr_2.0,f_auto,g_face:center,h_350,q_auto,w_280/headshots_48973.png",,
Will Barnett,N/A,N/A,Toronto,Ontario,None,None,None,"Toronto, Canada",N/A,3/23/2015,N/A,Ontario-None-N/A,"Toronto, Ontario",N/A,"Toronto, Canada","https://pga-tour-res.cloudinary.com/image/upload/c_fill,d_headshots_default.png,dpr_2.0,f_auto,g_face:center,h_350,q_auto,w_280/headshots_51368.png",,
Garrett Rank,N/A,N/A,Elmira,Ontario,None,None,None,"Elmira, Canada",N/A,9/23/1987,N/A,Ontario-None-N/A,"Elmira, Ontario",N/A,"Elmira, Canada","https://pga-tour-res.cloudinary.com/image/upload/c_fill,d_headshots_default.png,dpr_2.0,f_auto,g_face:center,h_350,q_auto,w_280/headshots_47469.png",,
John Duthie,N/A,N/A,Toronto,Ontario,None,None,None,"Toronto, Canada",N/A,8/23/2016,N/A,Ontario-None-N/A,"Toronto, Ontario",N/A,"Toronto, Canada","https://pga-tour-res.cloudinary.com/image/upload/c_fill,d_headshots_default.png,dpr_2.0,f_auto,g_face:center,h_350,q_auto,w_280/headshots_48974.png",,
Tyler Ota,N/A,N/A,Toronto,Ontario,None,None,None,"Toronto, Canada",N/A,3/23/2017,N/A,Ontario-None-N/A,"Toronto, Ontario",N/A,"Toronto, Canada","https://pga-tour-res.cloudinary.com/image/upload/c_fill,d_headshots_default.png,dpr_2.0,f_auto,g_face:center,h_350,q_auto,w_280/headshots_51369.png",,
Evan DeGrazia,N/A,N/A,Toronto,Ontario,None,None,None,"Toronto, Canada",N/A,8/23/2018,N/A,Ontario-None-N/A,"Toronto, Ontario",N/A,"Toronto, Canada","https://pga-tour-res.cloudinary.com/image/upload/c_fill,d_headshots_default.png,dpr_2.0,f_auto,g_face:center,h_350,q_auto,w_280/headshots_48975.png",,
Derek Meinhart,N/A,N/A,Toronto,Ontario,None,None,None,"Toronto, Canada",N/A,3/23/2019,N/A,Ontario-None-N/A,"Toronto, Ontario",N/A,"Toronto, Canada","https://pga-tour-res.cloudinary.com/image/upload/c_fill,d_headshots_default.png,dpr_2.0,f_auto,g_face:center,h_350,q_auto,w_280/headshots_51370.png",,
Michael Blair,N/A,N/A,Toronto,Ontario,None,None,None,"Toronto, Canada",N/A,8/23/2020,N/A,Ontario-None-N/A,"Toronto, Ontario",N/A,"Toronto, Canada","https://pga-tour-res.cloudinary.com/image/upload/c_fill,d_headshots_default.png,dpr_2.0,f_auto,g_face:center,h_350,q_auto,w_280/headshots_48976.png",,
,,,,,,,,,,,,,,,,,,
Chris Hemmerich,N/A,N/A,Toronto,Ontario,None,None,None,"Toronto, Canada",N/A,3/23/2021,N/A,Ontario-None-N/A,"Toronto, Ontario",N/A,"Toronto, Canada","https://pga-tour-res.cloudinary.com/image/upload/c_fill,d_headshots_default.png,dpr_2.0,f_auto,g_face:center,h_350,q_auto,w_280/headshots_51371.png",,
Jesse Smith,N/A,N/A,Toronto,Ontario,None,None,None,"Toronto, Canada",N/A,8/23/2022,N/A,Ontario-None-N/A,"Toronto, Ontario",N/A,"Toronto, Canada","https://pga-tour-res.cloudinary.com/image/upload/c_fill,d_headshots_default.png,dpr_2.0,f_auto,g_face:center,h_350,q_auto,w_280/headshots_48977.png",,
Mike Van Sickle,N/A,N/A,Pittsburgh,Pennsylvania,Marquette University,Milwaukee,Wisconsin,"Pittsburgh, PA",Pennsylvania,8/23/1986,N/A,Pennsylvania-Wisconsin-Pennsylvania,"Pittsburgh, Pennsylvania","Milwaukee, Wisconsin","Pittsburgh, Pennsylvania","https://pga-tour-res.cloudinary.com/image/upload/c_fill,d_headshots_default.png,dpr_2.0,f_auto,g_face:center,h_350,q_auto,w_280/headshots_47470.png",,
Andrew Jensen,N/A,N/A,Toronto,Ontario,None,None,None,"Toronto, Canada",N/A,3/23/2023,N/A,Ontario-None-N/A,"Toronto, Ontario",N/A,"Toronto, Canada","https://pga-tour-res.cloudinary.com/image/upload/c_fill,d_headshots_default.png,dpr_2.0,f_auto,g_face:center,h_350,q_auto,w_280/headshots_51372.png",,
Matt Williams,N/A,N/A,Houston,Texas,None,None,None,"Houston, TX",Texas,8/23/1989,N/A,Texas-None-Texas,"Houston, Texas",N/A,"Houston, Texas","https://pga-tour-res.cloudinary.com/image/upload/c_fill,d_headshots_default.png,dpr_2.0,f_auto,g_face:center,h_350,q_auto,w_280/headshots_47471.png",,
Jimmy Beck,N/A,N/A,Toronto,Ontario,None,None,None,"Toronto, Canada",N/A,8/23/2024,N/A,Ontario-None-N/A,"Toronto, Ontario",N/A,"Toronto, Canada","https://pga-tour-res.cloudinary.com/image/upload/c_fill,d_headshots_default.png,dpr_2.0,f_auto,g_face:center,h_350,q_auto,w_280/headshots_48978.png",,
Russell Budd,N/A,N/A,Toronto,Ontario,None,None,None,"Toronto, Canada",N/A,3/23/2025,N/A,Ontario-None-N/A,"Toronto, Ontario",N/A,"Toronto, Canada","https://pga-tour-res.cloudinary.com/image/upload/c_fill,d_headshots_default.png,dpr_2.0,f_auto,g_face:center,h_350,q_auto,w_280/headshots_51373.png",,
Jake Goodman,N/A,N/A,Toronto,Ontario,None,None,None,"Toronto, Canada",N/A,8/23/1978,N/A,Ontario-None-N/A,"Toronto, Ontario",N/A,"Toronto, Canada","https://pga-tour-res.cloudinary.com/image/upload/c_fill,d_headshots_default.png,dpr_2.0,f_auto,g_face:center,h_350,q_auto,w_280/headshots_48979.png",,
Blair Bursey,N/A,N/A,Toronto,Ontario,None,None,None,"Toronto, Canada",N/A,3/23/1979,N/A,Ontario-None-N/A,"Toronto, Ontario",N/A,"Toronto, Canada","https://pga-tour-res.cloudinary.com/image/upload/c_fill,d_headshots_default.png,dpr_2.0,f_auto,g_face:center,h_350,q_auto,w_280/headshots_51374.png",,
Clark Rustand,N/A,N/A,Toronto,Ontario,None,None,None,"Toronto, Canada",N/A,8/23/1980,N/A,Ontario-None-N/A,"Toronto, Ontario",N/A,"Toronto, Canada","https://pga-tour-res.cloudinary.com/image/upload/c_fill,d_headshots_default.png,dpr_2.0,f_auto,g_face:center,h_350,q_auto,w_280/headshots_48980.png",,
Kelvin Day,N/A,N/A,Toronto,Ontario,None,None,None,"Toronto, Canada",N/A,3/23/1981,N/A,Ontario-None-N/A,"Toronto, Ontario",N/A,"Toronto, Canada","https://pga-tour-res.cloudinary.com/image/upload/c_fill,d_headshots_default.png,dpr_2.0,f_auto,g_face:center,h_350,q_auto,w_280/headshots_51375.png",,
Jake Knapp,N/A,N/A,Costa Mesa,California,UCLA,Los Angeles,California,"Costa Mesa, CA",California,5/31/1994,N/A,California-California-California,"Costa Mesa, California","Los Angeles, California","Costa Mesa, California","https://pga-tour-res.cloudinary.com/image/upload/c_fill,d_headshots_default.png,dpr_2.0,f_auto,g_face:center,h_350,q_auto,w_280/headshots_47420.png",,
Jon Mills,N/A,N/A,Kentville,Nova Scotia,None,None,None,"Toronto, Canada",N/A,8/23/1977,N/A,Nova Scotia-None-N/A,"Kentville, Nova Scotia",N/A,"Toronto, Canada","https://pga-tour-res.cloudinary.com/image/upload/c_fill,d_headshots_default.png,dpr_2.0,f_auto,g_face:center,h_350,q_auto,w_280/headshots_26017.png",,
Brian Dwyer,N/A,N/A,Toronto,Ontario,None,None,None,"Toronto, Canada",N/A,8/23/1982,N/A,Ontario-None-N/A,"Toronto, Ontario",N/A,"Toronto, Canada","https://pga-tour-res.cloudinary.com/image/upload/c_fill,d_headshots_default.png,dpr_2.0,f_auto,g_face:center,h_350,q_auto,w_280/headshots_48981.png",,
Tyler Wateska,N/A,N/A,Toronto,Ontario,None,None,None,"Toronto, Canada",N/A,3/23/1983,N/A,Ontario-None-N/A,"Toronto, Ontario",N/A,"Toronto, Canada","https://pga-tour-res.cloudinary.com/image/upload/c_fill,d_headshots_default.png,dpr_2.0,f_auto,g_face:center,h_350,q_auto,w_280/headshots_51376.png",,
Chris Ross,N/A,N/A,Toronto,Ontario,None,None,None,"Toronto, Canada",N/A,8/23/1984,N/A,Ontario-None-N/A,"Toronto, Ontario",N/A,"Toronto, Canada","https://pga-tour-res.cloudinary.com/image/upload/c_fill,d_headshots_default.png,dpr_2.0,f_auto,g_face:center,h_350,q_auto,w_280/headshots_48982.png",,
Marc-Etienne Bussieres,N/A,N/A,Quebec City,Quebec,None,None,None,"Quebec City, Canada",N/A,3/23/1985,N/A,Quebec-None-N/A,"Quebec City, Quebec",N/A,"Quebec City, Canada","https://pga-tour-res.cloudinary.com/image/upload/c_fill,d_headshots_default.png,dpr_2.0,f_auto,g_face:center,h_350,q_auto,w_280/headshots_51377.png",,
Hayden Shieh,N/A,N/A,San Jose,California,None,None,None,"San Jose, CA",California,8/23/1996,N/A,California-None-California,"San Jose, California",N/A,"San Jose, California","https://pga-tour-res.cloudinary.com/image/upload/c_fill,d_headshots_default.png,dpr_2.0,f_auto,g_face:center,h_350,q_auto,w_280/headshots_47472.png",,
Michael Karoly,N/A,N/A,Toronto,Ontario,None,None,None,"Toronto, Canada",N/A,8/23/1986,N/A,Ontario-None-N/A,"Toronto, Ontario",N/A,"Toronto, Canada","https://pga-tour-res.cloudinary.com/image/upload/c_fill,d_headshots_default.png,dpr_2.0,f_auto,g_face:center,h_350,q_auto,w_280/headshots_48983.png",,
Chris Wilson,N/A,N/A,Toronto,Ontario,None,None,None,"Toronto, Canada",N/A,3/23/1987,N/A,Ontario-None-N/A,"Toronto, Ontario",N/A,"Toronto, Canada","https://pga-tour-res.cloudinary.com/image/upload/c_fill,d_headshots_default.png,dpr_2.0,f_auto,g_face:center,h_350,q_auto,w_280/headshots_51378.png",,
Andrew McCain,N/A,N/A,Toronto,Ontario,None,None,None,"Toronto, Canada",N/A,8/23/1988,N/A,Ontario-None-N/A,"Toronto, Ontario",N/A,"Toronto, Canada","https://pga-tour-res.cloudinary.com/image/upload/c_fill,d_headshots_default.png,dpr_2.0,f_auto,g_face:center,h_350,q_auto,w_280/headshots_48984.png",,
Evan Holmes,N/A,N/A,Toronto,Ontario,None,None,None,"Toronto, Canada",N/A,3/23/1989,N/A,Ontario-None-N/A,"Toronto, Ontario",N/A,"Toronto, Canada","https://pga-tour-res.cloudinary.com/image/upload/c_fill,d_headshots_default.png,dpr_2.0,f_auto,g_face:center,h_350,q_auto,w_280/headshots_51379.png",,
David Holzinger,N/A,N/A,Toronto,Ontario,None,None,None,"Toronto, Canada",N/A,8/23/1990,N/A,Ontario-None-N/A,"Toronto, Ontario",N/A,"Toronto, Canada","https://pga-tour-res.cloudinary.com/image/upload/c_fill,d_headshots_default.png,dpr_2.0,f_auto,g_face:center,h_350,q_auto,w_280/headshots_48985.png",,
Jake Kevorkian,N/A,N/A,Toronto,Ontario,None,None,None,"Toronto, Canada",N/A,3/23/1991,N/A,Ontario-None-N/A,"Toronto, Ontario",N/A,"Toronto, Canada","https://pga-tour-res.cloudinary.com/image/upload/c_fill,d_headshots_default.png,dpr_2.0,f_auto,g_face:center,h_350,q_auto,w_280/headshots_51380.png",,
David Timberlake,N/A,N/A,Toronto,Ontario,None,None,None,"Toronto, Canada",N/A,8/23/1992,N/A,Ontario-None-N/A,"Toronto, Ontario",N/A,"Toronto, Canada","https://pga-tour-res.cloudinary.com/image/upload/c_fill,d_headshots_default.png,dpr_2.0,f_auto,g_face:center,h_350,q_auto,w_280/headshots_48986.png",,
David French,N/A,N/A,Toronto,Ontario,None,None,None,"Toronto, Canada",N/A,3/23/1993,N/A,Ontario-None-N/A,"Toronto, Ontario",N/A,"Toronto, Canada","https://pga-tour-res.cloudinary.com/image/upload/c_fill,d_headshots_default.png,dpr_2.0,f_auto,g_face:center,h_350,q_auto,w_280/headshots_51381.png",,
Luke Moser,N/A,N/A,Toronto,Ontario,None,None,None,"Toronto, Canada",N/A,8/23/1994,N/A,Ontario-None-N/A,"Toronto, Ontario",N/A,"Toronto, Canada","https://pga-tour-res.cloudinary.com/image/upload/c_fill,d_headshots_default.png,dpr_2.0,f_auto,g_face:center,h_350,q_auto,w_280/headshots_48987.png",,
Russell Whatford,N/A,N/A,Toronto,Ontario,None,None,None,"Toronto, Canada",N/A,3/23/1995,N/A,Ontario-None-N/A,"Toronto, Ontario",N/A,"Toronto, Canada","https://pga-tour-res.cloudinary.com/image/upload/c_fill,d_headshots_default.png,dpr_2.0,f_auto,g_face:center,h_350,q_auto,w_280/headshots_51382.png",,
Chris Crisologo,N/A,N/A,Vancouver,British Columbia,Simon Fraser University,Burnaby,British Columbia,"Vancouver, Canada",N/A,8/23/1994,N/A,British Columbia-British Columbia-N/A,"Vancouver, British Columbia","Burnaby, British Columbia","Vancouver, Canada","https://pga-tour-res.cloudinary.com/image/upload/c_fill,d_headshots_default.png,dpr_2.0,f_auto,g_face:center,h_350,q_auto,w_280/headshots_51347.png",,
Chris Wilson,N/A,N/A,Toronto,Ontario,None,None,None,"Toronto, Canada",N/A,8/23/1996,N/A,Ontario-None-N/A,"Toronto, Ontario",N/A,"Toronto, Canada","https://pga-tour-res.cloudinary.com/image/upload/c_fill,d_headshots_default.png,dpr_2.0,f_auto,g_face:center,h_350,q_auto,w_280/headshots_48988.png",,
Evan DeGrazia,N/A,N/A,Toronto,Ontario,None,None,None,"Toronto, Canada",N/A,3/23/1997,N/A,Ontario-None-N/A,"Toronto, Ontario",N/A,"Toronto, Canada","https://pga-tour-res.cloudinary.com/image/upload/c_fill,d_headshots_default.png,dpr_2.0,f_auto,g_face:center,h_350,q_auto,w_280/headshots_51383.png",,
Jimmy Jones,N/A,N/A,Toronto,Ontario,None,None,None,"Toronto, Canada",N/A,8/23/1998,N/A,Ontario-None-N/A,"Toronto, Ontario",N/A,"Toronto, Canada","https://pga-tour-res.cloudinary.com/image/upload/c_fill,d_headshots_default.png,dpr_2.0,f_auto,g_face:center,h_350,q_auto,w_280/headshots_48989.png",,
Jon Mills,N/A,N/A,Kentville,Nova Scotia,None,None,None,"Toronto, Canada",N/A,8/23/1977,N/A,Nova Scotia-None-N/A,"Kentville, Nova Scotia",N/A,"Toronto, Canada","https://pga-tour-res.cloudinary.com/image/upload/c_fill,d_headshots_default.png,dpr_2.0,f_auto,g_face:center,h_350,q_auto,w_280/headshots_26017.png",,
Kelvin Day,N/A,N/A,Toronto,Ontario,None,None,None,"Toronto, Canada",N/A,3/23/1999,N/A,Ontario-None-N/A,"Toronto, Ontario",N/A,"Toronto, Canada","https://pga-tour-res.cloudinary.com/image/upload/c_fill,d_headshots_default.png,dpr_2.0,f_auto,g_face:center,h_350,q_auto,w_280/headshots_51384.png",,
Marc-Etienne Bussieres,N/A,N/A,Quebec City,Quebec,None,None,None,"Quebec City, Canada",N/A,8/23/1985,N/A,Quebec-None-N/A,"Quebec City, Quebec",N/A,"Quebec City, Canada","https://pga-tour-res.cloudinary.com/image/upload/c_fill,d_headshots_default.png,dpr_2.0,f_auto,g_face:center,h_350,q_auto,w_280/headshots_51377.png",,
Michael Karoly,N/A,N/A,Toronto,Ontario,None,None,None,"Toronto, Canada",N/A,3/23/2000,N/A,Ontario-None-N/A,"Toronto, Ontario",N/A,"Toronto, Canada","https://pga-tour-res.cloudinary.com/image/upload/c_fill,d_headshots_default.png,dpr_2.0,f_auto,g_face:center,h_350,q_auto,w_280/headshots_48990.png",,
Russell Budd,N/A,N/A,Toronto,Ontario,None,None,None,"Toronto, Canada",N/A,8/23/2001,N/A,Ontario-None-N/A,"Toronto, Ontario",N/A,"Toronto, Canada","https://pga-tour-res.cloudinary.com/image/upload/c_fill,d_headshots_default.png,dpr_2.0,f_auto,g_face:center,h_350,q_auto,w_280/headshots_51385.png",,
David Timberlake,N/A,N/A,Toronto,Ontario,None,None,None,"Toronto, Canada",N/A,3/23/2002,N/A,Ontario-None-N/A,"Toronto, Ontario",N/A,"Toronto, Canada","https://pga-tour-res.cloudinary.com/image/upload/c_fill,d_headshots_default.png,dpr_2.0,f_auto,g_face:center,h_350,q_auto,w_280/headshots_48991.png",,
Jake Goodman,N/A,N/A,Toronto,Ontario,None,None,None,"Toronto, Canada",N/A,8/23/2003,N/A,Ontario-None-N/A,"Toronto, Ontario",N/A,"Toronto, Canada","https://pga-tour-res.cloudinary.com/image/upload/c_fill,d_headshots_default.png,dpr_2.0,f_auto,g_face:center,h_350,q_auto,w_280/headshots_51386.png",,
Jimmy Beck,N/A,N/A,Toronto,Ontario,None,None,None,"Toronto, Canada",N/A,3/23/2004,N/A,Ontario-None-N/A,"Toronto, Ontario",N/A,"Toronto, Canada","https://pga-tour-res.cloudinary.com/image/upload/c_fill,d_headshots_default.png,dpr_2.0,f_auto,g_face:center,h_350,q_auto,w_280/headshots_48992.png",,
Blair Bursey,N/A,N/A,Toronto,Ontario,None,None,None,"Toronto, Canada",N/A,8/23/2005,N/A,Ontario-None-N/A,"Toronto, Ontario",N/A,"Toronto, Canada","https://pga-tour-res.cloudinary.com/image/upload/c_fill,d_headshots_default.png,dpr_2.0,f_auto,g_face:center,h_350,q_auto,w_280/headshots_51387.png",,
Clark Rustand,N/A,N/A,Toronto,Ontario,None,None,None,"Toronto, Canada",N/A,3/23/2006,N/A,Ontario-None-N/A,"Toronto, Ontario",N/A,"Toronto, Canada","https://pga-tour-res.cloudinary.com/image/upload/c_fill,d_headshots_default.png,dpr_2.0,f_auto,g_face:center,h_350,q_auto,w_280/headshots_48993.png",,
Brian Dwyer,N/A,N/A,Toronto,Ontario,None,None,None,"Toronto, Canada",N/A,8/23/2007,N/A,Ontario-None-N/A,"Toronto, Ontario",N/A,"Toronto, Canada","https://pga-tour-res.cloudinary.com/image/upload/c_fill,d_headshots_default.png,dpr_2.0,f_auto,g_face:center,h_350,q_auto,w_280/headshots_51388.png",,
Tyler Wateska,N/A,N/A,Toronto,Ontario,None,None,None,"Toronto, Canada",N/A,3/23/2008,N/A,Ontario-None-N/A,"Toronto, Ontario",N/A,"Toronto, Canada","https://pga-tour-res.cloudinary.com/image/upload/c_fill,d_headshots_default.png,dpr_2.0,f_auto,g_face:center,h_350,q_auto,w_280/headshots_48994.png",,
Chris Ross,N/A,N/A,Toronto,Ontario,None,None,None,"Toronto, Canada",N/A,8/23/2009,N/A,Ontario-None-N/A,"Toronto, Ontario",N/A,"Toronto, Canada","https://pga-tour-res.cloudinary.com/image/upload/c_fill,d_headshots_default.png,dpr_2.0,f_auto,g_face:center,h_350,q_auto,w_280/headshots_51389.png",,
Hayden Shieh,N/A,N/A,San Jose,California,None,None,None,"San Jose, CA",California,8/23/1996,N/A,California-None-California,"San Jose, California",N/A,"San Jose, California","https://pga-tour-res.cloudinary.com/image/upload/c_fill,d_headshots_default.png,dpr_2.0,f_auto,g_face:center,h_350,q_auto,w_280/headshots_47472.png",,
David Holzinger,N/A,N/A,Toronto,Ontario,None,None,None,"Toronto, Canada",N/A,3/23/2010,N/A,Ontario-None-N/A,"Toronto, Ontario",N/A,"Toronto, Canada","https://pga-tour-res.cloudinary.com/image/upload/c_fill,d_headshots_default.png,dpr_2.0,f_auto,g_face:center,h_350,q_auto,w_280/headshots_48995.png",,
Jake Kevorkian,N/A,N/A,Toronto,Ontario,None,None,None,"Toronto, Canada",N/A,8/23/2011,N/A,Ontario-None-N/A,"Toronto, Ontario",N/A,"Toronto, Canada","https://pga-tour-res.cloudinary.com/image/upload/c_fill,d_headshots_default.png,dpr_2.0,f_auto,g_face:center,h_350,q_auto,w_280/headshots_51390.png",,
David French,N/A,N/A,Toronto,Ontario,None,None,None,"Toronto, Canada",N/A,3/23/2012,N/A,Ontario-None-N/A,"Toronto, Ontario",N/A,"Toronto, Canada","https://pga-tour-res.cloudinary.com/image/upload/c_fill,d_headshots_default.png,dpr_2.0,f_auto,g_face:center,h_350,q_auto,w_280/headshots_48996.png",,
Luke Moser,N/A,N/A,Toronto,Ontario,None,None,None,"Toronto, Canada",N/A,8/23/2013,N/A,Ontario-None-N/A,"Toronto, Ontario",N/A,"Toronto, Canada","https://pga-tour-res.cloudinary.com/image/upload/c_fill,d_headshots_default.png,dpr_2.0,f_auto,g_face:center,h_350,q_auto,w_280/headshots_51391.png",,
Russell Whatford,N/A,N/A,Toronto,Ontario,None,None,None,"Toronto, Canada",N/A,3/23/2014,N/A,Ontario-None-N/A,"Toronto, Ontario",N/A,"Toronto, Canada","https://pga-tour-res.cloudinary.com/image/upload/c_fill,d_headshots_default.png,dpr_2.0,f_auto,g_face:center,h_350,q_auto,w_280/headshots_48997.png",,
Chris Wilson,N/A,N/A,Toronto,Ontario,None,None,None,"Toronto, Canada",N/A,8/23/2015,N/A,Ontario-None-N/A,"Toronto, Ontario",N/A,"Toronto, Canada","https://pga-tour-res.cloudinary.com/image/upload/c_fill,d_headshots_default.png,dpr_2.0,f_auto,g_face:center,h_350,q_auto,w_280/headshots_51392.png",,
Evan DeGrazia,N/A,N/A,Toronto,Ontario,None,None,None,"Toronto, Canada",N/A,3/23/2016,N/A,Ontario-None-N/A,"Toronto, Ontario",N/A,"Toronto, Canada","https://pga-tour-res.cloudinary.com/image/upload/c_fill,d_headshots_default.png,dpr_2.0,f_auto,g_face:center,h_350,q_auto,w_280/headshots_48998.png",,
Jimmy Jones,N/A,N/A,Toronto,Ontario,None,None,None,"Toronto, Canada",N/A,8/23/2017,N/A,Ontario-None-N/A,"Toronto, Ontario",N/A,"Toronto, Canada","https://pga-tour-res.cloudinary.com/image/upload/c_fill,d_headshots_default.png,dpr_2.0,f_auto,g_face:center,h_350,q_auto,w_280/headshots_51393.png",,
Andrew McCain,N/A,N/A,Toronto,Ontario,None,None,None,"Toronto, Canada",N/A,3/23/2018,N/A,Ontario-None-N/A,"Toronto, Ontario",N/A,"Toronto, Canada","https://pga-tour-res.cloudinary.com/image/upload/c_fill,d_headshots_default.png,dpr_2.0,f_auto,g_face:center,h_350,q_auto,w_280/headshots_48999.png",,
Chris Francoeur,N/A,N/A,Toronto,Ontario,None,None,None,"Toronto, Canada",N/A,8/23/2019,N/A,Ontario-None-N/A,"Toronto, Ontario",N/A,"Toronto, Canada","https://pga-tour-res.cloudinary.com/image/upload/c_fill,d_headshots_default.png,dpr_2.0,f_auto,g_face:center,h_350,q_auto,w_280/headshots_51394.png",,
Evan Stinson,N/A,N/A,Toronto,Ontario,None,None,None,"Toronto, Canada",N/A,3/23/2020,N/A,Ontario-None-N/A,"Toronto, Ontario",N/A,"Toronto, Canada","https://pga-tour-res.cloudinary.com/image/upload/c_fill,d_headshots_default.png,dpr_2.0,f_auto,g_face:center,h_350,q_auto,w_280/headshots_49000.png",,
Evan Thornton,N/A,N/A,Toronto,Ontario,None,None,None,"Toronto, Canada",N/A,8/23/2021,N/A,Ontario-None-N/A,"Toronto, Ontario",N/A,"Toronto, Canada","https://pga-tour-res.cloudinary.com/image/upload/c_fill,d_headshots_default.png,dpr_2.0,f_auto,g_face:center,h_350,q_auto,w_280/headshots_51395.png",,
Andrew McAuley,N/A,N/A,Toronto,Ontario,None,None,None,"Toronto, Canada",N/A,3/23/2022,N/A,Ontario-None-N/A,"Toronto, Ontario",N/A,"Toronto, Canada","https://pga-tour-res.cloudinary.com/image/upload/c_fill,d_headshots_default.png,dpr_2.0,f_auto,g_face:center,h_350,q_auto,w_280/headshots_49001.png",,
Derek Barron,N/A,N/A,Toronto,Ontario,None,None,None,"Toronto, Canada",N/A,8/23/2023,N/A,Ontario-None-N/A,"Toronto, Ontario",N/A,"Toronto, Canada","https://pga-tour-res.cloudinary.com/image/upload/c_fill,d_headshots_default.png,dpr_2.0,f_auto,g_face:center,h_350,q_auto,w_280/headshots_51396.png",,
Brendan Leonard,N/A,N/A,Toronto,Ontario,None,None,None,"Toronto, Canada",N/A,3/23/2024,N/A,Ontario-None-N/A,"Toronto, Ontario",N/A,"Toronto, Canada","https://pga-tour-res.cloudinary.com/image/upload/c_fill,d_headshots_default.png,dpr_2.0,f_auto,g_face:center,h_350,q_auto,w_280/headshots_49002.png",,
Will Thomson,N/A,N/A,Toronto,Ontario,None,None,None,"Toronto, Canada",N/A,8/23/1977,N/A,Ontario-None-N/A,"Toronto, Ontario",N/A,"Toronto, Canada","https://pga-tour-res.cloudinary.com/image/upload/c_fill,d_headshots_default.png,dpr_2.0,f_auto,g_face:center,h_350,q_auto,w_280/headshots_51397.png",,
Jake Scott,N/A,N/A,Toronto,Ontario,None,None,None,"Toronto, Canada",N/A,3/23/1978,N/A,Ontario-None-N/A,"Toronto, Ontario",N/A,"Toronto, Canada","https://pga-tour-res.cloudinary.com/image/upload/c_fill,d_headshots_default.png,dpr_2.0,f_auto,g_face:center,h_350,q_auto,w_280/headshots_49003.png",,
Brad Miller,N/A,N/A,Richmond,Virginia,None,None,None,"Richmond, VA",Virginia,8/23/1979,N/A,Virginia-None-Virginia,"Richmond, Virginia",N/A,"Richmond, Virginia","https://pga-tour-res.cloudinary.com/image/upload/c_fill,d_headshots_default.png,dpr_2.0,f_auto,g_face:center,h_350,q_auto,w_280/headshots_51398.png",,
Wes Homan,N/A,N/A,Cincinnati,Ohio,None,None,None,"Cincinnati, OH",Ohio,8/23/1980,N/A,Ohio-None-Ohio,"Cincinnati, Ohio",N/A,"Cincinnati, Ohio","https://pga-tour-res.cloudinary.com/image/upload/c_fill,d_headshots_default.png,dpr_2.0,f_auto,g_face:center,h_350,q_auto,w_280/headshots_49004.png",,
Dawson Armstrong,N/A,N/A,Brentwood,Tennessee,Lipscomb University,Nashville,Tennessee,"Brentwood, TN",Tennessee,8/23/1981,N/A,Tennessee-Tennessee-Tennessee,"Brentwood, Tennessee","Nashville, Tennessee","Brentwood, Tennessee","https://pga-tour-res.cloudinary.com/image/upload/c_fill,d_headshots_default.png,dpr_2.0,f_auto,g_face:center,h_350,q_auto,w_280/headshots_51399.png",,
Garrett May,N/A,N/A,Waco,Texas,Baylor University,Waco,Texas,"Waco, TX",Texas,8/23/1982,N/A,Texas-Texas-Texas,"Waco, Texas","Waco, Texas","Waco, Texas","https://pga-tour-res.cloudinary.com/image/upload/c_fill,d_headshots_default.png,dpr_2.0,f_auto,g_face:center,h_350,q_auto,w_280/headshots_51400.png",,
Danny Walker,N/A,N/A,Bradenton,Florida,University of Virginia,Charlottesville,Virginia,"Bradenton, FL",Florida,8/23/1983,N/A,Florida-Virginia-Florida,"Bradenton, Florida","Charlottesville, Virginia","Bradenton, Florida","https://pga-tour-res.cloudinary.com/image/upload/c_fill,d_headshots_default.png,dpr_2.0,f_auto,g_face:center,h_350,q_auto,w_280/headshots_54607.png",,
Zack Fischer,N/A,N/A,San Antonio,Texas,University of Texas at Arlington,Arlington,Texas,"San Antonio, TX",Texas,8/23/1984,N/A,Texas-Texas-Texas,"San Antonio, Texas","Arlington, Texas","San Antonio, Texas","https://pga-tour-res.cloudinary.com/image/upload/c_fill,d_headshots_default.png,dpr_2.0,f_auto,g_face:center,h_350,q_auto,w_280/headshots_51401.png",,
Kyle Hogan,N/A,N/A,Dallas,Texas,None,None,None,"Dallas, TX",Texas,8/23/1985,N/A,Texas-None-Texas,"Dallas, Texas",N/A,"Dallas, Texas","https://pga-tour-res.cloudinary.com/image/upload/c_fill,d_headshots_default.png,dpr_2.0,f_auto,g_face:center,h_350,q_auto,w_280/headshots_51402.png",,
Matt Oshrine,N/A,N/A,Wellington,Florida,Loyola University Maryland,Baltimore,Maryland,"Wellington, FL",Florida,8/23/1986,N/A,Florida-Maryland-Florida,"Wellington, Florida","Baltimore, Maryland","Wellington, Florida","https://pga-tour-res.cloudinary.com/image/upload/c_fill,d_headshots_default.png,dpr_2.0,f_auto,g_face:center,h_350,q_auto,w_280/headshots_54228.png",,
Brad Hopfinger,N/A,N/A,Lake Forest,Illinois,University of Iowa,Iowa City,Iowa,"Lake Forest, IL",Illinois,8/23/1987,N/A,Illinois-Iowa-Illinois,"Lake Forest, Illinois","Iowa City, Iowa","Lake Forest, Illinois","https://pga-tour-res.cloudinary.com/image/upload/c_fill,d_headshots_default.png,dpr_2.0,f_auto,g_face:center,h_350,q_auto,w_280/headshots_51403.png",,
,,,,,,,,,,,,,,,,,,
Mike Van Sickle,N/A,N/A,Pittsburgh,Pennsylvania,Marquette University,Milwaukee,Wisconsin,"Pittsburgh, PA",Pennsylvania,8/23/1988,N/A,Pennsylvania-Wisconsin-Pennsylvania,"Pittsburgh, Pennsylvania","Milwaukee, Wisconsin","Pittsburgh, Pennsylvania","https://pga-tour-res.cloudinary.com/image/upload/c_fill,d_headshots_default.png,dpr_2.0,f_auto,g_face:center,h_350,q_auto,w_280/headshots_47470.png",,
Matt Williams,N/A,N/A,Houston,Texas,None,None,None,"Houston, TX",Texas,8/23/1989,N/A,Texas-None-Texas,"Houston, Texas",N/A,"Houston, Texas","https://pga-tour-res.cloudinary.com/image/upload/c_fill,d_headshots_default.png,dpr_2.0,f_auto,g_face:center,h_350,q_auto,w_280/headshots_47471.png",,
Hayden Shieh,N/A,N/A,San Jose,California,None,None,None,"San Jose, CA",California,8/23/1990,N/A,California-None-California,"San Jose, California",N/A,"San Jose, California","https://pga-tour-res.cloudinary.com/image/upload/c_fill,d_headshots_default.png,dpr_2.0,f_auto,g_face:center,h_350,q_auto,w_280/headshots_47472.png",,
Chris Crawford,N/A,N/A,Jacksonville,Florida,None,None,None,"Jacksonville, FL",Florida,8/23/1991,N/A,Florida-None-Florida,"Jacksonville, Florida",N/A,"Jacksonville, Florida","https://pga-tour-res.cloudinary.com/image/upload/c_fill,d_headshots_default.png,dpr_2.0,f_auto,g_face:center,h_350,q_auto,w_280/headshots_47459.png",,
Braden Bailey,N/A,N/A,Waco,Texas,Baylor University,Waco,Texas,"Waco, TX",Texas,8/23/1992,N/A,Texas-Texas-Texas,"Waco, Texas","Waco, Texas","Waco, TX","https://pga-tour-res.cloudinary.com/image/upload/c_fill,d_headshots_default.png,dpr_2.0,f_auto,g_face:center,h_350,q_auto,w_280/headshots_47458.png",,
Pep Angles,N/A,N/A,Barcelona,Spain,None,None,None,"Barcelona, Spain",Spain,8/23/1993,N/A,Spain-None-Spain,"Barcelona, Spain",N/A,"Barcelona, Spain","https://pga-tour-res.cloudinary.com/image/upload/c_fill,d_headshots_default.png,dpr_2.0,f_auto,g_face:center,h_350,q_auto,w_280/headshots_46596.png",,
Luke Schniederjans,N/A,N/A,Dallas,Texas,Georgia Tech,Atlanta,Georgia,"Dallas, TX",Texas,8/23/1994,N/A,Texas-Georgia-Texas,"Dallas, Texas","Atlanta, Georgia","Dallas, Texas","https://pga-tour-res.cloudinary.com/image/upload/c_fill,d_headshots_default.png,dpr_2.0,f_auto,g_face:center,h_350,q_auto,w_280/headshots_47457.png",,
Albin Choi,N/A,N/A,Toronto,Ontario,North Carolina State University,Raleigh,North Carolina,"Toronto, Canada",N/A,8/23/1995,N/A,Ontario-North Carolina-N/A,"Toronto, Ontario","Raleigh, North Carolina","Toronto, Canada","https://pga-tour-res.cloudinary.com/image/upload/c_fill,d_headshots_default.png,dpr_2.0,f_auto,g_face:center,h_350,q_auto,w_280/headshots_47460.png",,
Trevor Simsby,N/A,N/A,Calgary,Alberta,None,None,None,"Calgary, Canada",N/A,8/23/1996,N/A,Alberta-None-N/A,"Calgary, Alberta",N/A,"Calgary, Canada","https://pga-tour-res.cloudinary.com/image/upload/c_fill,d_headshots_default.png,dpr_2.0,f_auto,g_face:center,h_350,q_auto,w_280/headshots_47461.png",,
Martin Piller,N/A,N/A,Dallas,Texas,Texas A&M University,College Station,Texas,"Dallas, TX",Texas,8/23/1997,N/A,Texas-Texas-Texas,"Dallas, Texas","College Station, Texas","Dallas, Texas","https://pga-tour-res.cloudinary.com/image/upload/c_fill,d_headshots_default.png,dpr_2.0,f_auto,g_face:center,h_350,q_auto,w_280/headshots_32643.png",,
James Piot,N/A,N/A,Canton,Michigan,Michigan State University,East Lansing,Michigan,"Canton, MI",Michigan,8/23/1998,N/A,Michigan-Michigan-Michigan,"Canton, Michigan","East Lansing, Michigan","Canton, Michigan","https://pga-tour-res.cloudinary.com/image/upload/c_fill,d_headshots_default.png,dpr_2.0,f_auto,g_face:center,h_350,q_auto,w_280/headshots_58617.png",,
P.J. Maybank,N/A,N/A,Cheboygan,Michigan,None,None,None,"Cheboygan, MI",Michigan,8/23/1999,N/A,Michigan-None-Michigan,"Cheboygan, Michigan",N/A,"Cheboygan, Michigan","https://pga-tour-res.cloudinary.com/image/upload/c_fill,d_headshots_default.png,dpr_2.0,f_auto,g_face:center,h_350,q_auto,w_280/headshots_58616.png",,
John Pak,N/A,N/A,Scotch Plains,New Jersey,Florida State University,Tallahassee,Florida,"Scotch Plains, NJ",New Jersey,8/23/2000,N/A,New Jersey-Florida-New Jersey,"Scotch Plains, New Jersey","Tallahassee, Florida","Scotch Plains, New Jersey","https://pga-tour-res.cloudinary.com/image/upload/c_fill,d_headshots_default.png,dpr_2.0,f_auto,g_face:center,h_350,q_auto,w_280/headshots_59160.png",,
Scott Stevens,N/A,N/A,Toronto,Ontario,None,None,None,"Toronto, Canada",N/A,8/23/2001,N/A,Ontario-None-N/A,"Toronto, Ontario",N/A,"Toronto, Canada","https://pga-tour-res.cloudinary.com/image/upload/c_fill,d_headshots_default.png,dpr_2.0,f_auto,g_face:center,h_350,q_auto,w_280/headshots_48962.png",,
Tyler McCumber,N/A,N/A,Ponte Vedra Beach,Florida,University of Florida,Gainesville,Florida,"Ponte Vedra Beach, FL",Florida,8/23/2002,N/A,Florida-Florida-Florida,"Ponte Vedra Beach, Florida","Gainesville, Florida","Ponte Vedra Beach, Florida","https://pga-tour-res.cloudinary.com/image/upload/c_fill,d_headshots_default.png,dpr_2.0,f_auto,g_face:center,h_350,q_auto,w_280/headshots_47449.png",,
Chris Naegel,N/A,N/A,St. Louis,Missouri,Mississippi State University,Starkville,Mississippi,"Chesterfield, MO",Missouri,8/23/2003,N/A,Missouri-Mississippi-Missouri,"St. Louis, Missouri","Starkville, Mississippi","Chesterfield, Missouri","https://pga-tour-res.cloudinary.com/image/upload/c_fill,d_headshots_default.png,dpr_2.0,f_auto,g_face:center,h_350,q_auto,w_280/headshots_47450.png",,
Brent Grant,N/A,N/A,Sacramento,California,None,None,None,"Sacramento, CA",California,8/23/2004,N/A,California-None-California,"Sacramento, California",N/A,"Sacramento, California","https://pga-tour-res.cloudinary.com/image/upload/c_fill,d_headshots_default.png,dpr_2.0,f_auto,g_face:center,h_350,q_auto,w_280/headshots_47451.png",,
Brian Stuard,N/A,N/A,Jackson,Michigan,Oakland University,Rochester,Michigan,"Jackson, MI",Michigan,8/23/2005,N/A,Michigan-Michigan-Michigan,"Jackson, Michigan","Rochester, Michigan","Jackson, Michigan","https://pga-tour-res.cloudinary.com/image/upload/c_fill,d_headshots_default.png,dpr_2.0,f_auto,g_face:center,h_350,q_auto,w_280/headshots_30976.png",,
Michael Sims,N/A,N/A,Toronto,Ontario,None,None,None,"Toronto, Canada",N/A,8/23/2006,N/A,Ontario-None-N/A,"Toronto, Ontario",N/A,"Toronto, Canada","https://pga-tour-res.cloudinary.com/image/upload/c_fill,d_headshots_default.png,dpr_2.0,f_auto,g_face:center,h_350,q_auto,w_280/headshots_48956.png",,
Aaron Beverly,N/A,N/A,Sacramento,California,None,None,None,"Sacramento, CA",California,8/23/2007,N/A,California-None-California,"Sacramento, California",N/A,"Sacramento, California","https://pga-tour-res.cloudinary.com/image/upload/c_fill,d_headshots_default.png,dpr_2.0,f_auto,g_face:center,h_350,q_auto,w_280/headshots_47452.png",,
Matt Marshall,N/A,N/A,Toronto,Ontario,None,None,None,"Toronto, Canada",N/A,8/23/2008,N/A,Ontario-None-N/A,"Toronto, Ontario",N/A,"Toronto, Canada","https://pga-tour-res.cloudinary.com/image/upload/c_fill,d_headshots_default.png,dpr_2.0,f_auto,g_face:center,h_350,q_auto,w_280/headshots_48951.png",,
Johnny Ruiz,N/A,N/A,Toronto,Ontario,None,None,None,"Toronto, Canada",N/A,8/23/2009,N/A,Ontario-None-N/A,"Toronto, Ontario",N/A,"Toronto, Canada","https://pga-tour-res.cloudinary.com/image/upload/c_fill,d_headshots_default.png,dpr_2.0,f_auto,g_face:center,h_350,q_auto,w_280/headshots_48957.png",,
Anders Albertson,N/A,N/A,Woodstock,Georgia,Georgia Tech,Atlanta,Georgia,"Woodstock, GA",Georgia,8/23/2010,N/A,Georgia-Georgia-Georgia,"Woodstock, Georgia","Atlanta, Georgia","Woodstock, Georgia","https://pga-tour-res.cloudinary.com/image/upload/c_fill,d_headshots_default.png,dpr_2.0,f_auto,g_face:center,h_350,q_auto,w_280/headshots_47453.png",,
Danielle Kang,N/A,N/A,San Francisco,California,Pepperdine University,Malibu,California,"Las Vegas, NV",Nevada,8/23/2011,N/A,California-California-Nevada,"San Francisco, California","Malibu, California","Las Vegas, Nevada","https://pga-tour-res.cloudinary.com/image/upload/c_fill,d_headshots_default.png,dpr_2.0,f_auto,g_face:center,h_350,q_auto,w_280/headshots_47454.png",,
Evan Bowser,N/A,N/A,Toronto,Ontario,None,None,None,"Toronto, Canada",N/A,8/23/2012,N/A,Ontario-None-N/A,"Toronto, Ontario",N/A,"Toronto, Canada","https://pga-tour-res.cloudinary.com/image/upload/c_fill,d_headshots_default.png,dpr_2.0,f_auto,g_face:center,h_350,q_auto,w_280/headshots_48958.png",,
Zac Oakley,N/A,N/A,Toronto,Ontario,None,None,None,"Toronto, Canada",N/A,8/23/2013,N/A,Ontario-None-N/A,"Toronto, Ontario",N/A,"Toronto, Canada","https://pga-tour-res.cloudinary.com/image/upload/c_fill,d_headshots_default.png,dpr_2.0,f_auto,g_face:center,h_350,q_auto,w_280/headshots_48960.png",,
Tim Wilkinson,N/A,N/A,Palmerston North,New Zealand,None,None,None,"Jacksonville, FL",Florida,8/23/2014,N/A,New Zealand-None-Florida,"Palmerston North, New Zealand",N/A,"Jacksonville, Florida","https://pga-tour-res.cloudinary.com/image/upload/c_fill,d_headshots_default.png,dpr_2.0,f_auto,g_face:center,h_350,q_auto,w_280/headshots_26015.png",,
Charlie Reiter,N/A,N/A,Palm Desert,California,University of San Diego,San Diego,California,"Palm Desert, CA",California,8/23/2015,N/A,California-California-California,"Palm Desert, California","San Diego, California","Palm Desert, California","https://pga-tour-res.cloudinary.com/image/upload/c_fill,d_headshots_default.png,dpr_2.0,f_auto,g_face:center,h_350,q_auto,w_280/headshots_58614.png",,
Andrew Kozan,N/A,N/A,Palm Beach Gardens,Florida,Auburn University,Auburn,Alabama,"Palm Beach Gardens, FL",Florida,8/23/2016,N/A,Florida-Alabama-Florida,"Palm Beach Gardens, Florida","Auburn, Alabama","Palm Beach Gardens, Florida","https://pga-tour-res.cloudinary.com/image/upload/c_fill,d_headshots_default.png,dpr_2.0,f_auto,g_face:center,h_350,q_auto,w_280/headshots_58615.png",,
Matt Parziale,N/A,N/A,Brockton,Massachusetts,None,None,None,"Brockton, MA",Massachusetts,8/23/2017,N/A,Massachusetts-None-Massachusetts,"Brockton, Massachusetts",N/A,"Brockton, Massachusetts","https://pga-tour-res.cloudinary.com/image/upload/c_fill,d_headshots_default.png,dpr_2.0,f_auto,g_face:center,h_350,q_auto,w_280/headshots_47455.png",,
Mark Anguiano,N/A,N/A,El Paso,Texas,None,None,None,"El Paso, TX",Texas,8/23/2018,N/A,Texas-None-Texas,"El Paso, Texas",N/A,"El Paso, Texas","https://pga-tour-res.cloudinary.com/image/upload/c_fill,d_headshots_default.png,dpr_2.0,f_auto,g_face:center,h_350,q_auto,w_280/headshots_47456.png",,
Taylor Montgomery,N/A,N/A,Las Vegas,Nevada,"University of Nevada, Las Vegas",Las Vegas,Nevada,"Las Vegas, NV",Nevada,8/23/2019,N/A,Nevada-Nevada-Nevada,"Las Vegas, Nevada","Las Vegas, Nevada","Las Vegas, Nevada","https://pga-tour-res.cloudinary.com/image/upload/c_fill,d_headshots_default.png,dpr_2.0,f_auto,g_face:center,h_350,q_auto,w_280/headshots_55789.png",,
Evan Brown,N/A,N/A,Toronto,Ontario,None,None,None,"Toronto, Canada",N/A,8/23/2020,N/A,Ontario-None-N/A,"Toronto, Ontario",N/A,"Toronto, Canada","https://pga-tour-res.cloudinary.com/image/upload/c_fill,d_headshots_default.png,dpr_2.0,f_auto,g_face:center,h_350,q_auto,w_280/headshots_48959.png",,
Ben Silverman,N/A,N/A,Palm Beach Gardens,Florida,Florida Atlantic University,Boca Raton,Florida,"Jupiter, FL",Florida,8/23/2021,N/A,Florida-Florida-Florida,"Palm Beach Gardens, Florida","Boca Raton, Florida","Jupiter, Florida","https://pga-tour-res.cloudinary.com/image/upload/c_fill,d_headshots_default.png,dpr_2.0,f_auto,g_face:center,h_350,q_auto,w_280/headshots_39327.png",,
Michael Feagles,N/A,N/A,Hinsdale,Illinois,University of Illinois,Urbana-Champaign,Illinois,"Hinsdale, IL",Illinois,8/23/2022,N/A,Illinois-Illinois-Illinois,"Hinsdale, Illinois","Urbana-Champaign, Illinois","Hinsdale, Illinois","https://pga-tour-res.cloudinary.com/image/upload/c_fill,d_headshots_default.png,dpr_2.0,f_auto,g_face:center,h_350,q_auto,w_280/headshots_56765.png",,
Jack Munro,N/A,N/A,Toronto,Ontario,None,None,None,"Toronto, Canada",N/A,8/23/2023,N/A,Ontario-None-N/A,"Toronto, Ontario",N/A,"Toronto, Canada","https://pga-tour-res.cloudinary.com/image/upload/c_fill,d_headshots_default.png,dpr_2.0,f_auto,g_face:center,h_350,q_auto,w_280/headshots_48953.png",,
Josh Whalen,N/A,N/A,Toronto,Ontario,None,None,None,"Toronto, Canada",N/A,8/23/2024,N/A,Ontario-None-N/A,"Toronto, Ontario",N/A,"Toronto, Canada","https://pga-tour-res.cloudinary.com/image/upload/c_fill,d_headshots_default.png,dpr_2.0,f_auto,g_face:center,h_350,q_auto,w_280/headshots_48960.png",,
Hugo Bernard,N/A,N/A,Quebec City,Quebec,None,None,None,"Quebec City, Canada",N/A,8/23/1978,N/A,Quebec-None-N/A,"Quebec City, Quebec",N/A,"Quebec City, Canada","https://pga-tour-res.cloudinary.com/image/upload/c_fill,d_headshots_default.png,dpr_2.0,f_auto,g_face:center,h_350,q_auto,w_280/headshots_51354.png",,
Etienne Brault,N/A,N/A,Toronto,Ontario,None,None,None,"Toronto, Canada",N/A,8/23/1979,N/A,Ontario-None-N/A,"Toronto, Ontario",N/A,"Toronto, Canada","https://pga-tour-res.cloudinary.com/image/upload/c_fill,d_headshots_default.png,dpr_2.0,f_auto,g_face:center,h_350,q_auto,w_280/headshots_48961.png",,
Robbie Greenwell,N/A,N/A,Toronto,Ontario,None,None,None,"Toronto, Canada",N/A,8/23/1980,N/A,Ontario-None-N/A,"Toronto, Ontario",N/A,"Toronto, Canada","https://pga-tour-res.cloudinary.com/image/upload/c_fill,d_headshots_default.png,dpr_2.0,f_auto,g_face:center,h_350,q_auto,w_280/headshots_51355.png",,
Chris Crawford,N/A,N/A,Jacksonville,Florida,None,None,None,"Jacksonville, FL",Florida,8/23/1981,N/A,Florida-None-Florida,"Jacksonville, Florida",N/A,"Jacksonville, Florida","https://pga-tour-res.cloudinary.com/image/upload/c_fill,d_headshots_default.png,dpr_2.0,f_auto,g_face:center,h_350,q_auto,w_280/headshots_47459.png",,
Braden Bailey,N/A,N/A,Waco,Texas,Baylor University,Waco,Texas,"Waco, TX",Texas,8/23/1982,N/A,Texas-Texas-Texas,"Waco, Texas","Waco, Texas","Waco, Texas","https://pga-tour-res.cloudinary.com/image/upload/c_fill,d_headshots_default.png,dpr_2.0,f_auto,g_face:center,h_350,q_auto,w_280/headshots_47458.png",,
Pep Angles,N/A,N/A,Barcelona,Spain,None,None,None,"Barcelona, Spain",Spain,8/23/1983,N/A,Spain-None-Spain,"Barcelona, Spain",N/A,"Barcelona, Spain","https://pga-tour-res.cloudinary.com/image/upload/c_fill,d_headshots_default.png,dpr_2.0,f_auto,g_face:center,h_350,q_auto,w_280/headshots_46596.png",,
Luke Schniederjans,N/A,N/A,Dallas,Texas,Georgia Tech,Atlanta,Georgia,"Dallas, TX",Texas,8/23/1984,N/A,Texas-Georgia-Texas,"Dallas, Texas","Atlanta, Georgia","Dallas, Texas","https://pga-tour-res.cloudinary.com/image/upload/c_fill,d_headshots_default.png,dpr_2.0,f_auto,g_face:center,h_350,q_auto,w_280/headshots_47457.png",,
Albin Choi,N/A,N/A,Toronto,Ontario,North Carolina State University,Raleigh,North Carolina,"Toronto, Canada",N/A,8/23/1985,N/A,Ontario-North Carolina-N/A,"Toronto, Ontario","Raleigh, North Carolina","Toronto, Canada","https://pga-tour-res.cloudinary.com/image/upload/c_fill,d_headshots_default.png,dpr_2.0,f_auto,g_face:center,h_350,q_auto,w_280/headshots_47460.png",,
Trevor Simsby,N/A,N/A,Calgary,Alberta,None,None,None,"Calgary, Canada",N/A,8/23/1986,N/A,Alberta-None-N/A,"Calgary, Alberta",N/A,"Calgary, Canada","https://pga-tour-res.cloudinary.com/image/upload/c_fill,d_headshots_default.png,dpr_2.0,f_auto,g_face:center,h_350,q_auto,w_280/headshots_47461.png",,
Martin Piller,N/A,N/A,Dallas,Texas,Texas A&M University,College Station,Texas,"Dallas, TX",Texas,8/23/1987,N/A,Texas-Texas-Texas,"Dallas, Texas","College Station, Texas","Dallas, Texas","https://pga-tour-res.cloudinary.com/image/upload/c_fill,d_headshots_default.png,dpr_2.0,f_auto,g_face:center,h_350,q_auto,w_280/headshots_32643.png",,
James Piot,N/A,N/A,Canton,Michigan,Michigan State University,East Lansing,Michigan,"Canton, MI",Michigan,8/23/1988,N/A,Michigan-Michigan-Michigan,"Canton, Michigan","East Lansing, Michigan","Canton, Michigan","https://pga-tour-res.cloudinary.com/image/upload/c_fill,d_headshots_default.png,dpr_2.0,f_auto,g_face:center,h_350,q_auto,w_280/headshots_58617.png",,
P.J. Maybank,N/A,N/A,Cheboygan,Michigan,None,None,None,"Cheboygan, MI",Michigan,8/23/1989,N/A,Michigan-None-Michigan,"Cheboygan, Michigan",N/A,"Cheboygan, Michigan","https://pga-tour-res.cloudinary.com/image/upload/c_fill,d_headshots_default.png,dpr_2.0,f_auto,g_face:center,h_350,q_auto,w_280/headshots_58616.png",,
John Pak,N/A,N/A,Scotch Plains,New Jersey,Florida State University,Tallahassee,Florida,"Scotch Plains, NJ",New Jersey,8/23/1990,N/A,New Jersey-Florida-New Jersey,"Scotch Plains, New Jersey","Tallahassee, Florida","Scotch Plains, New Jersey","https://pga-tour-res.cloudinary.com/image/upload/c_fill,d_headshots_default.png,dpr_2.0,f_auto,g_face:center,h_350,q_auto,w_280/headshots_59160.png",,
Scott Stevens,N/A,N/A,Toronto,Ontario,None,None,None,"Toronto, Canada",N/A,8/23/1991,N/A,Ontario-None-N/A,"Toronto, Ontario",N/A,"Toronto, Canada","https://pga-tour-res.cloudinary.com/image/upload/c_fill,d_headshots_default.png,dpr_2.0,f_auto,g_face:center,h_350,q_auto,w_280/headshots_48962.png",,
Tyler McCumber,N/A,N/A,Ponte Vedra Beach,Florida,University of Florida,Gainesville,Florida,"Ponte Vedra Beach, FL",Florida,8/23/1992,N/A,Florida-Florida-Florida,"Ponte Vedra Beach, Florida","Gainesville, Florida","Ponte Vedra Beach, Florida","https://pga-tour-res.cloudinary.com/image/upload/c_fill,d_headshots_default.png,dpr_2.0,f_auto,g_face:center,h_350,q_auto,w_280/headshots_47449.png",,
Chris Naegel,N/A,N/A,St. Louis,Missouri,Mississippi State University,Starkville,Mississippi,"Chesterfield, MO",Missouri,8/23/1993,N/A,Missouri-Mississippi-Missouri,"St. Louis, Missouri","Starkville, Mississippi","Chesterfield, Missouri","https://pga-tour-res.cloudinary.com/image/upload/c_fill,d_headshots_default.png,dpr_2.0,f_auto,g_face:center,h_350,q_auto,w_280/headshots_47450.png",,
Brent Grant,N/A,N/A,Sacramento,California,None,None,None,"Sacramento, CA",California,8/23/1994,N/A,California-None-California,"Sacramento, California",N/A,"Sacramento, California","https://pga-tour-res.cloudinary.com/image/upload/c_fill,d_headshots_default.png,dpr_2.0,f_auto,g_face:center,h_350,q_auto,w_280/headshots_47451.png",,
Brian Stuard,N/A,N/A,Jackson,Michigan,Oakland University,Rochester,Michigan,"Jackson, MI",Michigan,8/23/1995,N/A,Michigan-Michigan-Michigan,"Jackson, Michigan","Rochester, Michigan","Jackson, Michigan","https://pga-tour-res.cloudinary.com/image/upload/c_fill,d_headshots_default.png,dpr_2.0,f_auto,g_face:center,h_350,q_auto,w_280/headshots_30976.png",,
Michael Sims,N/A,N/A,Toronto,Ontario,None,None,None,"Toronto, Canada",N/A,8/23/1996,N/A,Ontario-None-N/A,"Toronto, Ontario",N/A,"Toronto, Canada","https://pga-tour-res.cloudinary.com/image/upload/c_fill,d_headshots_default.png,dpr_2.0,f_auto,g_face:center,h_350,q_auto,w_280/headshots_48956.png",,
Aaron Beverly,N/A,N/A,Sacramento,California,None,None,None,"Sacramento, CA",California,8/23/1997,N/A,California-None-California,"Sacramento, California",N/A,"Sacramento, California","https://pga-tour-res.cloudinary.com/image/upload/c_fill,d_headshots_default.png,dpr_2.0,f_auto,g_face:center,h_350,q_auto,w_280/headshots_47452.png",,
Matt Marshall,N/A,N/A,Toronto,Ontario,None,None,None,"Toronto, Canada",N/A,8/23/1998,N/A,Ontario-None-N/A,"Toronto, Ontario",N/A,"Toronto, Canada","https://pga-tour-res.cloudinary.com/image/upload/c_fill,d_headshots_default.png,dpr_2.0,f_auto,g_face:center,h_350,q_auto,w_280/headshots_48951.png",,
Johnny Ruiz,N/A,N/A,Toronto,Ontario,None,None,None,"Toronto, Canada",N/A,8/23/1999,N/A,Ontario-None-N/A,"Toronto, Ontario",N/A,"Toronto, Canada","https://pga-tour-res.cloudinary.com/image/upload/c_fill,d_headshots_default.png,dpr_2.0,f_auto,g_face:center,h_350,q_auto,w_280/headshots_48957.png",,
Anders Albertson,N/A,N/A,Woodstock,Georgia,Georgia Tech,Atlanta,Georgia,"Woodstock, GA",Georgia,8/23/2000,N/A,Georgia-Georgia-Georgia,"Woodstock, Georgia","Atlanta, Georgia","Woodstock, Georgia","https://pga-tour-res.cloudinary.com/image/upload/c_fill,d_headshots_default.png,dpr_2.0,f_auto,g_face:center,h_350,q_auto,w_280/headshots_47453.png",,
Danielle Kang,N/A,N/A,San Francisco,California,Pepperdine University,Malibu,California,"Las Vegas, NV",Nevada,8/23/2001,N/A,California-California-Nevada,"San Francisco, California","Malibu, California","Las Vegas, Nevada","https://pga-tour-res.cloudinary.com/image/upload/c_fill,d_headshots_default.png,dpr_2.0,f_auto,g_face:center,h_350,q_auto,w_280/headshots_47454.png",,
Evan Bowser,N/A,N/A,Toronto,Ontario,None,None,None,"Toronto, Canada",N/A,8/23/2002,N/A,Ontario-None-N/A,"Toronto, Ontario",N/A,"Toronto, Canada","https://pga-tour-res.cloudinary.com/image/upload/c_fill,d_headshots_default.png,dpr_2.0,f_auto,g_face:center,h_350,q_auto,w_280/headshots_48958.png",,
Zac Oakley,N/A,N/A,Toronto,Ontario,None,None,None,"Toronto, Canada",N/A,8/23/2003,N/A,Ontario-None-N/A,"Toronto, Ontario",N/A,"Toronto, Canada","https://pga-tour-res.cloudinary.com/image/upload/c_fill,d_headshots_default.png,dpr_2.0,f_auto,g_face:center,h_350,q_auto,w_280/headshots_48960.png",,
Tim Wilkinson,N/A,N/A,Palmerston North,New Zealand,None,None,None,"Jacksonville, FL",Florida,8/23/2004,N/A,New Zealand-None-Florida,"Palmerston North, New Zealand",N/A,"Jacksonville, Florida","https://pga-tour-res.cloudinary.com/image/upload/c_fill,d_headshots_default.png,dpr_2.0,f_auto,g_face:center,h_350,q_auto,w_280/headshots_26015.png",,
Charlie Reiter,N/A,N/A,Palm Desert,California,University of San Diego,San Diego,California,"Palm Desert, CA",California,8/23/2005,N/A,California-California-California,"Palm Desert, California","San Diego, California","Palm Desert, California","https://pga-tour-res.cloudinary.com/image/upload/c_fill,d_headshots_default.png,dpr_2.0,f_auto,g_face:center,h_350,q_auto,w_280/headshots_58614.png",,
Andrew Kozan,N/A,N/A,Palm Beach Gardens,Florida,Auburn University,Auburn,Alabama,"Palm Beach Gardens, FL",Florida,8/23/2006,N/A,Florida-Alabama-Florida,"Palm Beach Gardens, Florida","Auburn, Alabama","Palm Beach Gardens, Florida","https://pga-tour-res.cloudinary.com/image/upload/c_fill,d_headshots_default.png,dpr_2.0,f_auto,g_face:center,h_350,q_auto,w_280/headshots_58615.png",,
Matt Parziale,N/A,N/A,Brockton,Massachusetts,None,None,None,"Brockton, MA",Massachusetts,8/23/2007,N/A,Massachusetts-None-Massachusetts,"Brockton, Massachusetts",N/A,"Brockton, Massachusetts","https://pga-tour-res.cloudinary.com/image/upload/c_fill,d_headshots_default.png,dpr_2.0,f_auto,g_face:center,h_350,q_auto,w_280/headshots_47455.png",,
Mark Anguiano,N/A,N/A,El Paso,Texas,None,None,None,"El Paso, TX",Texas,8/23/2008,N/A,Texas-None-Texas,"El Paso, Texas",N/A,"El Paso, Texas","https://pga-tour-res.cloudinary.com/image/upload/c_fill,d_headshots_default.png,dpr_2.0,f_auto,g_face:center,h_350,q_auto,w_280/headshots_47456.png",,
Taylor Montgomery,N/A,N/A,Las Vegas,Nevada,"University of Nevada, Las Vegas",Las Vegas,Nevada,"Las Vegas, NV",Nevada,8/23/2009,N/A,Nevada-Nevada-Nevada,"Las Vegas, Nevada","Las Vegas, Nevada","Las Vegas, Nevada","https://pga-tour-res.cloudinary.com/image/upload/c_fill,d_headshots_default.png,dpr_2.0,f_auto,g_face:center,h_350,q_auto,w_280/headshots_55789.png",,
Evan Brown,N/A,N/A,Toronto,Ontario,None,None,None,"Toronto, Canada",N/A,8/23/2010,N/A,Ontario-None-N/A,"Toronto, Ontario",N/A,"Toronto, Canada","https://pga-tour-res.cloudinary.com/image/upload/c_fill,d_headshots_default.png,dpr_2.0,f_auto,g_face:center,h_350,q_auto,w_280/headshots_48959.png",,
Ben Silverman,N/A,N/A,Palm Beach Gardens,Florida,Florida Atlantic University,Boca Raton,Florida,"Jupiter, FL",Florida,8/23/2011,N/A,Florida-Florida-Florida,"Palm Beach Gardens, Florida","Boca Raton, Florida","Jupiter, Florida","https://pga-tour-res.cloudinary.com/image/upload/c_fill,d_headshots_default.png,dpr_2.0,f_auto,g_face:center,h_350,q_auto,w_280/headshots_39327.png",,
Michael Feagles,N/A,N/A,Hinsdale,Illinois,University of Illinois,Urbana-Champaign,Illinois,"Hinsdale, IL",Illinois,8/23/2012,N/A,Illinois-Illinois-Illinois,"Hinsdale, Illinois","Urbana-Champaign, Illinois","Hinsdale, Illinois","https://pga-tour-res.cloudinary.com/image/upload/c_fill,d_headshots_default.png,dpr_2.0,f_auto,g_face:center,h_350,q_auto,w_280/headshots_56765.png",,
Jack Munro,N/A,N/A,Toronto,Ontario,None,None,None,"Toronto, Canada",N/A,8/23/2013,N/A,Ontario-None-N/A,"Toronto, Ontario",N/A,"Toronto, Canada","https://pga-tour-res.cloudinary.com/image/upload/c_fill,d_headshots_default.png,dpr_2.0,f_auto,g_face:center,h_350,q_auto,w_280/headshots_48953.png",,
Josh Whalen,N/A,N/A,Toronto,Ontario,None,None,None,"Toronto, Canada",N/A,8/23/2014,N/A,Ontario-None-N/A,"Toronto, Ontario",N/A,"Toronto, Canada","https://pga-tour-res.cloudinary.com/image/upload/c_fill,d_headshots_default.png,dpr_2.0,f_auto,g_face:center,h_350,q_auto,w_280/headshots_48960.png",,
Hugo Bernard,N/A,N/A,Quebec City,Quebec,None,None,None,"Quebec City, Canada",N/A,8/23/2015,N/A,Quebec-None-N/A,"Quebec City, Quebec",N/A,"Quebec City, Canada","https://pga-tour-res.cloudinary.com/image/upload/c_fill,d_headshots_default.png,dpr_2.0,f_auto,g_face:center,h_350,q_auto,w_280/headshots_51354.png",,
Etienne Brault,N/A,N/A,Toronto,Ontario,None,None,None,"Toronto, Canada",N/A,8/23/2016,N/A,Ontario-None-N/A,"Toronto, Ontario",N/A,"Toronto, Canada","https://pga-tour-res.cloudinary.com/image/upload/c_fill,d_headshots_default.png,dpr_2.0,f_auto,g_face:center,h_350,q_auto,w_280/headshots_48961.png",,
Robbie Greenwell,N/A,N/A,Toronto,Ontario,None,None,None,"Toronto, Canada",N/A,8/23/2017,N/A,Ontario-None-N/A,"Toronto, Ontario",N/A,"Toronto, Canada","https://pga-tour-res.cloudinary.com/image/upload/c_fill,d_headshots_default.png,dpr_2.0,f_auto,g_face:center,h_350,q_auto,w_280/headshots_51355.png",,
Chris Crawford,N/A,N/A,Jacksonville,Florida,None,None,None,"Jacksonville, FL",Florida,8/23/2018,N/A,Florida-None-Florida,"Jacksonville, Florida",N/A,"Jacksonville, Florida","https://pga-tour-res.cloudinary.com/image/upload/c_fill,d_headshots_default.png,dpr_2.0,f_auto,g_face:center,h_350,q_auto,w_280/headshots_47459.png",,
Braden Bailey,N/A,N/A,Waco,Texas,Baylor University,Waco,Texas,"Waco, TX",Texas,8/23/2019,N/A,Texas-Texas-Texas,"Waco, Texas","Waco, Texas","Waco, Texas","https://pga-tour-res.cloudinary.com/image/upload/c_fill,d_headshots_default.png,dpr_2.0,f_auto,g_face:center,h_350,q_auto,w_280/headshots_47458.png",,
Pep Angles,N/A,N/A,Barcelona,Spain,None,None,None,"Barcelona, Spain",Spain,8/23/2020,N/A,Spain-None-Spain,"Barcelona, Spain",N/A,"Barcelona, Spain","https://pga-tour-res.cloudinary.com/image/upload/c_fill,d_headshots_default.png,dpr_2.0,f_auto,g_face:center,h_350,q_auto,w_280/headshots_46596.png",,
Luke Schniederjans,N/A,N/A,Dallas,Texas,Georgia Tech,Atlanta,Georgia,"Dallas, TX",Texas,8/23/2021,N/A,Texas-Georgia-Texas,"Dallas, Texas","Atlanta, Georgia","Dallas, Texas","https://pga-tour-res.cloudinary.com/image/upload/c_fill,d_headshots_default.png,dpr_2.0,f_auto,g_face:center,h_350,q_auto,w_280/headshots_47457.png",,
Albin Choi,N/A,N/A,Toronto,Ontario,North Carolina State University,Raleigh,North Carolina,"Toronto, Canada",N/A,8/23/2022,N/A,Ontario-North Carolina-N/A,"Toronto, Ontario","Raleigh, North Carolina","Toronto, Canada","https://pga-tour-res.cloudinary.com/image/upload/c_fill,d_headshots_default.png,dpr_2.0,f_auto,g_face:center,h_350,q_auto,w_280/headshots_47460.png",,
Trevor Simsby,N/A,N/A,Calgary,Alberta,None,None,None,"Calgary, Canada",N/A,8/23/2023,N/A,Alberta-None-N/A,"Calgary, Alberta",N/A,"Calgary, Canada","https://pga-tour-res.cloudinary.com/image/upload/c_fill,d_headshots_default.png,dpr_2.0,f_auto,g_face:center,h_350,q_auto,w_280/headshots_47461.png",,
Martin Piller,N/A,N/A,Dallas,Texas,Texas A&M University,College Station,Texas,"Dallas, TX",Texas,8/23/2024,N/A,Texas-Texas-Texas,"Dallas, Texas","College Station, Texas","Dallas, Texas","https://pga-tour-res.cloudinary.com/image/upload/c_fill,d_headshots_default.png,dpr_2.0,f_auto,g_face:center,h_350,q_auto,w_280/headshots_32643.png",,
,,,,,,,,,,,,,,,,,,
James Piot,N/A,N/A,Canton,Michigan,Michigan State University,East Lansing,Michigan,"Canton, MI",Michigan,8/23/2025,N/A,Michigan-Michigan-Michigan,"Canton, Michigan","East Lansing, Michigan","Canton, Michigan","https://pga-tour-res.cloudinary.com/image/upload/c_fill,d_headshots_default.png,dpr_2.0,f_auto,g_face:center,h_350,q_auto,w_280/headshots_58617.png",,
P.J. Maybank,N/A,N/A,Cheboygan,Michigan,None,None,None,"Cheboygan, MI",Michigan,8/23/1978,N/A,Michigan-None-Michigan,"Cheboygan, Michigan",N/A,"Cheboygan, Michigan","https://pga-tour-res.cloudinary.com/image/upload/c_fill,d_headshots_default.png,dpr_2.0,f_auto,g_face:center,h_350,q_auto,w_280/headshots_58616.png",,
John Pak,N/A,N/A,Scotch Plains,New Jersey,Florida State University,Tallahassee,Florida,"Scotch Plains, NJ",New Jersey,8/23/1979,N/A,New Jersey-Florida-New Jersey,"Scotch Plains, New Jersey","Tallahassee, Florida","Scotch Plains, New Jersey","https://pga-tour-res.cloudinary.com/image/upload/c_fill,d_headshots_default.png,dpr_2.0,f_auto,g_face:center,h_350,q_auto,w_280/headshots_59160.png",,
Scott Stevens,N/A,N/A,Toronto,Ontario,None,None,None,"Toronto, Canada",N/A,8/23/1980,N/A,Ontario-None-N/A,"Toronto, Ontario",N/A,"Toronto, Canada","https://pga-tour-res.cloudinary.com/image/upload/c_fill,d_headshots_default.png,dpr_2.0,f_auto,g_face:center,h_350,q_auto,w_280/headshots_48962.png",,
Tyler McCumber,N/A,N/A,Ponte Vedra Beach,Florida,University of Florida,Gainesville,Florida,"Ponte Vedra Beach, FL",Florida,8/23/1981,N/A,Florida-Florida-Florida,"Ponte Vedra Beach, Florida","Gainesville, Florida","Ponte Vedra Beach, Florida","https://pga-tour-res.cloudinary.com/image/upload/c_fill,d_headshots_default.png,dpr_2.0,f_auto,g_face:center,h_350,q_auto,w_280/headshots_47449.png",,
Chris Naegel,N/A,N/A,St. Louis,Missouri,Mississippi State University,Starkville,Mississippi,"Chesterfield, MO",Missouri,8/23/1982,N/A,Missouri-Mississippi-Missouri,"St. Louis, Missouri","Starkville, Mississippi","Chesterfield, Missouri","https://pga-tour-res.cloudinary.com/image/upload/c_fill,d_headshots_default.png,dpr_2.0,f_auto,g_face:center,h_350,q_auto,w_280/headshots_47450.png",,
Brent Grant,N/A,N/A,Sacramento,California,None,None,None,"Sacramento, CA",California,8/23/1983,N/A,California-None-California,"Sacramento, California",N/A,"Sacramento, California","https://pga-tour-res.cloudinary.com/image/upload/c_fill,d_headshots_default.png,dpr_2.0,f_auto,g_face:center,h_350,q_auto,w_280/headshots_47451.png",,
Brian Stuard,N/A,N/A,Jackson,Michigan,Oakland University,Rochester,Michigan,"Jackson, MI",Michigan,8/23/1984,N/A,Michigan-Michigan-Michigan,"Jackson, Michigan","Rochester, Michigan","Jackson, Michigan","https://pga-tour-res.cloudinary.com/image/upload/c_fill,d_headshots_default.png,dpr_2.0,f_auto,g_face:center,h_350,q_auto,w_280/headshots_30976.png",,
Michael Sims,N/A,N/A,Toronto,Ontario,None,None,None,"Toronto, Canada",N/A,8/23/1985,N/A,Ontario-None-N/A,"Toronto, Ontario",N/A,"Toronto, Canada","https://pga-tour-res.cloudinary.com/image/upload/c_fill,d_headshots_default.png,dpr_2.0,f_auto,g_face:center,h_350,q_auto,w_280/headshots_48956.png",,
Aaron Beverly,N/A,N/A,Sacramento,California,None,None,None,"Sacramento, CA",California,8/23/1986,N/A,California-None-California,"Sacramento, California",N/A,"Sacramento, California","https://pga-tour-res.cloudinary.com/image/upload/c_fill,d_headshots_default.png,dpr_2.0,f_auto,g_face:center,h_350,q_auto,w_280/headshots_47452.png",,
Matt Marshall,N/A,N/A,Toronto,Ontario,None,None,None,"Toronto, Canada",N/A,8/23/1987,N/A,Ontario-None-N/A,"Toronto, Ontario",N/A,"Toronto, Canada","https://pga-tour-res.cloudinary.com/image/upload/c_fill,d_headshots_default.png,dpr_2.0,f_auto,g_face:center,h_350,q_auto,w_280/headshots_48951.png",,
Johnny Ruiz,N/A,N/A,Toronto,Ontario,None,None,None,"Toronto, Canada",N/A,8/23/1988,N/A,Ontario-None-N/A,"Toronto, Ontario",N/A,"Toronto, Canada","https://pga-tour-res.cloudinary.com/image/upload/c_fill,d_headshots_default.png,dpr_2.0,f_auto,g_face:center,h_350,q_auto,w_280/headshots_48957.png",,
Anders Albertson,N/A,N/A,Woodstock,Georgia,Georgia Tech,Atlanta,Georgia,"Woodstock, GA",Georgia,8/23/1989,N/A,Georgia-Georgia-Georgia,"Woodstock, Georgia","Atlanta, Georgia","Woodstock, Georgia","https://pga-tour-res.cloudinary.com/image/upload/c_fill,d_headshots_default.png,dpr_2.0,f_auto,g_face:center,h_350,q_auto,w_280/headshots_47453.png",,
Danielle Kang,N/A,N/A,San Francisco,California,Pepperdine University,Malibu,California,"Las Vegas, NV",Nevada,8/23/1990,N/A,California-California-Nevada,"San Francisco, California","Malibu, California","Las Vegas, Nevada","https://pga-tour-res.cloudinary.com/image/upload/c_fill,d_headshots_default.png,dpr_2.0,f_auto,g_face:center,h_350,q_auto,w_280/headshots_47454.png",,
Evan Bowser,N/A,N/A,Toronto,Ontario,None,None,None,"Toronto, Canada",N/A,8/23/1991,N/A,Ontario-None-N/A,"Toronto, Ontario",N/A,"Toronto, Canada","https://pga-tour-res.cloudinary.com/image/upload/c_fill,d_headshots_default.png,dpr_2.0,f_auto,g_face:center,h_350,q_auto,w_280/headshots_48958.png",,
Zac Oakley,N/A,N/A,Toronto,Ontario,None,None,None,"Toronto, Canada",N/A,8/23/1992,N/A,Ontario-None-N/A,"Toronto, Ontario",N/A,"Toronto, Canada","https://pga-tour-res.cloudinary.com/image/upload/c_fill,d_headshots_default.png,dpr_2.0,f_auto,g_face:center,h_350,q_auto,w_280/headshots_48960.png",,
Tim Wilkinson,N/A,N/A,Palmerston North,New Zealand,None,None,None,"Jacksonville, FL",Florida,8/23/1993,N/A,New Zealand-None-Florida,"Palmerston North, New Zealand",N/A,"Jacksonville, Florida","https://pga-tour-res.cloudinary.com/image/upload/c_fill,d_headshots_default.png,dpr_2.0,f_auto,g_face:center,h_350,q_auto,w_280/headshots_26015.png",,
Charlie Reiter,N/A,N/A,Palm Desert,California,University of San Diego,San Diego,California,"Palm Desert, CA",California,8/23/1994,N/A,California-California-California,"Palm Desert, California","San Diego, California","Palm Desert, California","https://pga-tour-res.cloudinary.com/image/upload/c_fill,d_headshots_default.png,dpr_2.0,f_auto,g_face:center,h_350,q_auto,w_280/headshots_58614.png",,
Andrew Kozan,N/A,N/A,Palm Beach Gardens,Florida,Auburn University,Auburn,Alabama,"Palm Beach Gardens, FL",Florida,8/23/1995,N/A,Florida-Alabama-Florida,"Palm Beach Gardens, Florida","Auburn, Alabama","Palm Beach Gardens, Florida","https://pga-tour-res.cloudinary.com/image/upload/c_fill,d_headshots_default.png,dpr_2.0,f_auto,g_face:center,h_350,q_auto,w_280/headshots_58615.png",,
Matt Parziale,N/A,N/A,Brockton,Massachusetts,None,None,None,"Brockton, MA",Massachusetts,8/23/1996,N/A,Massachusetts-None-Massachusetts,"Brockton, Massachusetts",N/A,"Brockton, Massachusetts","https://pga-tour-res.cloudinary.com/image/upload/c_fill,d_headshots_default.png,dpr_2.0,f_auto,g_face:center,h_350,q_auto,w_280/headshots_47455.png",,
Mark Anguiano,N/A,N/A,El Paso,Texas,None,None,None,"El Paso, TX",Texas,8/23/1997,N/A,Texas-None-Texas,"El Paso, Texas",N/A,"El Paso, Texas","https://pga-tour-res.cloudinary.com/image/upload/c_fill,d_headshots_default.png,dpr_2.0,f_auto,g_face:center,h_350,q_auto,w_280/headshots_47456.png",,
Taylor Montgomery,N/A,N/A,Las Vegas,Nevada,"University of Nevada, Las Vegas",Las Vegas,Nevada,"Las Vegas, NV",Nevada,8/23/1998,N/A,Nevada-Nevada-Nevada,"Las Vegas, Nevada","Las Vegas, Nevada","Las Vegas, Nevada","https://pga-tour-res.cloudinary.com/image/upload/c_fill,d_headshots_default.png,dpr_2.0,f_auto,g_face:center,h_350,q_auto,w_280/headshots_55789.png",,
Evan Brown,N/A,N/A,Toronto,Ontario,None,None,None,"Toronto, Canada",N/A,8/23/1999,N/A,Ontario-None-N/A,"Toronto, Ontario",N/A,"Toronto, Canada","https://pga-tour-res.cloudinary.com/image/upload/c_fill,d_headshots_default.png,dpr_2.0,f_auto,g_face:center,h_350,q_auto,w_280/headshots_48959.png",,
Ben Silverman,N/A,N/A,Palm Beach Gardens,Florida,Florida Atlantic University,Boca Raton,Florida,"Jupiter, FL",Florida,8/23/2000,N/A,Florida-Florida-Florida,"Palm Beach Gardens, Florida","Boca Raton, Florida","Jupiter, Florida","https://pga-tour-res.cloudinary.com/image/upload/c_fill,d_headshots_default.png,dpr_2.0,f_auto,g_face:center,h_350,q_auto,w_280/headshots_39327.png",,
Michael Feagles,N/A,N/A,Hinsdale,Illinois,University of Illinois,Urbana-Champaign,Illinois,"Hinsdale, IL",Illinois,8/23/2001,N/A,Illinois-Illinois-Illinois,"Hinsdale, Illinois","Urbana-Champaign, Illinois","Hinsdale, Illinois","https://pga-tour-res.cloudinary.com/image/upload/c_fill,d_headshots_default.png,dpr_2.0,f_auto,g_face:center,h_350,q_auto,w_280/headshots_56765.png",,
Jack Munro,N/A,N/A,Toronto,Ontario,None,None,None,"Toronto, Canada",N/A,8/23/2002,N/A,Ontario-None-N/A,"Toronto, Ontario",N/A,"Toronto, Canada","https://pga-tour-res.cloudinary.com/image/upload/c_fill,d_headshots_default.png,dpr_2.0,f_auto,g_face:center,h_350,q_auto,w_280/headshots_48953.png",,
Josh Whalen,N/A,N/A,Toronto,Ontario,None,None,None,"Toronto, Canada",N/A,8/23/2003,N/A,Ontario-None-N/A,"Toronto, Ontario",N/A,"Toronto, Canada","https://pga-tour-res.cloudinary.com/image/upload/c_fill,d_headshots_default.png,dpr_2.0,f_auto,g_face:center,h_350,q_auto,w_280/headshots_48960.png",,
Hugo Bernard,N/A,N/A,Quebec City,Quebec,None,None,None,"Quebec City, Canada",N/A,8/23/2004,N/A,Quebec-None-N/A,"Quebec City, Quebec",N/A,"Quebec City, Canada","https://pga-tour-res.cloudinary.com/image/upload/c_fill,d_headshots_default.png,dpr_2.0,f_auto,g_face:center,h_350,q_auto,w_280/headshots_51354.png",,
Etienne Brault,N/A,N/A,Toronto,Ontario,None,None,None,"Toronto, Canada",N/A,8/23/2005,N/A,Ontario-None-N/A,"Toronto, Ontario",N/A,"Toronto, Canada","https://pga-tour-res.cloudinary.com/image/upload/c_fill,d_headshots_default.png,dpr_2.0,f_auto,g_face:center,h_350,q_auto,w_280/headshots_48961.png",,
Robbie Greenwell,N/A,N/A,Toronto,Ontario,None,None,None,"Toronto, Canada",N/A,8/23/2006,N/A,Ontario-None-N/A,"Toronto, Ontario",N/A,"Toronto, Canada","https://pga-tour-res.cloudinary.com/image/upload/c_fill,d_headshots_default.png,dpr_2.0,f_auto,g_face:center,h_350,q_auto,w_280/headshots_51355.png",,
Chris Crawford,N/A,N/A,Jacksonville,Florida,None,None,None,"Jacksonville, FL",Florida,8/23/2007,N/A,Florida-None-Florida,"Jacksonville, Florida",N/A,"Jacksonville, Florida","https://pga-tour-res.cloudinary.com/image/upload/c_fill,d_headshots_default.png,dpr_2.0,f_auto,g_face:center,h_350,q_auto,w_280/headshots_47459.png",,
Braden Bailey,N/A,N/A,Waco,Texas,Baylor University,Waco,Texas,"Waco, TX",Texas,8/23/2008,N/A,Texas-Texas-Texas,"Waco, Texas","Waco, Texas","Waco, Texas","https://pga-tour-res.cloudinary.com/image/upload/c_fill,d_headshots_default.png,dpr_2.0,f_auto,g_face:center,h_350,q_auto,w_280/headshots_47458.png",,
Pep Angles,N/A,N/A,Barcelona,Spain,None,None,None,"Barcelona, Spain",Spain,8/23/2009,N/A,Spain-None-Spain,"Barcelona, Spain",N/A,"Barcelona, Spain","https://pga-tour-res.cloudinary.com/image/upload/c_fill,d_headshots_default.png,dpr_2.0,f_auto,g_face:center,h_350,q_auto,w_280/headshots_46596.png",,
Luke Schniederjans,N/A,N/A,Dallas,Texas,Georgia Tech,Atlanta,Georgia,"Dallas, TX",Texas,8/23/2010,N/A,Texas-Georgia-Texas,"Dallas, Texas","Atlanta, Georgia","Dallas, Texas","https://pga-tour-res.cloudinary.com/image/upload/c_fill,d_headshots_default.png,dpr_2.0,f_auto,g_face:center,h_350,q_auto,w_280/headshots_47457.png",,
Albin Choi,N/A,N/A,Toronto,Ontario,North Carolina State University,Raleigh,North Carolina,"Toronto, Canada",N/A,8/23/2011,N/A,Ontario-North Carolina-N/A,"Toronto, Ontario","Raleigh, North Carolina","Toronto, Canada","https://pga-tour-res.cloudinary.com/image/upload/c_fill,d_headshots_default.png,dpr_2.0,f_auto,g_face:center,h_350,q_auto,w_280/headshots_47460.png",,
Trevor Simsby,N/A,N/A,Calgary,Alberta,None,None,None,"Calgary, Canada",N/A,8/23/2012,N/A,Alberta-None-N/A,"Calgary, Alberta",N/A,"Calgary, Canada","https://pga-tour-res.cloudinary.com/image/upload/c_fill,d_headshots_default.png,dpr_2.0,f_auto,g_face:center,h_350,q_auto,w_280/headshots_47461.png",,
Martin Piller,N/A,N/A,Dallas,Texas,Texas A&M University,College Station,Texas,"Dallas, TX",Texas,8/23/2013,N/A,Texas-Texas-Texas,"Dallas, Texas","College Station, Texas","Dallas, Texas","https://pga-tour-res.cloudinary.com/image/upload/c_fill,d_headshots_default.png,dpr_2.0,f_auto,g_face:center,h_350,q_auto,w_280/headshots_32643.png",,
James Piot,N/A,N/A,Canton,Michigan,Michigan State University,East Lansing,Michigan,"Canton, MI",Michigan,8/23/2014,N/A,Michigan-Michigan-Michigan,"Canton, Michigan","East Lansing, Michigan","Canton, Michigan","https://pga-tour-res.cloudinary.com/image/upload/c_fill,d_headshots_default.png,dpr_2.0,f_auto,g_face:center,h_350,q_auto,w_280/headshots_58617.png",,
P.J. Maybank,N/A,N/A,Cheboygan,Michigan,None,None,None,"Cheboygan, MI",Michigan,8/23/2015,N/A,Michigan-None-Michigan,"Cheboygan, Michigan",N/A,"Cheboygan, Michigan","https://pga-tour-res.cloudinary.com/image/upload/c_fill,d_headshots_default.png,dpr_2.0,f_auto,g_face:center,h_350,q_auto,w_280/headshots_58616.png",,
John Pak,N/A,N/A,Scotch Plains,New Jersey,Florida State University,Tallahassee,Florida,"Scotch Plains, NJ",New Jersey,8/23/2016,N/A,New Jersey-Florida-New Jersey,"Scotch Plains, New Jersey","Tallahassee, Florida","Scotch Plains, New Jersey","https://pga-tour-res.cloudinary.com/image/upload/c_fill,d_headshots_default.png,dpr_2.0,f_auto,g_face:center,h_350,q_auto,w_280/headshots_59160.png",,
Scott Stevens,N/A,N/A,Toronto,Ontario,None,None,None,"Toronto, Canada",N/A,8/23/2017,N/A,Ontario-None-N/A,"Toronto, Ontario",N/A,"Toronto, Canada","https://pga-tour-res.cloudinary.com/image/upload/c_fill,d_headshots_default.png,dpr_2.0,f_auto,g_face:center,h_350,q_auto,w_280/headshots_48962.png",,
Tyler McCumber,N/A,N/A,Ponte Vedra Beach,Florida,University of Florida,Gainesville,Florida,"Ponte Vedra Beach, FL",Florida,8/23/2018,N/A,Florida-Florida-Florida,"Ponte Vedra Beach, Florida","Gainesville, Florida","Ponte Vedra Beach, Florida","https://pga-tour-res.cloudinary.com/image/upload/c_fill,d_headshots_default.png,dpr_2.0,f_auto,g_face:center,h_350,q_auto,w_280/headshots_47449.png",,
Chris Naegel,N/A,N/A,St. Louis,Missouri,Mississippi State University,Starkville,Mississippi,"Chesterfield, MO",Missouri,8/23/2019,N/A,Missouri-Mississippi-Missouri,"St. Louis, Missouri","Starkville, Mississippi","Chesterfield, Missouri","https://pga-tour-res.cloudinary.com/image/upload/c_fill,d_headshots_default.png,dpr_2.0,f_auto,g_face:center,h_350,q_auto,w_280/headshots_47450.png",,
Brent Grant,N/A,N/A,Sacramento,California,None,None,None,"Sacramento, CA",California,8/23/2020,N/A,California-None-California,"Sacramento, California",N/A,"Sacramento, California","https://pga-tour-res.cloudinary.com/image/upload/c_fill,d_headshots_default.png,dpr_2.0,f_auto,g_face:center,h_350,q_auto,w_280/headshots_47451.png",,
Brian Stuard,N/A,N/A,Jackson,Michigan,Oakland University,Rochester,Michigan,"Jackson, MI",Michigan,8/23/2021,N/A,Michigan-Michigan-Michigan,"Jackson, Michigan","Rochester, Michigan","Jackson, Michigan","https://pga-tour-res.cloudinary.com/image/upload/c_fill,d_headshots_default.png,dpr_2.0,f_auto,g_face:center,h_350,q_auto,w_280/headshots_30976.png",,
Michael Sims,N/A,N/A,Toronto,Ontario,None,None,None,"Toronto, Canada",N/A,8/23/2022,N/A,Ontario-None-N/A,"Toronto, Ontario",N/A,"Toronto, Canada","https://pga-tour-res.cloudinary.com/image/upload/c_fill,d_headshots_default.png,dpr_2.0,f_auto,g_face:center,h_350,q_auto,w_280/headshots_48956.png",,
Aaron Beverly,N/A,N/A,Sacramento,California,None,None,None,"Sacramento, CA",California,8/23/2023,N/A,California-None-California,"Sacramento, California",N/A,"Sacramento, California","https://pga-tour-res.cloudinary.com/image/upload/c_fill,d_headshots_default.png,dpr_2.0,f_auto,g_face:center,h_350,q_auto,w_280/headshots_47452.png",,
Matt Marshall,N/A,N/A,Toronto,Ontario,None,None,None,"Toronto, Canada",N/A,8/23/2024,N/A,Ontario-None-N/A,"Toronto, Ontario",N/A,"Toronto, Canada","https://pga-tour-res.cloudinary.com/image/upload/c_fill,d_headshots_default.png,dpr_2.0,f_auto,g_face:center,h_350,q_auto,w_280/headshots_48951.png",,
Johnny Ruiz,N/A,N/A,Toronto,Ontario,None,None,None,"Toronto, Canada",N/A,8/23/1977,N/A,Ontario-None-N/A,"Toronto, Ontario",N/A,"Toronto, Canada","https://pga-tour-res.cloudinary.com/image/upload/c_fill,d_headshots_default.png,dpr_2.0,f_auto,g_face:center,h_350,q_auto,w_280/headshots_48957.png",,
Anders Albertson,N/A,N/A,Woodstock,Georgia,Georgia Tech,Atlanta,Georgia,"Woodstock, GA",Georgia,8/23/1978,N/A,Georgia-Georgia-Georgia,"Woodstock, Georgia","Atlanta, Georgia","Woodstock, Georgia","https://pga-tour-res.cloudinary.com/image/upload/c_fill,d_headshots_default.png,dpr_2.0,f_auto,g_face:center,h_350,q_auto,w_280/headshots_47453.png",,
Danielle Kang,N/A,N/A,San Francisco,California,Pepperdine University,Malibu,California,"Las Vegas, NV",Nevada,8/23/1979,N/A,California-California-Nevada,"San Francisco, California","Malibu, California","Las Vegas, Nevada","https://pga-tour-res.cloudinary.com/image/upload/c_fill,d_headshots_default.png,dpr_2.0,f_auto,g_face:center,h_350,q_auto,w_280/headshots_47454.png",,
Evan Bowser,N/A,N/A,Toronto,Ontario,None,None,None,"Toronto, Canada",N/A,8/23/1980,N/A,Ontario-None-N/A,"Toronto, Ontario",N/A,"Toronto, Canada","https://pga-tour-res.cloudinary.com/image/upload/c_fill,d_headshots_default.png,dpr_2.0,f_auto,g_face:center,h_350,q_auto,w_280/headshots_48958.png",,
Zac Oakley,N/A,N/A,Toronto,Ontario,None,None,None,"Toronto, Canada",N/A,8/23/1981,N/A,Ontario-None-N/A,"Toronto, Ontario",N/A,"Toronto, Canada","https://pga-tour-res.cloudinary.com/image/upload/c_fill,d_headshots_default.png,dpr_2.0,f_auto,g_face:center,h_350,q_auto,w_280/headshots_48960.png",,
Tim Wilkinson,N/A,N/A,Palmerston North,New Zealand,None,None,None,"Jacksonville, FL",Florida,8/23/1982,N/A,New Zealand-None-Florida,"Palmerston North, New Zealand",N/A,"Jacksonville, Florida","https://pga-tour-res.cloudinary.com/image/upload/c_fill,d_headshots_default.png,dpr_2.0,f_auto,g_face:center,h_350,q_auto,w_280/headshots_26015.png",,
Charlie Reiter,N/A,N/A,Palm Desert,California,University of San Diego,San Diego,California,"Palm Desert, CA",California,8/23/1983,N/A,California-California-California,"Palm Desert, California","San Diego, California","Palm Desert, California","https://pga-tour-res.cloudinary.com/image/upload/c_fill,d_headshots_default.png,dpr_2.0,f_auto,g_face:center,h_350,q_auto,w_280/headshots_58614.png",,
Andrew Kozan,N/A,N/A,Palm Beach Gardens,Florida,Auburn University,Auburn,Alabama,"Palm Beach Gardens, FL",Florida,8/23/1984,N/A,Florida-Alabama-Florida,"Palm Beach Gardens, Florida","Auburn, Alabama","Palm Beach Gardens, Florida","https://pga-tour-res.cloudinary.com/image/upload/c_fill,d_headshots_default.png,dpr_2.0,f_auto,g_face:center,h_350,q_auto,w_280/headshots_58615.png",,
Matt Parziale,N/A,N/A,Brockton,Massachusetts,None,None,None,"Brockton, MA",Massachusetts,8/23/1985,N/A,Massachusetts-None-Massachusetts,"Brockton, Massachusetts",N/A,"Brockton, Massachusetts","https://pga-tour-res.cloudinary.com/image/upload/c_fill,d_headshots_default.png,dpr_2.0,f_auto,g_face:center,h_350,q_auto,w_280/headshots_47455.png",,
Mark Anguiano,N/A,N/A,El Paso,Texas,None,None,None,"El Paso, TX",Texas,8/23/1986,N/A,Texas-None-Texas,"El Paso, Texas",N/A,"El Paso, Texas","https://pga-tour-res.cloudinary.com/image/upload/c_fill,d_headshots_default.png,dpr_2.0,f_auto,g_face:center,h_350,q_auto,w_280/headshots_47456.png",,
Taylor Montgomery,N/A,N/A,Las Vegas,Nevada,"University of Nevada, Las Vegas",Las Vegas,Nevada,"Las Vegas, NV",Nevada,8/23/1987,N/A,Nevada-Nevada-Nevada,"Las Vegas, Nevada","Las Vegas, Nevada","Las Vegas, Nevada","https://pga-tour-res.cloudinary.com/image/upload/c_fill,d_headshots_default.png,dpr_2.0,f_auto,g_face:center,h_350,q_auto,w_280/headshots_55789.png",,
Evan Brown,N/A,N/A,Toronto,Ontario,None,None,None,"Toronto, Canada",N/A,8/23/1988,N/A,Ontario-None-N/A,"Toronto, Ontario",N/A,"Toronto, Canada","https://pga-tour-res.cloudinary.com/image/upload/c_fill,d_headshots_default.png,dpr_2.0,f_auto,g_face:center,h_350,q_auto,w_280/headshots_48959.png",,
Ben Silverman,N/A,N/A,Palm Beach Gardens,Florida,Florida Atlantic University,Boca Raton,Florida,"Jupiter, FL",Florida,8/23/1989,N/A,Florida-Florida-Florida,"Palm Beach Gardens, Florida","Boca Raton, Florida","Jupiter, Florida","https://pga-tour-res.cloudinary.com/image/upload/c_fill,d_headshots_default.png,dpr_2.0,f_auto,g_face:center,h_350,q_auto,w_280/headshots_39327.png",,
Michael Feagles,N/A,N/A,Hinsdale,Illinois,University of Illinois,Urbana-Champaign,Illinois,"Hinsdale, IL",Illinois,8/23/1990,N/A,Illinois-Illinois-Illinois,"Hinsdale, Illinois","Urbana-Champaign, Illinois","Hinsdale, Illinois","https://pga-tour-res.cloudinary.com/image/upload/c_fill,d_headshots_default.png,dpr_2.0,f_auto,g_face:center,h_350,q_auto,w_280/headshots_56765.png",,
Jack Munro,N/A,N/A,Toronto,Ontario,None,None,None,"Toronto, Canada",N/A,8/23/1991,N/A,Ontario-None-N/A,"Toronto, Ontario",N/A,"Toronto, Canada","https://pga-tour-res.cloudinary.com/image/upload/c_fill,d_headshots_default.png,dpr_2.0,f_auto,g_face:center,h_350,q_auto,w_280/headshots_48953.png",,
Josh Whalen,N/A,N/A,Toronto,Ontario,None,None,None,"Toronto, Canada",N/A,8/23/1992,N/A,Ontario-None-N/A,"Toronto, Ontario",N/A,"Toronto, Canada","https://pga-tour-res.cloudinary.com/image/upload/c_fill,d_headshots_default.png,dpr_2.0,f_auto,g_face:center,h_350,q_auto,w_280/headshots_48960.png",,
Hugo Bernard,N/A,N/A,Quebec City,Quebec,None,None,None,"Quebec City, Canada",N/A,8/23/1993,N/A,Quebec-None-N/A,"Quebec City, Quebec",N/A,"Quebec City, Canada","https://pga-tour-res.cloudinary.com/image/upload/c_fill,d_headshots_default.png,dpr_2.0,f_auto,g_face:center,h_350,q_auto,w_280/headshots_51354.png",,
Etienne Brault,N/A,N/A,Toronto,Ontario,None,None,None,"Toronto, Canada",N/A,8/23/1994,N/A,Ontario-None-N/A,"Toronto, Ontario",N/A,"Toronto, Canada","https://pga-tour-res.cloudinary.com/image/upload/c_fill,d_headshots_default.png,dpr_2.0,f_auto,g_face:center,h_350,q_auto,w_280/headshots_48961.png",,
Robbie Greenwell,N/A,N/A,Toronto,Ontario,None,None,None,"Toronto, Canada",N/A,8/23/1995,N/A,Ontario-None-N/A,"Toronto, Ontario",N/A,"Toronto, Canada","https://pga-tour-res.cloudinary.com/image/upload/c_fill,d_headshots_default.png,dpr_2.0,f_auto,g_face:center,h_350,q_auto,w_280/headshots_51355.png",,
Chris Crawford,N/A,N/A,Jacksonville,Florida,None,None,None,"Jacksonville, FL",Florida,8/23/1996,N/A,Florida-None-Florida,"Jacksonville, Florida",N/A,"Jacksonville, Florida","https://pga-tour-res.cloudinary.com/image/upload/c_fill,d_headshots_default.png,dpr_2.0,f_auto,g_face:center,h_350,q_auto,w_280/headshots_47459.png",,
Braden Bailey,N/A,N/A,Waco,Texas,Baylor University,Waco,Texas,"Waco, TX",Texas,8/23/1997,N/A,Texas-Texas-Texas,"Waco, Texas","Waco, Texas","Waco, Texas","https://pga-tour-res.cloudinary.com/image/upload/c_fill,d_headshots_default.png,dpr_2.0,f_auto,g_face:center,h_350,q_auto,w_280/headshots_47458.png",,
Pep Angles,N/A,N/A,Barcelona,Spain,None,None,None,"Barcelona, Spain",Spain,8/23/1998,N/A,Spain-None-Spain,"Barcelona, Spain",N/A,"Barcelona, Spain","https://pga-tour-res.cloudinary.com/image/upload/c_fill,d_headshots_default.png,dpr_2.0,f_auto,g_face:center,h_350,q_auto,w_280/headshots_46596.png",,
Luke Schniederjans,N/A,N/A,Dallas,Texas,Georgia Tech,Atlanta,Georgia,"Dallas, TX",Texas,8/23/1999,N/A,Texas-Georgia-Texas,"Dallas, Texas","Atlanta, Georgia","Dallas, Texas","https://pga-tour-res.cloudinary.com/image/upload/c_fill,d_headshots_default.png,dpr_2.0,f_auto,g_face:center,h_350,q_auto,w_280/headshots_47457.png",,
Albin Choi,N/A,N/A,Toronto,Ontario,North Carolina State University,Raleigh,North Carolina,"Toronto, Canada",N/A,8/23/2000,N/A,Ontario-North Carolina-N/A,"Toronto, Ontario","Raleigh, North Carolina","Toronto, Canada","https://pga-tour-res.cloudinary.com/image/upload/c_fill,d_headshots_default.png,dpr_2.0,f_auto,g_face:center,h_350,q_auto,w_280/headshots_47460.png",,
Trevor Simsby,N/A,N/A,Calgary,Alberta,None,None,None,"Calgary, Canada",N/A,8/23/2001,N/A,Alberta-None-N/A,"Calgary, Alberta",N/A,"Calgary, Canada","https://pga-tour-res.cloudinary.com/image/upload/c_fill,d_headshots_default.png,dpr_2.0,f_auto,g_face:center,h_350,q_auto,w_280/headshots_47461.png",,
Martin Piller,N/A,N/A,Dallas,Texas,Texas A&M University,College Station,Texas,"Dallas, TX",Texas,8/23/2002,N/A,Texas-Texas-Texas,"Dallas, Texas","College Station, Texas","Dallas, Texas","https://pga-tour-res.cloudinary.com/image/upload/c_fill,d_headshots_default.png,dpr_2.0,f_auto,g_face:center,h_350,q_auto,w_280/headshots_32643.png",,
James Piot,N/A,N/A,Canton,Michigan,Michigan State University,East Lansing,Michigan,"Canton, MI",Michigan,8/23/2003,N/A,Michigan-Michigan-Michigan,"Canton, Michigan","East Lansing, Michigan","Canton, Michigan","https://pga-tour-res.cloudinary.com/image/upload/c_fill,d_headshots_default.png,dpr_2.0,f_auto,g_face:center,h_350,q_auto,w_280/headshots_58617.png",,
P.J. Maybank,N/A,N/A,Cheboygan,Michigan,None,None,None,"Cheboygan, MI",Michigan,8/23/2004,N/A,Michigan-None-Michigan,"Cheboygan, Michigan",N/A,"Cheboygan, Michigan","https://pga-tour-res.cloudinary.com/image/upload/c_fill,d_headshots_default.png,dpr_2.0,f_auto,g_face:center,h_350,q_auto,w_280/headshots_58616.png",,
John Pak,N/A,N/A,Scotch Plains,New Jersey,Florida State University,Tallahassee,Florida,"Scotch Plains, NJ",New Jersey,8/23/2005,N/A,New Jersey-Florida-New Jersey,"Scotch Plains, New Jersey","Tallahassee, Florida","Scotch Plains, New Jersey","https://pga-tour-res.cloudinary.com/image/upload/c_fill,d_headshots_default.png,dpr_2.0,f_auto,g_face:center,h_350,q_auto,w_280/headshots_59160.png",,
Scott Stevens,N/A,N/A,Toronto,Ontario,None,None,None,"Toronto, Canada",N/A,8/23/2006,N/A,Ontario-None-N/A,"Toronto, Ontario",N/A,"Toronto, Canada","https://pga-tour-res.cloudinary.com/image/upload/c_fill,d_headshots_default.png,dpr_2.0,f_auto,g_face:center,h_350,q_auto,w_280/headshots_48962.png",,
Tyler McCumber,N/A,N/A,Ponte Vedra Beach,Florida,University of Florida,Gainesville,Florida,"Ponte Vedra Beach, FL",Florida,8/23/2007,N/A,Florida-Florida-Florida,"Ponte Vedra Beach, Florida","Gainesville, Florida","Ponte Vedra Beach, Florida","https://pga-tour-res.cloudinary.com/image/upload/c_fill,d_headshots_default.png,dpr_2.0,f_auto,g_face:center,h_350,q_auto,w_280/headshots_47449.png",,
Chris Naegel,N/A,N/A,St. Louis,Missouri,Mississippi State University,Starkville,Mississippi,"Chesterfield, MO",Missouri,8/23/2008,N/A,Missouri-Mississippi-Missouri,"St. Louis, Missouri","Starkville, Mississippi","Chesterfield, Missouri","https://pga-tour-res.cloudinary.com/image/upload/c_fill,d_headshots_default.png,dpr_2.0,f_auto,g_face:center,h_350,q_auto,w_280/headshots_47450.png",,
Brent Grant,N/A,N/A,Sacramento,California,None,None,None,"Sacramento, CA",California,8/23/2009,N/A,California-None-California,"Sacramento, California",N/A,"Sacramento, California","https://pga-tour-res.cloudinary.com/image/upload/c_fill,d_headshots_default.png,dpr_2.0,f_auto,g_face:center,h_350,q_auto,w_280/headshots_47451.png",,
Brian Stuard,N/A,N/A,Jackson,Michigan,Oakland University,Rochester,Michigan,"Jackson, MI",Michigan,8/23/2010,N/A,Michigan-Michigan-Michigan,"Jackson, Michigan","Rochester, Michigan","Jackson, Michigan","https://pga-tour-res.cloudinary.com/image/upload/c_fill,d_headshots_default.png,dpr_2.0,f_auto,g_face:center,h_350,q_auto,w_280/headshots_30976.png",,
Michael Sims,N/A,N/A,Toronto,Ontario,None,None,None,"Toronto, Canada",N/A,8/23/2011,N/A,Ontario-None-N/A,"Toronto, Ontario",N/A,"Toronto, Canada","https://pga-tour-res.cloudinary.com/image/upload/c_fill,d_headshots_default.png,dpr_2.0,f_auto,g_face:center,h_350,q_auto,w_280/headshots_48956.png",,
Aaron Beverly,N/A,N/A,Sacramento,California,None,None,None,"Sacramento, CA",California,8/23/2012,N/A,California-None-California,"Sacramento, California",N/A,"Sacramento, California","https://pga-tour-res.cloudinary.com/image/upload/c_fill,d_headshots_default.png,dpr_2.0,f_auto,g_face:center,h_350,q_auto,w_280/headshots_47452.png",,
Matt Marshall,N/A,N/A,Toronto,Ontario,None,None,None,"Toronto, Canada",N/A,8/23/2013,N/A,Ontario-None-N/A,"Toronto, Ontario",N/A,"Toronto, Canada","https://pga-tour-res.cloudinary.com/image/upload/c_fill,d_headshots_default.png,dpr_2.0,f_auto,g_face:center,h_350,q_auto,w_280/headshots_48951.png",,
Johnny Ruiz,N/A,N/A,Toronto,Ontario,None,None,None,"Toronto, Canada",N/A,8/23/2014,N/A,Ontario-None-N/A,"Toronto, Ontario",N/A,"Toronto, Canada","https://pga-tour-res.cloudinary.com/image/upload/c_fill,d_headshots_default.png,dpr_2.0,f_auto,g_face:center,h_350,q_auto,w_280/headshots_48957.png",,
Anders Albertson,N/A,N/A,Woodstock,Georgia,Georgia Tech,Atlanta,Georgia,"Woodstock, GA",Georgia,8/23/2015,N/A,Georgia-Georgia-Georgia,"Woodstock, Georgia","Atlanta, Georgia","Woodstock, Georgia","https://pga-tour-res.cloudinary.com/image/upload/c_fill,d_headshots_default.png,dpr_2.0,f_auto,g_face:center,h_350,q_auto,w_280/headshots_47453.png",,
Danielle Kang,N/A,N/A,San Francisco,California,Pepperdine University,Malibu,California,"Las Vegas, NV",Nevada,8/23/2016,N/A,California-California-Nevada,"San Francisco, California","Malibu, California","Las Vegas, Nevada","https://pga-tour-res.cloudinary.com/image/upload/c_fill,d_headshots_default.png,dpr_2.0,f_auto,g_face:center,h_350,q_auto,w_280/headshots_47454.png",,
Evan Bowser,N/A,N/A,Toronto,Ontario,None,None,None,"Toronto, Canada",N/A,8/23/2017,N/A,Ontario-None-N/A,"Toronto, Ontario",N/A,"Toronto, Canada","https://pga-tour-res.cloudinary.com/image/upload/c_fill,d_headshots_default.png,dpr_2.0,f_auto,g_face:center,h_350,q_auto,w_280/headshots_48958.png",,
Zac Oakley,N/A,N/A,Toronto,Ontario,None,None,None,"Toronto, Canada",N/A,8/23/2018,N/A,Ontario-None-N/A,"Toronto, Ontario",N/A,"Toronto, Canada","https://pga-tour-res.cloudinary.com/image/upload/c_fill,d_headshots_default.png,dpr_2.0,f_auto,g_face:center,h_350,q_auto,w_280/headshots_48960.png",,
Tim Wilkinson,N/A,N/A,Palmerston North,New Zealand,None,None,None,"Jacksonville, FL",Florida,8/23/2019,N/A,New Zealand-None-Florida,"Palmerston North, New Zealand",N/A,"Jacksonville, Florida","https://pga-tour-res.cloudinary.com/image/upload/c_fill,d_headshots_default.png,dpr_2.0,f_auto,g_face:center,h_350,q_auto,w_280/headshots_26015.png",,
Charlie Reiter,N/A,N/A,Palm Desert,California,University of San Diego,San Diego,California,"Palm Desert, CA",California,8/23/2020,N/A,California-California-California,"Palm Desert, California","San Diego, California","Palm Desert, California","https://pga-tour-res.cloudinary.com/image/upload/c_fill,d_headshots_default.png,dpr_2.0,f_auto,g_face:center,h_350,q_auto,w_280/headshots_58614.png",,
Andrew Kozan,N/A,N/A,Palm Beach Gardens,Florida,Auburn University,Auburn,Alabama,"Palm Beach Gardens, FL",Florida,8/23/2021,N/A,Florida-Alabama-Florida,"Palm Beach Gardens, Florida","Auburn, Alabama","Palm Beach Gardens, Florida","https://pga-tour-res.cloudinary.com/image/upload/c_fill,d_headshots_default.png,dpr_2.0,f_auto,g_face:center,h_350,q_auto,w_280/headshots_58615.png",,
Matt Parziale,N/A,N/A,Brockton,Massachusetts,None,None,None,"Brockton, MA",Massachusetts,8/23/2022,N/A,Massachusetts-None-Massachusetts,"Brockton, Massachusetts",N/A,"Brockton, Massachusetts","https://pga-tour-res.cloudinary.com/image/upload/c_fill,d_headshots_default.png,dpr_2.0,f_auto,g_face:center,h_350,q_auto,w_280/headshots_47455.png",,
Mark Anguiano,N/A,N/A,El Paso,Texas,None,None,None,"El Paso, TX",Texas,8/23/2023,N/A,Texas-None-Texas,"El Paso, Texas",N/A,"El Paso, Texas","https://pga-tour-res.cloudinary.com/image/upload/c_fill,d_headshots_default.png,dpr_2.0,f_auto,g_face:center,h_350,q_auto,w_280/headshots_47456.png",,
Taylor Montgomery,N/A,N/A,Las Vegas,Nevada,"University of Nevada, Las Vegas",Las Vegas,Nevada,"Las Vegas, NV",Nevada,8/23/2024,N/A,Nevada-Nevada-Nevada,"Las Vegas, Nevada","Las Vegas, Nevada","Las Vegas, Nevada","https://pga-tour-res.cloudinary.com/image/upload/c_fill,d_headshots_default.png,dpr_2.0,f_auto,g_face:center,h_350,q_auto,w_280/headshots_55789.png",,
,,,,,,,,,,,,,,,,,,
Ben Warian,N/A,N/A,Hill City,Minnesota,University of Minnesota,Minneapolis,Minnesota,"Hill City, MN",Minnesota,6/15/2001,N/A,Minnesota-Minnesota-Minnesota,"Hill City, Minnesota","Minneapolis, Minnesota","Hill City, Minnesota","https://pga-tour-res.cloudinary.com/image/upload/c_fill,d_headshots_default.png,dpr_2.0,f_auto,g_face:center,h_350,q_auto,w_280/headshots_58618.png",,
Alejandro Tosti,N/A,N/A,Rosario,Argentina,University of Florida,Gainesville,Florida,"Rosario, Argentina",Argentina,5/30/1996,N/A,Argentina-Florida-Argentina,"Rosario, Argentina","Gainesville, Florida","Rosario, Argentina","https://pga-tour-res.cloudinary.com/image/upload/c_fill,d_headshots_default.png,dpr_2.0,f_auto,g_face:center,h_350,q_auto,w_280/headshots_51405.png",,
Tim Widing,N/A,N/A,Stockholm,Sweden,University of San Francisco,San Francisco,California,"Stockholm, Sweden",Sweden,4/12/1997,N/A,Sweden-California-Sweden,"Stockholm, Sweden","San Francisco, California","Stockholm, Sweden","https://pga-tour-res.cloudinary.com/image/upload/c_fill,d_headshots_default.png,dpr_2.0,f_auto,g_face:center,h_350,q_auto,w_280/headshots_51406.png",,
Evan Beck,N/A,N/A,Wilmington,North Carolina,Wake Forest University,Winston-Salem,North Carolina,"Wilmington, NC",North Carolina,8/10/1998,N/A,North Carolina-North Carolina-North Carolina,"Wilmington, North Carolina","Winston-Salem, North Carolina","Wilmington, North Carolina","https://pga-tour-res.cloudinary.com/image/upload/c_fill,d_headshots_default.png,dpr_2.0,f_auto,g_face:center,h_350,q_auto,w_280/headshots_58619.png",,
Matt McCarty,N/A,N/A,Scottsdale,Arizona,Santa Clara University,Santa Clara,California,"Scottsdale, AZ",Arizona,11/5/1997,N/A,Arizona-California-Arizona,"Scottsdale, Arizona","Santa Clara, California","Scottsdale, Arizona","https://pga-tour-res.cloudinary.com/image/upload/c_fill,d_headshots_default.png,dpr_2.0,f_auto,g_face:center,h_350,q_auto,w_280/headshots_51407.png",,
Rafael Campos,N/A,N/A,San Juan,Puerto Rico,Virginia Commonwealth University,Richmond,Virginia,"San Juan, PR",Puerto Rico,4/15/1988,N/A,Puerto Rico-Virginia-Puerto Rico,"San Juan, Puerto Rico","Richmond, Virginia","San Juan, Puerto Rico","https://pga-tour-res.cloudinary.com/image/upload/c_fill,d_headshots_default.png,dpr_2.0,f_auto,g_face:center,h_350,q_auto,w_280/headshots_35506.png",,
Pontus Widegren,N/A,N/A,Stockholm,Sweden,UCLA,Los Angeles,California,"Stockholm, Sweden",Sweden,6/14/1990,N/A,Sweden-California-Sweden,"Stockholm, Sweden","Los Angeles, California","Stockholm, Sweden","https://pga-tour-res.cloudinary.com/image/upload/c_fill,d_headshots_default.png,dpr_2.0,f_auto,g_face:center,h_350,q_auto,w_280/headshots_51408.png",,
Matt Gilchrest,N/A,N/A,Raleigh,North Carolina,Auburn University,Auburn,Alabama,"Raleigh, NC",North Carolina,3/20/1995,N/A,North Carolina-Alabama-North Carolina,"Raleigh, North Carolina","Auburn, Alabama","Raleigh, North Carolina","https://pga-tour-res.cloudinary.com/image/upload/c_fill,d_headshots_default.png,dpr_2.0,f_auto,g_face:center,h_350,q_auto,w_280/headshots_51409.png",,
Chase Seiffert,N/A,N/A,Panama City,Florida,Florida State University,Tallahassee,Florida,"Panama City, FL",Florida,8/17/1991,N/A,Florida-Florida-Florida,"Panama City, Florida","Tallahassee, Florida","Panama City, Florida","https://pga-tour-res.cloudinary.com/image/upload/c_fill,d_headshots_default.png,dpr_2.0,f_auto,g_face:center,h_350,q_auto,w_280/headshots_51410.png",,
David Gazzolo,N/A,N/A,Crystal Lake,Illinois,Northern Illinois University,DeKalb,Illinois,"Crystal Lake, IL",Illinois,9/25/1996,N/A,Illinois-Illinois-Illinois,"Crystal Lake, Illinois","DeKalb, Illinois","Crystal Lake, Illinois","https://pga-tour-res.cloudinary.com/image/upload/c_fill,d_headshots_default.png,dpr_2.0,f_auto,g_face:center,h_350,q_auto,w_280/headshots_58620.png",,
Julien Brun,N/A,N/A,Nice,France,Texas Christian University,Fort Worth,Texas,"Nice, France",France,4/1/1992,N/A,France-Texas-France,"Nice, France","Fort Worth, Texas","Nice, France","https://pga-tour-res.cloudinary.com/image/upload/c_fill,d_headshots_default.png,dpr_2.0,f_auto,g_face:center,h_350,q_auto,w_280/headshots_51411.png",,
Turk Pettit,N/A,N/A,Conway,South Carolina,Clemson University,Clemson,South Carolina,"Conway, SC",South Carolina,11/16/1998,N/A,South Carolina-South Carolina-South Carolina,"Conway, South Carolina","Clemson, South Carolina","Conway, South Carolina","https://pga-tour-res.cloudinary.com/image/upload/c_fill,d_headshots_default.png,dpr_2.0,f_auto,g_face:center,h_350,q_auto,w_280/headshots_58621.png",,
Gregor Main,N/A,N/A,Dublin,California,UCLA,Los Angeles,California,"Dublin, CA",California,2/28/1989,N/A,California-California-California,"Dublin, California","Los Angeles, California","Dublin, California","https://pga-tour-res.cloudinary.com/image/upload/c_fill,d_headshots_default.png,dpr_2.0,f_auto,g_face:center,h_350,q_auto,w_280/headshots_51412.png",,
Joey Lane,N/A,N/A,Nashville,Tennessee,Tennessee Tech University,Cookeville,Tennessee,"Nashville, TN",Tennessee,7/10/1997,N/A,Tennessee-Tennessee-Tennessee,"Nashville, Tennessee","Cookeville, Tennessee","Nashville, Tennessee","https://pga-tour-res.cloudinary.com/image/upload/c_fill,d_headshots_default.png,dpr_2.0,f_auto,g_face:center,h_350,q_auto,w_280/headshots_58622.png",,
Hugo Townsend,N/A,N/A,Stockholm,Sweden,Boise State University,Boise,Idaho,"Stockholm, Sweden",Sweden,8/5/1999,N/A,Sweden-Idaho-Sweden,"Stockholm, Sweden","Boise, Idaho","Stockholm, Sweden","https://pga-tour-res.cloudinary.com/image/upload/c_fill,d_headshots_default.png,dpr_2.0,f_auto,g_face:center,h_350,q_auto,w_280/headshots_51413.png",,
Will Zalatoris,N/A,N/A,San Francisco,California,Wake Forest University,Winston-Salem,North Carolina,"Dallas, TX",Texas,8/16/1996,N/A,California-North Carolina-Texas,"San Francisco, California","Winston-Salem, North Carolina","Dallas, Texas","https://pga-tour-res.cloudinary.com/image/upload/c_fill,d_headshots_default.png,dpr_2.0,f_auto,g_face:center,h_350,q_auto,w_280/headshots_48081.png",,
Pedro Figueiredo,N/A,N/A,Lisbon,Portugal,UCLA,Los Angeles,California,"Lisbon, Portugal",Portugal,11/13/1991,N/A,Portugal-California-Portugal,"Lisbon, Portugal","Los Angeles, California","Lisbon, Portugal","https://pga-tour-res.cloudinary.com/image/upload/c_fill,d_headshots_default.png,dpr_2.0,f_auto,g_face:center,h_350,q_auto,w_280/headshots_51414.png",,
Cole Miller,N/A,N/A,Allentown,Pennsylvania,Penn State University,University Park,Pennsylvania,"Allentown, PA",Pennsylvania,12/4/1996,N/A,Pennsylvania-Pennsylvania-Pennsylvania,"Allentown, Pennsylvania","University Park, Pennsylvania","Allentown, Pennsylvania","https://pga-tour-res.cloudinary.com/image/upload/c_fill,d_headshots_default.png,dpr_2.0,f_auto,g_face:center,h_350,q_auto,w_280/headshots_58623.png",,
Tom Lovelady,N/A,N/A,Birmingham,Alabama,University of Alabama,Tuscaloosa,Alabama,"Birmingham, AL",Alabama,7/23/1993,N/A,Alabama-Alabama-Alabama,"Birmingham, Alabama","Tuscaloosa, Alabama","Birmingham, Alabama","https://pga-tour-res.cloudinary.com/image/upload/c_fill,d_headshots_default.png,dpr_2.0,f_auto,g_face:center,h_350,q_auto,w_280/headshots_51415.png",,
Greyson Sigg,N/A,N/A,Augusta,Georgia,University of Georgia,Athens,Georgia,"Augusta, GA",Georgia,2/17/1995,N/A,Georgia-Georgia-Georgia,"Augusta, Georgia","Athens, Georgia","Augusta, Georgia","https://pga-tour-res.cloudinary.com/image/upload/c_fill,d_headshots_default.png,dpr_2.0,f_auto,g_face:center,h_350,q_auto,w_280/headshots_51416.png",,
Will Grimmer,N/A,N/A,Cincinnati,Ohio,Ohio State University,Columbus,Ohio,"Cincinnati, OH",Ohio,3/15/1999,N/A,Ohio-Ohio-Ohio,"Cincinnati, Ohio","Columbus, Ohio","Cincinnati, Ohio","https://pga-tour-res.cloudinary.com/image/upload/c_fill,d_headshots_default.png,dpr_2.0,f_auto,g_face:center,h_350,q_auto,w_280/headshots_58624.png",,
Hugo Bernard,N/A,N/A,Montreal,Quebec,Laval University,Quebec City,Quebec,"Montreal, Canada",N/A,8/23/1997,N/A,Quebec-Quebec-N/A,"Montreal, Quebec","Quebec City, Quebec","Montreal, Canada","https://pga-tour-res.cloudinary.com/image/upload/c_fill,d_headshots_default.png,dpr_2.0,f_auto,g_face:center,h_350,q_auto,w_280/headshots_51417.png",,
Ben Griffin,N/A,N/A,Chapel Hill,North Carolina,University of North Carolina,Chapel Hill,North Carolina,"Chapel Hill, NC",North Carolina,5/6/1996,N/A,North Carolina-North Carolina-North Carolina,"Chapel Hill, North Carolina","Chapel Hill, North Carolina","Chapel Hill, North Carolina","https://pga-tour-res.cloudinary.com/image/upload/c_fill,d_headshots_default.png,dpr_2.0,f_auto,g_face:center,h_350,q_auto,w_280/headshots_51418.png",,
Kevin Dougherty,N/A,N/A,Tulsa,Oklahoma,Oklahoma State University,Stillwater,Oklahoma,"Tulsa, OK",Oklahoma,6/10/1991,N/A,Oklahoma-Oklahoma-Oklahoma,"Tulsa, Oklahoma","Stillwater, Oklahoma","Tulsa, Oklahoma","https://pga-tour-res.cloudinary.com/image/upload/c_fill,d_headshots_default.png,dpr_2.0,f_auto,g_face:center,h_350,q_auto,w_280/headshots_51419.png",,
Scott Gutschewski,N/A,N/A,Omaha,Nebraska,University of Nebraska,Lincoln,Nebraska,"Omaha, NE",Nebraska,10/1/1976,N/A,Nebraska-Nebraska-Nebraska,"Omaha, Nebraska","Lincoln, Nebraska","Omaha, Nebraska","https://pga-tour-res.cloudinary.com/image/upload/c_fill,d_headshots_default.png,dpr_2.0,f_auto,g_face:center,h_350,q_auto,w_280/headshots_24926.png",,
Dylan Meyer,N/A,N/A,Evansville,Indiana,University of Illinois,Urbana-Champaign,Illinois,"Evansville, IN",Indiana,7/7/1995,N/A,Indiana-Illinois-Indiana,"Evansville, Indiana","Urbana-Champaign, Illinois","Evansville, Indiana","https://pga-tour-res.cloudinary.com/image/upload/c_fill,d_headshots_default.png,dpr_2.0,f_auto,g_face:center,h_350,q_auto,w_280/headshots_51420.png",,
Michael Perras,N/A,N/A,Houston,Texas,University of Houston,Houston,Texas,"Houston, TX",Texas,8/23/1994,N/A,Texas-Texas-Texas,"Houston, Texas","Houston, Texas","Houston, Texas","https://pga-tour-res.cloudinary.com/image/upload/c_fill,d_headshots_default.png,dpr_2.0,f_auto,g_face:center,h_350,q_auto,w_280/headshots_51421.png",,
Ben Taylor,N/A,N/A,Leatherhead,England,Louisiana State University,Baton Rouge,Louisiana,"Leatherhead, England",England,11/11/1992,N/A,England-Louisiana-England,"Leatherhead, England","Baton Rouge, Louisiana","Leatherhead, England","https://pga-tour-res.cloudinary.com/image/upload/c_fill,d_headshots_default.png,dpr_2.0,f_auto,g_face:center,h_350,q_auto,w_280/headshots_51422.png",,
Ryan Ruffels,N/A,N/A,Melbourne,Australia,None,None,None,"Melbourne, Australia",Australia,4/22/1998,N/A,Australia-None-Australia,"Melbourne, Australia",N/A,"Melbourne, Australia","https://pga-tour-res.cloudinary.com/image/upload/c_fill,d_headshots_default.png,dpr_2.0,f_auto,g_face:center,h_350,q_auto,w_280/headshots_51423.png",,
Will Cannon,N/A,N/A,Birmingham,Alabama,UAB,Birmingham,Alabama,"Birmingham, AL",Alabama,8/23/1997,N/A,Alabama-Alabama-Alabama,"Birmingham, Alabama","Birmingham, Alabama","Birmingham, Alabama","https://pga-tour-res.cloudinary.com/image/upload/c_fill,d_headshots_default.png,dpr_2.0,f_auto,g_face:center,h_350,q_auto,w_280/headshots_51424.png",,
Nick Voke,N/A,N/A,Auckland,New Zealand,Iowa State University,Ames,Iowa,"Auckland, New Zealand",New Zealand,3/15/1995,N/A,New Zealand-Iowa-New Zealand,"Auckland, New Zealand","Ames, Iowa","Auckland, New Zealand","https://pga-tour-res.cloudinary.com/image/upload/c_fill,d_headshots_default.png,dpr_2.0,f_auto,g_face:center,h_350,q_auto,w_280/headshots_51425.png",,
Austin Squires,N/A,N/A,Cincinnati,Ohio,University of Cincinnati,Cincinnati,Ohio,"Cincinnati, OH",Ohio,9/20/1996,N/A,Ohio-Ohio-Ohio,"Cincinnati, Ohio","Cincinnati, Ohio","Cincinnati, Ohio","https://pga-tour-res.cloudinary.com/image/upload/c_fill,d_headshots_default.png,dpr_2.0,f_auto,g_face:center,h_350,q_auto,w_280/headshots_58625.png",,
Evan Katz,N/A,N/A,Durham,North Carolina,Duke University,Durham,North Carolina,"Durham, NC",North Carolina,8/23/1995,N/A,North Carolina-North Carolina-North Carolina,"Durham, North Carolina","Durham, North Carolina","Durham, North Carolina","https://pga-tour-res.cloudinary.com/image/upload/c_fill,d_headshots_default.png,dpr_2.0,f_auto,g_face:center,h_350,q_auto,w_280/headshots_51426.png",,
Derek Ernst,N/A,N/A,Clovis,California,UNLV,Las Vegas,Nevada,"Clovis, CA",California,5/16/1990,N/A,California-Nevada-California,"Clovis, California","Las Vegas, Nevada","Clovis, California","https://pga-tour-res.cloudinary.com/image/upload/c_fill,d_headshots_default.png,dpr_2.0,f_auto,g_face:center,h_350,q_auto,w_280/headshots_39971.png",,
Jonathan Byrd,N/A,N/A,Anderson,South Carolina,Clemson University,Clemson,South Carolina,"Sea Island, GA",Georgia,1/27/1978,N/A,South Carolina-South Carolina-Georgia,"Anderson, South Carolina","Clemson, South Carolina","Sea Island, Georgia","https://pga-tour-res.cloudinary.com/image/upload/c_fill,d_headshots_default.png,dpr_2.0,f_auto,g_face:center,h_350,q_auto,w_280/headshots_22405.png",,
George Cunningham,N/A,N/A,Tucson,Arizona,University of Arizona,Tucson,Arizona,"Tucson, AZ",Arizona,6/8/1995,N/A,Arizona-Arizona-Arizona,"Tucson, Arizona","Tucson, Arizona","Tucson, Arizona","https://pga-tour-res.cloudinary.com/image/upload/c_fill,d_headshots_default.png,dpr_2.0,f_auto,g_face:center,h_350,q_auto,w_280/headshots_51427.png",,
Josh Hart,N/A,N/A,Richmond,Virginia,VCU,Richmond,Virginia,"Richmond, VA",Virginia,8/23/1994,N/A,Virginia-Virginia-Virginia,"Richmond, Virginia","Richmond, Virginia","Richmond, Virginia","https://pga-tour-res.cloudinary.com/image/upload/c_fill,d_headshots_default.png,dpr_2.0,f_auto,g_face:center,h_350,q_auto,w_280/headshots_51428.png",,
Matt Hill,N/A,N/A,Brighton,Michigan,Northwood University,Midland,Michigan,"Brighton, MI",Michigan,8/23/1993,N/A,Michigan-Michigan-Michigan,"Brighton, Michigan","Midland, Michigan","Brighton, Michigan","https://pga-tour-res.cloudinary.com/image/upload/c_fill,d_headshots_default.png,dpr_2.0,f_auto,g_face:center,h_350,q_auto,w_280/headshots_51429.png",,
Ryan Sullivan,N/A,N/A,Winston-Salem,North Carolina,Wake Forest University,Winston-Salem,North Carolina,"Winston-Salem, NC",North Carolina,8/23/1995,N/A,North Carolina-North Carolina-North Carolina,"Winston-Salem, North Carolina","Winston-Salem, North Carolina","Winston-Salem, North Carolina","https://pga-tour-res.cloudinary.com/image/upload/c_fill,d_headshots_default.png,dpr_2.0,f_auto,g_face:center,h_350,q_auto,w_280/headshots_51430.png",,
Sean Kelly,N/A,N/A,Bradenton,Florida,University of South Florida,Tampa,Florida,"Bradenton, FL",Florida,8/23/1996,N/A,Florida-Florida-Florida,"Bradenton, Florida","Tampa, Florida","Bradenton, Florida","https://pga-tour-res.cloudinary.com/image/upload/c_fill,d_headshots_default.png,dpr_2.0,f_auto,g_face:center,h_350,q_auto,w_280/headshots_51431.png",,
Eric Cole,N/A,N/A,Orlando,Florida,Nova Southeastern University,Fort Lauderdale,Florida,"Tequesta, FL",Florida,6/12/1988,N/A,Florida-Florida-Florida,"Orlando, Florida","Fort Lauderdale, Florida","Tequesta, Florida","https://pga-tour-res.cloudinary.com/image/upload/c_fill,d_headshots_default.png,dpr_2.0,f_auto,g_face:center,h_350,q_auto,w_280/headshots_51432.png",,
Brandon Matthews,N/A,N/A,Pittston,Pennsylvania,Temple University,Philadelphia,Pennsylvania,"Pittston, PA",Pennsylvania,7/27/1994,N/A,Pennsylvania-Pennsylvania-Pennsylvania,"Pittston, Pennsylvania","Philadelphia, Pennsylvania","Pittston, Pennsylvania","https://pga-tour-res.cloudinary.com/image/upload/c_fill,d_headshots_default.png,dpr_2.0,f_auto,g_face:center,h_350,q_auto,w_280/headshots_51433.png",,
Tom Whitney,N/A,N/A,La Jolla,California,Air Force Academy,Colorado Springs,Colorado,"Fort Collins, CO",Colorado,5/23/1989,N/A,California-Colorado-Colorado,"La Jolla, California","Colorado Springs, Colorado","Fort Collins, Colorado","https://pga-tour-res.cloudinary.com/image/upload/c_fill,d_headshots_default.png,dpr_2.0,f_auto,g_face:center,h_350,q_auto,w_280/headshots_48319.png",,
Scott Harrington,N/A,N/A,Raleigh,North Carolina,Northwestern University,Evanston,Illinois,"Scottsdale, AZ",Arizona,11/16/1980,N/A,North Carolina-Illinois-Arizona,"Raleigh, North Carolina","Evanston, Illinois","Scottsdale, Arizona","https://pga-tour-res.cloudinary.com/image/upload/c_fill,d_headshots_default.png,dpr_2.0,f_auto,g_face:center,h_350,q_auto,w_280/headshots_51434.png",,
Michael Visacki,N/A,N/A,Sarasota,Florida,None,None,None,"Sarasota, FL",Florida,10/30/1993,N/A,Florida-None-Florida,"Sarasota, Florida",N/A,"Sarasota, Florida","https://pga-tour-res.cloudinary.com/image/upload/c_fill,d_headshots_default.png,dpr_2.0,f_auto,g_face:center,h_350,q_auto,w_280/headshots_51435.png",,
Jim Knous,N/A,N/A,Denver,Colorado,Colorado School of Mines,Golden,Colorado,"Denver, CO",Colorado,1/24/1990,N/A,Colorado-Colorado-Colorado,"Denver, Colorado","Golden, Colorado","Denver, Colorado","https://pga-tour-res.cloudinary.com/image/upload/c_fill,d_headshots_default.png,dpr_2.0,f_auto,g_face:center,h_350,q_auto,w_280/headshots_51436.png",,
Andy Zhang,N/A,N/A,Beijing,China,University of Florida,Gainesville,Florida,"Winter Garden, FL",Florida,12/14/1997,N/A,China-Florida-Florida,"Beijing, China","Gainesville, Florida","Winter Garden, Florida","https://pga-tour-res.cloudinary.com/image/upload/c_fill,d_headshots_default.png,dpr_2.0,f_auto,g_face:center,h_350,q_auto,w_280/headshots_51437.png",,
Cameron Young,N/A,N/A,Scarborough,New York,Wake Forest University,Winston-Salem,North Carolina,"Jupiter, FL",Florida,5/7/1997,N/A,New York-North Carolina-Florida,"Scarborough, New York","Winston-Salem, North Carolina","Jupiter, Florida","https://pga-tour-res.cloudinary.com/image/upload/c_fill,d_headshots_default.png,dpr_2.0,f_auto,g_face:center,h_350,q_auto,w_280/headshots_51438.png",,
Michael Gellerman,N/A,N/A,Tucson,Arizona,University of Oklahoma,Norman,Oklahoma,"Tucson, AZ",Arizona,8/23/1992,N/A,Arizona-Oklahoma-Arizona,"Tucson, Arizona","Norman, Oklahoma","Tucson, Arizona","https://pga-tour-res.cloudinary.com/image/upload/c_fill,d_headshots_default.png,dpr_2.0,f_auto,g_face:center,h_350,q_auto,w_280/headshots_51439.png",,
Ben Cole,N/A,N/A,San Diego,California,San Diego State University,San Diego,California,"San Diego, CA",California,8/23/1995,N/A,California-California-California,"San Diego, California","San Diego, California","San Diego, California","https://pga-tour-res.cloudinary.com/image/upload/c_fill,d_headshots_default.png,dpr_2.0,f_auto,g_face:center,h_350,q_auto,w_280/headshots_51440.png",,
Ryan McCormick,N/A,N/A,Middletown,New Jersey,St. John's University,Queens,New York,"Middletown, NJ",New Jersey,8/23/1991,N/A,New Jersey-New York-New Jersey,"Middletown, New Jersey","Queens, New York","Middletown, New Jersey","https://pga-tour-res.cloudinary.com/image/upload/c_fill,d_headshots_default.png,dpr_2.0,f_auto,g_face:center,h_350,q_auto,w_280/headshots_51441.png",,
Erik Barnes,N/A,N/A,Austin,Texas,University of Texas,Austin,Texas,"Austin, TX",Texas,10/22/1987,N/A,Texas-Texas-Texas,"Austin, Texas","Austin, Texas","Austin, Texas","https://pga-tour-res.cloudinary.com/image/upload/c_fill,d_headshots_default.png,dpr_2.0,f_auto,g_face:center,h_350,q_auto,w_280/headshots_34374.png",,
Conrad Shindler,N/A,N/A,Dallas,Texas,Texas A&M University,College Station,Texas,"Dallas, TX",Texas,8/23/1988,N/A,Texas-Texas-Texas,"Dallas, Texas","College Station, Texas","Dallas, Texas","https://pga-tour-res.cloudinary.com/image/upload/c_fill,d_headshots_default.png,dpr_2.0,f_auto,g_face:center,h_350,q_auto,w_280/headshots_51442.png",,
Matt Atkins,N/A,N/A,Altoona,Pennsylvania,University of South Carolina Aiken,Aiken,South Carolina,"Oviedo, FL",Florida,12/13/1990,N/A,Pennsylvania-South Carolina-Florida,"Altoona, Pennsylvania","Aiken, South Carolina","Oviedo, Florida","https://pga-tour-res.cloudinary.com/image/upload/c_fill,d_headshots_default.png,dpr_2.0,f_auto,g_face:center,h_350,q_auto,w_280/headshots_47125.png",,
Ben Wolcott,N/A,N/A,Knoxville,Tennessee,University of Tennessee,Knoxville,Tennessee,"Knoxville, TN",Tennessee,8/23/1997,N/A,Tennessee-Tennessee-Tennessee,"Knoxville, Tennessee","Knoxville, Tennessee","Knoxville, Tennessee","https://pga-tour-res.cloudinary.com/image/upload/c_fill,d_headshots_default.png,dpr_2.0,f_auto,g_face:center,h_350,q_auto,w_280/headshots_51443.png",,
Chris Baker,N/A,N/A,Brownstown,Indiana,Iowa State University,Ames,Iowa,"Jacksonville, FL",Florida,3/1/1986,N/A,Indiana-Iowa-Florida,"Brownstown, Indiana","Ames, Iowa","Jacksonville, Florida","https://pga-tour-res.cloudinary.com/image/upload/c_fill,d_headshots_default.png,dpr_2.0,f_auto,g_face:center,h_350,q_auto,w_280/headshots_32639.png",,
Ryan Brehm,N/A,N/A,Mount Pleasant,Michigan,Michigan State University,East Lansing,Michigan,"Mount Pleasant, MI",Michigan,4/5/1986,N/A,Michigan-Michigan-Michigan,"Mount Pleasant, Michigan","East Lansing, Michigan","Mount Pleasant, Michigan","https://pga-tour-res.cloudinary.com/image/upload/c_fill,d_headshots_default.png,dpr_2.0,f_auto,g_face:center,h_350,q_auto,w_280/headshots_51444.png",,
Dominic Bozzelli,N/A,N/A,Pittsford,New York,Auburn University,Auburn,Alabama,"Pittsford, NY",New York,5/22/1991,N/A,New York-Alabama-New York,"Pittsford, New York","Auburn, Alabama","Pittsford, New York","https://pga-tour-res.cloudinary.com/image/upload/c_fill,d_headshots_default.png,dpr_2.0,f_auto,g_face:center,h_350,q_auto,w_280/headshots_51445.png",,
Taylor Pendrith,N/A,N/A,Richmond Hill,Ontario,Kent State University,Kent,Ohio,Bahamas,N/A,5/30/1991,N/A,Ontario-Ohio-N/A,"Richmond Hill, Ontario","Kent, Ohio",Bahamas,N/A,"https://pga-tour-res.cloudinary.com/image/upload/c_fill,d_headshots_default.png,dpr_2.0,f_auto,g_face:center,h_350,q_auto,w_280/headshots_51446.png",
Brady Schnell,N/A,N/A,Lincoln,Nebraska,University of Nebraska,Lincoln,Nebraska,"Omaha, NE",Nebraska,8/23/1985,N/A,Nebraska-Nebraska-Nebraska,"Lincoln, Nebraska","Lincoln, Nebraska","Omaha, Nebraska","https://pga-tour-res.cloudinary.com/image/upload/c_fill,d_headshots_default.png,dpr_2.0,f_auto,g_face:center,h_350,q_auto,w_280/headshots_51447.png",,
Ryan Hall,N/A,N/A,Knoxville,Tennessee,University of South Carolina,Columbia,South Carolina,"Knoxville, TN",Tennessee,8/23/1994,N/A,Tennessee-South Carolina-Tennessee,"Knoxville, Tennessee","Columbia, South Carolina","Knoxville, Tennessee","https://pga-tour-res.cloudinary.com/image/upload/c_fill,d_headshots_default.png,dpr_2.0,f_auto,g_face:center,h_350,q_auto,w_280/headshots_51448.png",,
Mike Ballo Jr.,N/A,N/A,Stamford,Connecticut,None,None,None,"Stamford, CT",Connecticut,8/23/1988,N/A,Connecticut-None-Connecticut,"Stamford, Connecticut",N/A,"Stamford, Connecticut","https://pga-tour-res.cloudinary.com/image/upload/c_fill,d_headshots_default.png,dpr_2.0,f_auto,g_face:center,h_350,q_auto,w_280/headshots_51449.png",,
Brett Drewitt,N/A,N/A,Inverell,Australia,None,None,None,"Inverell, Australia",Australia,11/24/1990,N/A,Australia-None-Australia,"Inverell, Australia",N/A,"Inverell, Australia","https://pga-tour-res.cloudinary.com/image/upload/c_fill,d_headshots_default.png,dpr_2.0,f_auto,g_face:center,h_350,q_auto,w_280/headshots_35619.png",,
,,,,,,,,,,,,,,,,,,
Ashton Van Horne,N/A,N/A,Columbus,Georgia,University of Georgia,Athens,Georgia,"Columbus, GA",Georgia,3/15/1998,N/A,Georgia-Georgia-Georgia,"Columbus, Georgia","Athens, Georgia","Columbus, Georgia","https://pga-tour-res.cloudinary.com/image/upload/c_fill,d_headshots_default.png,dpr_2.0,f_auto,g_face:center,h_350,q_auto,w_280/headshots_51450.png",,
Mason Nome,N/A,N/A,Honolulu,Hawaii,University of Hawaii,Manoa,Hawaii,"Honolulu, HI",Hawaii,8/23/1997,N/A,Hawaii-Hawaii-Hawaii,"Honolulu, Hawaii","Manoa, Hawaii","Honolulu, Hawaii","https://pga-tour-res.cloudinary.com/image/upload/c_fill,d_headshots_default.png,dpr_2.0,f_auto,g_face:center,h_350,q_auto,w_280/headshots_51451.png",,
Jack Heath,N/A,N/A,Charlotte,North Carolina,UNC Charlotte,Charlotte,North Carolina,"Charlotte, NC",North Carolina,5/12/1996,N/A,North Carolina-North Carolina-North Carolina,"Charlotte, North Carolina","Charlotte, North Carolina","Charlotte, North Carolina","https://pga-tour-res.cloudinary.com/image/upload/c_fill,d_headshots_default.png,dpr_2.0,f_auto,g_face:center,h_350,q_auto,w_280/headshots_51452.png",,
Luke Schniederjans,N/A,N/A,Alpharetta,Georgia,Georgia Tech,Atlanta,Georgia,"Alpharetta, GA",Georgia,7/10/1995,N/A,Georgia-Georgia-Georgia,"Alpharetta, Georgia","Atlanta, Georgia","Alpharetta, Georgia","https://pga-tour-res.cloudinary.com/image/upload/c_fill,d_headshots_default.png,dpr_2.0,f_auto,g_face:center,h_350,q_auto,w_280/headshots_51453.png",,
Timmy Crawford,N/A,N/A,San Antonio,Texas,University of Texas,Austin,Texas,"San Antonio, TX",Texas,9/20/1994,N/A,Texas-Texas-Texas,"San Antonio, Texas","Austin, Texas","San Antonio, Texas","https://pga-tour-res.cloudinary.com/image/upload/c_fill,d_headshots_default.png,dpr_2.0,f_auto,g_face:center,h_350,q_auto,w_280/headshots_51454.png",,
Jesper Kennegard,N/A,N/A,Gothenburg,Sweden,Arizona State University,Tempe,Arizona,"Gothenburg, Sweden",Sweden,6/15/1988,N/A,Sweden-Arizona-Sweden,"Gothenburg, Sweden","Tempe, Arizona","Gothenburg, Sweden","https://pga-tour-res.cloudinary.com/image/upload/c_fill,d_headshots_default.png,dpr_2.0,f_auto,g_face:center,h_350,q_auto,w_280/headshots_51455.png",,
Ryan Linton,N/A,N/A,Tulsa,Oklahoma,University of Oklahoma,Norman,Oklahoma,"Tulsa, OK",Oklahoma,8/23/1996,N/A,Oklahoma-Oklahoma-Oklahoma,"Tulsa, Oklahoma","Norman, Oklahoma","Tulsa, Oklahoma","https://pga-tour-res.cloudinary.com/image/upload/c_fill,d_headshots_default.png,dpr_2.0,f_auto,g_face:center,h_350,q_auto,w_280/headshots_51456.png",,
Matt Naumec,N/A,N/A,Boston,Massachusetts,Boston College,Chestnut Hill,Massachusetts,"Boston, MA",Massachusetts,4/10/1995,N/A,Massachusetts-Massachusetts-Massachusetts,"Boston, Massachusetts","Chestnut Hill, Massachusetts","Boston, Massachusetts","https://pga-tour-res.cloudinary.com/image/upload/c_fill,d_headshots_default.png,dpr_2.0,f_auto,g_face:center,h_350,q_auto,w_280/headshots_51457.png",,
Brandon Pierce,N/A,N/A,Memphis,Tennessee,University of Memphis,Memphis,Tennessee,"Memphis, TN",Tennessee,8/23/1993,N/A,Tennessee-Tennessee-Tennessee,"Memphis, Tennessee","Memphis, Tennessee","Memphis, Tennessee","https://pga-tour-res.cloudinary.com/image/upload/c_fill,d_headshots_default.png,dpr_2.0,f_auto,g_face:center,h_350,q_auto,w_280/headshots_51458.png",,
David Kim,N/A,N/A,Seoul,South Korea,None,None,None,"Seoul, South Korea",South Korea,11/5/1992,N/A,South Korea-None-South Korea,"Seoul, South Korea",N/A,"Seoul, South Korea","https://pga-tour-res.cloudinary.com/image/upload/c_fill,d_headshots_default.png,dpr_2.0,f_auto,g_face:center,h_350,q_auto,w_280/headshots_51459.png",,
Tyler Collier,N/A,N/A,Ocala,Florida,University of Florida,Gainesville,Florida,"Ocala, FL",Florida,8/23/1998,N/A,Florida-Florida-Florida,"Ocala, Florida","Gainesville, Florida","Ocala, Florida","https://pga-tour-res.cloudinary.com/image/upload/c_fill,d_headshots_default.png,dpr_2.0,f_auto,g_face:center,h_350,q_auto,w_280/headshots_51460.png",,
Zach Murray,N/A,N/A,Melbourne,Australia,None,None,None,"Melbourne, Australia",Australia,10/15/1996,N/A,Australia-None-Australia,"Melbourne, Australia",N/A,"Melbourne, Australia","https://pga-tour-res.cloudinary.com/image/upload/c_fill,d_headshots_default.png,dpr_2.0,f_auto,g_face:center,h_350,q_auto,w_280/headshots_51461.png",,
Andrew Novak,N/A,N/A,Raleigh,North Carolina,Wofford College,Spartanburg,South Carolina,"Raleigh, NC",North Carolina,3/31/1995,N/A,North Carolina-South Carolina-North Carolina,"Raleigh, North Carolina","Spartanburg, South Carolina","Raleigh, North Carolina","https://pga-tour-res.cloudinary.com/image/upload/c_fill,d_headshots_default.png,dpr_2.0,f_auto,g_face:center,h_350,q_auto,w_280/headshots_51462.png",,
Sam Saunders,N/A,N/A,Orlando,Florida,None,None,None,"Orlando, FL",Florida,7/30/1987,N/A,Florida-None-Florida,"Orlando, Florida",N/A,"Orlando, Florida","https://pga-tour-res.cloudinary.com/image/upload/c_fill,d_headshots_default.png,dpr_2.0,f_auto,g_face:center,h_350,q_auto,w_280/headshots_51463.png",,
Ross Steelman,N/A,N/A,Columbia,Missouri,University of Missouri,Columbia,Missouri,"Columbia, MO",Missouri,8/23/1999,N/A,Missouri-Missouri-Missouri,"Columbia, Missouri","Columbia, Missouri","Columbia, Missouri","https://pga-tour-res.cloudinary.com/image/upload/c_fill,d_headshots_default.png,dpr_2.0,f_auto,g_face:center,h_350,q_auto,w_280/headshots_51464.png",,
Parker Coody,N/A,N/A,Plano,Texas,University of Texas,Austin,Texas,"Plano, TX",Texas,11/10/1999,N/A,Texas-Texas-Texas,"Plano, Texas","Austin, Texas","Plano, Texas","https://pga-tour-res.cloudinary.com/image/upload/c_fill,d_headshots_default.png,dpr_2.0,f_auto,g_face:center,h_350,q_auto,w_280/headshots_51465.png",,
Pierceson Coody,N/A,N/A,Plano,Texas,University of Texas,Austin,Texas,"Plano, TX",Texas,1/7/2000,N/A,Texas-Texas-Texas,"Plano, Texas","Austin, Texas","Plano, Texas","https://pga-tour-res.cloudinary.com/image/upload/c_fill,d_headshots_default.png,dpr_2.0,f_auto,g_face:center,h_350,q_auto,w_280/headshots_51466.png",,
David Ford,N/A,N/A,Peachtree Corners,Georgia,University of North Carolina,Chapel Hill,North Carolina,"Peachtree Corners, GA",Georgia,8/23/2001,N/A,Georgia-North Carolina-Georgia,"Peachtree Corners, Georgia","Chapel Hill, North Carolina","Peachtree Corners, Georgia","https://pga-tour-res.cloudinary.com/image/upload/c_fill,d_headshots_default.png,dpr_2.0,f_auto,g_face:center,h_350,q_auto,w_280/headshots_51467.png",,
Maxwell Moldovan,N/A,N/A,Uniontown,Ohio,Ohio State University,Columbus,Ohio,"Uniontown, OH",Ohio,8/23/1999,N/A,Ohio-Ohio-Ohio,"Uniontown, Ohio","Columbus, Ohio","Uniontown, Ohio","https://pga-tour-res.cloudinary.com/image/upload/c_fill,d_headshots_default.png,dpr_2.0,f_auto,g_face:center,h_350,q_auto,w_280/headshots_51468.png",,
Preston Summerhays,N/A,N/A,Scottsdale,Arizona,Arizona State University,Tempe,Arizona,"Scottsdale, AZ",Arizona,7/25/2002,N/A,Arizona-Arizona-Arizona,"Scottsdale, Arizona","Tempe, Arizona","Scottsdale, Arizona","https://pga-tour-res.cloudinary.com/image/upload/c_fill,d_headshots_default.png,dpr_2.0,f_auto,g_face:center,h_350,q_auto,w_280/headshots_51469.png",,
Fred Biondi,N/A,N/A,Sao Paulo,Brazil,University of Florida,Gainesville,Florida,"Sao Paulo, Brazil",Brazil,5/15/2000,N/A,Brazil-Florida-Brazil,"Sao Paulo, Brazil","Gainesville, Florida","Sao Paulo, Brazil","https://pga-tour-res.cloudinary.com/image/upload/c_fill,d_headshots_default.png,dpr_2.0,f_auto,g_face:center,h_350,q_auto,w_280/headshots_51470.png",,
Yuxin Lin,N/A,N/A,Beijing,China,University of Florida,Gainesville,Florida,"Beijing, China",China,8/23/2000,N/A,China-Florida-China,"Beijing, China","Gainesville, Florida","Beijing, China","https://pga-tour-res.cloudinary.com/image/upload/c_fill,d_headshots_default.png,dpr_2.0,f_auto,g_face:center,h_350,q_auto,w_280/headshots_51471.png",,
Karl Vilips,N/A,N/A,Perth,Australia,Stanford University,Stanford,California,"Perth, Australia",Australia,8/23/2001,N/A,Australia-California-Australia,"Perth, Australia","Stanford, California","Perth, Australia","https://pga-tour-res.cloudinary.com/image/upload/c_fill,d_headshots_default.png,dpr_2.0,f_auto,g_face:center,h_350,q_auto,w_280/headshots_51472.png",,
Michael Brennan,N/A,N/A,Washington,D.C.,Wake Forest University,Winston-Salem,North Carolina,"Washington, DC",D.C.,8/23/2000,N/A,D.C.-North Carolina-D.C.,"Washington, D.C.","Winston-Salem, North Carolina","Washington, D.C.","https://pga-tour-res.cloudinary.com/image/upload/c_fill,d_headshots_default.png,dpr_2.0,f_auto,g_face:center,h_350,q_auto,w_280/headshots_51473.png",,
Caleb Surratt,N/A,N/A,Indian Trail,North Carolina,University of Tennessee,Knoxville,Tennessee,"Indian Trail, NC",North Carolina,4/18/2002,N/A,North Carolina-Tennessee-North Carolina,"Indian Trail, North Carolina","Knoxville, Tennessee","Indian Trail, North Carolina","https://pga-tour-res.cloudinary.com/image/upload/c_fill,d_headshots_default.png,dpr_2.0,f_auto,g_face:center,h_350,q_auto,w_280/headshots_51474.png",,
Nick Gabrelcik,N/A,N/A,Trinity,Florida,University of North Florida,Jacksonville,Florida,"Trinity, FL",Florida,8/23/2001,N/A,Florida-Florida-Florida,"Trinity, Florida","Jacksonville, Florida","Trinity, Florida","https://pga-tour-res.cloudinary.com/image/upload/c_fill,d_headshots_default.png,dpr_2.0,f_auto,g_face:center,h_350,q_auto,w_280/headshots_51475.png",,
Jackson Van Paris,N/A,N/A,Pinehurst,North Carolina,Vanderbilt University,Nashville,Tennessee,"Pinehurst, NC",North Carolina,8/23/2002,N/A,North Carolina-Tennessee-North Carolina,"Pinehurst, North Carolina","Nashville, Tennessee","Pinehurst, North Carolina","https://pga-tour-res.cloudinary.com/image/upload/c_fill,d_headshots_default.png,dpr_2.0,f_auto,g_face:center,h_350,q_auto,w_280/headshots_51476.png",,
Benjamin James,N/A,N/A,Milford,Connecticut,University of Virginia,Charlottesville,Virginia,"Milford, CT",Connecticut,8/23/2002,N/A,Connecticut-Virginia-Connecticut,"Milford, Connecticut","Charlottesville, Virginia","Milford, Connecticut","https://pga-tour-res.cloudinary.com/image/upload/c_fill,d_headshots_default.png,dpr_2.0,f_auto,g_face:center,h_350,q_auto,w_280/headshots_51477.png",,
Gordon Sargent,N/A,N/A,Birmingham,Alabama,Vanderbilt University,Nashville,Tennessee,"Birmingham, AL",Alabama,2/12/2003,N/A,Alabama-Tennessee-Alabama,"Birmingham, Alabama","Nashville, Tennessee","Birmingham, Alabama","https://pga-tour-res.cloudinary.com/image/upload/c_fill,d_headshots_default.png,dpr_2.0,f_auto,g_face:center,h_350,q_auto,w_280/headshots_51478.png",,
Sampson Zheng,N/A,N/A,Shanghai,China,"University of California, Berkeley",Berkeley,California,"Shanghai, China",China,8/23/2001,N/A,China-California-China,"Shanghai, China","Berkeley, California","Shanghai, China","https://pga-tour-res.cloudinary.com/image/upload/c_fill,d_headshots_default.png,dpr_2.0,f_auto,g_face:center,h_350,q_auto,w_280/headshots_51479.png",,
Bastian Amat,N/A,N/A,Mexico City,Mexico,University of New Mexico,Albuquerque,New Mexico,"Mexico City, Mexico",Mexico,8/23/2000,N/A,Mexico-New Mexico-Mexico,"Mexico City, Mexico","Albuquerque, New Mexico","Mexico City, Mexico","https://pga-tour-res.cloudinary.com/image/upload/c_fill,d_headshots_default.png,dpr_2.0,f_auto,g_face:center,h_350,q_auto,w_280/headshots_51480.png",,
Luke Clanton,N/A,N/A,Hialeah,Florida,Florida State University,Tallahassee,Florida,"Hialeah, FL",Florida,5/20/2003,N/A,Florida-Florida-Florida,"Hialeah, Florida","Tallahassee, Florida","Hialeah, Florida","https://pga-tour-res.cloudinary.com/image/upload/c_fill,d_headshots_default.png,dpr_2.0,f_auto,g_face:center,h_350,q_auto,w_280/headshots_51481.png",,
Ethan Ng,N/A,N/A,New York,New York,Stanford University,Stanford,California,"New York, NY",New York,8/23/2002,N/A,New York-California-New York,"New York, New York","Stanford, California","New York, New York","https://pga-tour-res.cloudinary.com/image/upload/c_fill,d_headshots_default.png,dpr_2.0,f_auto,g_face:center,h_350,q_auto,w_280/headshots_51482.png",,
Jake Beber-Frankel,N/A,N/A,Miami,Florida,Stanford University,Stanford,California,"Miami, FL",Florida,8/23/2000,N/A,Florida-California-Florida,"Miami, Florida","Stanford, California","Miami, Florida","https://pga-tour-res.cloudinary.com/image/upload/c_fill,d_headshots_default.png,dpr_2.0,f_auto,g_face:center,h_350,q_auto,w_280/headshots_51483.png",,
Barclay Brown,N/A,N/A,San Jose,California,Stanford University,Stanford,California,"San Jose, CA",California,8/23/2001,N/A,California-California-California,"San Jose, California","Stanford, California","San Jose, California","https://pga-tour-res.cloudinary.com/image/upload/c_fill,d_headshots_default.png,dpr_2.0,f_auto,g_face:center,h_350,q_auto,w_280/headshots_51484.png",,
Nathan Petronzio,N/A,N/A,Round Rock,Texas,Texas A&M University,College Station,Texas,"Round Rock, TX",Texas,8/23/1998,N/A,Texas-Texas-Texas,"Round Rock, Texas","College Station, Texas","Round Rock, Texas","https://pga-tour-res.cloudinary.com/image/upload/c_fill,d_headshots_default.png,dpr_2.0,f_auto,g_face:center,h_350,q_auto,w_280/headshots_51485.png",,
Michael Thorbjornsen,N/A,N/A,Wellesley,Massachusetts,Stanford University,Stanford,California,"Wellesley, MA",Massachusetts,9/16/2001,N/A,Massachusetts-California-Massachusetts,"Wellesley, Massachusetts","Stanford, California","Wellesley, Massachusetts","https://pga-tour-res.cloudinary.com/image/upload/c_fill,d_headshots_default.png,dpr_2.0,f_auto,g_face:center,h_350,q_auto,w_280/headshots_51486.png",,
Calum Scott,N/A,N/A,Nairn,Scotland,Texas Tech University,Lubbock,Texas,"Nairn, Scotland",Scotland,8/23/2002,N/A,Scotland-Texas-Scotland,"Nairn, Scotland","Lubbock, Texas","Nairn, Scotland","https://pga-tour-res.cloudinary.com/image/upload/c_fill,d_headshots_default.png,dpr_2.0,f_auto,g_face:center,h_350,q_auto,w_280/headshots_51487.png",,
Jonas Blixt,N/A,N/A,Nassjo,Sweden,Florida State University,Tallahassee,Florida,"Jacksonville, FL",Florida,4/24/1984,N/A,Sweden-Florida-Florida,"Nassjo, Sweden","Tallahassee, Florida","Jacksonville, Florida","https://pga-tour-res.cloudinary.com/image/upload/c_fill,d_headshots_default.png,dpr_2.0,f_auto,g_face:center,h_350,q_auto,w_280/headshots_51488.png",,
Daniel Hillier,N/A,N/A,Wellington,New Zealand,None,None,None,"Wellington, New Zealand",New Zealand,8/23/1998,N/A,New Zealand-None-New Zealand,"Wellington, New Zealand",N/A,"Wellington, New Zealand","https://pga-tour-res.cloudinary.com/image/upload/c_fill,d_headshots_default.png,dpr_2.0,f_auto,g_face:center,h_350,q_auto,w_280/headshots_51489.png",,
Aaron Jarvis,N/A,N/A,George Town,Cayman Islands,UNLV,Las Vegas,Nevada,"George Town, Cayman Islands",Cayman Islands,8/23/2002,N/A,Cayman Islands-Nevada-Cayman Islands,"George Town, Cayman Islands","Las Vegas, Nevada","George Town, Cayman Islands","https://pga-tour-res.cloudinary.com/image/upload/c_fill,d_headshots_default.png,dpr_2.0,f_auto,g_face:center,h_350,q_auto,w_280/headshots_51490.png",,
Hunter Wolcott,N/A,N/A,Knoxville,Tennessee,University of Tennessee,Knoxville,Tennessee,"Knoxville, TN",Tennessee,8/23/1997,N/A,Tennessee-Tennessee-Tennessee,"Knoxville, Tennessee","Knoxville, Tennessee","Knoxville, Tennessee","https://pga-tour-res.cloudinary.com/image/upload/c_fill,d_headshots_default.png,dpr_2.0,f_auto,g_face:center,h_350,q_auto,w_280/headshots_51491.png",,
Bryan Lee,N/A,N/A,Fairfax,Virginia,University of Virginia,Charlottesville,Virginia,"Fairfax, VA",Virginia,8/23/1996,N/A,Virginia-Virginia-Virginia,"Fairfax, Virginia","Charlottesville, Virginia","Fairfax, Virginia","https://pga-tour-res.cloudinary.com/image/upload/c_fill,d_headshots_default.png,dpr_2.0,f_auto,g_face:center,h_350,q_auto,w_280/headshots_51492.png",,
Drew Goodman,N/A,N/A,Oklahoma City,Oklahoma,University of Oklahoma,Norman,Oklahoma,"Oklahoma City, OK",Oklahoma,8/23/1995,N/A,Oklahoma-Oklahoma-Oklahoma,"Oklahoma City, Oklahoma","Norman, Oklahoma","Oklahoma City, Oklahoma","https://pga-tour-res.cloudinary.com/image/upload/c_fill,d_headshots_default.png,dpr_2.0,f_auto,g_face:center,h_350,q_auto,w_280/headshots_51493.png",,
Chris Gotterup,N/A,N/A,Little Silver,New Jersey,Rutgers University,New Brunswick,New Jersey,"Jupiter, FL",Florida,6/10/1999,N/A,New Jersey-New Jersey-Florida,"Little Silver, New Jersey","New Brunswick, New Jersey","Jupiter, Florida","https://pga-tour-res.cloudinary.com/image/upload/c_fill,d_headshots_default.png,dpr_2.0,f_auto,g_face:center,h_350,q_auto,w_280/headshots_51494.png",,
Jacob Bridgeman,N/A,N/A,Inman,South Carolina,Clemson University,Clemson,South Carolina,"Inman, SC",South Carolina,8/23/1998,N/A,South Carolina-South Carolina-South Carolina,"Inman, South Carolina","Clemson, South Carolina","Inman, South Carolina","https://pga-tour-res.cloudinary.com/image/upload/c_fill,d_headshots_default.png,dpr_2.0,f_auto,g_face:center,h_350,q_auto,w_280/headshots_51495.png",,
Austen Truslow,N/A,N/A,Charleston,South Carolina,College of Charleston,Charleston,South Carolina,"Charleston, SC",South Carolina,8/23/1996,N/A,South Carolina-South Carolina-South Carolina,"Charleston, South Carolina","Charleston, South Carolina","Charleston, South Carolina","https://pga-tour-res.cloudinary.com/image/upload/c_fill,d_headshots_default.png,dpr_2.0,f_auto,g_face:center,h_350,q_auto,w_280/headshots_51496.png",,
Evan Grenus,N/A,N/A,Philadelphia,Pennsylvania,Temple University,Philadelphia,Pennsylvania,"Philadelphia, PA",Pennsylvania,8/23/1997,N/A,Pennsylvania-Pennsylvania-Pennsylvania,"Philadelphia, Pennsylvania","Philadelphia, Pennsylvania","Philadelphia, Pennsylvania","https://pga-tour-res.cloudinary.com/image/upload/c_fill,d_headshots_default.png,dpr_2.0,f_auto,g_face:center,h_350,q_auto,w_280/headshots_51497.png",,
Matt Sharpstene,N/A,N/A,Asheville,North Carolina,West Virginia University,Morgantown,West Virginia,"Asheville, NC",North Carolina,8/23/1996,N/A,North Carolina-West Virginia-North Carolina,"Asheville, North Carolina","Morgantown, West Virginia","Asheville, North Carolina","https://pga-tour-res.cloudinary.com/image/upload/c_fill,d_headshots_default.png,dpr_2.0,f_auto,g_face:center,h_350,q_auto,w_280/headshots_51498.png",,
Ricardo Celia,N/A,N/A,Barranquilla,Colombia,Nova Southeastern University,Fort Lauderdale,Florida,"Barranquilla, Colombia",Colombia,8/23/1992,N/A,Colombia-Florida-Colombia,"Barranquilla, Colombia","Fort Lauderdale, Florida","Barranquilla, Colombia","https://pga-tour-res.cloudinary.com/image/upload/c_fill,d_headshots_default.png,dpr_2.0,f_auto,g_face:center,h_350,q_auto,w_280/headshots_51499.png",,
Daniel Gale,N/A,N/A,Sydney,Australia,None,None,None,"Sydney, Australia",Australia,8/23/1997,N/A,Australia-None-Australia,"Sydney, Australia",N/A,"Sydney, Australia","https://pga-tour-res.cloudinary.com/image/upload/c_fill,d_headshots_default.png,dpr_2.0,f_auto,g_face:center,h_350,q_auto,w_280/headshots_51500.png",,
Drew Nesbitt,N/A,N/A,Toronto,Ontario,None,None,None,"Toronto, Canada",N/A,8/23/1995,N/A,Ontario-None-N/A,"Toronto, Ontario",N/A,"Toronto, Canada","https://pga-tour-res.cloudinary.com/image/upload/c_fill,d_headshots_default.png,dpr_2.0,f_auto,g_face:center,h_350,q_auto,w_280/headshots_51501.png",,
Torey Edwards,N/A,N/A,Toronto,Ontario,None,None,None,"Toronto, Canada",N/A,8/23/1994,N/A,Ontario-None-N/A,"Toronto, Ontario",N/A,"Toronto, Canada","https://pga-tour-res.cloudinary.com/image/upload/c_fill,d_headshots_default.png,dpr_2.0,f_auto,g_face:center,h_350,q_auto,w_280/headshots_51502.png",,
Michael Block,N/A,N/A,Reno,Nevada,University of Missouri-St. Louis,St. Louis,Missouri,"Mission Viejo, CA",California,6/15/1976,N/A,Nevada-Missouri-California,"Reno, Nevada","St. Louis, Missouri","Mission Viejo, California","https://pga-tour-res.cloudinary.com/image/upload/c_fill,d_headshots_default.png,dpr_2.0,f_auto,g_face:center,h_350,q_auto,w_280/headshots_51503.png",,
Thomas Longbella,N/A,N/A,Chippewa Falls,Wisconsin,University of Minnesota,Minneapolis,Minnesota,"Chippewa Falls, WI",Wisconsin,8/23/1997,N/A,Wisconsin-Minnesota-Wisconsin,"Chippewa Falls, Wisconsin","Minneapolis, Minnesota","Chippewa Falls, Wisconsin","https://pga-tour-res.cloudinary.com/image/upload/c_fill,d_headshots_default.png,dpr_2.0,f_auto,g_face:center,h_350,q_auto,w_280/headshots_51504.png",,
Myles Lewis,N/A,N/A,New Orleans,Louisiana,None,None,None,"New Orleans, LA",Louisiana,8/23/1996,N/A,Louisiana-None-Louisiana,"New Orleans, Louisiana",N/A,"New Orleans, Louisiana","https://pga-tour-res.cloudinary.com/image/upload/c_fill,d_headshots_default.png,dpr_2.0,f_auto,g_face:center,h_350,q_auto,w_280/headshots_51505.png",,
Jack Wall,N/A,N/A,Ponte Vedra Beach,Florida,None,None,None,"Ponte Vedra Beach, FL",Florida,8/23/1998,N/A,Florida-None-Florida,"Ponte Vedra Beach, Florida",N/A,"Ponte Vedra Beach, Florida","https://pga-tour-res.cloudinary.com/image/upload/c_fill,d_headshots_default.png,dpr_2.0,f_auto,g_face:center,h_350,q_auto,w_280/headshots_51506.png",,
Aaron Cockerill,N/A,N/A,Winnipeg,Manitoba,None,None,None,"Winnipeg, Canada",N/A,8/23/1992,N/A,Manitoba-None-N/A,"Winnipeg, Manitoba",N/A,"Winnipeg, Canada","https://pga-tour-res.cloudinary.com/image/upload/c_fill,d_headshots_default.png,dpr_2.0,f_auto,g_face:center,h_350,q_auto,w_280/headshots_51507.png",,
Martin Simonsen,N/A,N/A,Copenhagen,Denmark,None,None,None,"Copenhagen, Denmark",Denmark,8/23/1992,N/A,Denmark-None-Denmark,"Copenhagen, Denmark",N/A,"Copenhagen, Denmark","https://pga-tour-res.cloudinary.com/image/upload/c_fill,d_headshots_default.png,dpr_2.0,f_auto,g_face:center,h_350,q_auto,w_280/headshots_51508.png",,
Ben Carr,N/A,N/A,Columbus,Georgia,Georgia Southern University,Statesboro,Georgia,"Columbus, GA",Georgia,8/23/1999,N/A,Georgia-Georgia-Georgia,"Columbus, Georgia","Statesboro, Georgia","Columbus, Georgia","https://pga-tour-res.cloudinary.com/image/upload/c_fill,d_headshots_default.png,dpr_2.0,f_auto,g_face:center,h_350,q_auto,w_280/headshots_51509.png",,
Josh Hill,N/A,N/A,Warrington,England,None,None,None,"Warrington, England",England,8/23/2004,N/A,England-None-England,"Warrington, England",N/A,"Warrington, England","https://pga-tour-res.cloudinary.com/image/upload/c_fill,d_headshots_default.png,dpr_2.0,f_auto,g_face:center,h_350,q_auto,w_280/headshots_51510.png",,
M.J. Daffue,N/A,N/A,Pretoria,South Africa,Lamar University,Beaumont,Texas,"Houston, TX",Texas,1/13/1989,N/A,South Africa-Texas-Texas,"Pretoria, South Africa","Beaumont, Texas","Houston, Texas","https://pga-tour-res.cloudinary.com/image/upload/c_fill,d_headshots_default.png,dpr_2.0,f_auto,g_face:center,h_350,q_auto,w_280/headshots_37342.png",,
Evan Russell,N/A,N/A,Toronto,Ontario,None,None,None,"Toronto, Canada",N/A,8/23/1995,N/A,Ontario-None-N/A,"Toronto, Ontario",N/A,"Toronto, Canada","https://pga-tour-res.cloudinary.com/image/upload/c_fill,d_headshots_default.png,dpr_2.0,f_auto,g_face:center,h_350,q_auto,w_280/headshots_51511.png",,
David Hearn,N/A,N/A,Brampton,Ontario,University of Wyoming,Laramie,Wyoming,"Brantford, Canada",N/A,6/17/1979,N/A,Ontario-Wyoming-N/A,"Brampton, Ontario","Laramie, Wyoming","Brantford, Canada","https://pga-tour-res.cloudinary.com/image/upload/c_fill,d_headshots_default.png,dpr_2.0,f_auto,g_face:center,h_350,q_auto,w_280/headshots_24925.png",,
Matt Every,N/A,N/A,Daytona Beach,Florida,University of Florida,Gainesville,Florida,"Jacksonville Beach, FL",Florida,12/4/1983,N/A,Florida-Florida-Florida,"Daytona Beach, Florida","Gainesville, Florida","Jacksonville Beach, Florida","https://pga-tour-res.cloudinary.com/image/upload/c_fill,d_headshots_default.png,dpr_2.0,f_auto,g_face:center,h_350,q_auto,w_280/headshots_29222.png",,
Matt Short,N/A,N/A,Toronto,Ontario,None,None,None,"Toronto, Canada",N/A,8/23/1992,N/A,Ontario-None-N/A,"Toronto, Ontario",N/A,"Toronto, Canada","https://pga-tour-res.cloudinary.com/image/upload/c_fill,d_headshots_default.png,dpr_2.0,f_auto,g_face:center,h_350,q_auto,w_280/headshots_51512.png",,
Jack Trent,N/A,N/A,Brisbane,Australia,"University of Nevada, Las Vegas",Las Vegas,Nevada,"Brisbane, Australia",Australia,8/23/1997,N/A,Australia-Nevada-Australia,"Brisbane, Australia","Las Vegas, Nevada","Brisbane, Australia","https://pga-tour-res.cloudinary.com/image/upload/c_fill,d_headshots_default.png,dpr_2.0,f_auto,g_face:center,h_350,q_auto,w_280/headshots_51513.png",,
Steven Alker,N/A,N/A,Hamilton,New Zealand,None,None,None,"Hamilton, New Zealand",New Zealand,7/28/1971,N/A,New Zealand-None-New Zealand,"Hamilton, New Zealand",N/A,"Hamilton, New Zealand","https://pga-tour-res.cloudinary.com/image/upload/c_fill,d_headshots_default.png,dpr_2.0,f_auto,g_face:center,h_350,q_auto,w_280/headshots_22591.png",,
Dawie van der Walt,N/A,N/A,Paarl,South Africa,Lamar University,Beaumont,Texas,"Paarl, South Africa",South Africa,2/11/1983,N/A,South Africa-Texas-South Africa,"Paarl, South Africa","Beaumont, Texas","Paarl, South Africa","https://pga-tour-res.cloudinary.com/image/upload/c_fill,d_headshots_default.png,dpr_2.0,f_auto,g_face:center,h_350,q_auto,w_280/headshots_29325.png",,
Jarryd Felton,N/A,N/A,Perth,Australia,None,None,None,"Perth, Australia",Australia,8/23/1995,N/A,Australia-None-Australia,"Perth, Australia",N/A,"Perth, Australia","https://pga-tour-res.cloudinary.com/image/upload/c_fill,d_headshots_default.png,dpr_2.0,f_auto,g_face:center,h_350,q_auto,w_280/headshots_51514.png",,
Thomas Power Horan,N/A,N/A,Dublin,Ireland,None,None,None,"Dublin, Ireland",Ireland,8/23/1997,N/A,Ireland-None-Ireland,"Dublin, Ireland",N/A,"Dublin, Ireland","https://pga-tour-res.cloudinary.com/image/upload/c_fill,d_headshots_default.png,dpr_2.0,f_auto,g_face:center,h_350,q_auto,w_280/headshots_51515.png",,
Chase Hanna,N/A,N/A,Dallas,Texas,University of Kansas,Lawrence,Kansas,"Dallas, TX",Texas,8/23/1994,N/A,Texas-Kansas-Texas,"Dallas, Texas","Lawrence, Kansas","Dallas, Texas","https://pga-tour-res.cloudinary.com/image/upload/c_fill,d_headshots_default.png,dpr_2.0,f_auto,g_face:center,h_350,q_auto,w_280/headshots_51516.png",,
Matt Saulez,N/A,N/A,Durban,South Africa,None,None,None,"Durban, South Africa",South Africa,8/23/1995,N/A,South Africa-None-South Africa,"Durban, South Africa",N/A,"Durban, South Africa","https://pga-tour-res.cloudinary.com/image/upload/c_fill,d_headshots_default.png,dpr_2.0,f_auto,g_face:center,h_350,q_auto,w_280/headshots_51517.png",,
Ashton Turner,N/A,N/A,York,England,None,None,None,"York, England",England,8/23/1994,N/A,England-None-England,"York, England",N/A,"York, England","https://pga-tour-res.cloudinary.com/image/upload/c_fill,d_headshots_default.png,dpr_2.0,f_auto,g_face:center,h_350,q_auto,w_280/headshots_51518.png",,
David Nyfjäll,N/A,N/A,Stockholm,Sweden,Northwestern University,Evanston,Illinois,"Stockholm, Sweden",Sweden,8/23/1996,N/A,Sweden-Illinois-Sweden,"Stockholm, Sweden","Evanston, Illinois","Stockholm, Sweden","https://pga-tour-res.cloudinary.com/image/upload/c_fill,d_headshots_default.png,dpr_2.0,f_auto,g_face:center,h_350,q_auto,w_280/headshots_51519.png",,
Cameron Percy,N/A,N/A,Melbourne,Australia,None,None,None,"Raleigh, NC",North Carolina,5/5/1974,N/A,Australia-None-North Carolina,"Melbourne, Australia",N/A,"Raleigh, North Carolina","https://pga-tour-res.cloudinary.com/image/upload/c_fill,d_headshots_default.png,dpr_2.0,f_auto,g_face:center,h_350,q_auto,w_280/headshots_26014.png",,
Ben Eccles,N/A,N/A,Melbourne,Australia,None,None,None,"Melbourne, Australia",Australia,8/23/1994,N/A,Australia-None-Australia,"Melbourne, Australia",N/A,"Melbourne, Australia","https://pga-tour-res.cloudinary.com/image/upload/c_fill,d_headshots_default.png,dpr_2.0,f_auto,g_face:center,h_350,q_auto,w_280/headshots_51520.png",,
Blair Hamilton,N/A,N/A,Toronto,Ontario,None,None,None,"Toronto, Canada",N/A,8/23/1993,N/A,Ontario-None-N/A,"Toronto, Ontario",N/A,"Toronto, Canada","https://pga-tour-res.cloudinary.com/image/upload/c_fill,d_headshots_default.png,dpr_2.0,f_auto,g_face:center,h_350,q_auto,w_280/headshots_51521.png",,
James Allenby,N/A,N/A,Sydney,Australia,None,None,None,"Sydney, Australia",Australia,8/23/1992,N/A,Australia-None-Australia,"Sydney, Australia",N/A,"Sydney, Australia","https://pga-tour-res.cloudinary.com/image/upload/c_fill,d_headshots_default.png,dpr_2.0,f_auto,g_face:center,h_350,q_auto,w_280/headshots_51522.png",,
Rhein Gibson,N/A,N/A,Sydney,Australia,Oklahoma Christian University,Edmond,Oklahoma,"Edmond, OK",Oklahoma,2/1/1986,N/A,Australia-Oklahoma-Oklahoma,"Sydney, Australia","Edmond, Oklahoma","Edmond, Oklahoma","https://pga-tour-res.cloudinary.com/image/upload/c_fill,d_headshots_default.png,dpr_2.0,f_auto,g_face:center,h_350,q_auto,w_280/headshots_36394.png",,
George Bryan IV,N/A,N/A,Columbia,South Carolina,University of South Carolina,Columbia,South Carolina,"Columbia, SC",South Carolina,8/23/1996,N/A,South Carolina-South Carolina-South Carolina,"Columbia, South Carolina","Columbia, South Carolina","Columbia, South Carolina","https://pga-tour-res.cloudinary.com/image/upload/c_fill,d_headshots_default.png,dpr_2.0,f_auto,g_face:center,h_350,q_auto,w_280/headshots_51523.png",,
Jack Singh Brar,N/A,N/A,Harrow,England,None,None,None,"Harrow, England",England,8/23/1997,N/A,England-None-England,"Harrow, England",N/A,"Harrow, England","https://pga-tour-res.cloudinary.com/image/upload/c_fill,d_headshots_default.png,dpr_2.0,f_auto,g_face:center,h_350,q_auto,w_280/headshots_51524.png",,
Matt Ryan,N/A,N/A,Toronto,Ontario,None,None,None,"Toronto, Canada",N/A,8/23/1993,N/A,Ontario-None-N/A,"Toronto, Ontario",N/A,"Toronto, Canada","https://pga-tour-res.cloudinary.com/image/upload/c_fill,d_headshots_default.png,dpr_2.0,f_auto,g_face:center,h_350,q_auto,w_280/headshots_51525.png",,
Trevor Sluman,N/A,N/A,Orlando,Florida,University of Louisville,Louisville,Kentucky,"Orlando, FL",Florida,8/23/1994,N/A,Florida-Kentucky-Florida,"Orlando, Florida","Louisville, Kentucky","Orlando, Florida","https://pga-tour-res.cloudinary.com/image/upload/c_fill,d_headshots_default.png,dpr_2.0,f_auto,g_face:center,h_350,q_auto,w_280/headshots_51526.png",,