PLAYER,LOCATION,Latitude,Longitude,DISTANCE (miles),COMBINE,Local Ties,TOURNAMENT LOCATION,Latitude Tournament,Longitude Tournament,TYPE
Scottie Scheffler,"Dallas, Texas",32.7767° N,96.7970° W,499.9730235,Scottie SchefflerNot Likely,Not Likely,"Detroit, MI",42.4263°N,83.1262°W,BIRTH LOCATION
Xander Schauffele,"San Diego, California",32.7157° N,117.1611° W,982.6493117,Xander SchauffeleNot Likely,Not Likely,"Detroit, MI",42.4263°N,83.1262°W,BIRTH LOCATION
Rory McIlroy,"Holywood, Northern Ireland",54.6386° N,5.8398° W,1723.708549,Rory McIlroyNot Likely,Not Likely,"Detroit, MI",42.4263°N,83.1262°W,BIRTH LOCATION
Ludvig Aberg,"Eslöv, Sweden",55.8393° N,13.3039° E,2045.688177,Ludvig AbergNot Likely,Not Likely,"Detroit, MI",42.4263°N,83.1262°W,BIRTH LOCATION
Collin Morikawa,"Los Angeles, California",34.0522° N,118.2437° W,987.9094537,Collin MorikawaNot Likely,Not Likely,"Detroit, MI",42.4263°N,83.1262°W,BIRTH LOCATION
Hideki Matsuyama,"Sendai, Japan",38.2688° N,140.8694° E,3107.390602,Hideki MatsuyamaNot Likely,Not Likely,"Detroit, MI",42.4263°N,83.1262°W,BIRTH LOCATION
Wyndham Clark,"Denver, Colorado",39.7392° N,104.9903° W,575.2117297,Wyndham ClarkNot Likely,Not Likely,"Detroit, MI",42.4263°N,83.1262°W,BIRTH LOCATION
Tyrrell Hatton,"High Wycombe, England",51.6291° N,0.7493° W,1860.831647,Tyrrell HattonNot Likely,Not Likely,"Detroit, MI",42.4263°N,83.1262°W,BIRTH LOCATION
Justin Thomas,"Louisville, Kentucky",38.2527° N,85.7585° W,159.9593139,Justin ThomasNot Likely,Not Likely,"Detroit, MI",42.4263°N,83.1262°W,BIRTH LOCATION
Tommy Fleetwood,"Southport, England",53.6458° N,3.0100° W,1789.45513,Tommy FleetwoodNot Likely,Not Likely,"Detroit, MI",42.4263°N,83.1262°W,BIRTH LOCATION
Bryson DeChambeau,"Modesto, California",37.6391° N,120.9969° W,1006.788325,Bryson DeChambeauNot Likely,Not Likely,"Detroit, MI",42.4263°N,83.1262°W,BIRTH LOCATION
Patrick Cantlay,"Long Beach, California",33.7701° N,118.1937° W,991.1727327,Patrick CantlayNot Likely,Not Likely,"Detroit, MI",42.4263°N,83.1262°W,BIRTH LOCATION
Maverick McNealy,"Stanford, California",37.4241° N,122.1661° W,1039.294738,Maverick McNealyNot Likely,Not Likely,"Detroit, MI",42.4263°N,83.1262°W,BIRTH LOCATION
Viktor Hovland,"Oslo, Norway",59.9139° N,10.7522° E,1935.763049,Viktor HovlandNot Likely,Not Likely,"Detroit, MI",42.4263°N,83.1262°W,BIRTH LOCATION
Keegan Bradley,"Woodstock, Vermont",43.6242° N,72.5185° W,270.8888795,Keegan BradleyNot Likely,Not Likely,"Detroit, MI",42.4263°N,83.1262°W,BIRTH LOCATION
Robert MacIntyre,"Oban, Scotland",56.4152° N,5.4710° W,1710.415607,Robert MacIntyreNot Likely,Not Likely,"Detroit, MI",42.4263°N,83.1262°W,BIRTH LOCATION
Russell Henley,"Macon, Georgia",32.8407° N,83.6324° W,331.4417563,Russell HenleyNot Likely,Not Likely,"Detroit, MI",42.4263°N,83.1262°W,BIRTH LOCATION
Shane Lowry,"Clara, Ireland",53.3425° N,7.6136° W,1704.842565,Shane LowryNot Likely,Not Likely,"Detroit, MI",42.4263°N,83.1262°W,BIRTH LOCATION
Sepp Straka,"Vienna, Austria",48.2082° N,16.3738° E,2247.337976,Sepp StrakaNot Likely,Not Likely,"Detroit, MI",42.4263°N,83.1262°W,BIRTH LOCATION
Billy Horschel,"Grant, Florida",27.9292° N,80.5262° W,506.1133282,Billy HorschelNot Likely,Not Likely,"Detroit, MI",42.4263°N,83.1262°W,BIRTH LOCATION
Sahith Theegala,"Orange, California",,,,Sahith TheegalaNot Likely,Not Likely,"Detroit, MI",42.4263°N,83.1262°W,BIRTH LOCATION
Sungjae Im,"Jeju Island, South Korea",33.4996° N,126.5312° E,3432.402989,Sungjae ImNot Likely,Not Likely,"Detroit, MI",42.4263°N,83.1262°W,BIRTH LOCATION
Thomas Detry,"Uccle, Belgium",50.8039° N,4.3329° E,1971.823335,Thomas DetryNot Likely,Not Likely,"Detroit, MI",42.4263°N,83.1262°W,BIRTH LOCATION
Aaron Rai,"Wolverhampton, England",52.5862° N,2.1280° W,1820.558824,Aaron RaiNot Likely,Not Likely,"Detroit, MI",42.4263°N,83.1262°W,BIRTH LOCATION
Tom Kim,"Seoul, South Korea",37.5665° N,126.9780° E,3297.267117,Tom KimNot Likely,Not Likely,"Detroit, MI",42.4263°N,83.1262°W,BIRTH LOCATION
Adam Scott,"Adelaide, Australia",34.9285° S,138.6007° E,5075.730671,Adam ScottNot Likely,Not Likely,"Detroit, MI",42.4263°N,83.1262°W,BIRTH LOCATION
Tony Finau,"Salt Lake City, Utah",40.7608° N,111.8910° W,741.8530605,Tony FinauNot Likely,Not Likely,"Detroit, MI",42.4263°N,83.1262°W,BIRTH LOCATION
Sam Burns,"Shreveport, Louisiana",32.5252° N,93.7502° W,448.5181431,Sam BurnsNot Likely,Not Likely,"Detroit, MI",42.4263°N,83.1262°W,BIRTH LOCATION
Akshay Bhatia,"Wake Forest, North Carolina",35.9799° N,78.5097° W,254.5965697,Akshay BhatiaNot Likely,Not Likely,"Detroit, MI",42.4263°N,83.1262°W,BIRTH LOCATION
Nick Taylor,"Winnipeg, Manitoba",49.8951° N,97.1384° W,421.9341013,Nick TaylorNot Likely,Not Likely,"Detroit, MI",42.4263°N,83.1262°W,BIRTH LOCATION
Nick Dunlap,"Huntsville, Alabama",34.7304° N,86.5861° W,281.743645,Nick DunlapNot Likely,Not Likely,"Detroit, MI",42.4263°N,83.1262°W,BIRTH LOCATION
Byeong Hun An,"Seoul, South Korea",37.5665° N,126.9780° E,3297.267117,Byeong Hun AnNot Likely,Not Likely,"Detroit, MI",42.4263°N,83.1262°W,BIRTH LOCATION
Jason Day,"Beaudesert, Australia",27.9874° S,152.9967° E,4589.158974,Jason DayNot Likely,Not Likely,"Detroit, MI",42.4263°N,83.1262°W,BIRTH LOCATION
Harris English,"Valdosta, Georgia",30.8327° N,83.2785° W,400.5467005,Harris EnglishNot Likely,Not Likely,"Detroit, MI",42.4263°N,83.1262°W,BIRTH LOCATION
Max Greyserman,"Short Hills, New Jersey",40.7487° N,74.3255° W,234.5503658,Max GreysermanNot Likely,Not Likely,"Detroit, MI",42.4263°N,83.1262°W,BIRTH LOCATION
Denny McCarthy,"Cincinnati, Ohio",39.1031° N,84.5120° W,120.3918789,Denny McCarthyNot Likely,Not Likely,"Detroit, MI",42.4263°N,83.1262°W,BIRTH LOCATION
Brian Harman,"Savannah, Georgia",32.0809° N,81.0912° W,361.7248645,Brian HarmanNot Likely,Not Likely,"Detroit, MI",42.4263°N,83.1262°W,BIRTH LOCATION
Justin Rose,"Johannesburg, South Africa",26.2041° S,28.0473° E,4231.577683,Justin RoseNot Likely,Not Likely,"Detroit, MI",42.4263°N,83.1262°W,BIRTH LOCATION
J.T. Poston,"Hickory, North Carolina",35.7332° N,81.3412° W,236.1133789,J.T. PostonNot Likely,Not Likely,"Detroit, MI",42.4263°N,83.1262°W,BIRTH LOCATION
Taylor Pendrith,"Richmond Hill, Ontario",43.8828° N,79.4403° W,105.6316607,Taylor PendrithNot Likely,Not Likely,"Detroit, MI",42.4263°N,83.1262°W,BIRTH LOCATION
Lucas Glover,"Greenville, South Carolina",34.8526° N,82.3940° W,262.3907378,Lucas GloverNot Likely,Not Likely,"Detroit, MI",42.4263°N,83.1262°W,BIRTH LOCATION
Stephan Jaeger,"Munich, Germany",48.1351° N,11.5820° E,2158.664447,Stephan JaegerNot Likely,Not Likely,"Detroit, MI",42.4263°N,83.1262°W,BIRTH LOCATION
Matthieu Pavon,"Toulouse, France",43.6047° N,1.4442° E,2036.372761,Matthieu PavonNot Likely,Not Likely,"Detroit, MI",42.4263°N,83.1262°W,BIRTH LOCATION
Austin Eckroat,"Edmond, Oklahoma",35.6528° N,97.4781° W,449.7131585,Austin EckroatNot Likely,Not Likely,"Detroit, MI",42.4263°N,83.1262°W,BIRTH LOCATION
Rasmus Højgaard,"Billund, Denmark",55.7333° N,9.1167° E,1977.109727,Rasmus HøjgaardNot Likely,Not Likely,"Detroit, MI",42.4263°N,83.1262°W,BIRTH LOCATION
Nico Echavarria,"Medellín, Colombia",6.2442° N,75.5812° W,1271.131429,Nico EchavarriaNot Likely,Not Likely,"Detroit, MI",42.4263°N,83.1262°W,BIRTH LOCATION
Cameron Young,"Scarborough, New York",41.1362° N,73.8587° W,242.7388813,Cameron YoungNot Likely,Not Likely,"Detroit, MI",42.4263°N,83.1262°W,BIRTH LOCATION
Davis Thompson,"Auburn, Alabama",32.6099° N,85.4808° W,345.1692758,Davis ThompsonNot Likely,Not Likely,"Detroit, MI",42.4263°N,83.1262°W,BIRTH LOCATION
Cam Davis,"Sydney, Australia",33.8688° S,151.2093° E,4738.642087,Cam DavisNot Likely,Not Likely,"Detroit, MI",42.4263°N,83.1262°W,BIRTH LOCATION
Corey Conners,"Listowel, Ontario",43.7334° N,80.9536° W,71.02034675,Corey ConnersPossible,Possible,"Detroit, MI",42.4263°N,83.1262°W,BIRTH LOCATION
Christiaan Bezuidenhout,"Delmas, South Africa",26.1466° S,28.6827° E,4246.509401,Christiaan BezuidenhoutNot Likely,Not Likely,"Detroit, MI",42.4263°N,83.1262°W,BIRTH LOCATION
Daniel Berger,"Plantation, Florida",26.1276° N,80.2331° W,568.9991296,Daniel BergerNot Likely,Not Likely,"Detroit, MI",42.4263°N,83.1262°W,BIRTH LOCATION
Laurie Canter,"Bath, England",51.3758° N,2.3599° W,1833.007425,Laurie CanterNot Likely,Not Likely,"Detroit, MI",42.4263°N,83.1262°W,BIRTH LOCATION
Jon Rahm,"Barrika, Spain",43.4069° N,2.9618° W,1944.150354,Jon RahmNot Likely,Not Likely,"Detroit, MI",42.4263°N,83.1262°W,BIRTH LOCATION
Min Woo Lee,"Perth, Australia",31.9505° S,115.8605° E,5585.191653,Min Woo LeeNot Likely,Not Likely,"Detroit, MI",42.4263°N,83.1262°W,BIRTH LOCATION
Matt McCarty,"Scottsdale, Arizona",33.4942° N,111.9261° W,837.9126407,Matt McCartyNot Likely,Not Likely,"Detroit, MI",42.4263°N,83.1262°W,BIRTH LOCATION
Ben Griffin,"Chapel Hill, North Carolina",35.9132° N,79.0558° W,249.9475621,Ben GriffinNot Likely,Not Likely,"Detroit, MI",42.4263°N,83.1262°W,BIRTH LOCATION
Eric Cole,"Orlando, Florida",28.5383° N,81.3792° W,482.2687471,Eric ColeNot Likely,Not Likely,"Detroit, MI",42.4263°N,83.1262°W,BIRTH LOCATION
Thriston Lawrence,"Nelspruit, South Africa",25.4753° S,30.9694° E,4291.101615,Thriston LawrenceNot Likely,Not Likely,"Detroit, MI",42.4263°N,83.1262°W,BIRTH LOCATION
Matt Fitzpatrick,"Sheffield, England",53.3811° N,1.4701° W,1822.156769,Matt FitzpatrickNot Likely,Not Likely,"Detroit, MI",42.4263°N,83.1262°W,BIRTH LOCATION
Alex Noren,"Stockholm, Sweden",59.3293° N,18.0686° E,2056.403992,Alex NorenNot Likely,Not Likely,"Detroit, MI",42.4263°N,83.1262°W,BIRTH LOCATION
Jhonattan Vegas,"Maturín, Venezuela",9.7457° N,63.1832° W,1280.107363,Jhonattan VegasNot Likely,Not Likely,"Detroit, MI",42.4263°N,83.1262°W,BIRTH LOCATION
Max Homa,"Burbank, California",34.1808° N,118.3090° W,987.5253674,Max HomaNot Likely,Not Likely,"Detroit, MI",42.4263°N,83.1262°W,BIRTH LOCATION
Mackenzie Hughes,"Dundas, Ontario",,,,Mackenzie HughesNot Likely,Not Likely,"Detroit, MI",42.4263°N,83.1262°W,BIRTH LOCATION
Si Woo Kim,"Seoul, South Korea",37.5665° N,126.9780° E,3297.267117,Si Woo KimNot Likely,Not Likely,"Detroit, MI",42.4263°N,83.1262°W,BIRTH LOCATION
Will Zalatoris,"San Francisco, California",37.7749° N,122.4194° W,1041.260269,Will ZalatorisNot Likely,Not Likely,"Detroit, MI",42.4263°N,83.1262°W,BIRTH LOCATION
Tom Hoge,"Statesville, North Carolina",,,,Tom HogeNot Likely,Not Likely,"Detroit, MI",42.4263°N,83.1262°W,BIRTH LOCATION
Nicolai Højgaard,"Billund, Denmark",55.7333° N,9.1167° E,1977.109727,Nicolai HøjgaardNot Likely,Not Likely,"Detroit, MI",42.4263°N,83.1262°W,BIRTH LOCATION
Adam Hadwin,"Moose Jaw, Saskatchewan",,,,Adam HadwinNot Likely,Not Likely,"Detroit, MI",42.4263°N,83.1262°W,BIRTH LOCATION
Jordan Spieth,"Dallas, Texas",32.7767° N,96.7970° W,499.9730235,Jordan SpiethNot Likely,Not Likely,"Detroit, MI",42.4263°N,83.1262°W,BIRTH LOCATION
Kevin Yu,"Taipei, Taiwan",25.0330° N,121.5654° E,3758.560812,Kevin YuNot Likely,Not Likely,"Detroit, MI",42.4263°N,83.1262°W,BIRTH LOCATION
Chris Kirk,"Knoxville, Tennessee",35.9606° N,83.9207° W,224.3782639,Chris KirkNot Likely,Not Likely,"Detroit, MI",42.4263°N,83.1262°W,BIRTH LOCATION
Patrick Rodgers,"Avon, Indiana",39.7628° N,86.3997° W,125.4014069,Patrick RodgersNot Likely,Not Likely,"Detroit, MI",42.4263°N,83.1262°W,BIRTH LOCATION
Joaquin Niemann,"Santiago, Chile",33.4489° S,70.6693° W,2650.803806,Joaquin NiemannNot Likely,Not Likely,"Detroit, MI",42.4263°N,83.1262°W,BIRTH LOCATION
Matt Wallace,"Hillingdon, England",51.5352° N,0.4481° W,1868.063328,Matt WallaceNot Likely,Not Likely,"Detroit, MI",42.4263°N,83.1262°W,BIRTH LOCATION
Sam Stevens,"Fort Worth, Texas",32.7555° N,97.3308° W,511.4035986,Sam StevensNot Likely,Not Likely,"Detroit, MI",42.4263°N,83.1262°W,BIRTH LOCATION
Andrew Novak,"Raleigh, North Carolina",35.7796° N,78.6382° W,259.1376517,Andrew NovakNot Likely,Not Likely,"Detroit, MI",42.4263°N,83.1262°W,BIRTH LOCATION
Taylor Moore,"San Angelo, Texas",31.4638° N,100.4370° W,607.7494224,Taylor MooreNot Likely,Not Likely,"Detroit, MI",42.4263°N,83.1262°W,BIRTH LOCATION
Michael Kim,"Toronto, Ontario",43.6532° N,79.3832° W,103.5661663,Michael KimNot Likely,Not Likely,"Detroit, MI",42.4263°N,83.1262°W,BIRTH LOCATION
Thorbjørn Olesen,"Furesø, Denmark",55.7833° N,12.3833° E,2031.382039,Thorbjørn OlesenNot Likely,Not Likely,"Detroit, MI",42.4263°N,83.1262°W,BIRTH LOCATION
J.J. Spaun,"Los Angeles, California",34.0522° N,118.2437° W,987.9094537,J.J. SpaunNot Likely,Not Likely,"Detroit, MI",42.4263°N,83.1262°W,BIRTH LOCATION
Beau Hossler,"Mission Viejo, California",33.6000° N,117.6720° W,980.7169932,Beau HosslerNot Likely,Not Likely,"Detroit, MI",42.4263°N,83.1262°W,BIRTH LOCATION
David Puig,"La Garriga, Spain",41.6864° N,2.2865° E,2089.331827,David PuigNot Likely,Not Likely,"Detroit, MI",42.4263°N,83.1262°W,BIRTH LOCATION
Justin Lower,"Akron, Ohio",41.0814° N,81.5190° W,62.24291763,Justin LowerPossible,Possible,"Detroit, MI",42.4263°N,83.1262°W,BIRTH LOCATION
Rasmus Neergaard-Petersen,"Copenhagen, Denmark",55.6761° N,12.5683° E,2036.371671,Rasmus Neergaard-PetersenNot Likely,Not Likely,"Detroit, MI",42.4263°N,83.1262°W,BIRTH LOCATION
Lee Hodges,"Huntsville, Alabama",34.7304° N,86.5861° W,281.743645,Lee HodgesNot Likely,Not Likely,"Detroit, MI",42.4263°N,83.1262°W,BIRTH LOCATION
Erik van Rooyen,"Bellville, South Africa",33.9001° S,18.6285° E,4148.145005,Erik van RooyenNot Likely,Not Likely,"Detroit, MI",42.4263°N,83.1262°W,BIRTH LOCATION
Harry Hall,"Truro, England",,,,Harry HallNot Likely,Not Likely,"Detroit, MI",42.4263°N,83.1262°W,BIRTH LOCATION
Kurt Kitayama,"Chico, California",39.7285° N,121.8375° W,1003.685701,Kurt KitayamaNot Likely,Not Likely,"Detroit, MI",42.4263°N,83.1262°W,BIRTH LOCATION
Niklas Nørgaard,"Aarhus, Denmark",56.1581° N,10.2114° E,1988.543934,Niklas NørgaardNot Likely,Not Likely,"Detroit, MI",42.4263°N,83.1262°W,BIRTH LOCATION
John Parry,"Harrogate, England",53.9921° N,1.5418° W,1812.496449,John ParryNot Likely,Not Likely,"Detroit, MI",42.4263°N,83.1262°W,BIRTH LOCATION
Romain Langasque,"Saint-Raphaël, France",43.4253° N,6.7680° E,2152.500384,Romain LangasqueNot Likely,Not Likely,"Detroit, MI",42.4263°N,83.1262°W,BIRTH LOCATION
Max McGreevy,"Norman, Oklahoma",35.1966° N,97.4458° W,458.3549788,Max McGreevyNot Likely,Not Likely,"Detroit, MI",42.4263°N,83.1262°W,BIRTH LOCATION
Luke Clanton,"Hialeah, Florida",25.8576° N,80.2781° W,578.0676134,Luke ClantonNot Likely,Not Likely,"Detroit, MI",42.4263°N,83.1262°W,BIRTH LOCATION
Rickie Fowler,"Murrieta, California",33.5539° N,117.2139° W,969.8744935,Rickie FowlerNot Likely,Not Likely,"Detroit, MI",42.4263°N,83.1262°W,BIRTH LOCATION
Victor Perez,"Tarbes, France",43.2329° N,0.0781° E,2013.461447,Victor PerezNot Likely,Not Likely,"Detroit, MI",42.4263°N,83.1262°W,BIRTH LOCATION
Brian Campbell,"Orange, California",,,,Brian CampbellNot Likely,Not Likely,"Detroit, MI",42.4263°N,83.1262°W,BIRTH LOCATION
Cameron Smith,"Brisbane, Australia",27.4705° S,153.0260° E,4578.55419,Cameron SmithNot Likely,Not Likely,"Detroit, MI",42.4263°N,83.1262°W,BIRTH LOCATION
Jake Knapp,"Costa Mesa, California",33.6411° N,117.9187° W,986.2963629,Jake KnappNot Likely,Not Likely,"Detroit, MI",42.4263°N,83.1262°W,BIRTH LOCATION
Keith Mitchell,"Chattanooga, Tennessee",35.0456° N,85.3097° W,261.6554255,Keith MitchellNot Likely,Not Likely,"Detroit, MI",42.4263°N,83.1262°W,BIRTH LOCATION
Charley Hoffman,"San Diego, California",32.7157° N,117.1611° W,982.6493117,Charley HoffmanNot Likely,Not Likely,"Detroit, MI",42.4263°N,83.1262°W,BIRTH LOCATION
Matteo Manassero,"Verona, Italy",45.4384° N,10.9916° E,2199.727098,Matteo ManasseroNot Likely,Not Likely,"Detroit, MI",42.4263°N,83.1262°W,BIRTH LOCATION
Ryan Fox,"Auckland, New Zealand",36.8485° S,174.7633° E,4211.444978,Ryan FoxNot Likely,Not Likely,"Detroit, MI",42.4263°N,83.1262°W,BIRTH LOCATION
Jordan Smith,"Bath, England",51.3758° N,2.3599° W,1833.007425,Jordan SmithNot Likely,Not Likely,"Detroit, MI",42.4263°N,83.1262°W,BIRTH LOCATION
Doug Ghim,"Des Plaines, Illinois",42.0334° N,87.8834° W,122.4297784,Doug GhimNot Likely,Not Likely,"Detroit, MI",42.4263°N,83.1262°W,BIRTH LOCATION
Shaun Norris,"Port Elizabeth, South Africa",,,,Shaun NorrisNot Likely,Not Likely,"Detroit, MI",42.4263°N,83.1262°W,BIRTH LOCATION
Kensei Hirata,"Tokyo, Japan",35.6762° N,139.6503° E,3201.644467,Kensei HirataNot Likely,Not Likely,"Detroit, MI",42.4263°N,83.1262°W,BIRTH LOCATION
Jesper Svensson,"Stockholm, Sweden",59.3293° N,18.0686° E,2056.403992,Jesper SvenssonNot Likely,Not Likely,"Detroit, MI",42.4263°N,83.1262°W,BIRTH LOCATION
Aldrich Potgieter,"Mossel Bay, South Africa",34.1832° S,22.1460° E,4238.083275,Aldrich PotgieterNot Likely,Not Likely,"Detroit, MI",42.4263°N,83.1262°W,BIRTH LOCATION
Ryo Hisatsune,"Ibaraki, Japan",36.3418° N,140.4468° E,3170.553065,Ryo HisatsuneNot Likely,Not Likely,"Detroit, MI",42.4263°N,83.1262°W,BIRTH LOCATION
Adam Schenk,"Vincennes, Indiana",38.6773° N,87.5286° W,173.5249102,Adam SchenkNot Likely,Not Likely,"Detroit, MI",42.4263°N,83.1262°W,BIRTH LOCATION
Mark Hubbard,"Denver, Colorado",39.7392° N,104.9903° W,575.2117297,Mark HubbardNot Likely,Not Likely,"Detroit, MI",42.4263°N,83.1262°W,BIRTH LOCATION
Patrick Fishburn,"Ogden, Utah",41.2230° N,111.9738° W,740.2438208,Patrick FishburnNot Likely,Not Likely,"Detroit, MI",42.4263°N,83.1262°W,BIRTH LOCATION
Paul Waring,"Birkenhead, England",53.3890° N,3.0230° W,1792.583768,Paul WaringNot Likely,Not Likely,"Detroit, MI",42.4263°N,83.1262°W,BIRTH LOCATION
Tom McKibbin,"Newtownabbey, Northern Ireland",54.6792° N,5.9046° W,1722.017018,Tom McKibbinNot Likely,Not Likely,"Detroit, MI",42.4263°N,83.1262°W,BIRTH LOCATION
Jorge Campillo,"Cáceres, Spain",,,,Jorge CampilloNot Likely,Not Likely,"Detroit, MI",42.4263°N,83.1262°W,BIRTH LOCATION
C.T. Pan,"Taipei, Taiwan",25.0330° N,121.5654° E,3758.560812,C.T. PanNot Likely,Not Likely,"Detroit, MI",42.4263°N,83.1262°W,BIRTH LOCATION
Matti Schmid,"Regensburg, Germany",49.0134° N,12.1016° E,2151.594226,Matti SchmidNot Likely,Not Likely,"Detroit, MI",42.4263°N,83.1262°W,BIRTH LOCATION
Seamus Power,"Waterford, Ireland",52.2593° N,7.1101° W,1727.634001,Seamus PowerNot Likely,Not Likely,"Detroit, MI",42.4263°N,83.1262°W,BIRTH LOCATION
Patrick Reed,"San Antonio, Texas",29.4241° N,98.4936° W,619.8079488,Patrick ReedNot Likely,Not Likely,"Detroit, MI",42.4263°N,83.1262°W,BIRTH LOCATION
Patton Kizzire,"Tuscaloosa, Alabama",33.2098° N,87.5692° W,340.5742503,Patton KizzireNot Likely,Not Likely,"Detroit, MI",42.4263°N,83.1262°W,BIRTH LOCATION
Julien Guerrier,"Évreux, France",,,,Julien GuerrierNot Likely,Not Likely,"Detroit, MI",42.4263°N,83.1262°W,BIRTH LOCATION
Matthew Jordan,"Wirral, England",53.3727° N,3.0738° W,1791.831199,Matthew JordanNot Likely,Not Likely,"Detroit, MI",42.4263°N,83.1262°W,BIRTH LOCATION
Daniel Brown,"Northallerton, England",54.3390° N,1.4324° W,1809.878796,Daniel BrownNot Likely,Not Likely,"Detroit, MI",42.4263°N,83.1262°W,BIRTH LOCATION
Sebastian Soderberg,"Gothenburg, Sweden",57.7089° N,11.9746° E,1991.273364,Sebastian SoderbergNot Likely,Not Likely,"Detroit, MI",42.4263°N,83.1262°W,BIRTH LOCATION
Vince Whaley,"Atlanta, Georgia",33.7490° N,84.3880° W,301.72143,Vince WhaleyNot Likely,Not Likely,"Detroit, MI",42.4263°N,83.1262°W,BIRTH LOCATION
Johannes Veerman,"Orange, California",,,,Johannes VeermanNot Likely,Not Likely,"Detroit, MI",42.4263°N,83.1262°W,BIRTH LOCATION
Emiliano Grillo,"Resistencia, Argentina",27.4519° S,58.9868° W,2533.587489,Emiliano GrilloNot Likely,Not Likely,"Detroit, MI",42.4263°N,83.1262°W,BIRTH LOCATION
Matt Kuchar,"Winter Park, Florida",28.6000° N,81.3392° W,480.2614817,Matt KucharNot Likely,Not Likely,"Detroit, MI",42.4263°N,83.1262°W,BIRTH LOCATION
Antoine Rozner,"Paris, France",48.8566° N,2.3522° E,1965.174277,Antoine RoznerNot Likely,Not Likely,"Detroit, MI",42.4263°N,83.1262°W,BIRTH LOCATION
John Catlin,"Sacramento, California",38.5816° N,121.4944° W,1007.912474,John CatlinNot Likely,Not Likely,"Detroit, MI",42.4263°N,83.1262°W,BIRTH LOCATION
Dean Burmester,"Bloemfontein, South Africa",29.0852° S,26.1596° E,4240.714069,Dean BurmesterNot Likely,Not Likely,"Detroit, MI",42.4263°N,83.1262°W,BIRTH LOCATION
Brendon Todd,"Pittsburgh, Pennsylvania",40.4406° N,79.9959° W,106.1912053,Brendon ToddNot Likely,Not Likely,"Detroit, MI",42.4263°N,83.1262°W,BIRTH LOCATION
Rico Hoey,"Rancho Cucamonga, California",34.1064° N,117.5931° W,970.5301515,Rico HoeyNot Likely,Not Likely,"Detroit, MI",42.4263°N,83.1262°W,BIRTH LOCATION
Joseph Dean,"Wolverhampton, England",52.5862° N,2.1280° W,1820.558824,Joseph DeanNot Likely,Not Likely,"Detroit, MI",42.4263°N,83.1262°W,BIRTH LOCATION
Keita Nakajima,"Tokyo, Japan",35.6762° N,139.6503° E,3201.644467,Keita NakajimaNot Likely,Not Likely,"Detroit, MI",42.4263°N,83.1262°W,BIRTH LOCATION
Alex Smalley,"Greensboro, North Carolina",36.0726° N,79.7920° W,236.8802801,Alex SmalleyNot Likely,Not Likely,"Detroit, MI",42.4263°N,83.1262°W,BIRTH LOCATION
Daniel Hillier,"Wellington, New Zealand",41.2865° S,174.7762° E,4289.08113,Daniel HillierNot Likely,Not Likely,"Detroit, MI",42.4263°N,83.1262°W,BIRTH LOCATION
Guido Migliozzi,"Vicenza, Italy",45.5455° N,11.5354° E,2208.413242,Guido MigliozziNot Likely,Not Likely,"Detroit, MI",42.4263°N,83.1262°W,BIRTH LOCATION
Luke List,"Seattle, Washington",47.6062° N,122.3321° W,963.3814057,Luke ListNot Likely,Not Likely,"Detroit, MI",42.4263°N,83.1262°W,BIRTH LOCATION
Ben Kohles,"Dallas, Texas",32.7767° N,96.7970° W,499.9730235,Ben KohlesNot Likely,Not Likely,"Detroit, MI",42.4263°N,83.1262°W,BIRTH LOCATION
Davis Riley,"Hattiesburg, Mississippi",31.3271° N,89.2903° W,419.2766544,Davis RileyNot Likely,Not Likely,"Detroit, MI",42.4263°N,83.1262°W,BIRTH LOCATION
Frankie Capan III,"North Oaks, Minnesota",45.1027° N,93.0791° W,264.7556843,Frankie Capan IIINot Likely,Not Likely,"Detroit, MI",42.4263°N,83.1262°W,BIRTH LOCATION
Peter Uihlein,"New Bedford, Massachusetts",41.6362° N,70.9342° W,313.7728321,Peter UihleinNot Likely,Not Likely,"Detroit, MI",42.4263°N,83.1262°W,BIRTH LOCATION
Adam Svensson,"Surrey, British Columbia",49.1833° N,122.8490° W,972.687119,Adam SvenssonNot Likely,Not Likely,"Detroit, MI",42.4263°N,83.1262°W,BIRTH LOCATION
Andrew Putnam,"Tacoma, Washington",47.2529° N,122.4443° W,966.9208946,Andrew PutnamNot Likely,Not Likely,"Detroit, MI",42.4263°N,83.1262°W,BIRTH LOCATION
Peter Malnati,"New Castle, Indiana",39.9289° N,85.3702° W,104.1470015,Peter MalnatiNot Likely,Not Likely,"Detroit, MI",42.4263°N,83.1262°W,BIRTH LOCATION
Jang Yu Bin,"Seoul, South Korea",37.5665° N,126.9780° E,3297.267117,Jang Yu BinNot Likely,Not Likely,"Detroit, MI",42.4263°N,83.1262°W,BIRTH LOCATION
Ben Campbell,"Hastings, New Zealand",,,,Ben CampbellNot Likely,Not Likely,"Detroit, MI",42.4263°N,83.1262°W,BIRTH LOCATION
Hayden Springer,"Nashville, Tennessee",36.1627° N,86.7816° W,237.3720848,Hayden SpringerNot Likely,Not Likely,"Detroit, MI",42.4263°N,83.1262°W,BIRTH LOCATION
Ewen Ferguson,"Glasgow, Scotland",55.8642° N,4.2518° W,1738.831347,Ewen FergusonNot Likely,Not Likely,"Detroit, MI",42.4263°N,83.1262°W,BIRTH LOCATION
Carson Young,"Greenville, South Carolina",34.8526° N,82.3940° W,262.3907378,Carson YoungNot Likely,Not Likely,"Detroit, MI",42.4263°N,83.1262°W,BIRTH LOCATION
Haotong Li,"Shanghai, China",31.2304° N,121.4737° E,3556.625352,Haotong LiNot Likely,Not Likely,"Detroit, MI",42.4263°N,83.1262°W,BIRTH LOCATION
Mac Meissner,"San Antonio, Texas",29.4241° N,98.4936° W,619.8079488,Mac MeissnerNot Likely,Not Likely,"Detroit, MI",42.4263°N,83.1262°W,BIRTH LOCATION
Takumi Kanaya,"Tokyo, Japan",35.6762° N,139.6503° E,3201.644467,Takumi KanayaNot Likely,Not Likely,"Detroit, MI",42.4263°N,83.1262°W,BIRTH LOCATION
Brooks Koepka,"West Palm Beach, Florida",26.7153° N,80.0534° W,549.6557651,Brooks KoepkaNot Likely,Not Likely,"Detroit, MI",42.4263°N,83.1262°W,BIRTH LOCATION
K.H. Lee,"Seoul, South Korea",37.5665° N,126.9780° E,3297.267117,K.H. LeeNot Likely,Not Likely,"Detroit, MI",42.4263°N,83.1262°W,BIRTH LOCATION
Alejandro Del Rey,"Madrid, Spain",40.4168° N,3.7038° W,1978.791002,Alejandro Del ReyNot Likely,Not Likely,"Detroit, MI",42.4263°N,83.1262°W,BIRTH LOCATION
Chandler Phillips,"Huntsville, Texas",30.7235° N,95.5508° W,530.1090873,Chandler PhillipsNot Likely,Not Likely,"Detroit, MI",42.4263°N,83.1262°W,BIRTH LOCATION
Ben Silverman,"Palm Beach Gardens, Florida",26.8234° N,80.1387° W,545.5836831,Ben SilvermanNot Likely,Not Likely,"Detroit, MI",42.4263°N,83.1262°W,BIRTH LOCATION
Johnny Keefer,"Waco, Texas",31.5493° N,97.1467° W,537.9593312,Johnny KeeferNot Likely,Not Likely,"Detroit, MI",42.4263°N,83.1262°W,BIRTH LOCATION
Greyson Sigg,"Augusta, Georgia",33.4735° N,82.0105° W,310.7740371,Greyson SiggNot Likely,Not Likely,"Detroit, MI",42.4263°N,83.1262°W,BIRTH LOCATION
Daniel van Tonder,"Boksburg, South Africa",,,,Daniel van TonderNot Likely,Not Likely,"Detroit, MI",42.4263°N,83.1262°W,BIRTH LOCATION
David Lipsky,"La Cañada Flintridge, California",34.1992° N,118.1879° W,984.1578694,David LipskyNot Likely,Not Likely,"Detroit, MI",42.4263°N,83.1262°W,BIRTH LOCATION
Chan Kim,"Suwon, South Korea",,,,Chan KimNot Likely,Not Likely,"Detroit, MI",42.4263°N,83.1262°W,BIRTH LOCATION
Pierceson Coody,"Plano, Texas",33.0198° N,96.6989° W,491.9894817,Pierceson CoodyNot Likely,Not Likely,"Detroit, MI",42.4263°N,83.1262°W,BIRTH LOCATION
S.H. Kim,"Seoul, South Korea",37.5665° N,126.9780° E,3297.267117,S.H. KimNot Likely,Not Likely,"Detroit, MI",42.4263°N,83.1262°W,BIRTH LOCATION
Rikuya Hoshino,"Ibaraki, Japan",36.3418° N,140.4468° E,3170.553065,Rikuya HoshinoNot Likely,Not Likely,"Detroit, MI",42.4263°N,83.1262°W,BIRTH LOCATION
Sami Valimaki,"Nokia, Finland",61.4800° N,23.5010° E,2091.228169,Sami ValimakiNot Likely,Not Likely,"Detroit, MI",42.4263°N,83.1262°W,BIRTH LOCATION
Joe Highsmith,"Tacoma, Washington",47.2529° N,122.4443° W,966.9208946,Joe HighsmithNot Likely,Not Likely,"Detroit, MI",42.4263°N,83.1262°W,BIRTH LOCATION
Steven Fisk,"Columbus, Georgia",32.4609° N,84.9877° W,348.0145081,Steven FiskNot Likely,Not Likely,"Detroit, MI",42.4263°N,83.1262°W,BIRTH LOCATION
Adrian Meronk,"Warsaw, Poland",52.2297° N,21.0122° E,2245.051366,Adrian MeronkNot Likely,Not Likely,"Detroit, MI",42.4263°N,83.1262°W,BIRTH LOCATION
Harry Higgs,"Overland Park, Kansas",38.9822° N,94.6708° W,324.5788823,Harry HiggsNot Likely,Not Likely,"Detroit, MI",42.4263°N,83.1262°W,BIRTH LOCATION
Gary Woodland,"Topeka, Kansas",39.0473° N,95.6752° W,348.2091567,Gary WoodlandNot Likely,Not Likely,"Detroit, MI",42.4263°N,83.1262°W,BIRTH LOCATION
Frederic LaCroix,"Quebec City, Quebec",46.8139° N,71.2080° W,329.464461,Frederic LaCroixNot Likely,Not Likely,"Detroit, MI",42.4263°N,83.1262°W,BIRTH LOCATION
Tim Widing,"Stockholm, Sweden",59.3293° N,18.0686° E,2056.403992,Tim WidingNot Likely,Not Likely,"Detroit, MI",42.4263°N,83.1262°W,BIRTH LOCATION
Dan Bradbury,"Lincoln, England",53.2307° N,0.5403° W,1841.816991,Dan BradburyNot Likely,Not Likely,"Detroit, MI",42.4263°N,83.1262°W,BIRTH LOCATION
Angel Ayora,"Madrid, Spain",40.4168° N,3.7038° W,1978.791002,Angel AyoraNot Likely,Not Likely,"Detroit, MI",42.4263°N,83.1262°W,BIRTH LOCATION
Isaiah Salinda,"South San Francisco, California",37.6547° N,122.4077° W,1042.485295,Isaiah SalindaNot Likely,Not Likely,"Detroit, MI",42.4263°N,83.1262°W,BIRTH LOCATION
Rafael Campos,"San Juan, Puerto Rico",18.4655° N,66.1057° W,966.4325132,Rafael CamposNot Likely,Not Likely,"Detroit, MI",42.4263°N,83.1262°W,BIRTH LOCATION
Zac Blair,"Ogden, Utah",41.2230° N,111.9738° W,740.2438208,Zac BlairNot Likely,Not Likely,"Detroit, MI",42.4263°N,83.1262°W,BIRTH LOCATION
Joel Dahmen,"Clarkston, Washington",46.4163° N,117.0452° W,841.5393003,Joel DahmenNot Likely,Not Likely,"Detroit, MI",42.4263°N,83.1262°W,BIRTH LOCATION
David Ravetto,"Paris, France",48.8566° N,2.3522° E,1965.174277,David RavettoNot Likely,Not Likely,"Detroit, MI",42.4263°N,83.1262°W,BIRTH LOCATION
Sam Bairstow,"Newcastle upon Tyne, England",54.9783° N,1.6178° W,1798.008045,Sam BairstowNot Likely,Not Likely,"Detroit, MI",42.4263°N,83.1262°W,BIRTH LOCATION
Alex Fitzpatrick,"Sheffield, England",53.3811° N,1.4701° W,1822.156769,Alex FitzpatrickNot Likely,Not Likely,"Detroit, MI",42.4263°N,83.1262°W,BIRTH LOCATION
Angel Hidalgo Jordan,"Malaga, Spain",36.7202° N,4.4213° W,2028.513149,Angel Hidalgo JordanNot Likely,Not Likely,"Detroit, MI",42.4263°N,83.1262°W,BIRTH LOCATION
William Mouw,"Chino, California",34.0122° N,117.6889° W,974.4665874,William MouwNot Likely,Not Likely,"Detroit, MI",42.4263°N,83.1262°W,BIRTH LOCATION
Brice Garnett,"Gallatin, Missouri",39.9145° N,93.9622° W,294.6079957,Brice GarnettNot Likely,Not Likely,"Detroit, MI",42.4263°N,83.1262°W,BIRTH LOCATION
Ryan Gerard,"Raleigh, North Carolina",35.7796° N,78.6382° W,259.1376517,Ryan GerardNot Likely,Not Likely,"Detroit, MI",42.4263°N,83.1262°W,BIRTH LOCATION
Alejandro Tosti,"Rosario, Argentina",32.9587° S,60.6930° W,2699.643069,Alejandro TostiNot Likely,Not Likely,"Detroit, MI",42.4263°N,83.1262°W,BIRTH LOCATION
Kris Ventura,"Moss, Norway",,,,Kris VenturaNot Likely,Not Likely,"Detroit, MI",42.4263°N,83.1262°W,BIRTH LOCATION
Yuta Sugiura,"Tokyo, Japan",35.6762° N,139.6503° E,3201.644467,Yuta SugiuraNot Likely,Not Likely,"Detroit, MI",42.4263°N,83.1262°W,BIRTH LOCATION
Nacho Elvira,"Madrid, Spain",40.4168° N,3.7038° W,1978.791002,Nacho ElviraNot Likely,Not Likely,"Detroit, MI",42.4263°N,83.1262°W,BIRTH LOCATION
Sam Ryder,"Winter Park, Florida",28.6000° N,81.3392° W,480.2614817,Sam RyderNot Likely,Not Likely,"Detroit, MI",42.4263°N,83.1262°W,BIRTH LOCATION
Taylor Dickson,"Johannesburg, South Africa",26.2041° S,28.0473° E,4231.577683,Taylor DicksonNot Likely,Not Likely,"Detroit, MI",42.4263°N,83.1262°W,BIRTH LOCATION
Alexander Björk,"Växjö, Sweden",56.8790° N,14.8059° E,2051.349674,Alexander BjörkNot Likely,Not Likely,"Detroit, MI",42.4263°N,83.1262°W,BIRTH LOCATION
David Micheluzzi,"Melbourne, Australia",37.8136° S,144.9631° E,4955.121986,David MicheluzziNot Likely,Not Likely,"Detroit, MI",42.4263°N,83.1262°W,BIRTH LOCATION
Henrik Norlander,"Stockholm, Sweden",59.3293° N,18.0686° E,2056.403992,Henrik NorlanderNot Likely,Not Likely,"Detroit, MI",42.4263°N,83.1262°W,BIRTH LOCATION
Michael Thorbjornsen,"Wellesley, Massachusetts",42.2965° N,71.2924° W,301.8718635,Michael ThorbjornsenNot Likely,Not Likely,"Detroit, MI",42.4263°N,83.1262°W,BIRTH LOCATION
Brandon R-Thompson,"Dallas, Texas",32.7767° N,96.7970° W,499.9730235,Brandon R-ThompsonNot Likely,Not Likely,"Detroit, MI",42.4263°N,83.1262°W,BIRTH LOCATION
Connor Syme,"Kirkcaldy, Scotland",56.1099° N,3.1602° W,1755.73353,Connor SymeNot Likely,Not Likely,"Detroit, MI",42.4263°N,83.1262°W,BIRTH LOCATION
Jackson Suber,"Tampa, Florida",27.9506° N,82.4572° W,500.4445314,Jackson SuberNot Likely,Not Likely,"Detroit, MI",42.4263°N,83.1262°W,BIRTH LOCATION
Thomas Rosenmueller,"Hamburg, Germany",53.5488° N,9.9872° E,2029.49057,Thomas RosenmuellerNot Likely,Not Likely,"Detroit, MI",42.4263°N,83.1262°W,BIRTH LOCATION
Kevin Roy,"Syracuse, New York",43.0481° N,76.1474° W,178.3244901,Kevin RoyNot Likely,Not Likely,"Detroit, MI",42.4263°N,83.1262°W,BIRTH LOCATION
Jacob Bridgeman,"Inman, South Carolina",35.0470° N,82.0901° W,256.4512343,Jacob BridgemanNot Likely,Not Likely,"Detroit, MI",42.4263°N,83.1262°W,BIRTH LOCATION
Andy Sullivan,"Nuneaton, England",52.5205° N,1.4654° W,1834.209243,Andy SullivanNot Likely,Not Likely,"Detroit, MI",42.4263°N,83.1262°W,BIRTH LOCATION
Elvis Smylie,"Gold Coast, Australia",28.0167° S,153.4000° E,4579.432783,Elvis SmylieNot Likely,Not Likely,"Detroit, MI",42.4263°N,83.1262°W,BIRTH LOCATION
Adrian Otaegui,"San Sebastián, Spain",43.3128° N,1.9749° W,1967.363415,Adrian OtaeguiNot Likely,Not Likely,"Detroit, MI",42.4263°N,83.1262°W,BIRTH LOCATION
Marcel Siem,"Mettmann, Germany",,,,Marcel SiemNot Likely,Not Likely,"Detroit, MI",42.4263°N,83.1262°W,BIRTH LOCATION
Nicolas Colsaerts,"Brussels, Belgium",50.8503° N,4.3517° E,1971.418189,Nicolas ColsaertsNot Likely,Not Likely,"Detroit, MI",42.4263°N,83.1262°W,BIRTH LOCATION
Yannik Paul,"Innsbruck, Austria",47.2692° N,11.4041° E,2172.006853,Yannik PaulNot Likely,Not Likely,"Detroit, MI",42.4263°N,83.1262°W,BIRTH LOCATION
Marcus Armitage,"Nottingham, England",52.9548° N,1.1581° W,1833.987416,Marcus ArmitageNot Likely,Not Likely,"Detroit, MI",42.4263°N,83.1262°W,BIRTH LOCATION
Chris Gotterup,"Little Silver, New Jersey",40.3368° N,74.0471° W,246.0210236,Chris GotterupNot Likely,Not Likely,"Detroit, MI",42.4263°N,83.1262°W,BIRTH LOCATION
Kevin Streelman,"Wheaton, Illinois",41.8661° N,88.1070° W,129.0200729,Kevin StreelmanNot Likely,Not Likely,"Detroit, MI",42.4263°N,83.1262°W,BIRTH LOCATION
Adrien Saddier,"Lyon, France",45.7640° N,4.8357° E,2068.99161,Adrien SaddierNot Likely,Not Likely,"Detroit, MI",42.4263°N,83.1262°W,BIRTH LOCATION
Jacques Kruyswijk,"Pretoria, South Africa",25.7479° S,28.2293° E,4227.049554,Jacques KruyswijkNot Likely,Not Likely,"Detroit, MI",42.4263°N,83.1262°W,BIRTH LOCATION
Pablo Larrazabal,"Barcelona, Spain",41.3851° N,2.1734° E,2092.424405,Pablo LarrazabalNot Likely,Not Likely,"Detroit, MI",42.4263°N,83.1262°W,BIRTH LOCATION
Adrien Dumont de Chassart,"Villiers-le-Bel, Belgium",,,,Adrien Dumont de ChassartNot Likely,Not Likely,"Detroit, MI",42.4263°N,83.1262°W,BIRTH LOCATION
Alistair Docherty,"Seattle, Washington",47.6062° N,122.3321° W,963.3814057,Alistair DochertyNot Likely,Not Likely,"Detroit, MI",42.4263°N,83.1262°W,BIRTH LOCATION
Nate Lashley,"Scottsbluff, Nebraska",41.8666° N,103.6672° W,525.2151002,Nate LashleyNot Likely,Not Likely,"Detroit, MI",42.4263°N,83.1262°W,BIRTH LOCATION
Ugo Coussaud,"Nantes, France",47.2184° N,1.5536° W,1912.020035,Ugo CoussaudNot Likely,Not Likely,"Detroit, MI",42.4263°N,83.1262°W,BIRTH LOCATION
Wesley Bryan,"Columbia, South Carolina",34.0007° N,81.0348° W,296.5354676,Wesley BryanNot Likely,Not Likely,"Detroit, MI",42.4263°N,83.1262°W,BIRTH LOCATION
Bernd Wiesberger,"Vienna, Austria",48.2082° N,16.3738° E,2247.337976,Bernd WiesbergerNot Likely,Not Likely,"Detroit, MI",42.4263°N,83.1262°W,BIRTH LOCATION
Ryo Ishikawa,"Saitama, Japan",35.8617° N,139.6455° E,3196.168743,Ryo IshikawaNot Likely,Not Likely,"Detroit, MI",42.4263°N,83.1262°W,BIRTH LOCATION
Robin Williams,"Johannesburg, South Africa",26.2041° S,28.0473° E,4231.577683,Robin WilliamsNot Likely,Not Likely,"Detroit, MI",42.4263°N,83.1262°W,BIRTH LOCATION
Jayden Schaper,"Johannesburg, South Africa",26.2041° S,28.0473° E,4231.577683,Jayden SchaperNot Likely,Not Likely,"Detroit, MI",42.4263°N,83.1262°W,BIRTH LOCATION
Paul Peterson,"Tucson, Arizona",32.2226° N,110.9747° W,837.27907,Paul PetersonNot Likely,Not Likely,"Detroit, MI",42.4263°N,83.1262°W,BIRTH LOCATION
Grant Forrest,"North Berwick, Scotland",56.0583° N,2.7209° W,1764.289542,Grant ForrestNot Likely,Not Likely,"Detroit, MI",42.4263°N,83.1262°W,BIRTH LOCATION
Shugo Imahira,"Tokyo, Japan",35.6762° N,139.6503° E,3201.644467,Shugo ImahiraNot Likely,Not Likely,"Detroit, MI",42.4263°N,83.1262°W,BIRTH LOCATION
Dylan Wu,"Medford, Oregon",42.3265° N,122.8756° W,1004.989528,Dylan WuNot Likely,Not Likely,"Detroit, MI",42.4263°N,83.1262°W,BIRTH LOCATION
Neal Shipley,"Pittsburgh, Pennsylvania",40.4406° N,79.9959° W,106.1912053,Neal ShipleyNot Likely,Not Likely,"Detroit, MI",42.4263°N,83.1262°W,BIRTH LOCATION
Richard Lee,"Toronto, Ontario",43.6532° N,79.3832° W,103.5661663,Richard LeeNot Likely,Not Likely,"Detroit, MI",42.4263°N,83.1262°W,BIRTH LOCATION
Joost Luiten,"Bleiswijk, Netherlands",52.0105° N,4.5396° E,1956.016097,Joost LuitenNot Likely,Not Likely,"Detroit, MI",42.4263°N,83.1262°W,BIRTH LOCATION
Louis Oosthuizen,"Mossel Bay, South Africa",34.1832° S,22.1460° E,4238.083275,Louis OosthuizenNot Likely,Not Likely,"Detroit, MI",42.4263°N,83.1262°W,BIRTH LOCATION
Jeff Winther,"Copenhagen, Denmark",55.6761° N,12.5683° E,2036.371671,Jeff WintherNot Likely,Not Likely,"Detroit, MI",42.4263°N,83.1262°W,BIRTH LOCATION
John Pak,"Scotch Plains, New Jersey",40.6554° N,74.3899° W,233.9178679,John PakNot Likely,Not Likely,"Detroit, MI",42.4263°N,83.1262°W,BIRTH LOCATION
Hank Lebioda,"Winter Park, Florida",28.6000° N,81.3392° W,480.2614817,Hank LebiodaNot Likely,Not Likely,"Detroit, MI",42.4263°N,83.1262°W,BIRTH LOCATION
Francesco Laporta,"Taranto, Italy",40.4643° N,17.2470° E,2429.47671,Francesco LaportaNot Likely,Not Likely,"Detroit, MI",42.4263°N,83.1262°W,BIRTH LOCATION
Vincent Norrman,"Halmstad, Sweden",,,,Vincent NorrmanNot Likely,Not Likely,"Detroit, MI",42.4263°N,83.1262°W,BIRTH LOCATION
MK Kim,"Seoul, South Korea",37.5665° N,126.9780° E,3297.267117,MK KimNot Likely,Not Likely,"Detroit, MI",42.4263°N,83.1262°W,BIRTH LOCATION
Takahiro Hataji,"Tokyo, Japan",35.6762° N,139.6503° E,3201.644467,Takahiro HatajiNot Likely,Not Likely,"Detroit, MI",42.4263°N,83.1262°W,BIRTH LOCATION
Hamish Brown,"Auckland, New Zealand",36.8485° S,174.7633° E,4211.444978,Hamish BrownNot Likely,Not Likely,"Detroit, MI",42.4263°N,83.1262°W,BIRTH LOCATION
Suteepat Prateeptienchai,"Bangkok, Thailand",13.7563° N,100.5018° E,4274.104236,Suteepat PrateeptienchaiNot Likely,Not Likely,"Detroit, MI",42.4263°N,83.1262°W,BIRTH LOCATION
Ricky Castillo,"Yorba Linda, California",33.8886° N,117.8131° W,979.6036337,Ricky CastilloNot Likely,Not Likely,"Detroit, MI",42.4263°N,83.1262°W,BIRTH LOCATION
Joakim Lagergren,"Stockholm, Sweden",59.3293° N,18.0686° E,2056.403992,Joakim LagergrenNot Likely,Not Likely,"Detroit, MI",42.4263°N,83.1262°W,BIRTH LOCATION
Camilo Villegas,"Medellín, Colombia",6.2442° N,75.5812° W,1271.131429,Camilo VillegasNot Likely,Not Likely,"Detroit, MI",42.4263°N,83.1262°W,BIRTH LOCATION
Lanto Griffin,"Blacksburg, Virginia",37.2286° N,80.4227° W,193.3318285,Lanto GriffinNot Likely,Not Likely,"Detroit, MI",42.4263°N,83.1262°W,BIRTH LOCATION
Taylor Montgomery,"Las Vegas, Nevada",36.1699° N,115.1398° W,877.0873629,Taylor MontgomeryNot Likely,Not Likely,"Detroit, MI",42.4263°N,83.1262°W,BIRTH LOCATION
Richard Mansell,"Stafford, England",52.8052° N,2.1164° W,1817.764297,Richard MansellNot Likely,Not Likely,"Detroit, MI",42.4263°N,83.1262°W,BIRTH LOCATION
Cristobal Del Solar,"Santiago, Chile",33.4489° S,70.6693° W,2650.803806,Cristobal Del SolarNot Likely,Not Likely,"Detroit, MI",42.4263°N,83.1262°W,BIRTH LOCATION
Bud Cauley,"Daytona Beach, Florida",29.2108° N,81.0228° W,460.2999936,Bud CauleyNot Likely,Not Likely,"Detroit, MI",42.4263°N,83.1262°W,BIRTH LOCATION
David Skinns,"Lincoln, England",53.2307° N,0.5403° W,1841.816991,David SkinnsNot Likely,Not Likely,"Detroit, MI",42.4263°N,83.1262°W,BIRTH LOCATION
Kyle Westmoreland,"Winter Haven, Florida",28.0225° N,81.7329° W,499.1394545,Kyle WestmorelandNot Likely,Not Likely,"Detroit, MI",42.4263°N,83.1262°W,BIRTH LOCATION
Frederik Kjettrup,"Aabenraa, Denmark",55.0409° N,9.4180° E,1993.873486,Frederik KjettrupNot Likely,Not Likely,"Detroit, MI",42.4263°N,83.1262°W,BIRTH LOCATION
Shubhankar Sharma,"Chandigarh, India",30.7333° N,76.7794° E,3611.60743,Shubhankar SharmaNot Likely,Not Likely,"Detroit, MI",42.4263°N,83.1262°W,BIRTH LOCATION
Trace Crowe,"Auburn, Alabama",32.6099° N,85.4808° W,345.1692758,Trace CroweNot Likely,Not Likely,"Detroit, MI",42.4263°N,83.1262°W,BIRTH LOCATION
Quade Cummins,"Weatherford, Oklahoma",35.5262° N,98.7070° W,480.491923,Quade CumminsNot Likely,Not Likely,"Detroit, MI",42.4263°N,83.1262°W,BIRTH LOCATION
Karl Vilips,"Perth, Australia",31.9505° S,115.8605° E,5585.191653,Karl VilipsNot Likely,Not Likely,"Detroit, MI",42.4263°N,83.1262°W,BIRTH LOCATION
Ivan Cantero Gutierrez,"Madrid, Spain",40.4168° N,3.7038° W,1978.791002,Ivan Cantero GutierrezNot Likely,Not Likely,"Detroit, MI",42.4263°N,83.1262°W,BIRTH LOCATION
Robby Shelton,"Mobile, Alabama",30.6954° N,88.0399° W,427.3838879,Robby SheltonNot Likely,Not Likely,"Detroit, MI",42.4263°N,83.1262°W,BIRTH LOCATION
Marcus Kinhult,"Gothenburg, Sweden",57.7089° N,11.9746° E,1991.273364,Marcus KinhultNot Likely,Not Likely,"Detroit, MI",42.4263°N,83.1262°W,BIRTH LOCATION
Austin Smotherman,"Loomis, California",,,,Austin SmothermanNot Likely,Not Likely,"Detroit, MI",42.4263°N,83.1262°W,BIRTH LOCATION
Darius Van Driel,"The Hague, Netherlands",52.0705° N,4.3007° E,1950.559374,Darius Van DrielNot Likely,Not Likely,"Detroit, MI",42.4263°N,83.1262°W,BIRTH LOCATION
Sean Crocker,"Harare, Zimbabwe",17.8252° S,31.0335° E,4132.240756,Sean CrockerNot Likely,Not Likely,"Detroit, MI",42.4263°N,83.1262°W,BIRTH LOCATION
Lucas Herbert,"Bendigo, Australia",36.7570° S,144.2794° E,4957.892396,Lucas HerbertNot Likely,Not Likely,"Detroit, MI",42.4263°N,83.1262°W,BIRTH LOCATION
Zander Lombard,"Pretoria, South Africa",25.7479° S,28.2293° E,4227.049554,Zander LombardNot Likely,Not Likely,"Detroit, MI",42.4263°N,83.1262°W,BIRTH LOCATION
Ollie Schniederjans,"Powder Springs, Georgia",33.8595° N,84.6838° W,298.9521454,Ollie SchniederjansNot Likely,Not Likely,"Detroit, MI",42.4263°N,83.1262°W,BIRTH LOCATION
Yuto Katsuragawa,"Tokyo, Japan",35.6762° N,139.6503° E,3201.644467,Yuto KatsuragawaNot Likely,Not Likely,"Detroit, MI",42.4263°N,83.1262°W,BIRTH LOCATION
Trav Smyth,"Brisbane, Australia",27.4705° S,153.0260° E,4578.55419,Trav SmythNot Likely,Not Likely,"Detroit, MI",42.4263°N,83.1262°W,BIRTH LOCATION
Martin Couvra,"Paris, France",48.8566° N,2.3522° E,1965.174277,Martin CouvraNot Likely,Not Likely,"Detroit, MI",42.4263°N,83.1262°W,BIRTH LOCATION
Danny Walker,"Richmond, Virginia",37.5407° N,77.4360° W,226.10875,Danny WalkerNot Likely,Not Likely,"Detroit, MI",42.4263°N,83.1262°W,BIRTH LOCATION
Brandon Stone,"Pretoria, South Africa",25.7479° S,28.2293° E,4227.049554,Brandon StoneNot Likely,Not Likely,"Detroit, MI",42.4263°N,83.1262°W,BIRTH LOCATION
Braden Thornberry,"Olive Branch, Mississippi",34.9618° N,89.8301° W,314.6831863,Braden ThornberryNot Likely,Not Likely,"Detroit, MI",42.4263°N,83.1262°W,BIRTH LOCATION
Kevin Tway,"Edmond, Oklahoma",35.6528° N,97.4781° W,449.7131585,Kevin TwayNot Likely,Not Likely,"Detroit, MI",42.4263°N,83.1262°W,BIRTH LOCATION
Carl Yuan,"Dalian, China",38.9140° N,121.6147° E,3303.22162,Carl YuanNot Likely,Not Likely,"Detroit, MI",42.4263°N,83.1262°W,BIRTH LOCATION
Calum Hill,"Kirkcaldy, Scotland",56.1099° N,3.1602° W,1755.73353,Calum HillNot Likely,Not Likely,"Detroit, MI",42.4263°N,83.1262°W,BIRTH LOCATION
Martin Laird,"Glasgow, Scotland",55.8642° N,4.2518° W,1738.831347,Martin LairdNot Likely,Not Likely,"Detroit, MI",42.4263°N,83.1262°W,BIRTH LOCATION
Matt NeSmith,"North Augusta, South Carolina",33.5018° N,81.9651° W,309.923532,Matt NeSmithNot Likely,Not Likely,"Detroit, MI",42.4263°N,83.1262°W,BIRTH LOCATION
Ryosuke Kinoshita,"Osaka, Japan",34.6937° N,135.5023° E,3287.868874,Ryosuke KinoshitaNot Likely,Not Likely,"Detroit, MI",42.4263°N,83.1262°W,BIRTH LOCATION
Jason Scrivener,"Perth, Australia",31.9505° S,115.8605° E,5585.191653,Jason ScrivenerNot Likely,Not Likely,"Detroit, MI",42.4263°N,83.1262°W,BIRTH LOCATION
Sudarshan Yellamaraju,"Hyderabad, India",17.3850° N,78.4867° E,4070.760739,Sudarshan YellamarajuNot Likely,Not Likely,"Detroit, MI",42.4263°N,83.1262°W,BIRTH LOCATION
Barend Botha,"Cape Town, South Africa",33.9249° S,18.4241° E,4143.724309,Barend BothaNot Likely,Not Likely,"Detroit, MI",42.4263°N,83.1262°W,BIRTH LOCATION
Taiga Semikawa,"Tokyo, Japan",35.6762° N,139.6503° E,3201.644467,Taiga SemikawaNot Likely,Not Likely,"Detroit, MI",42.4263°N,83.1262°W,BIRTH LOCATION
Justin Suh,"San Jose, California",37.3382° N,121.8863° W,1033.285205,Justin SuhNot Likely,Not Likely,"Detroit, MI",42.4263°N,83.1262°W,BIRTH LOCATION
Miguel Tabuena,"Manila, Philippines",14.5995° N,120.9842° E,4104.620907,Miguel TabuenaNot Likely,Not Likely,"Detroit, MI",42.4263°N,83.1262°W,BIRTH LOCATION
Wilco Nienaber,"Bloemfontein, South Africa",29.0852° S,26.1596° E,4240.714069,Wilco NienaberNot Likely,Not Likely,"Detroit, MI",42.4263°N,83.1262°W,BIRTH LOCATION
Ryan Moore,"Tacoma, Washington",47.2529° N,122.4443° W,966.9208946,Ryan MooreNot Likely,Not Likely,"Detroit, MI",42.4263°N,83.1262°W,BIRTH LOCATION
Zach Bauchou,"Forest, Virginia",,,,Zach BauchouNot Likely,Not Likely,"Detroit, MI",42.4263°N,83.1262°W,BIRTH LOCATION
Scott Jamieson,"Glasgow, Scotland",55.8642° N,4.2518° W,1738.831347,Scott JamiesonNot Likely,Not Likely,"Detroit, MI",42.4263°N,83.1262°W,BIRTH LOCATION
Eugenio Chacarra,"Madrid, Spain",40.4168° N,3.7038° W,1978.791002,Eugenio ChacarraNot Likely,Not Likely,"Detroit, MI",42.4263°N,83.1262°W,BIRTH LOCATION
Jamie Rutherford,"Edinburgh, Scotland",55.9533° N,3.1883° W,1757.109883,Jamie RutherfordNot Likely,Not Likely,"Detroit, MI",42.4263°N,83.1262°W,BIRTH LOCATION
Taisei Shimizu,"Tokyo, Japan",35.6762° N,139.6503° E,3201.644467,Taisei ShimizuNot Likely,Not Likely,"Detroit, MI",42.4263°N,83.1262°W,BIRTH LOCATION
Andrea Pavan,"Rome, Italy",41.9028° N,12.4964° E,2301.700964,Andrea PavanNot Likely,Not Likely,"Detroit, MI",42.4263°N,83.1262°W,BIRTH LOCATION
Ryggs Johnston,"Libby, Montana",48.3886° N,115.5560° W,806.4489798,Ryggs JohnstonNot Likely,Not Likely,"Detroit, MI",42.4263°N,83.1262°W,BIRTH LOCATION
Sam Bennett,"Madisonville, Texas",30.9499° N,95.9116° W,530.4163213,Sam BennettNot Likely,Not Likely,"Detroit, MI",42.4263°N,83.1262°W,BIRTH LOCATION
Chad Ramey,"Fulton, Mississippi",34.2737° N,88.4092° W,315.7648307,Chad RameyNot Likely,Not Likely,"Detroit, MI",42.4263°N,83.1262°W,BIRTH LOCATION
Hiroshi Iwata,"Sendai, Japan",38.2688° N,140.8694° E,3107.390602,Hiroshi IwataNot Likely,Not Likely,"Detroit, MI",42.4263°N,83.1262°W,BIRTH LOCATION
Casey Jarvis,"Johannesburg, South Africa",26.2041° S,28.0473° E,4231.577683,Casey JarvisNot Likely,Not Likely,"Detroit, MI",42.4263°N,83.1262°W,BIRTH LOCATION
Will Chandler,"Atlanta, Georgia",33.7490° N,84.3880° W,301.72143,Will ChandlerNot Likely,Not Likely,"Detroit, MI",42.4263°N,83.1262°W,BIRTH LOCATION
Ryan van Velzen,"Johannesburg, South Africa",26.2041° S,28.0473° E,4231.577683,Ryan van VelzenNot Likely,Not Likely,"Detroit, MI",42.4263°N,83.1262°W,BIRTH LOCATION
Conor Purcell,"Dublin, Ireland",53.3498° N,6.2603° W,1730.977298,Conor PurcellNot Likely,Not Likely,"Detroit, MI",42.4263°N,83.1262°W,BIRTH LOCATION
Todd Clements,"Colchester, England",51.8959° N,0.8919° E,1888.555542,Todd ClementsNot Likely,Not Likely,"Detroit, MI",42.4263°N,83.1262°W,BIRTH LOCATION
Kiradech Aphibarnrat,"Bangkok, Thailand",13.7563° N,100.5018° E,4274.104236,Kiradech AphibarnratNot Likely,Not Likely,"Detroit, MI",42.4263°N,83.1262°W,BIRTH LOCATION
Kazuki Higa,"Okinawa, Japan",26.2124° N,127.6809° E,3652.041107,Kazuki HigaNot Likely,Not Likely,"Detroit, MI",42.4263°N,83.1262°W,BIRTH LOCATION
Aaron Cockerill,"Winnipeg, Manitoba",49.8951° N,97.1384° W,421.9341013,Aaron CockerillNot Likely,Not Likely,"Detroit, MI",42.4263°N,83.1262°W,BIRTH LOCATION
Nick Hardy,"Northbrook, Illinois",42.1275° N,87.8290° W,120.6370561,Nick HardyNot Likely,Not Likely,"Detroit, MI",42.4263°N,83.1262°W,BIRTH LOCATION
Fabrizio Zanotti,"Asunción, Paraguay",25.2637° S,57.5759° W,2476.306056,Fabrizio ZanottiNot Likely,Not Likely,"Detroit, MI",42.4263°N,83.1262°W,BIRTH LOCATION
Oliver Lindell,"Helsinki, Finland",60.1699° N,24.9384° E,2137.597932,Oliver LindellNot Likely,Not Likely,"Detroit, MI",42.4263°N,83.1262°W,BIRTH LOCATION
S.Y. Noh,"Seoul, South Korea",37.5665° N,126.9780° E,3297.267117,S.Y. NohNot Likely,Not Likely,"Detroit, MI",42.4263°N,83.1262°W,BIRTH LOCATION
Caleb Surratt,"Indian Trail, North Carolina",35.0768° N,80.6691° W,262.3575197,Caleb SurrattNot Likely,Not Likely,"Detroit, MI",42.4263°N,83.1262°W,BIRTH LOCATION
Josh Teater,"Danville, Kentucky",,,,Josh TeaterNot Likely,Not Likely,"Detroit, MI",42.4263°N,83.1262°W,BIRTH LOCATION
Joseph Bramlett,"Stanford, California",37.4241° N,122.1661° W,1039.294738,Joseph BramlettNot Likely,Not Likely,"Detroit, MI",42.4263°N,83.1262°W,BIRTH LOCATION
Deon Germishuys,"Pretoria, South Africa",25.7479° S,28.2293° E,4227.049554,Deon GermishuysNot Likely,Not Likely,"Detroit, MI",42.4263°N,83.1262°W,BIRTH LOCATION
Garrick Higgo,"Johannesburg, South Africa",26.2041° S,28.0473° E,4231.577683,Garrick HiggoNot Likely,Not Likely,"Detroit, MI",42.4263°N,83.1262°W,BIRTH LOCATION
Alfredo Garcia-Heredia,"Madrid, Spain",40.4168° N,3.7038° W,1978.791002,Alfredo Garcia-HerediaNot Likely,Not Likely,"Detroit, MI",42.4263°N,83.1262°W,BIRTH LOCATION
Marcel Schneider,"Munich, Germany",48.1351° N,11.5820° E,2158.664447,Marcel SchneiderNot Likely,Not Likely,"Detroit, MI",42.4263°N,83.1262°W,BIRTH LOCATION
Sadom Kaewkanjana,"Bangkok, Thailand",13.7563° N,100.5018° E,4274.104236,Sadom KaewkanjanaNot Likely,Not Likely,"Detroit, MI",42.4263°N,83.1262°W,BIRTH LOCATION
Young-han Song,"Seoul, South Korea",37.5665° N,126.9780° E,3297.267117,Young-han SongNot Likely,Not Likely,"Detroit, MI",42.4263°N,83.1262°W,BIRTH LOCATION
Ren Yonezawa,"Tokyo, Japan",35.6762° N,139.6503° E,3201.644467,Ren YonezawaNot Likely,Not Likely,"Detroit, MI",42.4263°N,83.1262°W,BIRTH LOCATION
Ben Martin,"Greenwood, South Carolina",34.1954° N,82.1618° W,285.5465704,Ben MartinNot Likely,Not Likely,"Detroit, MI",42.4263°N,83.1262°W,BIRTH LOCATION
Mitchell Meissner,"Houston, Texas",29.7604° N,95.3698° W,553.9822431,Mitchell MeissnerNot Likely,Not Likely,"Detroit, MI",42.4263°N,83.1262°W,BIRTH LOCATION
Will Gordon,"Davidson, North Carolina",,,,Will GordonNot Likely,Not Likely,"Detroit, MI",42.4263°N,83.1262°W,BIRTH LOCATION
Chesson Hadley,"Raleigh, North Carolina",35.7796° N,78.6382° W,259.1376517,Chesson HadleyNot Likely,Not Likely,"Detroit, MI",42.4263°N,83.1262°W,BIRTH LOCATION
Joel Moscatel Nachsh,"Barcelona, Spain",41.3851° N,2.1734° E,2092.424405,Joel Moscatel NachshNot Likely,Not Likely,"Detroit, MI",42.4263°N,83.1262°W,BIRTH LOCATION
Tom Vaillant,"Cannes, France",43.5528° N,7.0174° E,2155.27476,Tom VaillantNot Likely,Not Likely,"Detroit, MI",42.4263°N,83.1262°W,BIRTH LOCATION
Kevin Chappell,"Fresno, California",36.7378° N,119.7871° W,987.7280125,Kevin ChappellNot Likely,Not Likely,"Detroit, MI",42.4263°N,83.1262°W,BIRTH LOCATION
Davis Chatfield,"Atlanta, Georgia",33.7490° N,84.3880° W,301.72143,Davis ChatfieldNot Likely,Not Likely,"Detroit, MI",42.4263°N,83.1262°W,BIRTH LOCATION
Kevin Velo,"Danville, California",37.8216° N,121.9997° W,1030.002191,Kevin VeloNot Likely,Not Likely,"Detroit, MI",42.4263°N,83.1262°W,BIRTH LOCATION
Brandon Wu,"Scarsdale, New York",41.0051° N,73.7846° W,245.7158322,Brandon WuNot Likely,Not Likely,"Detroit, MI",42.4263°N,83.1262°W,BIRTH LOCATION
Hayden Buckley,"Tupelo, Mississippi",34.2576° N,88.7034° W,319.9347244,Hayden BuckleyNot Likely,Not Likely,"Detroit, MI",42.4263°N,83.1262°W,BIRTH LOCATION
Dylan Frittelli,"Johannesburg, South Africa",26.2041° S,28.0473° E,4231.577683,Dylan FrittelliNot Likely,Not Likely,"Detroit, MI",42.4263°N,83.1262°W,BIRTH LOCATION
Jeremy Paul,"Munich, Germany",48.1351° N,11.5820° E,2158.664447,Jeremy PaulNot Likely,Not Likely,"Detroit, MI",42.4263°N,83.1262°W,BIRTH LOCATION
Curtis Luck,"Perth, Australia",31.9505° S,115.8605° E,5585.191653,Curtis LuckNot Likely,Not Likely,"Detroit, MI",42.4263°N,83.1262°W,BIRTH LOCATION
Zach Johnson,"Cedar Rapids, Iowa",41.9779° N,91.6656° W,218.993551,Zach JohnsonNot Likely,Not Likely,"Detroit, MI",42.4263°N,83.1262°W,BIRTH LOCATION
MJ Maguire,"Dublin, Ireland",53.3498° N,6.2603° W,1730.977298,MJ MaguireNot Likely,Not Likely,"Detroit, MI",42.4263°N,83.1262°W,BIRTH LOCATION
Matthew Southgate,"Southend-on-Sea, England",51.5459° N,0.7079° E,1890.297691,Matthew SouthgateNot Likely,Not Likely,"Detroit, MI",42.4263°N,83.1262°W,BIRTH LOCATION
Tyler Duncan,"Columbus, Indiana",39.2014° N,85.9214° W,133.2242806,Tyler DuncanNot Likely,Not Likely,"Detroit, MI",42.4263°N,83.1262°W,BIRTH LOCATION
Trey Winstead,"Baton Rouge, Louisiana",30.4515° N,91.1871° W,469.9173256,Trey WinsteadNot Likely,Not Likely,"Detroit, MI",42.4263°N,83.1262°W,BIRTH LOCATION
Gavin Green,"Kuala Lumpur, Malaysia",3.1390° N,101.6869° E,4637.130041,Gavin GreenNot Likely,Not Likely,"Detroit, MI",42.4263°N,83.1262°W,BIRTH LOCATION
Davis Shore,"Tyler, Texas",32.3513° N,95.3011° W,481.53735,Davis ShoreNot Likely,Not Likely,"Detroit, MI",42.4263°N,83.1262°W,BIRTH LOCATION
Chez Reavie,"Mesa, Arizona",33.4152° N,111.8315° W,836.924655,Chez ReavieNot Likely,Not Likely,"Detroit, MI",42.4263°N,83.1262°W,BIRTH LOCATION
Aaron Baddeley,"Lebanon, New Hampshire",43.6423° N,72.2518° W,277.5866408,Aaron BaddeleyNot Likely,Not Likely,"Detroit, MI",42.4263°N,83.1262°W,BIRTH LOCATION
Webb Simpson,"Raleigh, North Carolina",35.7796° N,78.6382° W,259.1376517,Webb SimpsonNot Likely,Not Likely,"Detroit, MI",42.4263°N,83.1262°W,BIRTH LOCATION
Ricardo Gouveia,"Lisbon, Portugal",38.7223° N,9.1393° W,1882.375721,Ricardo GouveiaNot Likely,Not Likely,"Detroit, MI",42.4263°N,83.1262°W,BIRTH LOCATION
Peter Kuest,"Fresno, California",36.7378° N,119.7871° W,987.7280125,Peter KuestNot Likely,Not Likely,"Detroit, MI",42.4263°N,83.1262°W,BIRTH LOCATION
Jimmy Stanger,"Tampa, Florida",27.9506° N,82.4572° W,500.4445314,Jimmy StangerNot Likely,Not Likely,"Detroit, MI",42.4263°N,83.1262°W,BIRTH LOCATION
Jens Dantorp,"Malmö, Sweden",55.6040° N,13.0038° E,2044.927763,Jens DantorpNot Likely,Not Likely,"Detroit, MI",42.4263°N,83.1262°W,BIRTH LOCATION
Carter Jenkins,"Greensboro, North Carolina",36.0726° N,79.7920° W,236.8802801,Carter JenkinsNot Likely,Not Likely,"Detroit, MI",42.4263°N,83.1262°W,BIRTH LOCATION
Phachara Khongwatmai,"Bangkok, Thailand",13.7563° N,100.5018° E,4274.104236,Phachara KhongwatmaiNot Likely,Not Likely,"Detroit, MI",42.4263°N,83.1262°W,BIRTH LOCATION
Seungtaek Lee,"Seoul, South Korea",37.5665° N,126.9780° E,3297.267117,Seungtaek LeeNot Likely,Not Likely,"Detroit, MI",42.4263°N,83.1262°W,BIRTH LOCATION
Hur In-hoi,"Seoul, South Korea",37.5665° N,126.9780° E,3297.267117,Hur In-hoiNot Likely,Not Likely,"Detroit, MI",42.4263°N,83.1262°W,BIRTH LOCATION
Guntaek Koh,"Seoul, South Korea",37.5665° N,126.9780° E,3297.267117,Guntaek KohNot Likely,Not Likely,"Detroit, MI",42.4263°N,83.1262°W,BIRTH LOCATION
Lee Jung-hwan,"Seoul, South Korea",37.5665° N,126.9780° E,3297.267117,Lee Jung-hwanNot Likely,Not Likely,"Detroit, MI",42.4263°N,83.1262°W,BIRTH LOCATION
Mason Andersen,"Phoenix, Arizona",33.4484° N,112.0740° W,842.3941385,Mason AndersenNot Likely,Not Likely,"Detroit, MI",42.4263°N,83.1262°W,BIRTH LOCATION
Jeong Weon Ko,"Seoul, South Korea",37.5665° N,126.9780° E,3297.267117,Jeong Weon KoNot Likely,Not Likely,"Detroit, MI",42.4263°N,83.1262°W,BIRTH LOCATION
Kazuma Kobori,"Christchurch, New Zealand",43.5321° S,172.6362° E,4373.79829,Kazuma KoboriNot Likely,Not Likely,"Detroit, MI",42.4263°N,83.1262°W,BIRTH LOCATION
Max Kieffer,"Düsseldorf, Germany",51.2277° N,6.7735° E,2011.031088,Max KiefferNot Likely,Not Likely,"Detroit, MI",42.4263°N,83.1262°W,BIRTH LOCATION
Troy Merritt,"Osage, Iowa",43.2841° N,92.8113° W,246.9219822,Troy MerrittNot Likely,Not Likely,"Detroit, MI",42.4263°N,83.1262°W,BIRTH LOCATION
Daniel Summerhays,"Farmington, Utah",40.9783° N,111.8872° W,739.973649,Daniel SummerhaysNot Likely,Not Likely,"Detroit, MI",42.4263°N,83.1262°W,BIRTH LOCATION
Noah Goodwin,"Dallas, Texas",32.7767° N,96.7970° W,499.9730235,Noah GoodwinNot Likely,Not Likely,"Detroit, MI",42.4263°N,83.1262°W,BIRTH LOCATION
Takashi Ogiso,"Tokyo, Japan",35.6762° N,139.6503° E,3201.644467,Takashi OgisoNot Likely,Not Likely,"Detroit, MI",42.4263°N,83.1262°W,BIRTH LOCATION
Emilio Gonzalez,"Santiago, Chile",33.4489° S,70.6693° W,2650.803806,Emilio GonzalezNot Likely,Not Likely,"Detroit, MI",42.4263°N,83.1262°W,BIRTH LOCATION
Kristoffer Reitan,"Oslo, Norway",59.9139° N,10.7522° E,1935.763049,Kristoffer ReitanNot Likely,Not Likely,"Detroit, MI",42.4263°N,83.1262°W,BIRTH LOCATION
Kaito Onishi,"Tokyo, Japan",35.6762° N,139.6503° E,3201.644467,Kaito OnishiNot Likely,Not Likely,"Detroit, MI",42.4263°N,83.1262°W,BIRTH LOCATION
Freddy Schott,"Munich, Germany",48.1351° N,11.5820° E,2158.664447,Freddy SchottNot Likely,Not Likely,"Detroit, MI",42.4263°N,83.1262°W,BIRTH LOCATION
Russell Knox,"Inverness, Scotland",57.4778° N,4.2247° W,1721.013016,Russell KnoxNot Likely,Not Likely,"Detroit, MI",42.4263°N,83.1262°W,BIRTH LOCATION
Roger Sloan,"Calgary, Alberta",51.0447° N,114.0719° W,783.6514693,Roger SloanNot Likely,Not Likely,"Detroit, MI",42.4263°N,83.1262°W,BIRTH LOCATION
Gaganjeet Bhullar,"Kapurthala, India",31.3803° N,75.3811° E,3578.908202,Gaganjeet BhullarNot Likely,Not Likely,"Detroit, MI",42.4263°N,83.1262°W,BIRTH LOCATION
Yuta Kaneko,"Tokyo, Japan",35.6762° N,139.6503° E,3201.644467,Yuta KanekoNot Likely,Not Likely,"Detroit, MI",42.4263°N,83.1262°W,BIRTH LOCATION
Wooyoung Cho,"Seoul, South Korea",37.5665° N,126.9780° E,3297.267117,Wooyoung ChoNot Likely,Not Likely,"Detroit, MI",42.4263°N,83.1262°W,BIRTH LOCATION
Padraig Harrington,"Dublin, Ireland",53.3498° N,6.2603° W,1730.977298,Padraig HarringtonNot Likely,Not Likely,"Detroit, MI",42.4263°N,83.1262°W,BIRTH LOCATION
Jonathan Broomhead,"Johannesburg, South Africa",26.2041° S,28.0473° E,4231.577683,Jonathan BroomheadNot Likely,Not Likely,"Detroit, MI",42.4263°N,83.1262°W,BIRTH LOCATION
Matt Atkins,"Aiken, South Carolina",33.5604° N,81.7196° W,308.6620011,Matt AtkinsNot Likely,Not Likely,"Detroit, MI",42.4263°N,83.1262°W,BIRTH LOCATION
Carlos Ortiz,"Guadalajara, Mexico",20.6597° N,103.3496° W,953.8417688,Carlos OrtizNot Likely,Not Likely,"Detroit, MI",42.4263°N,83.1262°W,BIRTH LOCATION
Stewart Cink,"Huntsville, Alabama",34.7304° N,86.5861° W,281.743645,Stewart CinkNot Likely,Not Likely,"Detroit, MI",42.4263°N,83.1262°W,BIRTH LOCATION
Norman Xiong,"Guam, N/A",,,,Norman XiongNot Likely,Not Likely,"Detroit, MI",42.4263°N,83.1262°W,BIRTH LOCATION
Myles Creighton,"Halifax, Nova Scotia",44.6488° N,63.5752° W,494.3856052,Myles CreightonNot Likely,Not Likely,"Detroit, MI",42.4263°N,83.1262°W,BIRTH LOCATION
Kieran Vincent,"Harare, Zimbabwe",17.8252° S,31.0335° E,4132.240756,Kieran VincentNot Likely,Not Likely,"Detroit, MI",42.4263°N,83.1262°W,BIRTH LOCATION
Andrew Wilson,"Auckland, New Zealand",36.8485° S,174.7633° E,4211.444978,Andrew WilsonNot Likely,Not Likely,"Detroit, MI",42.4263°N,83.1262°W,BIRTH LOCATION
Brandon Crick,"Omaha, Nebraska",41.2565° N,95.9345° W,331.7963529,Brandon CrickNot Likely,Not Likely,"Detroit, MI",42.4263°N,83.1262°W,BIRTH LOCATION
Trevor Cone,"Concord, North Carolina",35.4088° N,80.5795° W,251.8778805,Trevor ConeNot Likely,Not Likely,"Detroit, MI",42.4263°N,83.1262°W,BIRTH LOCATION
Eddie Pepperell,"Oxford, England",51.7520° N,1.2577° W,1849.16776,Eddie PepperellNot Likely,Not Likely,"Detroit, MI",42.4263°N,83.1262°W,BIRTH LOCATION
Parker Coody,"Plano, Texas",33.0198° N,96.6989° W,491.9894817,Parker CoodyNot Likely,Not Likely,"Detroit, MI",42.4263°N,83.1262°W,BIRTH LOCATION
Doc Redman,"Raleigh, North Carolina",35.7796° N,78.6382° W,259.1376517,Doc RedmanNot Likely,Not Likely,"Detroit, MI",42.4263°N,83.1262°W,BIRTH LOCATION
Yuki Inamori,"Tokyo, Japan",35.6762° N,139.6503° E,3201.644467,Yuki InamoriNot Likely,Not Likely,"Detroit, MI",42.4263°N,83.1262°W,BIRTH LOCATION
Thanapath Pichaikul,"Bangkok, Thailand",13.7563° N,100.5018° E,4274.104236,Thanapath PichaikulNot Likely,Not Likely,"Detroit, MI",42.4263°N,83.1262°W,BIRTH LOCATION
Seth Reeves,"Atlanta, Georgia",33.7490° N,84.3880° W,301.72143,Seth ReevesNot Likely,Not Likely,"Detroit, MI",42.4263°N,83.1262°W,BIRTH LOCATION
Thomas Pieters,"Geel, Belgium",51.1616° N,4.9902° E,1978.451237,Thomas PietersNot Likely,Not Likely,"Detroit, MI",42.4263°N,83.1262°W,BIRTH LOCATION
Ross Steelman,"Columbia, Missouri",38.9517° N,92.3341° W,269.2191128,Ross SteelmanNot Likely,Not Likely,"Detroit, MI",42.4263°N,83.1262°W,BIRTH LOCATION
Benjamin Hebert,"Brive-la-Gaillarde, France",45.1589° N,1.5321° E,2010.953209,Benjamin HebertNot Likely,Not Likely,"Detroit, MI",42.4263°N,83.1262°W,BIRTH LOCATION
Santiago Tarrio,"A Coruña, Spain",43.3623° N,8.4115° W,1823.858101,Santiago TarrioNot Likely,Not Likely,"Detroit, MI",42.4263°N,83.1262°W,BIRTH LOCATION
Mike Lorenzo-Vera,"Bayonne, France",43.4927° N,1.4752° W,1975.202578,Mike Lorenzo-VeraNot Likely,Not Likely,"Detroit, MI",42.4263°N,83.1262°W,BIRTH LOCATION
Tom Lewis,"Welwyn Garden City, England",51.8031° N,0.2069° W,1868.784338,Tom LewisNot Likely,Not Likely,"Detroit, MI",42.4263°N,83.1262°W,BIRTH LOCATION
Tomoyo Ikemura,"Tokyo, Japan",35.6762° N,139.6503° E,3201.644467,Tomoyo IkemuraNot Likely,Not Likely,"Detroit, MI",42.4263°N,83.1262°W,BIRTH LOCATION
Ryan McCormick,"Trenton, New Jersey",40.2171° N,74.7429° W,230.3869159,Ryan McCormickNot Likely,Not Likely,"Detroit, MI",42.4263°N,83.1262°W,BIRTH LOCATION
Tom Murray,"London, England",51.5074° N,0.1278° W,1874.69495,Tom MurrayNot Likely,Not Likely,"Detroit, MI",42.4263°N,83.1262°W,BIRTH LOCATION
Mikko Korhonen,"Helsinki, Finland",60.1699° N,24.9384° E,2137.597932,Mikko KorhonenNot Likely,Not Likely,"Detroit, MI",42.4263°N,83.1262°W,BIRTH LOCATION
Renato Paratore,"Rome, Italy",41.9028° N,12.4964° E,2301.700964,Renato ParatoreNot Likely,Not Likely,"Detroit, MI",42.4263°N,83.1262°W,BIRTH LOCATION
Scott Vincent,"Harare, Zimbabwe",17.8252° S,31.0335° E,4132.240756,Scott VincentNot Likely,Not Likely,"Detroit, MI",42.4263°N,83.1262°W,BIRTH LOCATION
Daan Huizing,"Zwolle, Netherlands",52.5125° N,6.0940° E,1976.740693,Daan HuizingNot Likely,Not Likely,"Detroit, MI",42.4263°N,83.1262°W,BIRTH LOCATION
Michael Lorenzo-Vera,"Bayonne, France",43.4927° N,1.4752° W,1975.202578,Michael Lorenzo-VeraNot Likely,Not Likely,"Detroit, MI",42.4263°N,83.1262°W,BIRTH LOCATION
Nick Gabrelcik,"Jacksonville, Florida",30.3322° N,81.6557° W,419.7930572,Nick GabrelcikNot Likely,Not Likely,"Detroit, MI",42.4263°N,83.1262°W,BIRTH LOCATION
James Morrison,"Chertsey, England",,,,James MorrisonNot Likely,Not Likely,"Detroit, MI",42.4263°N,83.1262°W,BIRTH LOCATION
Sung Kang,"Jeju Island, South Korea",33.4996° N,126.5312° E,3432.402989,Sung KangNot Likely,Not Likely,"Detroit, MI",42.4263°N,83.1262°W,BIRTH LOCATION
Jack Singh Brar,"Slough, England",51.5103° N,0.5952° W,1865.570772,Jack Singh BrarNot Likely,Not Likely,"Detroit, MI",42.4263°N,83.1262°W,BIRTH LOCATION
Merrick Bremner,"Johannesburg, South Africa",26.2041° S,28.0473° E,4231.577683,Merrick BremnerNot Likely,Not Likely,"Detroit, MI",42.4263°N,83.1262°W,BIRTH LOCATION
Ryan Palmer,"Amarillo, Texas",35.2220° N,101.8313° W,559.9335592,Ryan PalmerNot Likely,Not Likely,"Detroit, MI",42.4263°N,83.1262°W,BIRTH LOCATION
D.J. Trahan,"Spartanburg, South Carolina",34.9496° N,81.9320° W,260.2892927,D.J. TrahanNot Likely,Not Likely,"Detroit, MI",42.4263°N,83.1262°W,BIRTH LOCATION
Jack Senior,"Bristol, England",51.4545° N,2.5879° W,1827.412274,Jack SeniorNot Likely,Not Likely,"Detroit, MI",42.4263°N,83.1262°W,BIRTH LOCATION
Jonas Blixt,"Nässjö, Sweden",,,,Jonas BlixtNot Likely,Not Likely,"Detroit, MI",42.4263°N,83.1262°W,BIRTH LOCATION
Espen Kofstad,"Oslo, Norway",59.9139° N,10.7522° E,1935.763049,Espen KofstadNot Likely,Not Likely,"Detroit, MI",42.4263°N,83.1262°W,BIRTH LOCATION
Michael Hendry,"Auckland, New Zealand",36.8485° S,174.7633° E,4211.444978,Michael HendryNot Likely,Not Likely,"Detroit, MI",42.4263°N,83.1262°W,BIRTH LOCATION
Matthew Baldwin,"Southport, England",53.6458° N,3.0100° W,1789.45513,Matthew BaldwinNot Likely,Not Likely,"Detroit, MI",42.4263°N,83.1262°W,BIRTH LOCATION
Evan Harmeling,"Andover, Massachusetts",42.6584° N,71.1370° W,305.016672,Evan HarmelingNot Likely,Not Likely,"Detroit, MI",42.4263°N,83.1262°W,BIRTH LOCATION
Ross Fisher,"Ascot, England",51.4048° N,0.6760° W,1865.551318,Ross FisherNot Likely,Not Likely,"Detroit, MI",42.4263°N,83.1262°W,BIRTH LOCATION
Søren Kjeldsen,"Aarhus, Denmark",56.1581° N,10.2114° E,1988.543934,Søren KjeldsenNot Likely,Not Likely,"Detroit, MI",42.4263°N,83.1262°W,BIRTH LOCATION
Andy Ogletree,"Canton, Georgia",34.2368° N,84.4955° W,285.3343143,Andy OgletreeNot Likely,Not Likely,"Detroit, MI",42.4263°N,83.1262°W,BIRTH LOCATION
Matt Sharpstene,"Asheville, North Carolina",35.5951° N,82.5515° W,236.499722,Matt SharpsteneNot Likely,Not Likely,"Detroit, MI",42.4263°N,83.1262°W,BIRTH LOCATION
Chase Hanna,"Overland Park, Kansas",38.9822° N,94.6708° W,324.5788823,Chase HannaNot Likely,Not Likely,"Detroit, MI",42.4263°N,83.1262°W,BIRTH LOCATION
Richy Werenski,"South Hadley, Massachusetts",,,,Richy WerenskiNot Likely,Not Likely,"Detroit, MI",42.4263°N,83.1262°W,BIRTH LOCATION
Chase Seiffert,"Panama City, Florida",30.1588° N,85.6602° W,429.5810456,Chase SeiffertNot Likely,Not Likely,"Detroit, MI",42.4263°N,83.1262°W,BIRTH LOCATION
Simon Forsström,"Stockholm, Sweden",59.3293° N,18.0686° E,2056.403992,Simon ForsströmNot Likely,Not Likely,"Detroit, MI",42.4263°N,83.1262°W,BIRTH LOCATION
Robert Streb,"Chickasha, Oklahoma",,,,Robert StrebNot Likely,Not Likely,"Detroit, MI",42.4263°N,83.1262°W,BIRTH LOCATION
Chris Baker,"Brownstown, Indiana",38.8789° N,86.0419° W,144.4042014,Chris BakerNot Likely,Not Likely,"Detroit, MI",42.4263°N,83.1262°W,BIRTH LOCATION
Matt Every,"Daytona Beach, Florida",29.2108° N,81.0228° W,460.2999936,Matt EveryNot Likely,Not Likely,"Detroit, MI",42.4263°N,83.1262°W,BIRTH LOCATION
Gordon Sargent,"Birmingham, Alabama",33.5207° N,86.8025° W,323.4518885,Gordon SargentNot Likely,Not Likely,"Detroit, MI",42.4263°N,83.1262°W,BIRTH LOCATION
Clement Sordet,"Lyon, France",45.7640° N,4.8357° E,2068.99161,Clement SordetNot Likely,Not Likely,"Detroit, MI",42.4263°N,83.1262°W,BIRTH LOCATION
Kevin Dougherty,"Tulsa, Oklahoma",36.1540° N,95.9928° W,405.8942492,Kevin DoughertyNot Likely,Not Likely,"Detroit, MI",42.4263°N,83.1262°W,BIRTH LOCATION
Scott Gutschewski,"Omaha, Nebraska",41.2565° N,95.9345° W,331.7963529,Scott GutschewskiNot Likely,Not Likely,"Detroit, MI",42.4263°N,83.1262°W,BIRTH LOCATION
Scott Hend,"Brisbane, Australia",27.4705° S,153.0260° E,4578.55419,Scott HendNot Likely,Not Likely,"Detroit, MI",42.4263°N,83.1262°W,BIRTH LOCATION
Grayson Murray,"Raleigh, North Carolina",35.7796° N,78.6382° W,259.1376517,Grayson MurrayNot Likely,Not Likely,"Detroit, MI",42.4263°N,83.1262°W,BIRTH LOCATION
Tapio Pulkkanen,"Helsinki, Finland",60.1699° N,24.9384° E,2137.597932,Tapio PulkkanenNot Likely,Not Likely,"Detroit, MI",42.4263°N,83.1262°W,BIRTH LOCATION
Pep Angles,"Barcelona, Spain",41.3851° N,2.1734° E,2092.424405,Pep AnglesNot Likely,Not Likely,"Detroit, MI",42.4263°N,83.1262°W,BIRTH LOCATION
Sangmoon Bae,"Daegu, South Korea",35.8714° N,128.6014° E,3334.25897,Sangmoon BaeNot Likely,Not Likely,"Detroit, MI",42.4263°N,83.1262°W,BIRTH LOCATION
Scott Gutschewski,"Omaha, Nebraska",41.2565° N,95.9345° W,331.7963529,Scott GutschewskiNot Likely,Not Likely,"Detroit, MI",42.4263°N,83.1262°W,BIRTH LOCATION
Gonzalo Fernandez-Castaño,"Madrid, Spain",40.4168° N,3.7038° W,1978.791002,Gonzalo Fernandez-CastañoNot Likely,Not Likely,"Detroit, MI",42.4263°N,83.1262°W,BIRTH LOCATION
Anders Albertson,"Woodstock, Georgia",34.1015° N,84.5194° W,290.0570488,Anders AlbertsonNot Likely,Not Likely,"Detroit, MI",42.4263°N,83.1262°W,BIRTH LOCATION
Aaron Wise,"Corona, California",,,,Aaron WiseNot Likely,Not Likely,"Detroit, MI",42.4263°N,83.1262°W,BIRTH LOCATION
Dawie van der Walt,"Paarl, South Africa",33.7342° S,18.9752° E,4153.303694,Dawie van der WaltNot Likely,Not Likely,"Detroit, MI",42.4263°N,83.1262°W,BIRTH LOCATION
Jbe Kruger,"Bloemfontein, South Africa",29.0852° S,26.1596° E,4240.714069,Jbe KrugerNot Likely,Not Likely,"Detroit, MI",42.4263°N,83.1262°W,BIRTH LOCATION
Erik Barnes,"Austin, Texas",30.2672° N,97.7431° W,583.0323671,Erik BarnesNot Likely,Not Likely,"Detroit, MI",42.4263°N,83.1262°W,BIRTH LOCATION
Cameron Percy,"Chelsea, Australia",,,,Cameron PercyNot Likely,Not Likely,"Detroit, MI",42.4263°N,83.1262°W,BIRTH LOCATION
Michael Johnson,"Auburn, Alabama",32.6099° N,85.4808° W,345.1692758,Michael JohnsonNot Likely,Not Likely,"Detroit, MI",42.4263°N,83.1262°W,BIRTH LOCATION
Wenyi Ding,"Beijing, China",39.9042° N,116.4074° E,3309.233958,Wenyi DingNot Likely,Not Likely,"Detroit, MI",42.4263°N,83.1262°W,BIRTH LOCATION
Wil Bateman,"Edmonton, Alberta",53.5444° N,113.4909° W,791.7338255,Wil BatemanNot Likely,Not Likely,"Detroit, MI",42.4263°N,83.1262°W,BIRTH LOCATION
Denzel Ieremia,"Auckland, New Zealand",36.8485° S,174.7633° E,4211.444978,Denzel IeremiaNot Likely,Not Likely,"Detroit, MI",42.4263°N,83.1262°W,BIRTH LOCATION
Renato Paratore,"Rome, Italy",41.9028° N,12.4964° E,2301.700964,Renato ParatoreNot Likely,Not Likely,"Detroit, MI",42.4263°N,83.1262°W,BIRTH LOCATION
Alexander Levy,"Orange, California",,,,Alexander LevyNot Likely,Not Likely,"Detroit, MI",42.4263°N,83.1262°W,BIRTH LOCATION
Hunter Stewart,"Lexington, Kentucky",38.0406° N,84.5037° W,155.8011514,Hunter StewartNot Likely,Not Likely,"Detroit, MI",42.4263°N,83.1262°W,BIRTH LOCATION
Chris Baker,"Brownstown, Indiana",38.8789° N,86.0419° W,144.4042014,Chris BakerNot Likely,Not Likely,"Detroit, MI",42.4263°N,83.1262°W,BIRTH LOCATION
David Hearn,"Brampton, Ontario",43.7315° N,79.7624° W,96.10337003,David HearnPossible,Possible,"Detroit, MI",42.4263°N,83.1262°W,BIRTH LOCATION
Jediah Morgan,"Brisbane, Australia",27.4705° S,153.0260° E,4578.55419,Jediah MorganNot Likely,Not Likely,"Detroit, MI",42.4263°N,83.1262°W,BIRTH LOCATION
Matthew Anderson,"Toronto, Ontario",43.6532° N,79.3832° W,103.5661663,Matthew AndersonNot Likely,Not Likely,"Detroit, MI",42.4263°N,83.1262°W,BIRTH LOCATION
Paul Barjon,"Dumfries, Scotland",55.0709° N,3.6051° W,1760.223455,Paul BarjonNot Likely,Not Likely,"Detroit, MI",42.4263°N,83.1262°W,BIRTH LOCATION
Scott Brown,"North Augusta, South Carolina",33.5018° N,81.9651° W,309.923532,Scott BrownNot Likely,Not Likely,"Detroit, MI",42.4263°N,83.1262°W,BIRTH LOCATION
Ross Fisher,"Ascot, England",51.4048° N,0.6760° W,1865.551318,Ross FisherNot Likely,Not Likely,"Detroit, MI",42.4263°N,83.1262°W,BIRTH LOCATION
James Morrison,"Chertsey, England",,,,James MorrisonNot Likely,Not Likely,"Detroit, MI",42.4263°N,83.1262°W,BIRTH LOCATION
Chris Kirkpatrick,"Toronto, Ontario",43.6532° N,79.3832° W,103.5661663,Chris KirkpatrickNot Likely,Not Likely,"Detroit, MI",42.4263°N,83.1262°W,BIRTH LOCATION
Jack Senior,"Morecambe, England",54.0679° N,2.8625° W,1786.736339,Jack SeniorNot Likely,Not Likely,"Detroit, MI",42.4263°N,83.1262°W,BIRTH LOCATION
Christo Lamprecht,"George, South Africa",33.9881° S,22.4530° E,4241.91802,Christo LamprechtNot Likely,Not Likely,"Detroit, MI",42.4263°N,83.1262°W,BIRTH LOCATION
Michael Lorenzo-Vera,"Bayonne, France",43.4927° N,1.4752° W,1975.202578,Michael Lorenzo-VeraNot Likely,Not Likely,"Detroit, MI",42.4263°N,83.1262°W,BIRTH LOCATION
Tom Adrounie,"Jacksonville, Florida",30.3322° N,81.6557° W,419.7930572,Tom AdrounieNot Likely,Not Likely,"Detroit, MI",42.4263°N,83.1262°W,BIRTH LOCATION
Matthew McCarty,"Scottsdale, Arizona",33.4942° N,111.9261° W,837.9126407,Matthew McCartyNot Likely,Not Likely,"Detroit, MI",42.4263°N,83.1262°W,BIRTH LOCATION
Julian Suri,"New York City, New York",,,,Julian SuriNot Likely,Not Likely,"Detroit, MI",42.4263°N,83.1262°W,BIRTH LOCATION
Javier Sainz,"Madrid, Spain",40.4168° N,3.7038° W,1978.791002,Javier SainzNot Likely,Not Likely,"Detroit, MI",42.4263°N,83.1262°W,BIRTH LOCATION
Tjaart van der Walt,"Pretoria, South Africa",25.7479° S,28.2293° E,4227.049554,Tjaart van der WaltNot Likely,Not Likely,"Detroit, MI",42.4263°N,83.1262°W,BIRTH LOCATION
Chase Seiffert,"Tallahassee, Florida",30.4383° N,84.2807° W,415.3793751,Chase SeiffertNot Likely,Not Likely,"Detroit, MI",42.4263°N,83.1262°W,BIRTH LOCATION
Stephen Stallings Jr.,"Louisville, Kentucky",38.2527° N,85.7585° W,159.9593139,Stephen Stallings Jr.Not Likely,Not Likely,"Detroit, MI",42.4263°N,83.1262°W,BIRTH LOCATION
Bryson Nimmer,"Bluffton, South Carolina",32.2385° N,80.8604° W,357.3797807,Bryson NimmerNot Likely,Not Likely,"Detroit, MI",42.4263°N,83.1262°W,BIRTH LOCATION
Chris Stroud,"Houston, Texas",29.7604° N,95.3698° W,553.9822431,Chris StroudNot Likely,Not Likely,"Detroit, MI",42.4263°N,83.1262°W,BIRTH LOCATION
Robert Streb,"Chickasha, Oklahoma",,,,Robert StrebNot Likely,Not Likely,"Detroit, MI",42.4263°N,83.1262°W,BIRTH LOCATION
Michael Gligic,"Burlington, Ontario",,,,Michael GligicNot Likely,Not Likely,"Detroit, MI",42.4263°N,83.1262°W,BIRTH LOCATION
Harrison Endycott,"Sydney, Australia",33.8688° S,151.2093° E,4738.642087,Harrison EndycottNot Likely,Not Likely,"Detroit, MI",42.4263°N,83.1262°W,BIRTH LOCATION
Sean O'Hair,"Lubbock, Texas",33.5779° N,101.8552° W,592.4917628,Sean O'HairNot Likely,Not Likely,"Detroit, MI",42.4263°N,83.1262°W,BIRTH LOCATION
Mike Weir,"Sarnia, Ontario",42.9745° N,82.4066° W,26.31448637,Mike WeirVery Likely,Very Likely,"Detroit, MI",42.4263°N,83.1262°W,BIRTH LOCATION
Tomoharu Otsuki,"Tokyo, Japan",35.6762° N,139.6503° E,3201.644467,Tomoharu OtsukiNot Likely,Not Likely,"Detroit, MI",42.4263°N,83.1262°W,BIRTH LOCATION
Chris Naegel,"St. Louis, Missouri",38.6270° N,90.1994° W,227.3045033,Chris NaegelNot Likely,Not Likely,"Detroit, MI",42.4263°N,83.1262°W,BIRTH LOCATION
Maximilian Kieffer,"Bergisch Gladbach, Germany",50.9854° N,7.1319° E,2021.942883,Maximilian KiefferNot Likely,Not Likely,"Detroit, MI",42.4263°N,83.1262°W,BIRTH LOCATION
Dylan Meyer,"Evansville, Indiana",37.9716° N,87.5711° W,193.4327786,Dylan MeyerNot Likely,Not Likely,"Detroit, MI",42.4263°N,83.1262°W,BIRTH LOCATION
Adam Long,"St. Louis, Missouri",38.6270° N,90.1994° W,227.3045033,Adam LongNot Likely,Not Likely,"Detroit, MI",42.4263°N,83.1262°W,BIRTH LOCATION
Dominic Bozzelli,"Pittsford, New York",43.0906° N,77.5150° W,144.1389569,Dominic BozzelliNot Likely,Not Likely,"Detroit, MI",42.4263°N,83.1262°W,BIRTH LOCATION
Thomas Bjørn,"Gothenburg, Sweden",57.7089° N,11.9746° E,1991.273364,Thomas BjørnNot Likely,Not Likely,"Detroit, MI",42.4263°N,83.1262°W,BIRTH LOCATION
Keoninh Lee,"Seoul, South Korea",37.5665° N,126.9780° E,3297.267117,Keoninh LeeNot Likely,Not Likely,"Detroit, MI",42.4263°N,83.1262°W,BIRTH LOCATION
Rafa Cabrera Bello,"Las Palmas, Spain",28.1235° N,15.4363° W,1920.404244,Rafa Cabrera BelloNot Likely,Not Likely,"Detroit, MI",42.4263°N,83.1262°W,BIRTH LOCATION
Matt Short,"Sacramento, California",38.5816° N,121.4944° W,1007.912474,Matt ShortNot Likely,Not Likely,"Detroit, MI",42.4263°N,83.1262°W,BIRTH LOCATION
Jesper Kennegard,"Stockholm, Sweden",59.3293° N,18.0686° E,2056.403992,Jesper KennegardNot Likely,Not Likely,"Detroit, MI",42.4263°N,83.1262°W,BIRTH LOCATION
Maverick Antcliff,"Melbourne, Australia",37.8136° S,144.9631° E,4955.121986,Maverick AntcliffNot Likely,Not Likely,"Detroit, MI",42.4263°N,83.1262°W,BIRTH LOCATION
James Hahn,"Seoul, South Korea",37.5665° N,126.9780° E,3297.267117,James HahnNot Likely,Not Likely,"Detroit, MI",42.4263°N,83.1262°W,BIRTH LOCATION
Michael Block,"St. Louis, Missouri",38.6270° N,90.1994° W,227.3045033,Michael BlockNot Likely,Not Likely,"Detroit, MI",42.4263°N,83.1262°W,BIRTH LOCATION
Jaime Lopez Rivarola,"Buenos Aires, Argentina",,,,Jaime Lopez RivarolaNot Likely,Not Likely,"Detroit, MI",42.4263°N,83.1262°W,BIRTH LOCATION
Nick Voke,"Auckland, New Zealand",36.8485° S,174.7633° E,4211.444978,Nick VokeNot Likely,Not Likely,"Detroit, MI",42.4263°N,83.1262°W,BIRTH LOCATION
Billy Kennerly,"Alpharetta, Georgia",34.0754° N,84.2941° W,290.224874,Billy KennerlyNot Likely,Not Likely,"Detroit, MI",42.4263°N,83.1262°W,BIRTH LOCATION
Michael Sweeney,"Dublin, Ireland",53.3498° N,6.2603° W,1730.977298,Michael SweeneyNot Likely,Not Likely,"Detroit, MI",42.4263°N,83.1262°W,BIRTH LOCATION
Jack McDonald,"Glasgow, Scotland",55.8642° N,4.2518° W,1738.831347,Jack McDonaldNot Likely,Not Likely,"Detroit, MI",42.4263°N,83.1262°W,BIRTH LOCATION
Kevin Dougherty,"Tulsa, Oklahoma",36.1540° N,95.9928° W,405.8942492,Kevin DoughertyNot Likely,Not Likely,"Detroit, MI",42.4263°N,83.1262°W,BIRTH LOCATION
Sam Jones,"Christchurch, New Zealand",43.5321° S,172.6362° E,4373.79829,Sam JonesNot Likely,Not Likely,"Detroit, MI",42.4263°N,83.1262°W,BIRTH LOCATION
Chris Paisley,"Newcastle upon Tyne, England",54.9783° N,1.6178° W,1798.008045,Chris PaisleyNot Likely,Not Likely,"Detroit, MI",42.4263°N,83.1262°W,BIRTH LOCATION
Morten Ørum Madsen,"Copenhagen, Denmark",55.6761° N,12.5683° E,2036.371671,Morten Ørum MadsenNot Likely,Not Likely,"Detroit, MI",42.4263°N,83.1262°W,BIRTH LOCATION
Simon Forsström,"Stockholm, Sweden",59.3293° N,18.0686° E,2056.403992,Simon ForsströmNot Likely,Not Likely,"Detroit, MI",42.4263°N,83.1262°W,BIRTH LOCATION
Alvaro Quiros,"Cádiz, Spain",36.5267° N,6.2976° W,1987.851013,Alvaro QuirosNot Likely,Not Likely,"Detroit, MI",42.4263°N,83.1262°W,BIRTH LOCATION
Brandon Matthews,"Pittston, Pennsylvania",41.3259° N,75.7894° W,192.4519722,Brandon MatthewsNot Likely,Not Likely,"Detroit, MI",42.4263°N,83.1262°W,BIRTH LOCATION
Chris Williams,"Moscow, Idaho",46.7324° N,117.0002° W,839.9741995,Chris WilliamsNot Likely,Not Likely,"Detroit, MI",42.4263°N,83.1262°W,BIRTH LOCATION
Dimi Papadatos,"Sydney, Australia",33.8688° S,151.2093° E,4738.642087,Dimi PapadatosNot Likely,Not Likely,"Detroit, MI",42.4263°N,83.1262°W,BIRTH LOCATION
Laurie Lewis,"Edinburgh, Scotland",55.9533° N,3.1883° W,1757.109883,Laurie LewisNot Likely,Not Likely,"Detroit, MI",42.4263°N,83.1262°W,BIRTH LOCATION
Pontus Nyholm,"Stockholm, Sweden",59.3293° N,18.0686° E,2056.403992,Pontus NyholmNot Likely,Not Likely,"Detroit, MI",42.4263°N,83.1262°W,BIRTH LOCATION
David Law,"Aberdeen, Scotland",57.1497° N,2.0943° W,1762.26538,David LawNot Likely,Not Likely,"Detroit, MI",42.4263°N,83.1262°W,BIRTH LOCATION
Jaco Prinsloo,"Pretoria, South Africa",25.7479° S,28.2293° E,4227.049554,Jaco PrinslooNot Likely,Not Likely,"Detroit, MI",42.4263°N,83.1262°W,BIRTH LOCATION
Brent Grant,"Sacramento, California",38.5816° N,121.4944° W,1007.912474,Brent GrantNot Likely,Not Likely,"Detroit, MI",42.4263°N,83.1262°W,BIRTH LOCATION
Haydn Porteous,"Johannesburg, South Africa",26.2041° S,28.0473° E,4231.577683,Haydn PorteousNot Likely,Not Likely,"Detroit, MI",42.4263°N,83.1262°W,BIRTH LOCATION
Korn Ferry,"New York City, New York",,,,Korn FerryNot Likely,Not Likely,"Detroit, MI",42.4263°N,83.1262°W,BIRTH LOCATION
Matt Every,"Daytona Beach, Florida",29.2108° N,81.0228° W,460.2999936,Matt EveryNot Likely,Not Likely,"Detroit, MI",42.4263°N,83.1262°W,BIRTH LOCATION
Paul Haley II,"Dallas, Texas",32.7767° N,96.7970° W,499.9730235,Paul Haley IINot Likely,Not Likely,"Detroit, MI",42.4263°N,83.1262°W,BIRTH LOCATION
Nick Watney,"Sacramento, California",38.5816° N,121.4944° W,1007.912474,Nick WatneyNot Likely,Not Likely,"Detroit, MI",42.4263°N,83.1262°W,BIRTH LOCATION
Martin Trainer,"Palo Alto, California",37.4419° N,122.1430° W,1038.477217,Martin TrainerNot Likely,Not Likely,"Detroit, MI",42.4263°N,83.1262°W,BIRTH LOCATION
Martin Kaymer,"Düsseldorf, Germany",51.2277° N,6.7735° E,2011.031088,Martin KaymerNot Likely,Not Likely,"Detroit, MI",42.4263°N,83.1262°W,BIRTH LOCATION
Austin Cook,"Jonesboro, Arkansas",35.8423° N,90.7043° W,304.6558746,Austin CookNot Likely,Not Likely,"Detroit, MI",42.4263°N,83.1262°W,BIRTH LOCATION
David Lingmerth,"Tranas, Sweden",58.0372° N,14.9758° E,2033.072765,David LingmerthNot Likely,Not Likely,"Detroit, MI",42.4263°N,83.1262°W,BIRTH LOCATION
Jasper Stubbs,"Melbourne, Australia",37.8136° S,144.9631° E,4955.121986,Jasper StubbsNot Likely,Not Likely,"Detroit, MI",42.4263°N,83.1262°W,BIRTH LOCATION
M.J. Daffue,"Pretoria, South Africa",25.7479° S,28.2293° E,4227.049554,M.J. DaffueNot Likely,Not Likely,"Detroit, MI",42.4263°N,83.1262°W,BIRTH LOCATION
Nicholas Lindheim,"Satellite Beach, Florida",28.1761° N,80.5901° W,497.4012354,Nicholas LindheimNot Likely,Not Likely,"Detroit, MI",42.4263°N,83.1262°W,BIRTH LOCATION
Jarryd Felton,"Perth, Australia",31.9505° S,115.8605° E,5585.191653,Jarryd FeltonNot Likely,Not Likely,"Detroit, MI",42.4263°N,83.1262°W,BIRTH LOCATION
Rafael Becker,"São Paulo, Brazil",23.5505° S,46.6333° W,2558.96034,Rafael BeckerNot Likely,Not Likely,"Detroit, MI",42.4263°N,83.1262°W,BIRTH LOCATION
James Nicholas,"Scarsdale, New York",41.0051° N,73.7846° W,245.7158322,James NicholasNot Likely,Not Likely,"Detroit, MI",42.4263°N,83.1262°W,BIRTH LOCATION
Ryan Brehm,"Mount Pleasant, Michigan",43.5978° N,84.7675° W,57.93726423,Ryan BrehmLikely,Likely,"Detroit, MI",42.4263°N,83.1262°W,BIRTH LOCATION
Michael Feagles,"Scottsdale, Arizona",33.4942° N,111.9261° W,837.9126407,Michael FeaglesNot Likely,Not Likely,"Detroit, MI",42.4263°N,83.1262°W,BIRTH LOCATION
,,,,,Not Likely,Not Likely,"Detroit, MI",42.4263°N,83.1262°W,BIRTH LOCATION
,,,,,Not Likely,Not Likely,"Detroit, MI",42.4263°N,83.1262°W,BIRTH LOCATION
Scottie Scheffler,"Dallas, Texas",32.7767° N,96.7970° W,499.9730235,Scottie SchefflerNot Likely,Not Likely,"Detroit, MI",42.4263°N,83.1262°W,BIRTH LOCATION
Xander Schauffele,"San Diego, California",32.7157° N,117.1611° W,982.6493117,Xander SchauffeleNot Likely,Not Likely,"Detroit, MI",42.4263°N,83.1262°W,BIRTH LOCATION
Rory McIlroy,"Holywood, Northern Ireland",54.6386° N,5.8398° W,1723.708549,Rory McIlroyNot Likely,Not Likely,"Detroit, MI",42.4263°N,83.1262°W,BIRTH LOCATION
Ludvig Aberg,"Eslöv, Sweden",55.8393° N,13.3039° E,2045.688177,Ludvig AbergNot Likely,Not Likely,"Detroit, MI",42.4263°N,83.1262°W,BIRTH LOCATION
Collin Morikawa,"Los Angeles, California",34.0522° N,118.2437° W,987.9094537,Collin MorikawaNot Likely,Not Likely,"Detroit, MI",42.4263°N,83.1262°W,BIRTH LOCATION
Hideki Matsuyama,"Ehime, Japan",33.8416° N,132.7657° E,3349.273722,Hideki MatsuyamaNot Likely,Not Likely,"Detroit, MI",42.4263°N,83.1262°W,BIRTH LOCATION
Wyndham Clark,"Denver, Colorado",39.7392° N,104.9903° W,575.2117297,Wyndham ClarkNot Likely,Not Likely,"Detroit, MI",42.4263°N,83.1262°W,BIRTH LOCATION
Tyrrell Hatton,"High Wycombe, England",51.6291° N,0.7493° W,1860.831647,Tyrrell HattonNot Likely,Not Likely,"Detroit, MI",42.4263°N,83.1262°W,BIRTH LOCATION
Justin Thomas,"Louisville, Kentucky",38.2527° N,85.7585° W,159.9593139,Justin ThomasNot Likely,Not Likely,"Detroit, MI",42.4263°N,83.1262°W,BIRTH LOCATION
Tommy Fleetwood,"Southport, England",53.6458° N,3.0100° W,1789.45513,Tommy FleetwoodNot Likely,Not Likely,"Detroit, MI",42.4263°N,83.1262°W,BIRTH LOCATION
Bryson DeChambeau,"Modesto, California",37.6391° N,120.9969° W,1006.788325,Bryson DeChambeauNot Likely,Not Likely,"Detroit, MI",42.4263°N,83.1262°W,BIRTH LOCATION
Patrick Cantlay,"Long Beach, California",33.7701° N,118.1937° W,991.1727327,Patrick CantlayNot Likely,Not Likely,"Detroit, MI",42.4263°N,83.1262°W,BIRTH LOCATION
Maverick McNealy,"Stanford, California",37.4241° N,122.1661° W,1039.294738,Maverick McNealyNot Likely,Not Likely,"Detroit, MI",42.4263°N,83.1262°W,BIRTH LOCATION
Viktor Hovland,"Oslo, Norway",59.9139° N,10.7522° E,1935.763049,Viktor HovlandNot Likely,Not Likely,"Detroit, MI",42.4263°N,83.1262°W,BIRTH LOCATION
Keegan Bradley,"Woodstock, Vermont",43.6242° N,72.5185° W,270.8888795,Keegan BradleyNot Likely,Not Likely,"Detroit, MI",42.4263°N,83.1262°W,BIRTH LOCATION
Robert MacIntyre,"Oban, Scotland",56.4152° N,5.4710° W,1710.415607,Robert MacIntyreNot Likely,Not Likely,"Detroit, MI",42.4263°N,83.1262°W,BIRTH LOCATION
Russell Henley,"Macon, Georgia",32.8407° N,83.6324° W,331.4417563,Russell HenleyNot Likely,Not Likely,"Detroit, MI",42.4263°N,83.1262°W,BIRTH LOCATION
Shane Lowry,"Clara, Ireland",53.3425° N,7.6136° W,1704.842565,Shane LowryNot Likely,Not Likely,"Detroit, MI",42.4263°N,83.1262°W,BIRTH LOCATION
Sepp Straka,"Vienna, Austria",48.2082° N,16.3738° E,2247.337976,Sepp StrakaNot Likely,Not Likely,"Detroit, MI",42.4263°N,83.1262°W,BIRTH LOCATION
Billy Horschel,"Grant, Florida",27.9292° N,80.5262° W,506.1133282,Billy HorschelNot Likely,Not Likely,"Detroit, MI",42.4263°N,83.1262°W,BIRTH LOCATION
Sahith Theegala,"Houston, Texas",29.7604° N,95.3698° W,553.9822431,Sahith TheegalaNot Likely,Not Likely,"Detroit, MI",42.4263°N,83.1262°W,BIRTH LOCATION
Sungjae Im,"Jeju Island, South Korea",33.4996° N,126.5312° E,3432.402989,Sungjae ImNot Likely,Not Likely,"Detroit, MI",42.4263°N,83.1262°W,BIRTH LOCATION
Thomas Detry,"Uccle, Belgium",50.8039° N,4.3329° E,1971.823335,Thomas DetryNot Likely,Not Likely,"Detroit, MI",42.4263°N,83.1262°W,BIRTH LOCATION
Aaron Rai,"Wolverhampton, England",52.5862° N,2.1280° W,1820.558824,Aaron RaiNot Likely,Not Likely,"Detroit, MI",42.4263°N,83.1262°W,BIRTH LOCATION
Tom Kim,"Seoul, South Korea",37.5665° N,126.9780° E,3297.267117,Tom KimNot Likely,Not Likely,"Detroit, MI",42.4263°N,83.1262°W,BIRTH LOCATION
Adam Scott,"Adelaide, Australia",34.9285° S,138.6007° E,5075.730671,Adam ScottNot Likely,Not Likely,"Detroit, MI",42.4263°N,83.1262°W,BIRTH LOCATION
Tony Finau,"Salt Lake City, Utah",40.7608° N,111.8910° W,741.8530605,Tony FinauNot Likely,Not Likely,"Detroit, MI",42.4263°N,83.1262°W,BIRTH LOCATION
Sam Burns,"Shreveport, Louisiana",32.5252° N,93.7502° W,448.5181431,Sam BurnsNot Likely,Not Likely,"Detroit, MI",42.4263°N,83.1262°W,BIRTH LOCATION
Akshay Bhatia,"Raleigh, North Carolina",35.7796° N,78.6382° W,259.1376517,Akshay BhatiaNot Likely,Not Likely,"Detroit, MI",42.4263°N,83.1262°W,BIRTH LOCATION
Nick Taylor,"Winnipeg, Manitoba",49.8951° N,97.1384° W,421.9341013,Nick TaylorNot Likely,Not Likely,"Detroit, MI",42.4263°N,83.1262°W,BIRTH LOCATION
Nick Dunlap,"Huntsville, Alabama",34.7304° N,86.5861° W,281.743645,Nick DunlapNot Likely,Not Likely,"Detroit, MI",42.4263°N,83.1262°W,BIRTH LOCATION
Byeong Hun An,"Seoul, South Korea",37.5665° N,126.9780° E,3297.267117,Byeong Hun AnNot Likely,Not Likely,"Detroit, MI",42.4263°N,83.1262°W,BIRTH LOCATION
Jason Day,"Beaudesert, Australia",27.9874° S,152.9967° E,4589.158974,Jason DayNot Likely,Not Likely,"Detroit, MI",42.4263°N,83.1262°W,BIRTH LOCATION
Harris English,"Valdosta, Georgia",30.8327° N,83.2785° W,400.5467005,Harris EnglishNot Likely,Not Likely,"Detroit, MI",42.4263°N,83.1262°W,BIRTH LOCATION
Max Greyserman,"New York, New York",40.7128° N,74.0060° W,242.9085392,Max GreysermanNot Likely,Not Likely,"Detroit, MI",42.4263°N,83.1262°W,BIRTH LOCATION
Denny McCarthy,"Takoma Park, Maryland",38.9779° N,77.0075° W,199.5938137,Denny McCarthyNot Likely,Not Likely,"Detroit, MI",42.4263°N,83.1262°W,BIRTH LOCATION
Brian Harman,"Savannah, Georgia",32.0809° N,81.0912° W,361.7248645,Brian HarmanNot Likely,Not Likely,"Detroit, MI",42.4263°N,83.1262°W,BIRTH LOCATION
Justin Rose,"Johannesburg, South Africa",26.2041° S,28.0473° E,4231.577683,Justin RoseNot Likely,Not Likely,"Detroit, MI",42.4263°N,83.1262°W,BIRTH LOCATION
J.T. Poston,"Hickory, North Carolina",35.7332° N,81.3412° W,236.1133789,J.T. PostonNot Likely,Not Likely,"Detroit, MI",42.4263°N,83.1262°W,BIRTH LOCATION
Taylor Pendrith,"Richmond Hill, Ontario",43.8828° N,79.4403° W,105.6316607,Taylor PendrithNot Likely,Not Likely,"Detroit, MI",42.4263°N,83.1262°W,BIRTH LOCATION
Lucas Glover,"Greenville, South Carolina",34.8526° N,82.3940° W,262.3907378,Lucas GloverNot Likely,Not Likely,"Detroit, MI",42.4263°N,83.1262°W,BIRTH LOCATION
Stephan Jaeger,"Munich, Germany",48.1351° N,11.5820° E,2158.664447,Stephan JaegerNot Likely,Not Likely,"Detroit, MI",42.4263°N,83.1262°W,BIRTH LOCATION
Matthieu Pavon,"Toulouse, France",43.6047° N,1.4442° E,2036.372761,Matthieu PavonNot Likely,Not Likely,"Detroit, MI",42.4263°N,83.1262°W,BIRTH LOCATION
Austin Eckroat,"Edmond, Oklahoma",35.6528° N,97.4781° W,449.7131585,Austin EckroatNot Likely,Not Likely,"Detroit, MI",42.4263°N,83.1262°W,BIRTH LOCATION
Rasmus Højgaard,"Odense, Denmark",55.4038° N,10.4024° E,2004.585264,Rasmus HøjgaardNot Likely,Not Likely,"Detroit, MI",42.4263°N,83.1262°W,BIRTH LOCATION
Nico Echavarria,"Medellín, Colombia",6.2442° N,75.5812° W,1271.131429,Nico EchavarriaNot Likely,Not Likely,"Detroit, MI",42.4263°N,83.1262°W,BIRTH LOCATION
Cameron Young,"Scarborough, New York",41.1362° N,73.8587° W,242.7388813,Cameron YoungNot Likely,Not Likely,"Detroit, MI",42.4263°N,83.1262°W,BIRTH LOCATION
Davis Thompson,"Auburn, Alabama",32.6099° N,85.4808° W,345.1692758,Davis ThompsonNot Likely,Not Likely,"Detroit, MI",42.4263°N,83.1262°W,BIRTH LOCATION
Cam Davis,"Sydney, Australia",33.8688° S,151.2093° E,4738.642087,Cam DavisNot Likely,Not Likely,"Detroit, MI",42.4263°N,83.1262°W,BIRTH LOCATION
Corey Conners,"Listowel, Ontario",43.7334° N,80.9536° W,71.02034675,Corey ConnersPossible,Possible,"Detroit, MI",42.4263°N,83.1262°W,BIRTH LOCATION
Christiaan Bezuidenhout,"Delmas, South Africa",26.1466° S,28.6827° E,4246.509401,Christiaan BezuidenhoutNot Likely,Not Likely,"Detroit, MI",42.4263°N,83.1262°W,BIRTH LOCATION
Daniel Berger,"Plantation, Florida",26.1276° N,80.2331° W,568.9991296,Daniel BergerNot Likely,Not Likely,"Detroit, MI",42.4263°N,83.1262°W,BIRTH LOCATION
Laurie Canter,"Bath, England",51.3758° N,2.3599° W,1833.007425,Laurie CanterNot Likely,Not Likely,"Detroit, MI",42.4263°N,83.1262°W,BIRTH LOCATION
Jon Rahm,"Barrika, Spain",43.4069° N,2.9618° W,1944.150354,Jon RahmNot Likely,Not Likely,"Detroit, MI",42.4263°N,83.1262°W,BIRTH LOCATION
Min Woo Lee,"Perth, Australia",31.9505° S,115.8605° E,5585.191653,Min Woo LeeNot Likely,Not Likely,"Detroit, MI",42.4263°N,83.1262°W,BIRTH LOCATION
Matt McCarty,"Scottsdale, Arizona",33.4942° N,111.9261° W,837.9126407,Matt McCartyNot Likely,Not Likely,"Detroit, MI",42.4263°N,83.1262°W,BIRTH LOCATION
Ben Griffin,"Chapel Hill, North Carolina",35.9132° N,79.0558° W,249.9475621,Ben GriffinNot Likely,Not Likely,"Detroit, MI",42.4263°N,83.1262°W,BIRTH LOCATION
Eric Cole,"Palm Springs, California",33.8303° N,116.5453° W,948.4262867,Eric ColeNot Likely,Not Likely,"Detroit, MI",42.4263°N,83.1262°W,BIRTH LOCATION
Thriston Lawrence,"Nelspruit, South Africa",25.4753° S,30.9694° E,4291.101615,Thriston LawrenceNot Likely,Not Likely,"Detroit, MI",42.4263°N,83.1262°W,BIRTH LOCATION
Matt Fitzpatrick,"Sheffield, England",53.3811° N,1.4701° W,1822.156769,Matt FitzpatrickNot Likely,Not Likely,"Detroit, MI",42.4263°N,83.1262°W,BIRTH LOCATION
Alex Noren,"Stockholm, Sweden",59.3293° N,18.0686° E,2056.403992,Alex NorenNot Likely,Not Likely,"Detroit, MI",42.4263°N,83.1262°W,BIRTH LOCATION
Jhonattan Vegas,"Maturín, Venezuela",9.7457° N,63.1832° W,1280.107363,Jhonattan VegasNot Likely,Not Likely,"Detroit, MI",42.4263°N,83.1262°W,BIRTH LOCATION
Max Homa,"Burbank, California",34.1808° N,118.3090° W,987.5253674,Max HomaNot Likely,Not Likely,"Detroit, MI",42.4263°N,83.1262°W,BIRTH LOCATION
Mackenzie Hughes,"Hamilton, Ontario",43.2557° N,79.8711° W,87.28557795,Mackenzie HughesPossible,Possible,"Detroit, MI",42.4263°N,83.1262°W,BIRTH LOCATION
Si Woo Kim,"Seoul, South Korea",37.5665° N,126.9780° E,3297.267117,Si Woo KimNot Likely,Not Likely,"Detroit, MI",42.4263°N,83.1262°W,BIRTH LOCATION
Will Zalatoris,"San Francisco, California",37.7749° N,122.4194° W,1041.260269,Will ZalatorisNot Likely,Not Likely,"Detroit, MI",42.4263°N,83.1262°W,BIRTH LOCATION
Tom Hoge,"Fargo, North Dakota",46.8772° N,96.7898° W,368.6738092,Tom HogeNot Likely,Not Likely,"Detroit, MI",42.4263°N,83.1262°W,BIRTH LOCATION
Nicolai Højgaard,"Odense, Denmark",55.4038° N,10.4024° E,2004.585264,Nicolai HøjgaardNot Likely,Not Likely,"Detroit, MI",42.4263°N,83.1262°W,BIRTH LOCATION
Adam Hadwin,"Abbotsford, British Columbia",49.0504° N,122.3045° W,960.4823374,Adam HadwinNot Likely,Not Likely,"Detroit, MI",42.4263°N,83.1262°W,BIRTH LOCATION
Jordan Spieth,"Dallas, Texas",32.7767° N,96.7970° W,499.9730235,Jordan SpiethNot Likely,Not Likely,"Detroit, MI",42.4263°N,83.1262°W,BIRTH LOCATION
Kevin Yu,"Taipei, Taiwan",25.0330° N,121.5654° E,3758.560812,Kevin YuNot Likely,Not Likely,"Detroit, MI",42.4263°N,83.1262°W,BIRTH LOCATION
Chris Kirk,"Knoxville, Tennessee",35.9606° N,83.9207° W,224.3782639,Chris KirkNot Likely,Not Likely,"Detroit, MI",42.4263°N,83.1262°W,BIRTH LOCATION
Patrick Rodgers,"Avon, Indiana",39.7628° N,86.3997° W,125.4014069,Patrick RodgersNot Likely,Not Likely,"Detroit, MI",42.4263°N,83.1262°W,BIRTH LOCATION
Joaquin Niemann,"Santiago, Chile",33.4489° S,70.6693° W,2650.803806,Joaquin NiemannNot Likely,Not Likely,"Detroit, MI",42.4263°N,83.1262°W,BIRTH LOCATION
Matt Wallace,"Hillingdon, England",51.5352° N,0.4481° W,1868.063328,Matt WallaceNot Likely,Not Likely,"Detroit, MI",42.4263°N,83.1262°W,BIRTH LOCATION
Sam Stevens,"Wichita, Kansas",37.6872° N,97.3301° W,409.0473444,Sam StevensNot Likely,Not Likely,"Detroit, MI",42.4263°N,83.1262°W,BIRTH LOCATION
Andrew Novak,"Raleigh, North Carolina",35.7796° N,78.6382° W,259.1376517,Andrew NovakNot Likely,Not Likely,"Detroit, MI",42.4263°N,83.1262°W,BIRTH LOCATION
Taylor Moore,"Edmond, Oklahoma",35.6528° N,97.4781° W,449.7131585,Taylor MooreNot Likely,Not Likely,"Detroit, MI",42.4263°N,83.1262°W,BIRTH LOCATION
Michael Kim,"San Diego, California",32.7157° N,117.1611° W,982.6493117,Michael KimNot Likely,Not Likely,"Detroit, MI",42.4263°N,83.1262°W,BIRTH LOCATION
Thorbjørn Olesen,"Furesø, Denmark",55.7833° N,12.3833° E,2031.382039,Thorbjørn OlesenNot Likely,Not Likely,"Detroit, MI",42.4263°N,83.1262°W,BIRTH LOCATION
J.J. Spaun,"Los Angeles, California",34.0522° N,118.2437° W,987.9094537,J.J. SpaunNot Likely,Not Likely,"Detroit, MI",42.4263°N,83.1262°W,BIRTH LOCATION
Beau Hossler,"Mission Viejo, California",33.6000° N,117.6720° W,980.7169932,Beau HosslerNot Likely,Not Likely,"Detroit, MI",42.4263°N,83.1262°W,BIRTH LOCATION
David Puig,"La Garriga, Spain",41.6864° N,2.2865° E,2089.331827,David PuigNot Likely,Not Likely,"Detroit, MI",42.4263°N,83.1262°W,BIRTH LOCATION
Justin Lower,"Akron, Ohio",41.0814° N,81.5190° W,62.24291763,Justin LowerPossible,Possible,"Detroit, MI",42.4263°N,83.1262°W,BIRTH LOCATION
Rasmus Neergaard-Petersen,"Holte, Denmark",55.8167° N,12.4667° E,2032.18173,Rasmus Neergaard-PetersenNot Likely,Not Likely,"Detroit, MI",42.4263°N,83.1262°W,BIRTH LOCATION
Lee Hodges,"Huntsville, Alabama",34.7304° N,86.5861° W,281.743645,Lee HodgesNot Likely,Not Likely,"Detroit, MI",42.4263°N,83.1262°W,BIRTH LOCATION
Erik van Rooyen,"Bellville, South Africa",33.9001° S,18.6285° E,4148.145005,Erik van RooyenNot Likely,Not Likely,"Detroit, MI",42.4263°N,83.1262°W,BIRTH LOCATION
Harry Hall,"Hayle, England",50.1840° N,5.4208° W,1788.44715,Harry HallNot Likely,Not Likely,"Detroit, MI",42.4263°N,83.1262°W,BIRTH LOCATION
Kurt Kitayama,"Chico, California",39.7285° N,121.8375° W,1003.685701,Kurt KitayamaNot Likely,Not Likely,"Detroit, MI",42.4263°N,83.1262°W,BIRTH LOCATION
Niklas Nørgaard,"Aarhus, Denmark",56.1581° N,10.2114° E,1988.543934,Niklas NørgaardNot Likely,Not Likely,"Detroit, MI",42.4263°N,83.1262°W,BIRTH LOCATION
John Parry,"Harrogate, England",53.9921° N,1.5418° W,1812.496449,John ParryNot Likely,Not Likely,"Detroit, MI",42.4263°N,83.1262°W,BIRTH LOCATION
Romain Langasque,"Saint-Tropez, France",43.2693° N,6.6398° E,2152.792387,Romain LangasqueNot Likely,Not Likely,"Detroit, MI",42.4263°N,83.1262°W,BIRTH LOCATION
Max McGreevy,"Edmond, Oklahoma",35.6528° N,97.4781° W,449.7131585,Max McGreevyNot Likely,Not Likely,"Detroit, MI",42.4263°N,83.1262°W,BIRTH LOCATION
Luke Clanton,"Hialeah, Florida",25.8576° N,80.2781° W,578.0676134,Luke ClantonNot Likely,Not Likely,"Detroit, MI",42.4263°N,83.1262°W,BIRTH LOCATION
Rickie Fowler,"Murrieta, California",33.5539° N,117.2139° W,969.8744935,Rickie FowlerNot Likely,Not Likely,"Detroit, MI",42.4263°N,83.1262°W,BIRTH LOCATION
Victor Perez,"Tarbes, France",43.2329° N,0.0781° E,2013.461447,Victor PerezNot Likely,Not Likely,"Detroit, MI",42.4263°N,83.1262°W,BIRTH LOCATION
Brian Campbell,"Irvine, California",33.6846° N,117.8265° W,983.2498121,Brian CampbellNot Likely,Not Likely,"Detroit, MI",42.4263°N,83.1262°W,BIRTH LOCATION
Cameron Smith,"Brisbane, Australia",27.4705° S,153.0260° E,4578.55419,Cameron SmithNot Likely,Not Likely,"Detroit, MI",42.4263°N,83.1262°W,BIRTH LOCATION
Jake Knapp,"Costa Mesa, California",33.6411° N,117.9187° W,986.2963629,Jake KnappNot Likely,Not Likely,"Detroit, MI",42.4263°N,83.1262°W,BIRTH LOCATION
Keith Mitchell,"Chattanooga, Tennessee",35.0456° N,85.3097° W,261.6554255,Keith MitchellNot Likely,Not Likely,"Detroit, MI",42.4263°N,83.1262°W,BIRTH LOCATION
Charley Hoffman,"San Diego, California",32.7157° N,117.1611° W,982.6493117,Charley HoffmanNot Likely,Not Likely,"Detroit, MI",42.4263°N,83.1262°W,BIRTH LOCATION
Matteo Manassero,"Negrar, Italy",45.5300° N,10.9390° E,2196.876905,Matteo ManasseroNot Likely,Not Likely,"Detroit, MI",42.4263°N,83.1262°W,BIRTH LOCATION
Ryan Fox,"Auckland, New Zealand",36.8485° S,174.7633° E,4211.444978,Ryan FoxNot Likely,Not Likely,"Detroit, MI",42.4263°N,83.1262°W,BIRTH LOCATION
Jordan Smith,"Bath, England",51.3758° N,2.3599° W,1833.007425,Jordan SmithNot Likely,Not Likely,"Detroit, MI",42.4263°N,83.1262°W,BIRTH LOCATION
Doug Ghim,"Des Plaines, Illinois",42.0334° N,87.8834° W,122.4297784,Doug GhimNot Likely,Not Likely,"Detroit, MI",42.4263°N,83.1262°W,BIRTH LOCATION
Shaun Norris,"Pretoria, South Africa",25.7479° S,28.2293° E,4227.049554,Shaun NorrisNot Likely,Not Likely,"Detroit, MI",42.4263°N,83.1262°W,BIRTH LOCATION
Kensei Hirata,"Tokyo, Japan",35.6762° N,139.6503° E,3201.644467,Kensei HirataNot Likely,Not Likely,"Detroit, MI",42.4263°N,83.1262°W,BIRTH LOCATION
Jesper Svensson,"Uppsala, Sweden",59.8586° N,17.6389° E,2040.230701,Jesper SvenssonNot Likely,Not Likely,"Detroit, MI",42.4263°N,83.1262°W,BIRTH LOCATION
Aldrich Potgieter,"George, South Africa",33.9881° S,22.4530° E,4241.91802,Aldrich PotgieterNot Likely,Not Likely,"Detroit, MI",42.4263°N,83.1262°W,BIRTH LOCATION
Ryo Hisatsune,"Ibaraki, Japan",36.3418° N,140.4468° E,3170.553065,Ryo HisatsuneNot Likely,Not Likely,"Detroit, MI",42.4263°N,83.1262°W,BIRTH LOCATION
Adam Schenk,"Vincennes, Indiana",38.6773° N,87.5286° W,173.5249102,Adam SchenkNot Likely,Not Likely,"Detroit, MI",42.4263°N,83.1262°W,BIRTH LOCATION
Mark Hubbard,"Denver, Colorado",39.7392° N,104.9903° W,575.2117297,Mark HubbardNot Likely,Not Likely,"Detroit, MI",42.4263°N,83.1262°W,BIRTH LOCATION
Patrick Fishburn,"Ogden, Utah",41.2230° N,111.9738° W,740.2438208,Patrick FishburnNot Likely,Not Likely,"Detroit, MI",42.4263°N,83.1262°W,BIRTH LOCATION
Paul Waring,"Birkenhead, England",53.3890° N,3.0230° W,1792.583768,Paul WaringNot Likely,Not Likely,"Detroit, MI",42.4263°N,83.1262°W,BIRTH LOCATION
Tom McKibbin,"Holywood, Northern Ireland",54.6386° N,5.8398° W,1723.708549,Tom McKibbinNot Likely,Not Likely,"Detroit, MI",42.4263°N,83.1262°W,BIRTH LOCATION
Jorge Campillo,"Badajoz, Spain",38.8794° N,6.9707° W,1930.409391,Jorge CampilloNot Likely,Not Likely,"Detroit, MI",42.4263°N,83.1262°W,BIRTH LOCATION
C.T. Pan,"Taipei, Taiwan",25.0330° N,121.5654° E,3758.560812,C.T. PanNot Likely,Not Likely,"Detroit, MI",42.4263°N,83.1262°W,BIRTH LOCATION
Matti Schmid,"Regensburg, Germany",49.0134° N,12.1016° E,2151.594226,Matti SchmidNot Likely,Not Likely,"Detroit, MI",42.4263°N,83.1262°W,BIRTH LOCATION
Seamus Power,"Waterford, Ireland",52.2593° N,7.1101° W,1727.634001,Seamus PowerNot Likely,Not Likely,"Detroit, MI",42.4263°N,83.1262°W,BIRTH LOCATION
Patrick Reed,"San Antonio, Texas",29.4241° N,98.4936° W,619.8079488,Patrick ReedNot Likely,Not Likely,"Detroit, MI",42.4263°N,83.1262°W,BIRTH LOCATION
Patton Kizzire,"Tuscaloosa, Alabama",33.2098° N,87.5692° W,340.5742503,Patton KizzireNot Likely,Not Likely,"Detroit, MI",42.4263°N,83.1262°W,BIRTH LOCATION
Julien Guerrier,"Toulouse, France",43.6047° N,1.4442° E,2036.372761,Julien GuerrierNot Likely,Not Likely,"Detroit, MI",42.4263°N,83.1262°W,BIRTH LOCATION
Matthew Jordan,"Wirral, England",53.3727° N,3.0738° W,1791.831199,Matthew JordanNot Likely,Not Likely,"Detroit, MI",42.4263°N,83.1262°W,BIRTH LOCATION
Daniel Brown,"Northallerton, England",54.3390° N,1.4324° W,1809.878796,Daniel BrownNot Likely,Not Likely,"Detroit, MI",42.4263°N,83.1262°W,BIRTH LOCATION
Sebastian Soderberg,"Gothenburg, Sweden",57.7089° N,11.9746° E,1991.273364,Sebastian SoderbergNot Likely,Not Likely,"Detroit, MI",42.4263°N,83.1262°W,BIRTH LOCATION
Vince Whaley,"Atlanta, Georgia",33.7490° N,84.3880° W,301.72143,Vince WhaleyNot Likely,Not Likely,"Detroit, MI",42.4263°N,83.1262°W,BIRTH LOCATION
Johannes Veerman,"Houston, Texas",29.7604° N,95.3698° W,553.9822431,Johannes VeermanNot Likely,Not Likely,"Detroit, MI",42.4263°N,83.1262°W,BIRTH LOCATION
Emiliano Grillo,"Resistencia, Argentina",27.4519° S,58.9868° W,2533.587489,Emiliano GrilloNot Likely,Not Likely,"Detroit, MI",42.4263°N,83.1262°W,BIRTH LOCATION
Matt Kuchar,"Winter Park, Florida",28.6000° N,81.3392° W,480.2614817,Matt KucharNot Likely,Not Likely,"Detroit, MI",42.4263°N,83.1262°W,BIRTH LOCATION
Antoine Rozner,"Paris, France",48.8566° N,2.3522° E,1965.174277,Antoine RoznerNot Likely,Not Likely,"Detroit, MI",42.4263°N,83.1262°W,BIRTH LOCATION
John Catlin,"Sacramento, California",38.5816° N,121.4944° W,1007.912474,John CatlinNot Likely,Not Likely,"Detroit, MI",42.4263°N,83.1262°W,BIRTH LOCATION
Dean Burmester,"Bloemfontein, South Africa",29.0852° S,26.1596° E,4240.714069,Dean BurmesterNot Likely,Not Likely,"Detroit, MI",42.4263°N,83.1262°W,BIRTH LOCATION
Brendon Todd,"Winston-Salem, North Carolina",36.0999° N,80.2442° W,231.7145804,Brendon ToddNot Likely,Not Likely,"Detroit, MI",42.4263°N,83.1262°W,BIRTH LOCATION
Rico Hoey,"Manila, Philippines",14.5995° N,120.9842° E,4104.620907,Rico HoeyNot Likely,Not Likely,"Detroit, MI",42.4263°N,83.1262°W,BIRTH LOCATION
Joseph Dean,"Wolverhampton, England",52.5862° N,2.1280° W,1820.558824,Joseph DeanNot Likely,Not Likely,"Detroit, MI",42.4263°N,83.1262°W,BIRTH LOCATION
Keita Nakajima,"Nagoya, Japan",35.1815° N,136.9066° E,3254.320945,Keita NakajimaNot Likely,Not Likely,"Detroit, MI",42.4263°N,83.1262°W,BIRTH LOCATION
Alex Smalley,"Wake Forest, North Carolina",35.9799° N,78.5097° W,254.5965697,Alex SmalleyNot Likely,Not Likely,"Detroit, MI",42.4263°N,83.1262°W,BIRTH LOCATION
Daniel Hillier,"Wellington, New Zealand",41.2865° S,174.7762° E,4289.08113,Daniel HillierNot Likely,Not Likely,"Detroit, MI",42.4263°N,83.1262°W,BIRTH LOCATION
Guido Migliozzi,"Vicenza, Italy",45.5455° N,11.5354° E,2208.413242,Guido MigliozziNot Likely,Not Likely,"Detroit, MI",42.4263°N,83.1262°W,BIRTH LOCATION
Luke List,"Seattle, Washington",47.6062° N,122.3321° W,963.3814057,Luke ListNot Likely,Not Likely,"Detroit, MI",42.4263°N,83.1262°W,BIRTH LOCATION
Ben Kohles,"Dallas, Texas",32.7767° N,96.7970° W,499.9730235,Ben KohlesNot Likely,Not Likely,"Detroit, MI",42.4263°N,83.1262°W,BIRTH LOCATION
Davis Riley,"Hattiesburg, Mississippi",31.3271° N,89.2903° W,419.2766544,Davis RileyNot Likely,Not Likely,"Detroit, MI",42.4263°N,83.1262°W,BIRTH LOCATION
Frankie Capan III,"North Oaks, Minnesota",45.1027° N,93.0791° W,264.7556843,Frankie Capan IIINot Likely,Not Likely,"Detroit, MI",42.4263°N,83.1262°W,BIRTH LOCATION
Peter Uihlein,"New Bedford, Massachusetts",41.6362° N,70.9342° W,313.7728321,Peter UihleinNot Likely,Not Likely,"Detroit, MI",42.4263°N,83.1262°W,BIRTH LOCATION
Adam Svensson,"Surrey, British Columbia",49.1833° N,122.8490° W,972.687119,Adam SvenssonNot Likely,Not Likely,"Detroit, MI",42.4263°N,83.1262°W,BIRTH LOCATION
Andrew Putnam,"Tacoma, Washington",47.2529° N,122.4443° W,966.9208946,Andrew PutnamNot Likely,Not Likely,"Detroit, MI",42.4263°N,83.1262°W,BIRTH LOCATION
Peter Malnati,"New Castle, Indiana",39.9289° N,85.3702° W,104.1470015,Peter MalnatiNot Likely,Not Likely,"Detroit, MI",42.4263°N,83.1262°W,BIRTH LOCATION
Jang Yu Bin,"Seoul, South Korea",37.5665° N,126.9780° E,3297.267117,Jang Yu BinNot Likely,Not Likely,"Detroit, MI",42.4263°N,83.1262°W,BIRTH LOCATION
Ben Campbell,"Masterton, New Zealand",40.9527° S,175.6573° E,4263.446005,Ben CampbellNot Likely,Not Likely,"Detroit, MI",42.4263°N,83.1262°W,BIRTH LOCATION
Hayden Springer,"Dallas, Texas",32.7767° N,96.7970° W,499.9730235,Hayden SpringerNot Likely,Not Likely,"Detroit, MI",42.4263°N,83.1262°W,BIRTH LOCATION
Ewen Ferguson,"Glasgow, Scotland",55.8642° N,4.2518° W,1738.831347,Ewen FergusonNot Likely,Not Likely,"Detroit, MI",42.4263°N,83.1262°W,BIRTH LOCATION
Carson Young,"Anderson, South Carolina",34.5034° N,82.6501° W,274.0142093,Carson YoungNot Likely,Not Likely,"Detroit, MI",42.4263°N,83.1262°W,BIRTH LOCATION
Haotong Li,"Changsha, China",28.2282° N,112.9388° E,3724.527026,Haotong LiNot Likely,Not Likely,"Detroit, MI",42.4263°N,83.1262°W,BIRTH LOCATION
Mac Meissner,"Dallas, Texas",32.7767° N,96.7970° W,499.9730235,Mac MeissnerNot Likely,Not Likely,"Detroit, MI",42.4263°N,83.1262°W,BIRTH LOCATION
Takumi Kanaya,"Tokyo, Japan",35.6762° N,139.6503° E,3201.644467,Takumi KanayaNot Likely,Not Likely,"Detroit, MI",42.4263°N,83.1262°W,BIRTH LOCATION
Brooks Koepka,"West Palm Beach, Florida",26.7153° N,80.0534° W,549.6557651,Brooks KoepkaNot Likely,Not Likely,"Detroit, MI",42.4263°N,83.1262°W,BIRTH LOCATION
K.H. Lee,"Seoul, South Korea",37.5665° N,126.9780° E,3297.267117,K.H. LeeNot Likely,Not Likely,"Detroit, MI",42.4263°N,83.1262°W,BIRTH LOCATION
Alejandro Del Rey,"Madrid, Spain",40.4168° N,3.7038° W,1978.791002,Alejandro Del ReyNot Likely,Not Likely,"Detroit, MI",42.4263°N,83.1262°W,BIRTH LOCATION
Chandler Phillips,"Huntsville, Texas",30.7235° N,95.5508° W,530.1090873,Chandler PhillipsNot Likely,Not Likely,"Detroit, MI",42.4263°N,83.1262°W,BIRTH LOCATION
Ben Silverman,"Palm Beach Gardens, Florida",26.8234° N,80.1387° W,545.5836831,Ben SilvermanNot Likely,Not Likely,"Detroit, MI",42.4263°N,83.1262°W,BIRTH LOCATION
Johnny Keefer,"San Antonio, Texas",29.4241° N,98.4936° W,619.8079488,Johnny KeeferNot Likely,Not Likely,"Detroit, MI",42.4263°N,83.1262°W,BIRTH LOCATION
Greyson Sigg,"Augusta, Georgia",33.4735° N,82.0105° W,310.7740371,Greyson SiggNot Likely,Not Likely,"Detroit, MI",42.4263°N,83.1262°W,BIRTH LOCATION
Daniel van Tonder,"Johannesburg, South Africa",26.2041° S,28.0473° E,4231.577683,Daniel van TonderNot Likely,Not Likely,"Detroit, MI",42.4263°N,83.1262°W,BIRTH LOCATION
David Lipsky,"Los Angeles, California",34.0522° N,118.2437° W,987.9094537,David LipskyNot Likely,Not Likely,"Detroit, MI",42.4263°N,83.1262°W,BIRTH LOCATION
Chan Kim,"Honolulu, Hawaii",21.3069° N,157.8583° W,2237.659068,Chan KimNot Likely,Not Likely,"Detroit, MI",42.4263°N,83.1262°W,BIRTH LOCATION
Pierceson Coody,"Plano, Texas",33.0198° N,96.6989° W,491.9894817,Pierceson CoodyNot Likely,Not Likely,"Detroit, MI",42.4263°N,83.1262°W,BIRTH LOCATION
S.H. Kim,"Seoul, South Korea",37.5665° N,126.9780° E,3297.267117,S.H. KimNot Likely,Not Likely,"Detroit, MI",42.4263°N,83.1262°W,BIRTH LOCATION
Rikuya Hoshino,"Tokyo, Japan",35.6762° N,139.6503° E,3201.644467,Rikuya HoshinoNot Likely,Not Likely,"Detroit, MI",42.4263°N,83.1262°W,BIRTH LOCATION
Sami Valimaki,"Tampere, Finland",61.4978° N,23.7610° E,2094.347904,Sami ValimakiNot Likely,Not Likely,"Detroit, MI",42.4263°N,83.1262°W,BIRTH LOCATION
Joe Highsmith,"Tacoma, Washington",47.2529° N,122.4443° W,966.9208946,Joe HighsmithNot Likely,Not Likely,"Detroit, MI",42.4263°N,83.1262°W,BIRTH LOCATION
Steven Fisk,"Columbus, Georgia",32.4609° N,84.9877° W,348.0145081,Steven FiskNot Likely,Not Likely,"Detroit, MI",42.4263°N,83.1262°W,BIRTH LOCATION
Adrian Meronk,"Warsaw, Poland",52.2297° N,21.0122° E,2245.051366,Adrian MeronkNot Likely,Not Likely,"Detroit, MI",42.4263°N,83.1262°W,BIRTH LOCATION
Harry Higgs,"Overland Park, Kansas",38.9822° N,94.6708° W,324.5788823,Harry HiggsNot Likely,Not Likely,"Detroit, MI",42.4263°N,83.1262°W,BIRTH LOCATION
Gary Woodland,"Topeka, Kansas",39.0473° N,95.6752° W,348.2091567,Gary WoodlandNot Likely,Not Likely,"Detroit, MI",42.4263°N,83.1262°W,BIRTH LOCATION
Frederic LaCroix,"Nice, France",43.7102° N,7.2620° E,2157.358052,Frederic LaCroixNot Likely,Not Likely,"Detroit, MI",42.4263°N,83.1262°W,BIRTH LOCATION
Tim Widing,"Stockholm, Sweden",59.3293° N,18.0686° E,2056.403992,Tim WidingNot Likely,Not Likely,"Detroit, MI",42.4263°N,83.1262°W,BIRTH LOCATION
Dan Bradbury,"Wakefield, England",53.6833° N,1.5059° W,1817.350518,Dan BradburyNot Likely,Not Likely,"Detroit, MI",42.4263°N,83.1262°W,BIRTH LOCATION
Angel Ayora,"Madrid, Spain",40.4168° N,3.7038° W,1978.791002,Angel AyoraNot Likely,Not Likely,"Detroit, MI",42.4263°N,83.1262°W,BIRTH LOCATION
Isaiah Salinda,"South San Francisco, California",37.6547° N,122.4077° W,1042.485295,Isaiah SalindaNot Likely,Not Likely,"Detroit, MI",42.4263°N,83.1262°W,BIRTH LOCATION
Rafael Campos,"San Juan, Puerto Rico",18.4655° N,66.1057° W,966.4325132,Rafael CamposNot Likely,Not Likely,"Detroit, MI",42.4263°N,83.1262°W,BIRTH LOCATION
Zac Blair,"Salt Lake City, Utah",40.7608° N,111.8910° W,741.8530605,Zac BlairNot Likely,Not Likely,"Detroit, MI",42.4263°N,83.1262°W,BIRTH LOCATION
Joel Dahmen,"Clarkston, Washington",46.4163° N,117.0452° W,841.5393003,Joel DahmenNot Likely,Not Likely,"Detroit, MI",42.4263°N,83.1262°W,BIRTH LOCATION
David Ravetto,"Paris, France",48.8566° N,2.3522° E,1965.174277,David RavettoNot Likely,Not Likely,"Detroit, MI",42.4263°N,83.1262°W,BIRTH LOCATION
Sam Bairstow,"Sheffield, England",53.3811° N,1.4701° W,1822.156769,Sam BairstowNot Likely,Not Likely,"Detroit, MI",42.4263°N,83.1262°W,BIRTH LOCATION
Alex Fitzpatrick,"Wakefield, England",53.6833° N,1.5059° W,1817.350518,Alex FitzpatrickNot Likely,Not Likely,"Detroit, MI",42.4263°N,83.1262°W,BIRTH LOCATION
Angel Hidalgo Jordan,"Marbella, Spain",36.5101° N,4.8825° W,2021.534476,Angel Hidalgo JordanNot Likely,Not Likely,"Detroit, MI",42.4263°N,83.1262°W,BIRTH LOCATION
William Mouw,"Chino, California",34.0122° N,117.6889° W,974.4665874,William MouwNot Likely,Not Likely,"Detroit, MI",42.4263°N,83.1262°W,BIRTH LOCATION
Brice Garnett,"Gallatin, Missouri",39.9145° N,93.9622° W,294.6079957,Brice GarnettNot Likely,Not Likely,"Detroit, MI",42.4263°N,83.1262°W,BIRTH LOCATION
Ryan Gerard,"Raleigh, North Carolina",35.7796° N,78.6382° W,259.1376517,Ryan GerardNot Likely,Not Likely,"Detroit, MI",42.4263°N,83.1262°W,BIRTH LOCATION
Alejandro Tosti,"Rosario, Argentina",32.9587° S,60.6930° W,2699.643069,Alejandro TostiNot Likely,Not Likely,"Detroit, MI",42.4263°N,83.1262°W,BIRTH LOCATION
Kris Ventura,"Rørvik, Norway",64.8619° N,11.2393° E,1867.765551,Kris VenturaNot Likely,Not Likely,"Detroit, MI",42.4263°N,83.1262°W,BIRTH LOCATION
Yuta Sugiura,"Tokyo, Japan",35.6762° N,139.6503° E,3201.644467,Yuta SugiuraNot Likely,Not Likely,"Detroit, MI",42.4263°N,83.1262°W,BIRTH LOCATION
Nacho Elvira,"Madrid, Spain",40.4168° N,3.7038° W,1978.791002,Nacho ElviraNot Likely,Not Likely,"Detroit, MI",42.4263°N,83.1262°W,BIRTH LOCATION
Sam Ryder,"Orlando, Florida",28.5383° N,81.3792° W,482.2687471,Sam RyderNot Likely,Not Likely,"Detroit, MI",42.4263°N,83.1262°W,BIRTH LOCATION
Taylor Dickson,"Aberdeen, Scotland",57.1497° N,2.0943° W,1762.26538,Taylor DicksonNot Likely,Not Likely,"Detroit, MI",42.4263°N,83.1262°W,BIRTH LOCATION
Alexander Björk,"Växjö, Sweden",56.8790° N,14.8059° E,2051.349674,Alexander BjörkNot Likely,Not Likely,"Detroit, MI",42.4263°N,83.1262°W,BIRTH LOCATION
David Micheluzzi,"Melbourne, Australia",37.8136° S,144.9631° E,4955.121986,David MicheluzziNot Likely,Not Likely,"Detroit, MI",42.4263°N,83.1262°W,BIRTH LOCATION
Henrik Norlander,"Danderyd, Sweden",59.3987° N,18.0564° E,2054.924007,Henrik NorlanderNot Likely,Not Likely,"Detroit, MI",42.4263°N,83.1262°W,BIRTH LOCATION
Michael Thorbjornsen,"Wellesley, Massachusetts",42.2965° N,71.2924° W,301.8718635,Michael ThorbjornsenNot Likely,Not Likely,"Detroit, MI",42.4263°N,83.1262°W,BIRTH LOCATION
Brandon R-Thompson,"Dallas, Texas",32.7767° N,96.7970° W,499.9730235,Brandon R-ThompsonNot Likely,Not Likely,"Detroit, MI",42.4263°N,83.1262°W,BIRTH LOCATION
Connor Syme,"Aberdeen, Scotland",57.1497° N,2.0943° W,1762.26538,Connor SymeNot Likely,Not Likely,"Detroit, MI",42.4263°N,83.1262°W,BIRTH LOCATION
Jackson Suber,"Charleston, South Carolina",32.7765° N,79.9311° W,344.5776961,Jackson SuberNot Likely,Not Likely,"Detroit, MI",42.4263°N,83.1262°W,BIRTH LOCATION
Thomas Rosenmueller,"Stockholm, Sweden",59.3293° N,18.0686° E,2056.403992,Thomas RosenmuellerNot Likely,Not Likely,"Detroit, MI",42.4263°N,83.1262°W,BIRTH LOCATION
Kevin Roy,"Syracuse, New York",43.0481° N,76.1474° W,178.3244901,Kevin RoyNot Likely,Not Likely,"Detroit, MI",42.4263°N,83.1262°W,BIRTH LOCATION
Jacob Bridgeman,"Inman, South Carolina",35.0470° N,82.0901° W,256.4512343,Jacob BridgemanNot Likely,Not Likely,"Detroit, MI",42.4263°N,83.1262°W,BIRTH LOCATION
Andy Sullivan,"Nuneaton, England",52.5205° N,1.4654° W,1834.209243,Andy SullivanNot Likely,Not Likely,"Detroit, MI",42.4263°N,83.1262°W,BIRTH LOCATION
Elvis Smylie,"Gold Coast, Australia",28.0167° S,153.4000° E,4579.432783,Elvis SmylieNot Likely,Not Likely,"Detroit, MI",42.4263°N,83.1262°W,BIRTH LOCATION
Adrian Otaegui,"Pamplona, Spain",42.8125° N,1.6458° W,1983.148796,Adrian OtaeguiNot Likely,Not Likely,"Detroit, MI",42.4263°N,83.1262°W,BIRTH LOCATION
Marcel Siem,"Ratingen, Germany",51.2976° N,6.8498° E,2011.265896,Marcel SiemNot Likely,Not Likely,"Detroit, MI",42.4263°N,83.1262°W,BIRTH LOCATION
Nicolas Colsaerts,"Brussels, Belgium",50.8503° N,4.3517° E,1971.418189,Nicolas ColsaertsNot Likely,Not Likely,"Detroit, MI",42.4263°N,83.1262°W,BIRTH LOCATION
Yannik Paul,"Frankfurt, Germany",50.1109° N,8.6821° E,2066.632423,Yannik PaulNot Likely,Not Likely,"Detroit, MI",42.4263°N,83.1262°W,BIRTH LOCATION
Marcus Armitage,"Rochdale, England",53.6097° N,2.1561° W,1806.08943,Marcus ArmitageNot Likely,Not Likely,"Detroit, MI",42.4263°N,83.1262°W,BIRTH LOCATION
Chris Gotterup,"Little Silver, New Jersey",40.3368° N,74.0471° W,246.0210236,Chris GotterupNot Likely,Not Likely,"Detroit, MI",42.4263°N,83.1262°W,BIRTH LOCATION
Kevin Streelman,"Wheaton, Illinois",41.8661° N,88.1070° W,129.0200729,Kevin StreelmanNot Likely,Not Likely,"Detroit, MI",42.4263°N,83.1262°W,BIRTH LOCATION
Adrien Saddier,"Lyon, France",45.7640° N,4.8357° E,2068.99161,Adrien SaddierNot Likely,Not Likely,"Detroit, MI",42.4263°N,83.1262°W,BIRTH LOCATION
Jacques Kruyswijk,"Pretoria, South Africa",25.7479° S,28.2293° E,4227.049554,Jacques KruyswijkNot Likely,Not Likely,"Detroit, MI",42.4263°N,83.1262°W,BIRTH LOCATION
Pablo Larrazabal,"Barcelona, Spain",41.3851° N,2.1734° E,2092.424405,Pablo LarrazabalNot Likely,Not Likely,"Detroit, MI",42.4263°N,83.1262°W,BIRTH LOCATION
Adrien Dumont de Chassart,"Hasselt, Belgium",50.9307° N,5.3325° E,1988.813946,Adrien Dumont de ChassartNot Likely,Not Likely,"Detroit, MI",42.4263°N,83.1262°W,BIRTH LOCATION
Alistair Docherty,"Vancouver, Washington",45.6387° N,122.6615° W,978.1611827,Alistair DochertyNot Likely,Not Likely,"Detroit, MI",42.4263°N,83.1262°W,BIRTH LOCATION
Nate Lashley,"Scottsbluff, Nebraska",41.8666° N,103.6672° W,525.2151002,Nate LashleyNot Likely,Not Likely,"Detroit, MI",42.4263°N,83.1262°W,BIRTH LOCATION
Ugo Coussaud,"Bordeaux, France",44.8378° N,0.5792° W,1971.666522,Ugo CoussaudNot Likely,Not Likely,"Detroit, MI",42.4263°N,83.1262°W,BIRTH LOCATION
Wesley Bryan,"Columbia, South Carolina",34.0007° N,81.0348° W,296.5354676,Wesley BryanNot Likely,Not Likely,"Detroit, MI",42.4263°N,83.1262°W,BIRTH LOCATION
Bernd Wiesberger,"Vienna, Austria",48.2082° N,16.3738° E,2247.337976,Bernd WiesbergerNot Likely,Not Likely,"Detroit, MI",42.4263°N,83.1262°W,BIRTH LOCATION
Ryo Ishikawa,"Saitama, Japan",35.8617° N,139.6455° E,3196.168743,Ryo IshikawaNot Likely,Not Likely,"Detroit, MI",42.4263°N,83.1262°W,BIRTH LOCATION
Robin Williams,"Johannesburg, South Africa",26.2041° S,28.0473° E,4231.577683,Robin WilliamsNot Likely,Not Likely,"Detroit, MI",42.4263°N,83.1262°W,BIRTH LOCATION
Jayden Schaper,"Johannesburg, South Africa",26.2041° S,28.0473° E,4231.577683,Jayden SchaperNot Likely,Not Likely,"Detroit, MI",42.4263°N,83.1262°W,BIRTH LOCATION
Paul Peterson,"Seattle, Washington",47.6062° N,122.3321° W,963.3814057,Paul PetersonNot Likely,Not Likely,"Detroit, MI",42.4263°N,83.1262°W,BIRTH LOCATION
Grant Forrest,"North Berwick, Scotland",56.0583° N,2.7209° W,1764.289542,Grant ForrestNot Likely,Not Likely,"Detroit, MI",42.4263°N,83.1262°W,BIRTH LOCATION
Shugo Imahira,"Tokyo, Japan",35.6762° N,139.6503° E,3201.644467,Shugo ImahiraNot Likely,Not Likely,"Detroit, MI",42.4263°N,83.1262°W,BIRTH LOCATION
Dylan Wu,"Medford, Oregon",42.3265° N,122.8756° W,1004.989528,Dylan WuNot Likely,Not Likely,"Detroit, MI",42.4263°N,83.1262°W,BIRTH LOCATION
Neal Shipley,"Pittsburgh, Pennsylvania",40.4406° N,79.9959° W,106.1912053,Neal ShipleyNot Likely,Not Likely,"Detroit, MI",42.4263°N,83.1262°W,BIRTH LOCATION
Richard Lee,"Taipei, Taiwan",25.0330° N,121.5654° E,3758.560812,Richard LeeNot Likely,Not Likely,"Detroit, MI",42.4263°N,83.1262°W,BIRTH LOCATION
Joost Luiten,"Bleiswijk, Netherlands",52.0105° N,4.5396° E,1956.016097,Joost LuitenNot Likely,Not Likely,"Detroit, MI",42.4263°N,83.1262°W,BIRTH LOCATION
Louis Oosthuizen,"Mossel Bay, South Africa",34.1832° S,22.1460° E,4238.083275,Louis OosthuizenNot Likely,Not Likely,"Detroit, MI",42.4263°N,83.1262°W,BIRTH LOCATION
Jeff Winther,"Copenhagen, Denmark",55.6761° N,12.5683° E,2036.371671,Jeff WintherNot Likely,Not Likely,"Detroit, MI",42.4263°N,83.1262°W,BIRTH LOCATION
John Pak,"Scotch Plains, New Jersey",40.6554° N,74.3899° W,233.9178679,John PakNot Likely,Not Likely,"Detroit, MI",42.4263°N,83.1262°W,BIRTH LOCATION
Hank Lebioda,"Orlando, Florida",28.5383° N,81.3792° W,482.2687471,Hank LebiodaNot Likely,Not Likely,"Detroit, MI",42.4263°N,83.1262°W,BIRTH LOCATION
Francesco Laporta,"Naples, Italy",40.8518° N,14.2681° E,2360.238382,Francesco LaportaNot Likely,Not Likely,"Detroit, MI",42.4263°N,83.1262°W,BIRTH LOCATION
Vincent Norrman,"Stockholm, Sweden",59.3293° N,18.0686° E,2056.403992,Vincent NorrmanNot Likely,Not Likely,"Detroit, MI",42.4263°N,83.1262°W,BIRTH LOCATION
MK Kim,"Seoul, South Korea",37.5665° N,126.9780° E,3297.267117,MK KimNot Likely,Not Likely,"Detroit, MI",42.4263°N,83.1262°W,BIRTH LOCATION
Takahiro Hataji,"Tokyo, Japan",35.6762° N,139.6503° E,3201.644467,Takahiro HatajiNot Likely,Not Likely,"Detroit, MI",42.4263°N,83.1262°W,BIRTH LOCATION
Hamish Brown,"Copenhagen, Denmark",55.6761° N,12.5683° E,2036.371671,Hamish BrownNot Likely,Not Likely,"Detroit, MI",42.4263°N,83.1262°W,BIRTH LOCATION
Suteepat Prateeptienchai,"Bangkok, Thailand",13.7563° N,100.5018° E,4274.104236,Suteepat PrateeptienchaiNot Likely,Not Likely,"Detroit, MI",42.4263°N,83.1262°W,BIRTH LOCATION
Ricky Castillo,"Yorba Linda, California",33.8886° N,117.8131° W,979.6036337,Ricky CastilloNot Likely,Not Likely,"Detroit, MI",42.4263°N,83.1262°W,BIRTH LOCATION
Joakim Lagergren,"Stockholm, Sweden",59.3293° N,18.0686° E,2056.403992,Joakim LagergrenNot Likely,Not Likely,"Detroit, MI",42.4263°N,83.1262°W,BIRTH LOCATION
Camilo Villegas,"Medellín, Colombia",6.2442° N,75.5812° W,1271.131429,Camilo VillegasNot Likely,Not Likely,"Detroit, MI",42.4263°N,83.1262°W,BIRTH LOCATION
Lanto Griffin,"Richmond, Virginia",37.5407° N,77.4360° W,226.10875,Lanto GriffinNot Likely,Not Likely,"Detroit, MI",42.4263°N,83.1262°W,BIRTH LOCATION
Taylor Montgomery,"Las Vegas, Nevada",36.1699° N,115.1398° W,877.0873629,Taylor MontgomeryNot Likely,Not Likely,"Detroit, MI",42.4263°N,83.1262°W,BIRTH LOCATION
Chiehpo Lee,"Taipei, Taiwan",25.0330° N,121.5654° E,3758.560812,Chiehpo LeeNot Likely,Not Likely,"Detroit, MI",42.4263°N,83.1262°W,BIRTH LOCATION
Christo Lamprecht,"Pretoria, South Africa",25.7479° S,28.2293° E,4227.049554,Christo LamprechtNot Likely,Not Likely,"Detroit, MI",42.4263°N,83.1262°W,BIRTH LOCATION
Richard Mansell,"Stafford, England",52.8052° N,2.1164° W,1817.764297,Richard MansellNot Likely,Not Likely,"Detroit, MI",42.4263°N,83.1262°W,BIRTH LOCATION
Cristobal Del Solar,"Viña del Mar, Chile",33.0246° S,71.5518° W,2632.299486,Cristobal Del SolarNot Likely,Not Likely,"Detroit, MI",42.4263°N,83.1262°W,BIRTH LOCATION
Bud Cauley,"Jacksonville, Florida",30.3322° N,81.6557° W,419.7930572,Bud CauleyNot Likely,Not Likely,"Detroit, MI",42.4263°N,83.1262°W,BIRTH LOCATION
David Skinns,"Lincoln, England",53.2307° N,0.5403° W,1841.816991,David SkinnsNot Likely,Not Likely,"Detroit, MI",42.4263°N,83.1262°W,BIRTH LOCATION
Kyle Westmoreland,"Charleston, South Carolina",32.7765° N,79.9311° W,344.5776961,Kyle WestmorelandNot Likely,Not Likely,"Detroit, MI",42.4263°N,83.1262°W,BIRTH LOCATION
Frederik Kjettrup,"Aabenraa, Denmark",55.0409° N,9.4180° E,1993.873486,Frederik KjettrupNot Likely,Not Likely,"Detroit, MI",42.4263°N,83.1262°W,BIRTH LOCATION
Shubhankar Sharma,"Chandigarh, India",30.7333° N,76.7794° E,3611.60743,Shubhankar SharmaNot Likely,Not Likely,"Detroit, MI",42.4263°N,83.1262°W,BIRTH LOCATION
Trace Crowe,"Auburn, Alabama",32.6099° N,85.4808° W,345.1692758,Trace CroweNot Likely,Not Likely,"Detroit, MI",42.4263°N,83.1262°W,BIRTH LOCATION
Quade Cummins,"Midwest City, Oklahoma",35.4495° N,97.3967° W,452.0019343,Quade CumminsNot Likely,Not Likely,"Detroit, MI",42.4263°N,83.1262°W,BIRTH LOCATION
Karl Vilips,"Perth, Australia",31.9505° S,115.8605° E,5585.191653,Karl VilipsNot Likely,Not Likely,"Detroit, MI",42.4263°N,83.1262°W,BIRTH LOCATION
Ivan Cantero Gutierrez,"Madrid, Spain",40.4168° N,3.7038° W,1978.791002,Ivan Cantero GutierrezNot Likely,Not Likely,"Detroit, MI",42.4263°N,83.1262°W,BIRTH LOCATION
Robby Shelton,"Mobile, Alabama",30.6954° N,88.0399° W,427.3838879,Robby SheltonNot Likely,Not Likely,"Detroit, MI",42.4263°N,83.1262°W,BIRTH LOCATION
Marcus Kinhult,"Gothenburg, Sweden",57.7089° N,11.9746° E,1991.273364,Marcus KinhultNot Likely,Not Likely,"Detroit, MI",42.4263°N,83.1262°W,BIRTH LOCATION
Austin Smotherman,"Dallas, Texas",32.7767° N,96.7970° W,499.9730235,Austin SmothermanNot Likely,Not Likely,"Detroit, MI",42.4263°N,83.1262°W,BIRTH LOCATION
Darius Van Driel,"The Hague, Netherlands",52.0705° N,4.3007° E,1950.559374,Darius Van DrielNot Likely,Not Likely,"Detroit, MI",42.4263°N,83.1262°W,BIRTH LOCATION
Sean Crocker,"Harare, Zimbabwe",17.8252° S,31.0335° E,4132.240756,Sean CrockerNot Likely,Not Likely,"Detroit, MI",42.4263°N,83.1262°W,BIRTH LOCATION
Lucas Herbert,"Bendigo, Australia",36.7570° S,144.2794° E,4957.892396,Lucas HerbertNot Likely,Not Likely,"Detroit, MI",42.4263°N,83.1262°W,BIRTH LOCATION
Zander Lombard,"Pretoria, South Africa",25.7479° S,28.2293° E,4227.049554,Zander LombardNot Likely,Not Likely,"Detroit, MI",42.4263°N,83.1262°W,BIRTH LOCATION
Ollie Schniederjans,"Dallas, Texas",32.7767° N,96.7970° W,499.9730235,Ollie SchniederjansNot Likely,Not Likely,"Detroit, MI",42.4263°N,83.1262°W,BIRTH LOCATION
Richie Ramsay,"Aberdeen, Scotland",57.1497° N,2.0943° W,1762.26538,Richie RamsayNot Likely,Not Likely,"Detroit, MI",42.4263°N,83.1262°W,BIRTH LOCATION
Yuto Katsuragawa,"Tokyo, Japan",35.6762° N,139.6503° E,3201.644467,Yuto KatsuragawaNot Likely,Not Likely,"Detroit, MI",42.4263°N,83.1262°W,BIRTH LOCATION
Trav Smyth,"Brisbane, Australia",27.4705° S,153.0260° E,4578.55419,Trav SmythNot Likely,Not Likely,"Detroit, MI",42.4263°N,83.1262°W,BIRTH LOCATION
Martin Couvra,"Nice, France",43.7102° N,7.2620° E,2157.358052,Martin CouvraNot Likely,Not Likely,"Detroit, MI",42.4263°N,83.1262°W,BIRTH LOCATION
Danny Walker,"Bradenton, Florida",27.4989° N,82.5748° W,515.9305254,Danny WalkerNot Likely,Not Likely,"Detroit, MI",42.4263°N,83.1262°W,BIRTH LOCATION
Brandon Stone,"Pretoria, South Africa",25.7479° S,28.2293° E,4227.049554,Brandon StoneNot Likely,Not Likely,"Detroit, MI",42.4263°N,83.1262°W,BIRTH LOCATION
Braden Thornberry,"Germantown, Tennessee",35.0868° N,89.8101° W,310.7583901,Braden ThornberryNot Likely,Not Likely,"Detroit, MI",42.4263°N,83.1262°W,BIRTH LOCATION
Kevin Tway,"Edmond, Oklahoma",35.6528° N,97.4781° W,449.7131585,Kevin TwayNot Likely,Not Likely,"Detroit, MI",42.4263°N,83.1262°W,BIRTH LOCATION
Carl Yuan,"Dalian, China",38.9140° N,121.6147° E,3303.22162,Carl YuanNot Likely,Not Likely,"Detroit, MI",42.4263°N,83.1262°W,BIRTH LOCATION
Calum Hill,"Edinburgh, Scotland",55.9533° N,3.1883° W,1757.109883,Calum HillNot Likely,Not Likely,"Detroit, MI",42.4263°N,83.1262°W,BIRTH LOCATION
Martin Laird,"Glasgow, Scotland",55.8642° N,4.2518° W,1738.831347,Martin LairdNot Likely,Not Likely,"Detroit, MI",42.4263°N,83.1262°W,BIRTH LOCATION
Matt NeSmith,"North Augusta, South Carolina",33.5018° N,81.9651° W,309.923532,Matt NeSmithNot Likely,Not Likely,"Detroit, MI",42.4263°N,83.1262°W,BIRTH LOCATION
Ryosuke Kinoshita,"Tokyo, Japan",35.6762° N,139.6503° E,3201.644467,Ryosuke KinoshitaNot Likely,Not Likely,"Detroit, MI",42.4263°N,83.1262°W,BIRTH LOCATION
Jason Scrivener,"Perth, Australia",31.9505° S,115.8605° E,5585.191653,Jason ScrivenerNot Likely,Not Likely,"Detroit, MI",42.4263°N,83.1262°W,BIRTH LOCATION
Sudarshan Yellamaraju,"Bangalore, India",12.9716° N,77.5946° E,4209.18118,Sudarshan YellamarajuNot Likely,Not Likely,"Detroit, MI",42.4263°N,83.1262°W,BIRTH LOCATION
Barend Botha,"Pretoria, South Africa",25.7479° S,28.2293° E,4227.049554,Barend BothaNot Likely,Not Likely,"Detroit, MI",42.4263°N,83.1262°W,BIRTH LOCATION
Taiga Semikawa,"Tokyo, Japan",35.6762° N,139.6503° E,3201.644467,Taiga SemikawaNot Likely,Not Likely,"Detroit, MI",42.4263°N,83.1262°W,BIRTH LOCATION
Justin Suh,"San Jose, California",37.3382° N,121.8863° W,1033.285205,Justin SuhNot Likely,Not Likely,"Detroit, MI",42.4263°N,83.1262°W,BIRTH LOCATION
Miguel Tabuena,"Manila, Philippines",14.5995° N,120.9842° E,4104.620907,Miguel TabuenaNot Likely,Not Likely,"Detroit, MI",42.4263°N,83.1262°W,BIRTH LOCATION
Wilco Nienaber,"Bloemfontein, South Africa",29.0852° S,26.1596° E,4240.714069,Wilco NienaberNot Likely,Not Likely,"Detroit, MI",42.4263°N,83.1262°W,BIRTH LOCATION
Ryan Moore,"Tacoma, Washington",47.2529° N,122.4443° W,966.9208946,Ryan MooreNot Likely,Not Likely,"Detroit, MI",42.4263°N,83.1262°W,BIRTH LOCATION
Zach Bauchou,"Tulsa, Oklahoma",36.1540° N,95.9928° W,405.8942492,Zach BauchouNot Likely,Not Likely,"Detroit, MI",42.4263°N,83.1262°W,BIRTH LOCATION
Scott Jamieson,"Glasgow, Scotland",55.8642° N,4.2518° W,1738.831347,Scott JamiesonNot Likely,Not Likely,"Detroit, MI",42.4263°N,83.1262°W,BIRTH LOCATION
Eugenio Chacarra,"Madrid, Spain",40.4168° N,3.7038° W,1978.791002,Eugenio ChacarraNot Likely,Not Likely,"Detroit, MI",42.4263°N,83.1262°W,BIRTH LOCATION
Jamie Rutherford,"London, England",51.5074° N,0.1278° W,1874.69495,Jamie RutherfordNot Likely,Not Likely,"Detroit, MI",42.4263°N,83.1262°W,BIRTH LOCATION
Taisei Shimizu,"Tokyo, Japan",35.6762° N,139.6503° E,3201.644467,Taisei ShimizuNot Likely,Not Likely,"Detroit, MI",42.4263°N,83.1262°W,BIRTH LOCATION
Andrea Pavan,"Rome, Italy",41.9028° N,12.4964° E,2301.700964,Andrea PavanNot Likely,Not Likely,"Detroit, MI",42.4263°N,83.1262°W,BIRTH LOCATION
Ryggs Johnston,"Libby, Montana",48.3886° N,115.5560° W,806.4489798,Ryggs JohnstonNot Likely,Not Likely,"Detroit, MI",42.4263°N,83.1262°W,BIRTH LOCATION
Sam Bennett,"Madisonville, Texas",30.9499° N,95.9116° W,530.4163213,Sam BennettNot Likely,Not Likely,"Detroit, MI",42.4263°N,83.1262°W,BIRTH LOCATION
Chad Ramey,"Greenville, Mississippi",33.4101° N,91.0618° W,378.8082634,Chad RameyNot Likely,Not Likely,"Detroit, MI",42.4263°N,83.1262°W,BIRTH LOCATION
Hiroshi Iwata,"Tokyo, Japan",35.6762° N,139.6503° E,3201.644467,Hiroshi IwataNot Likely,Not Likely,"Detroit, MI",42.4263°N,83.1262°W,BIRTH LOCATION
Casey Jarvis,"Johannesburg, South Africa",26.2041° S,28.0473° E,4231.577683,Casey JarvisNot Likely,Not Likely,"Detroit, MI",42.4263°N,83.1262°W,BIRTH LOCATION
Will Chandler,"Horsham, England",51.0639° N,0.3259° W,1877.451629,Will ChandlerNot Likely,Not Likely,"Detroit, MI",42.4263°N,83.1262°W,BIRTH LOCATION
Ryan van Velzen,"Durban, South Africa",29.8587° S,31.0218° E,4377.457493,Ryan van VelzenNot Likely,Not Likely,"Detroit, MI",42.4263°N,83.1262°W,BIRTH LOCATION
Conor Purcell,"Dublin, Ireland",53.3498° N,6.2603° W,1730.977298,Conor PurcellNot Likely,Not Likely,"Detroit, MI",42.4263°N,83.1262°W,BIRTH LOCATION
Todd Clements,"Colchester, England",51.8959° N,0.8919° E,1888.555542,Todd ClementsNot Likely,Not Likely,"Detroit, MI",42.4263°N,83.1262°W,BIRTH LOCATION
Kiradech Aphibarnrat,"Bangkok, Thailand",13.7563° N,100.5018° E,4274.104236,Kiradech AphibarnratNot Likely,Not Likely,"Detroit, MI",42.4263°N,83.1262°W,BIRTH LOCATION
Kazuki Higa,"Okinawa, Japan",26.2124° N,127.6809° E,3652.041107,Kazuki HigaNot Likely,Not Likely,"Detroit, MI",42.4263°N,83.1262°W,BIRTH LOCATION
Aaron Cockerill,"Ottawa, Ontario",45.4215° N,75.6972° W,211.7217398,Aaron CockerillNot Likely,Not Likely,"Detroit, MI",42.4263°N,83.1262°W,BIRTH LOCATION
Nick Hardy,"Northbrook, Illinois",42.1275° N,87.8290° W,120.6370561,Nick HardyNot Likely,Not Likely,"Detroit, MI",42.4263°N,83.1262°W,BIRTH LOCATION
Fabrizio Zanotti,"Asunción, Paraguay",25.2637° S,57.5759° W,2476.306056,Fabrizio ZanottiNot Likely,Not Likely,"Detroit, MI",42.4263°N,83.1262°W,BIRTH LOCATION
Oliver Lindell,"Helsinki, Finland",60.1699° N,24.9384° E,2137.597932,Oliver LindellNot Likely,Not Likely,"Detroit, MI",42.4263°N,83.1262°W,BIRTH LOCATION
S.Y. Noh,"Seoul, South Korea",37.5665° N,126.9780° E,3297.267117,S.Y. NohNot Likely,Not Likely,"Detroit, MI",42.4263°N,83.1262°W,BIRTH LOCATION
Caleb Surratt,"Indian Trail, North Carolina",35.0768° N,80.6691° W,262.3575197,Caleb SurrattNot Likely,Not Likely,"Detroit, MI",42.4263°N,83.1262°W,BIRTH LOCATION
Josh Teater,"Hazard, Kentucky",37.2495° N,83.1932° W,178.8519667,Josh TeaterNot Likely,Not Likely,"Detroit, MI",42.4263°N,83.1262°W,BIRTH LOCATION
Joseph Bramlett,"Stanford, California",37.4241° N,122.1661° W,1039.294738,Joseph BramlettNot Likely,Not Likely,"Detroit, MI",42.4263°N,83.1262°W,BIRTH LOCATION
Deon Germishuys,"Pretoria, South Africa",25.7479° S,28.2293° E,4227.049554,Deon GermishuysNot Likely,Not Likely,"Detroit, MI",42.4263°N,83.1262°W,BIRTH LOCATION
Garrick Higgo,"Stellenbosch, South Africa",33.9321° S,18.8602° E,4154.302242,Garrick HiggoNot Likely,Not Likely,"Detroit, MI",42.4263°N,83.1262°W,BIRTH LOCATION
Alfredo Garcia-Heredia,"Asturias, Spain",43.3614° N,5.8494° W,1881.1144,Alfredo Garcia-HerediaNot Likely,Not Likely,"Detroit, MI",42.4263°N,83.1262°W,BIRTH LOCATION
Marcel Schneider,"Nuremberg, Germany",49.4521° N,11.0767° E,2123.949653,Marcel SchneiderNot Likely,Not Likely,"Detroit, MI",42.4263°N,83.1262°W,BIRTH LOCATION
Sadom Kaewkanjana,"Bangkok, Thailand",13.7563° N,100.5018° E,4274.104236,Sadom KaewkanjanaNot Likely,Not Likely,"Detroit, MI",42.4263°N,83.1262°W,BIRTH LOCATION
Young-han Song,"Seoul, South Korea",37.5665° N,126.9780° E,3297.267117,Young-han SongNot Likely,Not Likely,"Detroit, MI",42.4263°N,83.1262°W,BIRTH LOCATION
Ren Yonezawa,"Tokyo, Japan",35.6762° N,139.6503° E,3201.644467,Ren YonezawaNot Likely,Not Likely,"Detroit, MI",42.4263°N,83.1262°W,BIRTH LOCATION
Ben Martin,"Greenwood, South Carolina",34.1954° N,82.1618° W,285.5465704,Ben MartinNot Likely,Not Likely,"Detroit, MI",42.4263°N,83.1262°W,BIRTH LOCATION
Mitchell Meissner,"Houston, Texas",29.7604° N,95.3698° W,553.9822431,Mitchell MeissnerNot Likely,Not Likely,"Detroit, MI",42.4263°N,83.1262°W,BIRTH LOCATION
Will Gordon,"Charlotte, North Carolina",35.2271° N,80.8431° W,256.1602722,Will GordonNot Likely,Not Likely,"Detroit, MI",42.4263°N,83.1262°W,BIRTH LOCATION
Chesson Hadley,"Raleigh, North Carolina",35.7796° N,78.6382° W,259.1376517,Chesson HadleyNot Likely,Not Likely,"Detroit, MI",42.4263°N,83.1262°W,BIRTH LOCATION
Joel Moscatel Nachsh,"Madrid, Spain",40.4168° N,3.7038° W,1978.791002,Joel Moscatel NachshNot Likely,Not Likely,"Detroit, MI",42.4263°N,83.1262°W,BIRTH LOCATION
Tom Vaillant,"Paris, France",48.8566° N,2.3522° E,1965.174277,Tom VaillantNot Likely,Not Likely,"Detroit, MI",42.4263°N,83.1262°W,BIRTH LOCATION
Kevin Chappell,"Fresno, California",36.7378° N,119.7871° W,987.7280125,Kevin ChappellNot Likely,Not Likely,"Detroit, MI",42.4263°N,83.1262°W,BIRTH LOCATION
Davis Chatfield,"Atlanta, Georgia",33.7490° N,84.3880° W,301.72143,Davis ChatfieldNot Likely,Not Likely,"Detroit, MI",42.4263°N,83.1262°W,BIRTH LOCATION
Kevin Velo,"Pleasanton, California",37.6624° N,121.8747° W,1028.830925,Kevin VeloNot Likely,Not Likely,"Detroit, MI",42.4263°N,83.1262°W,BIRTH LOCATION
Brandon Wu,"Scarsdale, New York",41.0051° N,73.7846° W,245.7158322,Brandon WuNot Likely,Not Likely,"Detroit, MI",42.4263°N,83.1262°W,BIRTH LOCATION
Hayden Buckley,"Tupelo, Mississippi",34.2576° N,88.7034° W,319.9347244,Hayden BuckleyNot Likely,Not Likely,"Detroit, MI",42.4263°N,83.1262°W,BIRTH LOCATION
Dylan Frittelli,"Johannesburg, South Africa",26.2041° S,28.0473° E,4231.577683,Dylan FrittelliNot Likely,Not Likely,"Detroit, MI",42.4263°N,83.1262°W,BIRTH LOCATION
Jeremy Paul,"Munich, Germany",48.1351° N,11.5820° E,2158.664447,Jeremy PaulNot Likely,Not Likely,"Detroit, MI",42.4263°N,83.1262°W,BIRTH LOCATION
Curtis Luck,"Perth, Australia",31.9505° S,115.8605° E,5585.191653,Curtis LuckNot Likely,Not Likely,"Detroit, MI",42.4263°N,83.1262°W,BIRTH LOCATION
Zach Johnson,"Cedar Rapids, Iowa",41.9779° N,91.6656° W,218.993551,Zach JohnsonNot Likely,Not Likely,"Detroit, MI",42.4263°N,83.1262°W,BIRTH LOCATION
MJ Maguire,"Dallas, Texas",32.7767° N,96.7970° W,499.9730235,MJ MaguireNot Likely,Not Likely,"Detroit, MI",42.4263°N,83.1262°W,BIRTH LOCATION
Matthew Southgate,"Southend-on-Sea, England",51.5459° N,0.7079° E,1890.297691,Matthew SouthgateNot Likely,Not Likely,"Detroit, MI",42.4263°N,83.1262°W,BIRTH LOCATION
Tyler Duncan,"Columbus, Indiana",39.2014° N,85.9214° W,133.2242806,Tyler DuncanNot Likely,Not Likely,"Detroit, MI",42.4263°N,83.1262°W,BIRTH LOCATION
Trey Winstead,"Baton Rouge, Louisiana",30.4515° N,91.1871° W,469.9173256,Trey WinsteadNot Likely,Not Likely,"Detroit, MI",42.4263°N,83.1262°W,BIRTH LOCATION
Gavin Green,"Kuala Lumpur, Malaysia",3.1390° N,101.6869° E,4637.130041,Gavin GreenNot Likely,Not Likely,"Detroit, MI",42.4263°N,83.1262°W,BIRTH LOCATION
Davis Shore,"Tuscaloosa, Alabama",33.2098° N,87.5692° W,340.5742503,Davis ShoreNot Likely,Not Likely,"Detroit, MI",42.4263°N,83.1262°W,BIRTH LOCATION
Chez Reavie,"Mesa, Arizona",33.4152° N,111.8315° W,836.924655,Chez ReavieNot Likely,Not Likely,"Detroit, MI",42.4263°N,83.1262°W,BIRTH LOCATION
Aaron Baddeley,"Lebanon, New Hampshire",43.6423° N,72.2518° W,277.5866408,Aaron BaddeleyNot Likely,Not Likely,"Detroit, MI",42.4263°N,83.1262°W,BIRTH LOCATION
Webb Simpson,"Raleigh, North Carolina",35.7796° N,78.6382° W,259.1376517,Webb SimpsonNot Likely,Not Likely,"Detroit, MI",42.4263°N,83.1262°W,BIRTH LOCATION
Ricardo Gouveia,"Lisbon, Portugal",38.7223° N,9.1393° W,1882.375721,Ricardo GouveiaNot Likely,Not Likely,"Detroit, MI",42.4263°N,83.1262°W,BIRTH LOCATION
Peter Kuest,"Fresno, California",36.7378° N,119.7871° W,987.7280125,Peter KuestNot Likely,Not Likely,"Detroit, MI",42.4263°N,83.1262°W,BIRTH LOCATION
Jimmy Stanger,"Tampa, Florida",27.9506° N,82.4572° W,500.4445314,Jimmy StangerNot Likely,Not Likely,"Detroit, MI",42.4263°N,83.1262°W,BIRTH LOCATION
Jens Dantorp,"Malmö, Sweden",55.6040° N,13.0038° E,2044.927763,Jens DantorpNot Likely,Not Likely,"Detroit, MI",42.4263°N,83.1262°W,BIRTH LOCATION
Carter Jenkins,"Raleigh, North Carolina",35.7796° N,78.6382° W,259.1376517,Carter JenkinsNot Likely,Not Likely,"Detroit, MI",42.4263°N,83.1262°W,BIRTH LOCATION
Matthew Baldwin,"Southport, England",53.6458° N,3.0100° W,1789.45513,Matthew BaldwinNot Likely,Not Likely,"Detroit, MI",42.4263°N,83.1262°W,BIRTH LOCATION
Phachara Khongwatmai,"Bangkok, Thailand",13.7563° N,100.5018° E,4274.104236,Phachara KhongwatmaiNot Likely,Not Likely,"Detroit, MI",42.4263°N,83.1262°W,BIRTH LOCATION
Seungtaek Lee,"Seoul, South Korea",37.5665° N,126.9780° E,3297.267117,Seungtaek LeeNot Likely,Not Likely,"Detroit, MI",42.4263°N,83.1262°W,BIRTH LOCATION
Hur In-hoi,"Seoul, South Korea",37.5665° N,126.9780° E,3297.267117,Hur In-hoiNot Likely,Not Likely,"Detroit, MI",42.4263°N,83.1262°W,BIRTH LOCATION
Guntaek Koh,"Seoul, South Korea",37.5665° N,126.9780° E,3297.267117,Guntaek KohNot Likely,Not Likely,"Detroit, MI",42.4263°N,83.1262°W,BIRTH LOCATION
Lee Jung-hwan,"Seoul, South Korea",37.5665° N,126.9780° E,3297.267117,Lee Jung-hwanNot Likely,Not Likely,"Detroit, MI",42.4263°N,83.1262°W,BIRTH LOCATION
Mason Andersen,"Phoenix, Arizona",33.4484° N,112.0740° W,842.3941385,Mason AndersenNot Likely,Not Likely,"Detroit, MI",42.4263°N,83.1262°W,BIRTH LOCATION
Jeong Weon Ko,"Seoul, South Korea",37.5665° N,126.9780° E,3297.267117,Jeong Weon KoNot Likely,Not Likely,"Detroit, MI",42.4263°N,83.1262°W,BIRTH LOCATION
Kazuma Kobori,"Christchurch, New Zealand",43.5321° S,172.6362° E,4373.79829,Kazuma KoboriNot Likely,Not Likely,"Detroit, MI",42.4263°N,83.1262°W,BIRTH LOCATION
Max Kieffer,"Düsseldorf, Germany",51.2277° N,6.7735° E,2011.031088,Max KiefferNot Likely,Not Likely,"Detroit, MI",42.4263°N,83.1262°W,BIRTH LOCATION
Troy Merritt,"Osage, Iowa",43.2841° N,92.8113° W,246.9219822,Troy MerrittNot Likely,Not Likely,"Detroit, MI",42.4263°N,83.1262°W,BIRTH LOCATION
Daniel Summerhays,"Orem, Utah",40.2969° N,111.6946° W,740.8876275,Daniel SummerhaysNot Likely,Not Likely,"Detroit, MI",42.4263°N,83.1262°W,BIRTH LOCATION
Noah Goodwin,"Dallas, Texas",32.7767° N,96.7970° W,499.9730235,Noah GoodwinNot Likely,Not Likely,"Detroit, MI",42.4263°N,83.1262°W,BIRTH LOCATION
Takashi Ogiso,"Tokyo, Japan",35.6762° N,139.6503° E,3201.644467,Takashi OgisoNot Likely,Not Likely,"Detroit, MI",42.4263°N,83.1262°W,BIRTH LOCATION
Emilio Gonzalez,"Santiago, Chile",33.4489° S,70.6693° W,2650.803806,Emilio GonzalezNot Likely,Not Likely,"Detroit, MI",42.4263°N,83.1262°W,BIRTH LOCATION
Kristoffer Reitan,"Oslo, Norway",59.9139° N,10.7522° E,1935.763049,Kristoffer ReitanNot Likely,Not Likely,"Detroit, MI",42.4263°N,83.1262°W,BIRTH LOCATION
Kaito Onishi,"Tokyo, Japan",35.6762° N,139.6503° E,3201.644467,Kaito OnishiNot Likely,Not Likely,"Detroit, MI",42.4263°N,83.1262°W,BIRTH LOCATION
Freddy Schott,"Munich, Germany",48.1351° N,11.5820° E,2158.664447,Freddy SchottNot Likely,Not Likely,"Detroit, MI",42.4263°N,83.1262°W,BIRTH LOCATION
Russell Knox,"Inverness, Scotland",57.4778° N,4.2247° W,1721.013016,Russell KnoxNot Likely,Not Likely,"Detroit, MI",42.4263°N,83.1262°W,BIRTH LOCATION
Roger Sloan,"Calgary, Alberta",51.0447° N,114.0719° W,783.6514693,Roger SloanNot Likely,Not Likely,"Detroit, MI",42.4263°N,83.1262°W,BIRTH LOCATION
Gaganjeet Bhullar,"Kapurthala, India",31.3803° N,75.3811° E,3578.908202,Gaganjeet BhullarNot Likely,Not Likely,"Detroit, MI",42.4263°N,83.1262°W,BIRTH LOCATION
Yuta Kaneko,"Tokyo, Japan",35.6762° N,139.6503° E,3201.644467,Yuta KanekoNot Likely,Not Likely,"Detroit, MI",42.4263°N,83.1262°W,BIRTH LOCATION
Wooyoung Cho,"Seoul, South Korea",37.5665° N,126.9780° E,3297.267117,Wooyoung ChoNot Likely,Not Likely,"Detroit, MI",42.4263°N,83.1262°W,BIRTH LOCATION
Padraig Harrington,"Dublin, Ireland",53.3498° N,6.2603° W,1730.977298,Padraig HarringtonNot Likely,Not Likely,"Detroit, MI",42.4263°N,83.1262°W,BIRTH LOCATION
Jonathan Broomhead,"Johannesburg, South Africa",26.2041° S,28.0473° E,4231.577683,Jonathan BroomheadNot Likely,Not Likely,"Detroit, MI",42.4263°N,83.1262°W,BIRTH LOCATION
Matt Atkins,"Altoona, Pennsylvania",40.5187° N,78.3947° W,139.0503956,Matt AtkinsNot Likely,Not Likely,"Detroit, MI",42.4263°N,83.1262°W,BIRTH LOCATION
Carlos Ortiz,"Guadalajara, Mexico",20.6597° N,103.3496° W,953.8417688,Carlos OrtizNot Likely,Not Likely,"Detroit, MI",42.4263°N,83.1262°W,BIRTH LOCATION
Stewart Cink,"Huntsville, Alabama",34.7304° N,86.5861° W,281.743645,Stewart CinkNot Likely,Not Likely,"Detroit, MI",42.4263°N,83.1262°W,BIRTH LOCATION
Norman Xiong,Guam,13.4757° N,144.7490° E,3762.900664,Norman XiongNot Likely,Not Likely,"Detroit, MI",42.4263°N,83.1262°W,BIRTH LOCATION
Myles Creighton,"Halifax, Nova Scotia",44.6488° N,63.5752° W,494.3856052,Myles CreightonNot Likely,Not Likely,"Detroit, MI",42.4263°N,83.1262°W,BIRTH LOCATION
Kieran Vincent,"Harare, Zimbabwe",17.8252° S,31.0335° E,4132.240756,Kieran VincentNot Likely,Not Likely,"Detroit, MI",42.4263°N,83.1262°W,BIRTH LOCATION
Andrew Wilson,"York, England",53.9600° N,1.0873° W,1821.425287,Andrew WilsonNot Likely,Not Likely,"Detroit, MI",42.4263°N,83.1262°W,BIRTH LOCATION
Brandon Crick,"Oklahoma City, Oklahoma",35.4676° N,97.5164° W,454.3425769,Brandon CrickNot Likely,Not Likely,"Detroit, MI",42.4263°N,83.1262°W,BIRTH LOCATION
Trevor Cone,"Dallas, Texas",32.7767° N,96.7970° W,499.9730235,Trevor ConeNot Likely,Not Likely,"Detroit, MI",42.4263°N,83.1262°W,BIRTH LOCATION
Eddie Pepperell,"Oxford, England",51.7520° N,1.2577° W,1849.16776,Eddie PepperellNot Likely,Not Likely,"Detroit, MI",42.4263°N,83.1262°W,BIRTH LOCATION
Parker Coody,"Plano, Texas",33.0198° N,96.6989° W,491.9894817,Parker CoodyNot Likely,Not Likely,"Detroit, MI",42.4263°N,83.1262°W,BIRTH LOCATION
Doc Redman,"Raleigh, North Carolina",35.7796° N,78.6382° W,259.1376517,Doc RedmanNot Likely,Not Likely,"Detroit, MI",42.4263°N,83.1262°W,BIRTH LOCATION
Yuki Inamori,"Tokyo, Japan",35.6762° N,139.6503° E,3201.644467,Yuki InamoriNot Likely,Not Likely,"Detroit, MI",42.4263°N,83.1262°W,BIRTH LOCATION
Thanapath Pichaikul,"Bangkok, Thailand",13.7563° N,100.5018° E,4274.104236,Thanapath PichaikulNot Likely,Not Likely,"Detroit, MI",42.4263°N,83.1262°W,BIRTH LOCATION
Seth Reeves,"Atlanta, Georgia",33.7490° N,84.3880° W,301.72143,Seth ReevesNot Likely,Not Likely,"Detroit, MI",42.4263°N,83.1262°W,BIRTH LOCATION
Thomas Pieters,"Geel, Belgium",51.1616° N,4.9902° E,1978.451237,Thomas PietersNot Likely,Not Likely,"Detroit, MI",42.4263°N,83.1262°W,BIRTH LOCATION
Ross Steelman,"Columbia, Missouri",38.9517° N,92.3341° W,269.2191128,Ross SteelmanNot Likely,Not Likely,"Detroit, MI",42.4263°N,83.1262°W,BIRTH LOCATION
Benjamin Hebert,"Brive-la-Gaillarde, France",45.1589° N,1.5321° E,2010.953209,Benjamin HebertNot Likely,Not Likely,"Detroit, MI",42.4263°N,83.1262°W,BIRTH LOCATION
Jeunghun Wang,"Seoul, South Korea",37.5665° N,126.9780° E,3297.267117,Jeunghun WangNot Likely,Not Likely,"Detroit, MI",42.4263°N,83.1262°W,BIRTH LOCATION
Trent Phillips,"Boiling Springs, South Carolina",35.0465° N,81.9815° W,256.8021275,Trent PhillipsNot Likely,Not Likely,"Detroit, MI",42.4263°N,83.1262°W,BIRTH LOCATION
Tapio Pulkkanen,"Helsinki, Finland",60.1699° N,24.9384° E,2137.597932,Tapio PulkkanenNot Likely,Not Likely,"Detroit, MI",42.4263°N,83.1262°W,BIRTH LOCATION
Brandt Snedeker,"Nashville, Tennessee",36.1627° N,86.7816° W,237.3720848,Brandt SnedekerNot Likely,Not Likely,"Detroit, MI",42.4263°N,83.1262°W,BIRTH LOCATION
Stefano Mazzoli,"Milan, Italy",45.4642° N,9.1900° E,2163.157257,Stefano MazzoliNot Likely,Not Likely,"Detroit, MI",42.4263°N,83.1262°W,BIRTH LOCATION
Naoyuki Kataoka,"Tokyo, Japan",35.6762° N,139.6503° E,3201.644467,Naoyuki KataokaNot Likely,Not Likely,"Detroit, MI",42.4263°N,83.1262°W,BIRTH LOCATION
,,,,,Not Likely,Not Likely,"Detroit, MI",42.4263°N,83.1262°W,BIRTH LOCATION
Mikumu Horikawa,"Tokyo, Japan",35.6762° N,139.6503° E,3201.644467,Mikumu HorikawaNot Likely,Not Likely,"Detroit, MI",42.4263°N,83.1262°W,BIRTH LOCATION
Charl Schwartzel,"Vereeniging, South Africa",26.6731° S,27.9262° E,4237.855491,Charl SchwartzelNot Likely,Not Likely,"Detroit, MI",42.4263°N,83.1262°W,BIRTH LOCATION
Maximilian Steinlechner,"Innsbruck, Austria",47.2692° N,11.4041° E,2172.006853,Maximilian SteinlechnerNot Likely,Not Likely,"Detroit, MI",42.4263°N,83.1262°W,BIRTH LOCATION
Thomas Aiken,"Johannesburg, South Africa",26.2041° S,28.0473° E,4231.577683,Thomas AikenNot Likely,Not Likely,"Detroit, MI",42.4263°N,83.1262°W,BIRTH LOCATION
Joel Girrbach,"Zurich, Switzerland",47.3769° N,8.5417° E,2114.019862,Joel GirrbachNot Likely,Not Likely,"Detroit, MI",42.4263°N,83.1262°W,BIRTH LOCATION
Jaco Ahlers,"Pretoria, South Africa",25.7479° S,28.2293° E,4227.049554,Jaco AhlersNot Likely,Not Likely,"Detroit, MI",42.4263°N,83.1262°W,BIRTH LOCATION
Andrew Johnston,"Northwood, England",51.6010° N,0.4179° W,1867.678897,Andrew JohnstonNot Likely,Not Likely,"Detroit, MI",42.4263°N,83.1262°W,BIRTH LOCATION
Kelly Kraft,"Denton, Texas",33.2148° N,97.1331° W,496.2092876,Kelly KraftNot Likely,Not Likely,"Detroit, MI",42.4263°N,83.1262°W,BIRTH LOCATION
Jordan Gumberg,"Stuart, Florida",27.1975° N,80.2528° W,532.2947145,Jordan GumbergNot Likely,Not Likely,"Detroit, MI",42.4263°N,83.1262°W,BIRTH LOCATION
David Law,"Aberdeen, Scotland",57.1497° N,2.0943° W,1762.26538,David LawNot Likely,Not Likely,"Detroit, MI",42.4263°N,83.1262°W,BIRTH LOCATION
Max Rottluff,"Hamburg, Germany",53.5488° N,9.9872° E,2029.49057,Max RottluffNot Likely,Not Likely,"Detroit, MI",42.4263°N,83.1262°W,BIRTH LOCATION
Dalton Ward,"Dallas, Texas",32.7767° N,96.7970° W,499.9730235,Dalton WardNot Likely,Not Likely,"Detroit, MI",42.4263°N,83.1262°W,BIRTH LOCATION
Jack Senior,"Fleetwood, England",53.9225° N,3.0109° W,1785.830366,Jack SeniorNot Likely,Not Likely,"Detroit, MI",42.4263°N,83.1262°W,BIRTH LOCATION
Tom Whitney,"La Jolla, California",32.8328° N,117.2713° W,983.4222745,Tom WhitneyNot Likely,Not Likely,"Detroit, MI",42.4263°N,83.1262°W,BIRTH LOCATION
Ryan McCormick,"Trenton, New Jersey",40.2171° N,74.7429° W,230.3869159,Ryan McCormickNot Likely,Not Likely,"Detroit, MI",42.4263°N,83.1262°W,BIRTH LOCATION
Erik Barnes,"Austin, Texas",30.2672° N,97.7431° W,583.0323671,Erik BarnesNot Likely,Not Likely,"Detroit, MI",42.4263°N,83.1262°W,BIRTH LOCATION
Pontus Nyholm,"Stockholm, Sweden",59.3293° N,18.0686° E,2056.403992,Pontus NyholmNot Likely,Not Likely,"Detroit, MI",42.4263°N,83.1262°W,BIRTH LOCATION
Lucas Bjerregaard,"Frederikssund, Denmark",55.8419° N,12.0688° E,2025.098544,Lucas BjerregaardNot Likely,Not Likely,"Detroit, MI",42.4263°N,83.1262°W,BIRTH LOCATION
Ryutaro Nagano,"Tokyo, Japan",35.6762° N,139.6503° E,3201.644467,Ryutaro NaganoNot Likely,Not Likely,"Detroit, MI",42.4263°N,83.1262°W,BIRTH LOCATION
Sanghyun Park,"Seoul, South Korea",37.5665° N,126.9780° E,3297.267117,Sanghyun ParkNot Likely,Not Likely,"Detroit, MI",42.4263°N,83.1262°W,BIRTH LOCATION
Scott Vincent,"Harare, Zimbabwe",17.8252° S,31.0335° E,4132.240756,Scott VincentNot Likely,Not Likely,"Detroit, MI",42.4263°N,83.1262°W,BIRTH LOCATION
Jannik De Bruyn,"Hamburg, Germany",53.5488° N,9.9872° E,2029.49057,Jannik De BruynNot Likely,Not Likely,"Detroit, MI",42.4263°N,83.1262°W,BIRTH LOCATION
Danny Willett,"Sheffield, England",53.3811° N,1.4701° W,1822.156769,Danny WillettNot Likely,Not Likely,"Detroit, MI",42.4263°N,83.1262°W,BIRTH LOCATION
Nicolai Von Dellingshausen,"Hamburg, Germany",53.5488° N,9.9872° E,2029.49057,Nicolai Von DellingshausenNot Likely,Not Likely,"Detroit, MI",42.4263°N,83.1262°W,BIRTH LOCATION
Matthew Anderson,"Vancouver, British Columbia",49.2827° N,123.1207° W,978.7318968,Matthew AndersonNot Likely,Not Likely,"Detroit, MI",42.4263°N,83.1262°W,BIRTH LOCATION
Marc Leishman,"Warrnambool, Australia",38.3818° S,142.4880° E,5024.843682,Marc LeishmanNot Likely,Not Likely,"Detroit, MI",42.4263°N,83.1262°W,BIRTH LOCATION
Niklas Lemke,"Stockholm, Sweden",59.3293° N,18.0686° E,2056.403992,Niklas LemkeNot Likely,Not Likely,"Detroit, MI",42.4263°N,83.1262°W,BIRTH LOCATION
Joe Weiler,"Cincinnati, Ohio",39.1031° N,84.5120° W,120.3918789,Joe WeilerNot Likely,Not Likely,"Detroit, MI",42.4263°N,83.1262°W,BIRTH LOCATION
Tyson Alexander,"Gainesville, Florida",29.6516° N,82.3248° W,441.8895238,Tyson AlexanderNot Likely,Not Likely,"Detroit, MI",42.4263°N,83.1262°W,BIRTH LOCATION
Cameron Champ,"Sacramento, California",38.5816° N,121.4944° W,1007.912474,Cameron ChampNot Likely,Not Likely,"Detroit, MI",42.4263°N,83.1262°W,BIRTH LOCATION
Kyung Nam Kang,"Seoul, South Korea",37.5665° N,126.9780° E,3297.267117,Kyung Nam KangNot Likely,Not Likely,"Detroit, MI",42.4263°N,83.1262°W,BIRTH LOCATION
Manuel Elvira,"Madrid, Spain",40.4168° N,3.7038° W,1978.791002,Manuel ElviraNot Likely,Not Likely,"Detroit, MI",42.4263°N,83.1262°W,BIRTH LOCATION
Sam Jones,"Auckland, New Zealand",36.8485° S,174.7633° E,4211.444978,Sam JonesNot Likely,Not Likely,"Detroit, MI",42.4263°N,83.1262°W,BIRTH LOCATION
Taichi Nabetani,"Tokyo, Japan",35.6762° N,139.6503° E,3201.644467,Taichi NabetaniNot Likely,Not Likely,"Detroit, MI",42.4263°N,83.1262°W,BIRTH LOCATION
Alvaro Ortiz,"Guadalajara, Mexico",20.6597° N,103.3496° W,953.8417688,Alvaro OrtizNot Likely,Not Likely,"Detroit, MI",42.4263°N,83.1262°W,BIRTH LOCATION
Tomoyo Ikemura,"Tokyo, Japan",35.6762° N,139.6503° E,3201.644467,Tomoyo IkemuraNot Likely,Not Likely,"Detroit, MI",42.4263°N,83.1262°W,BIRTH LOCATION
Hong-taek Kim,"Seoul, South Korea",37.5665° N,126.9780° E,3297.267117,Hong-taek KimNot Likely,Not Likely,"Detroit, MI",42.4263°N,83.1262°W,BIRTH LOCATION
Jeong Woo Ham,"Seoul, South Korea",37.5665° N,126.9780° E,3297.267117,Jeong Woo HamNot Likely,Not Likely,"Detroit, MI",42.4263°N,83.1262°W,BIRTH LOCATION
Austin Hitt,"Charleston, South Carolina",32.7765° N,79.9311° W,344.5776961,Austin HittNot Likely,Not Likely,"Detroit, MI",42.4263°N,83.1262°W,BIRTH LOCATION
Tatsunori Shogenji,"Tokyo, Japan",35.6762° N,139.6503° E,3201.644467,Tatsunori ShogenjiNot Likely,Not Likely,"Detroit, MI",42.4263°N,83.1262°W,BIRTH LOCATION
Jinichiro Kozuma,"Tokyo, Japan",35.6762° N,139.6503° E,3201.644467,Jinichiro KozumaNot Likely,Not Likely,"Detroit, MI",42.4263°N,83.1262°W,BIRTH LOCATION
Steve Lewton,"London, England",51.5074° N,0.1278° W,1874.69495,Steve LewtonNot Likely,Not Likely,"Detroit, MI",42.4263°N,83.1262°W,BIRTH LOCATION
Taihei Sato,"Tokyo, Japan",35.6762° N,139.6503° E,3201.644467,Taihei SatoNot Likely,Not Likely,"Detroit, MI",42.4263°N,83.1262°W,BIRTH LOCATION
Marco Penge,"Horsham, England",51.0639° N,0.3259° W,1877.451629,Marco PengeNot Likely,Not Likely,"Detroit, MI",42.4263°N,83.1262°W,BIRTH LOCATION
Callum Shinkwin,"Watford, England",51.6565° N,0.3903° W,1867.396021,Callum ShinkwinNot Likely,Not Likely,"Detroit, MI",42.4263°N,83.1262°W,BIRTH LOCATION
Lukas Nemecz,"Graz, Austria",47.0707° N,15.4395° E,2253.261669,Lukas NemeczNot Likely,Not Likely,"Detroit, MI",42.4263°N,83.1262°W,BIRTH LOCATION
Darren Fichardt,"Pretoria, South Africa",25.7479° S,28.2293° E,4227.049554,Darren FichardtNot Likely,Not Likely,"Detroit, MI",42.4263°N,83.1262°W,BIRTH LOCATION
Stuart Macdonald,"Vancouver, British Columbia",49.2827° N,123.1207° W,978.7318968,Stuart MacdonaldNot Likely,Not Likely,"Detroit, MI",42.4263°N,83.1262°W,BIRTH LOCATION
Callum Tarren,"Darlington, England",54.5243° N,1.5595° W,1805.054805,Callum TarrenNot Likely,Not Likely,"Detroit, MI",42.4263°N,83.1262°W,BIRTH LOCATION
Mike Hendry,"Auckland, New Zealand",36.8485° S,174.7633° E,4211.444978,Mike HendryNot Likely,Not Likely,"Detroit, MI",42.4263°N,83.1262°W,BIRTH LOCATION
Nathan Kimsey,"Newcastle upon Tyne, England",54.9783° N,1.6178° W,1798.008045,Nathan KimseyNot Likely,Not Likely,"Detroit, MI",42.4263°N,83.1262°W,BIRTH LOCATION
Zihao Jin,"Beijing, China",39.9042° N,116.4074° E,3309.233958,Zihao JinNot Likely,Not Likely,"Detroit, MI",42.4263°N,83.1262°W,BIRTH LOCATION
Trey Mullinax,"Birmingham, Alabama",33.5207° N,86.8025° W,323.4518885,Trey MullinaxNot Likely,Not Likely,"Detroit, MI",42.4263°N,83.1262°W,BIRTH LOCATION
Keenan Davidse,"Cape Town, South Africa",33.9249° S,18.4241° E,4143.724309,Keenan DavidseNot Likely,Not Likely,"Detroit, MI",42.4263°N,83.1262°W,BIRTH LOCATION
Alexander Levy,"Saint-Germain-en-Laye, France",48.8989° N,2.0938° E,1959.316114,Alexander LevyNot Likely,Not Likely,"Detroit, MI",42.4263°N,83.1262°W,BIRTH LOCATION
Abraham Ancer,"McAllen, Texas",26.2034° N,98.2300° W,704.637082,Abraham AncerNot Likely,Not Likely,"Detroit, MI",42.4263°N,83.1262°W,BIRTH LOCATION
Rattanon Wannasrichan,"Bangkok, Thailand",13.7563° N,100.5018° E,4274.104236,Rattanon WannasrichanNot Likely,Not Likely,"Detroit, MI",42.4263°N,83.1262°W,BIRTH LOCATION
José de Jesús Rodríguez,"Irapuato, Mexico",20.6787° N,101.3546° W,918.885179,José de Jesús RodríguezNot Likely,Not Likely,"Detroit, MI",42.4263°N,83.1262°W,BIRTH LOCATION
Jack Maguire,"Tampa, Florida",27.9506° N,82.4572° W,500.4445314,Jack MaguireNot Likely,Not Likely,"Detroit, MI",42.4263°N,83.1262°W,BIRTH LOCATION
Nick Voke,"Auckland, New Zealand",36.8485° S,174.7633° E,4211.444978,Nick VokeNot Likely,Not Likely,"Detroit, MI",42.4263°N,83.1262°W,BIRTH LOCATION
Andreas Halvorsen,"Oslo, Norway",59.9139° N,10.7522° E,1935.763049,Andreas HalvorsenNot Likely,Not Likely,"Detroit, MI",42.4263°N,83.1262°W,BIRTH LOCATION
Ryan Palmer,"Amarillo, Texas",35.2220° N,101.8313° W,559.9335592,Ryan PalmerNot Likely,Not Likely,"Detroit, MI",42.4263°N,83.1262°W,BIRTH LOCATION
Ross Fisher,"London, England",51.5074° N,0.1278° W,1874.69495,Ross FisherNot Likely,Not Likely,"Detroit, MI",42.4263°N,83.1262°W,BIRTH LOCATION
Louis de Jager,"Pretoria, South Africa",25.7479° S,28.2293° E,4227.049554,Louis de JagerNot Likely,Not Likely,"Detroit, MI",42.4263°N,83.1262°W,BIRTH LOCATION
Dylan Naidoo,"Johannesburg, South Africa",26.2041° S,28.0473° E,4231.577683,Dylan NaidooNot Likely,Not Likely,"Detroit, MI",42.4263°N,83.1262°W,BIRTH LOCATION
Veer Ahlawat,"New Delhi, India",28.6139° N,77.2090° E,3685.656467,Veer AhlawatNot Likely,Not Likely,"Detroit, MI",42.4263°N,83.1262°W,BIRTH LOCATION
Filippo Celli,"Rome, Italy",41.9028° N,12.4964° E,2301.700964,Filippo CelliNot Likely,Not Likely,"Detroit, MI",42.4263°N,83.1262°W,BIRTH LOCATION
Ben Schmidt,"Sheffield, England",53.3811° N,1.4701° W,1822.156769,Ben SchmidtNot Likely,Not Likely,"Detroit, MI",42.4263°N,83.1262°W,BIRTH LOCATION
Rick Lamb,"South Bend, Indiana",41.6764° N,86.2520° W,84.26040673,Rick LambPossible,Possible,"Detroit, MI",42.4263°N,83.1262°W,BIRTH LOCATION
Julien Sale,"Saint-Denis, Reunion",20.8823° S,55.4507° E,4810.823229,Julien SaleNot Likely,Not Likely,"Detroit, MI",42.4263°N,83.1262°W,BIRTH LOCATION
Scott Stallings,"Worcester, Massachusetts",42.2626° N,71.8023° W,288.9858147,Scott StallingsNot Likely,Not Likely,"Detroit, MI",42.4263°N,83.1262°W,BIRTH LOCATION
Jens Fahrbring,"Stockholm, Sweden",59.3293° N,18.0686° E,2056.403992,Jens FahrbringNot Likely,Not Likely,"Detroit, MI",42.4263°N,83.1262°W,BIRTH LOCATION
Mikiya Akutsu,"Tokyo, Japan",35.6762° N,139.6503° E,3201.644467,Mikiya AkutsuNot Likely,Not Likely,"Detroit, MI",42.4263°N,83.1262°W,BIRTH LOCATION
Julian Suri,"New York, New York",40.7128° N,74.0060° W,242.9085392,Julian SuriNot Likely,Not Likely,"Detroit, MI",42.4263°N,83.1262°W,BIRTH LOCATION
Yurav Premlall,"Johannesburg, South Africa",26.2041° S,28.0473° E,4231.577683,Yurav PremlallNot Likely,Not Likely,"Detroit, MI",42.4263°N,83.1262°W,BIRTH LOCATION
Zecheng Dou,"Beijing, China",39.9042° N,116.4074° E,3309.233958,Zecheng DouNot Likely,Not Likely,"Detroit, MI",42.4263°N,83.1262°W,BIRTH LOCATION
Richy Werenski,"Springfield, Massachusetts",42.1015° N,72.5898° W,269.4416517,Richy WerenskiNot Likely,Not Likely,"Detroit, MI",42.4263°N,83.1262°W,BIRTH LOCATION
Thomas Walsh,"High Point, North Carolina",35.9557° N,80.0053° W,238.600354,Thomas WalshNot Likely,Not Likely,"Detroit, MI",42.4263°N,83.1262°W,BIRTH LOCATION
Fabián Gómez,"Resistencia, Argentina",27.4519° S,58.9868° W,2533.587489,Fabián GómezNot Likely,Not Likely,"Detroit, MI",42.4263°N,83.1262°W,BIRTH LOCATION
Galam Jeon,"Seoul, South Korea",37.5665° N,126.9780° E,3297.267117,Galam JeonNot Likely,Not Likely,"Detroit, MI",42.4263°N,83.1262°W,BIRTH LOCATION
Gunn Charoenkul,"Bangkok, Thailand",13.7563° N,100.5018° E,4274.104236,Gunn CharoenkulNot Likely,Not Likely,"Detroit, MI",42.4263°N,83.1262°W,BIRTH LOCATION
Bjorn Akesson,"Stockholm, Sweden",59.3293° N,18.0686° E,2056.403992,Bjorn AkessonNot Likely,Not Likely,"Detroit, MI",42.4263°N,83.1262°W,BIRTH LOCATION
Lee Dai-han,"Seoul, South Korea",37.5665° N,126.9780° E,3297.267117,Lee Dai-hanNot Likely,Not Likely,"Detroit, MI",42.4263°N,83.1262°W,BIRTH LOCATION
Denwit David Boriboonsub,"Bangkok, Thailand",13.7563° N,100.5018° E,4274.104236,Denwit David BoriboonsubNot Likely,Not Likely,"Detroit, MI",42.4263°N,83.1262°W,BIRTH LOCATION
Taichi Kho,Hong Kong,22.3193° N,114.1694° E,3914.647956,Taichi KhoNot Likely,Not Likely,"Detroit, MI",42.4263°N,83.1262°W,BIRTH LOCATION
Shad Tuten,"Augusta, Georgia",33.4735° N,82.0105° W,310.7740371,Shad TutenNot Likely,Not Likely,"Detroit, MI",42.4263°N,83.1262°W,BIRTH LOCATION
Taiki Yoshida,"Tokyo, Japan",35.6762° N,139.6503° E,3201.644467,Taiki YoshidaNot Likely,Not Likely,"Detroit, MI",42.4263°N,83.1262°W,BIRTH LOCATION
Sergio Garcia,"Castellón, Spain",39.9864° N,0.0513° W,2068.890387,Sergio GarciaNot Likely,Not Likely,"Detroit, MI",42.4263°N,83.1262°W,BIRTH LOCATION
Mikael Lindberg,"Stockholm, Sweden",59.3293° N,18.0686° E,2056.403992,Mikael LindbergNot Likely,Not Likely,"Detroit, MI",42.4263°N,83.1262°W,BIRTH LOCATION
Jaewoong Eom,"Seoul, South Korea",37.5665° N,126.9780° E,3297.267117,Jaewoong EomNot Likely,Not Likely,"Detroit, MI",42.4263°N,83.1262°W,BIRTH LOCATION
Maverick Antcliff,"Melbourne, Australia",37.8136° S,144.9631° E,4955.121986,Maverick AntcliffNot Likely,Not Likely,"Detroit, MI",42.4263°N,83.1262°W,BIRTH LOCATION
Ian Snyman,"Pretoria, South Africa",25.7479° S,28.2293° E,4227.049554,Ian SnymanNot Likely,Not Likely,"Detroit, MI",42.4263°N,83.1262°W,BIRTH LOCATION
Wade Ormsby,"Adelaide, Australia",34.9285° S,138.6007° E,5075.730671,Wade OrmsbyNot Likely,Not Likely,"Detroit, MI",42.4263°N,83.1262°W,BIRTH LOCATION
Sarit Suwannarut,"Bangkok, Thailand",13.7563° N,100.5018° E,4274.104236,Sarit SuwannarutNot Likely,Not Likely,"Detroit, MI",42.4263°N,83.1262°W,BIRTH LOCATION
Roberto Díaz,"Veracruz, Mexico",19.1738° N,96.1342° W,888.7446046,Roberto DíazNot Likely,Not Likely,"Detroit, MI",42.4263°N,83.1262°W,BIRTH LOCATION
Nick Gabrelcik,"Trinity, Florida",28.1808° N,82.6818° W,492.2973632,Nick GabrelcikNot Likely,Not Likely,"Detroit, MI",42.4263°N,83.1262°W,BIRTH LOCATION
Taehoon Ok,"Seoul, South Korea",37.5665° N,126.9780° E,3297.267117,Taehoon OkNot Likely,Not Likely,"Detroit, MI",42.4263°N,83.1262°W,BIRTH LOCATION
Poom Saksansin,"Bangkok, Thailand",13.7563° N,100.5018° E,4274.104236,Poom SaksansinNot Likely,Not Likely,"Detroit, MI",42.4263°N,83.1262°W,BIRTH LOCATION
Mike Lorenzo-Vera,"Biarritz, France",43.4832° N,1.5586° W,1973.547794,Mike Lorenzo-VeraNot Likely,Not Likely,"Detroit, MI",42.4263°N,83.1262°W,BIRTH LOCATION
Rob Oppenheim,"Andover, Massachusetts",42.6584° N,71.1370° W,305.016672,Rob OppenheimNot Likely,Not Likely,"Detroit, MI",42.4263°N,83.1262°W,BIRTH LOCATION
John VanDerLaan,"Southbury, Connecticut",41.4815° N,73.2132° W,256.6174906,John VanDerLaanNot Likely,Not Likely,"Detroit, MI",42.4263°N,83.1262°W,BIRTH LOCATION
,,,,,Not Likely,Not Likely,"Detroit, MI",42.4263°N,83.1262°W,BIRTH LOCATION
Will Cannon,"San Antonio, Texas",29.4241° N,98.4936° W,619.8079488,Will CannonNot Likely,Not Likely,"Detroit, MI",42.4263°N,83.1262°W,BIRTH LOCATION
Sandy Scott,"Nairn, Scotland",57.5860° N,3.8697° W,1726.058789,Sandy ScottNot Likely,Not Likely,"Detroit, MI",42.4263°N,83.1262°W,BIRTH LOCATION
Patrick Cover,"Wilmington, North Carolina",34.2257° N,77.9447° W,316.0392427,Patrick CoverNot Likely,Not Likely,"Detroit, MI",42.4263°N,83.1262°W,BIRTH LOCATION
Nick Bachem,"Cologne, Germany",50.9375° N,6.9603° E,2019.538243,Nick BachemNot Likely,Not Likely,"Detroit, MI",42.4263°N,83.1262°W,BIRTH LOCATION
Wang Wei Lun,"Taipei, Taiwan",25.0330° N,121.5654° E,3758.560812,Wang Wei LunNot Likely,Not Likely,"Detroit, MI",42.4263°N,83.1262°W,BIRTH LOCATION
Wilson Furr,"Jackson, Mississippi",32.2988° N,90.1848° W,399.6136997,Wilson FurrNot Likely,Not Likely,"Detroit, MI",42.4263°N,83.1262°W,BIRTH LOCATION
Nicholas Lindheim,"Mission Viejo, California",33.6000° N,117.6720° W,980.7169932,Nicholas LindheimNot Likely,Not Likely,"Detroit, MI",42.4263°N,83.1262°W,BIRTH LOCATION
Jimmy Walker,"Oklahoma City, Oklahoma",35.4676° N,97.5164° W,454.3425769,Jimmy WalkerNot Likely,Not Likely,"Detroit, MI",42.4263°N,83.1262°W,BIRTH LOCATION
Scott Piercy,"Las Vegas, Nevada",36.1699° N,115.1398° W,877.0873629,Scott PiercyNot Likely,Not Likely,"Detroit, MI",42.4263°N,83.1262°W,BIRTH LOCATION
Frank Kennedy,"Bristol, England",51.4545° N,2.5879° W,1827.412274,Frank KennedyNot Likely,Not Likely,"Detroit, MI",42.4263°N,83.1262°W,BIRTH LOCATION
Euan Walker,"Dumfries, Scotland",55.0709° N,3.6051° W,1760.223455,Euan WalkerNot Likely,Not Likely,"Detroit, MI",42.4263°N,83.1262°W,BIRTH LOCATION
Matt Oshrine,"Wellington, Florida",26.6618° N,80.2684° W,550.5623641,Matt OshrineNot Likely,Not Likely,"Detroit, MI",42.4263°N,83.1262°W,BIRTH LOCATION
Matthis Besard,"Brussels, Belgium",50.8503° N,4.3517° E,1971.418189,Matthis BesardNot Likely,Not Likely,"Detroit, MI",42.4263°N,83.1262°W,BIRTH LOCATION
Wenyi Ding,"Beijing, China",39.9042° N,116.4074° E,3309.233958,Wenyi DingNot Likely,Not Likely,"Detroit, MI",42.4263°N,83.1262°W,BIRTH LOCATION
Wil Bateman,"Edmonton, Alberta",53.5444° N,113.4909° W,791.7338255,Wil BatemanNot Likely,Not Likely,"Detroit, MI",42.4263°N,83.1262°W,BIRTH LOCATION
Brandon Harkins,"Concord, California",37.9780° N,122.0311° W,1028.849653,Brandon HarkinsNot Likely,Not Likely,"Detroit, MI",42.4263°N,83.1262°W,BIRTH LOCATION
Branden Grace,"Pretoria, South Africa",25.7479° S,28.2293° E,4227.049554,Branden GraceNot Likely,Not Likely,"Detroit, MI",42.4263°N,83.1262°W,BIRTH LOCATION
Hendrik Du Plessis,"Pretoria, South Africa",25.7479° S,28.2293° E,4227.049554,Hendrik Du PlessisNot Likely,Not Likely,"Detroit, MI",42.4263°N,83.1262°W,BIRTH LOCATION
Hurly Long,"Heidelberg, Germany",49.3988° N,8.6724° E,2079.332334,Hurly LongNot Likely,Not Likely,"Detroit, MI",42.4263°N,83.1262°W,BIRTH LOCATION
Rahil Gangjee,"Kolkata, India",22.5726° N,88.3639° E,3956.590255,Rahil GangjeeNot Likely,Not Likely,"Detroit, MI",42.4263°N,83.1262°W,BIRTH LOCATION
Christofer Blomstrand,"Stockholm, Sweden",59.3293° N,18.0686° E,2056.403992,Christofer BlomstrandNot Likely,Not Likely,"Detroit, MI",42.4263°N,83.1262°W,BIRTH LOCATION
Tomoharu Otsuki,"Tokyo, Japan",35.6762° N,139.6503° E,3201.644467,Tomoharu OtsukiNot Likely,Not Likely,"Detroit, MI",42.4263°N,83.1262°W,BIRTH LOCATION
Tano Goya,"Córdoba, Argentina",31.4201° S,64.1888° W,2621.092936,Tano GoyaNot Likely,Not Likely,"Detroit, MI",42.4263°N,83.1262°W,BIRTH LOCATION
Daan Huizing,"Utrecht, Netherlands",52.0907° N,5.1214° E,1965.612435,Daan HuizingNot Likely,Not Likely,"Detroit, MI",42.4263°N,83.1262°W,BIRTH LOCATION
Koshiro Maeda,"Tokyo, Japan",35.6762° N,139.6503° E,3201.644467,Koshiro MaedaNot Likely,Not Likely,"Detroit, MI",42.4263°N,83.1262°W,BIRTH LOCATION
Ryan Burnett,"Monterey, California",36.6002° N,121.8947° W,1043.31816,Ryan BurnettNot Likely,Not Likely,"Detroit, MI",42.4263°N,83.1262°W,BIRTH LOCATION
T.J. Vogel,"North Miami Beach, Florida",25.9331° N,80.1625° W,575.9493142,T.J. VogelNot Likely,Not Likely,"Detroit, MI",42.4263°N,83.1262°W,BIRTH LOCATION
Tommy Gainey,"Hartsville, South Carolina",34.3740° N,80.0734° W,290.1451031,Tommy GaineyNot Likely,Not Likely,"Detroit, MI",42.4263°N,83.1262°W,BIRTH LOCATION
Tanner Gore,"Mobile, Alabama",30.6954° N,88.0399° W,427.3838879,Tanner GoreNot Likely,Not Likely,"Detroit, MI",42.4263°N,83.1262°W,BIRTH LOCATION
Pierre Pineau,"Paris, France",48.8566° N,2.3522° E,1965.174277,Pierre PineauNot Likely,Not Likely,"Detroit, MI",42.4263°N,83.1262°W,BIRTH LOCATION
Matthias Schwab,"Schladming, Austria",47.3929° N,13.6868° E,2213.444585,Matthias SchwabNot Likely,Not Likely,"Detroit, MI",42.4263°N,83.1262°W,BIRTH LOCATION
Jonathan Goth-Rasmussen,"Aarhus, Denmark",56.1581° N,10.2114° E,1988.543934,Jonathan Goth-RasmussenNot Likely,Not Likely,"Detroit, MI",42.4263°N,83.1262°W,BIRTH LOCATION
Étienne Papineau,"Quebec City, Quebec",46.8139° N,71.2080° W,329.464461,Étienne PapineauNot Likely,Not Likely,"Detroit, MI",42.4263°N,83.1262°W,BIRTH LOCATION
Jeffrey Kang,"Los Angeles, California",34.0522° N,118.2437° W,987.9094537,Jeffrey KangNot Likely,Not Likely,"Detroit, MI",42.4263°N,83.1262°W,BIRTH LOCATION
Dan McCarthy,"Syracuse, New York",43.0481° N,76.1474° W,178.3244901,Dan McCarthyNot Likely,Not Likely,"Detroit, MI",42.4263°N,83.1262°W,BIRTH LOCATION
Dale Whitnell,"Colchester, England",51.8959° N,0.8919° E,1888.555542,Dale WhitnellNot Likely,Not Likely,"Detroit, MI",42.4263°N,83.1262°W,BIRTH LOCATION
James Morrison,"Guildford, England",51.2362° N,0.5704° W,1870.104214,James MorrisonNot Likely,Not Likely,"Detroit, MI",42.4263°N,83.1262°W,BIRTH LOCATION
Yusaku Hosono,"Tokyo, Japan",35.6762° N,139.6503° E,3201.644467,Yusaku HosonoNot Likely,Not Likely,"Detroit, MI",42.4263°N,83.1262°W,BIRTH LOCATION
Ian Holt,"Columbus, Ohio",39.9612° N,82.9988° W,85.22626857,Ian HoltPossible,Possible,"Detroit, MI",42.4263°N,83.1262°W,BIRTH LOCATION
JC Ritchie,"Pretoria, South Africa",25.7479° S,28.2293° E,4227.049554,JC RitchieNot Likely,Not Likely,"Detroit, MI",42.4263°N,83.1262°W,BIRTH LOCATION
Simon Forsström,"Stockholm, Sweden",59.3293° N,18.0686° E,2056.403992,Simon ForsströmNot Likely,Not Likely,"Detroit, MI",42.4263°N,83.1262°W,BIRTH LOCATION
Masahiro Kawamura,"Tokyo, Japan",35.6762° N,139.6503° E,3201.644467,Masahiro KawamuraNot Likely,Not Likely,"Detroit, MI",42.4263°N,83.1262°W,BIRTH LOCATION
Matthew Riedel,"San Diego, California",32.7157° N,117.1611° W,982.6493117,Matthew RiedelNot Likely,Not Likely,"Detroit, MI",42.4263°N,83.1262°W,BIRTH LOCATION
Ben Taylor,"London, England",51.5074° N,0.1278° W,1874.69495,Ben TaylorNot Likely,Not Likely,"Detroit, MI",42.4263°N,83.1262°W,BIRTH LOCATION
Adri Arnaus,"Barcelona, Spain",41.3851° N,2.1734° E,2092.424405,Adri ArnausNot Likely,Not Likely,"Detroit, MI",42.4263°N,83.1262°W,BIRTH LOCATION
Austin Cook,"Jonesboro, Arkansas",35.8423° N,90.7043° W,304.6558746,Austin CookNot Likely,Not Likely,"Detroit, MI",42.4263°N,83.1262°W,BIRTH LOCATION
Felix Mory,"Paris, France",48.8566° N,2.3522° E,1965.174277,Felix MoryNot Likely,Not Likely,"Detroit, MI",42.4263°N,83.1262°W,BIRTH LOCATION
Jbe' Kruger,"Kimberley, South Africa",28.7283° S,24.7499° E,4198.541567,Jbe' KrugerNot Likely,Not Likely,"Detroit, MI",42.4263°N,83.1262°W,BIRTH LOCATION
Jacques Blaauw,"Pretoria, South Africa",25.7479° S,28.2293° E,4227.049554,Jacques BlaauwNot Likely,Not Likely,"Detroit, MI",42.4263°N,83.1262°W,BIRTH LOCATION
Hideto Tanihara,"Tokyo, Japan",35.6762° N,139.6503° E,3201.644467,Hideto TaniharaNot Likely,Not Likely,"Detroit, MI",42.4263°N,83.1262°W,BIRTH LOCATION
Chanwoo Kim,"Seoul, South Korea",37.5665° N,126.9780° E,3297.267117,Chanwoo KimNot Likely,Not Likely,"Detroit, MI",42.4263°N,83.1262°W,BIRTH LOCATION
Pieter Moolman,"Pretoria, South Africa",25.7479° S,28.2293° E,4227.049554,Pieter MoolmanNot Likely,Not Likely,"Detroit, MI",42.4263°N,83.1262°W,BIRTH LOCATION
Benjamin Follett-Smith,"Harare, Zimbabwe",17.8252° S,31.0335° E,4132.240756,Benjamin Follett-SmithNot Likely,Not Likely,"Detroit, MI",42.4263°N,83.1262°W,BIRTH LOCATION
Nelson Ledesma,"Córdoba, Argentina",31.4201° S,64.1888° W,2621.092936,Nelson LedesmaNot Likely,Not Likely,"Detroit, MI",42.4263°N,83.1262°W,BIRTH LOCATION
Daniel Young,"Edinburgh, Scotland",55.9533° N,3.1883° W,1757.109883,Daniel YoungNot Likely,Not Likely,"Detroit, MI",42.4263°N,83.1262°W,BIRTH LOCATION
Patrick Welch,"Houston, Texas",29.7604° N,95.3698° W,553.9822431,Patrick WelchNot Likely,Not Likely,"Detroit, MI",42.4263°N,83.1262°W,BIRTH LOCATION
Bjorn Hellgren,"Stockholm, Sweden",59.3293° N,18.0686° E,2056.403992,Bjorn HellgrenNot Likely,Not Likely,"Detroit, MI",42.4263°N,83.1262°W,BIRTH LOCATION
Sang-hee Lee,"Seoul, South Korea",37.5665° N,126.9780° E,3297.267117,Sang-hee LeeNot Likely,Not Likely,"Detroit, MI",42.4263°N,83.1262°W,BIRTH LOCATION
Brad Kennedy,"Brisbane, Australia",27.4705° S,153.0260° E,4578.55419,Brad KennedyNot Likely,Not Likely,"Detroit, MI",42.4263°N,83.1262°W,BIRTH LOCATION
Riki Kawamoto,"Tokyo, Japan",35.6762° N,139.6503° E,3201.644467,Riki KawamotoNot Likely,Not Likely,"Detroit, MI",42.4263°N,83.1262°W,BIRTH LOCATION
Yuwa Kosaihira,"Tokyo, Japan",35.6762° N,139.6503° E,3201.644467,Yuwa KosaihiraNot Likely,Not Likely,"Detroit, MI",42.4263°N,83.1262°W,BIRTH LOCATION
Joey Savoie,"Saint-Jean-sur-Richelieu, Quebec",45.3058° N,73.2522° W,265.0638687,Joey SavoieNot Likely,Not Likely,"Detroit, MI",42.4263°N,83.1262°W,BIRTH LOCATION
Oliver Wilson,"Mansfield, England",53.1445° N,1.2003° W,1830.537337,Oliver WilsonNot Likely,Not Likely,"Detroit, MI",42.4263°N,83.1262°W,BIRTH LOCATION
Garrick Porteous,"Morpeth, England",55.1688° N,1.6917° W,1794.177232,Garrick PorteousNot Likely,Not Likely,"Detroit, MI",42.4263°N,83.1262°W,BIRTH LOCATION
Martin Trainer,"Palo Alto, California",37.4419° N,122.1430° W,1038.477217,Martin TrainerNot Likely,Not Likely,"Detroit, MI",42.4263°N,83.1262°W,BIRTH LOCATION
Anthony Quayle,"Brisbane, Australia",27.4705° S,153.0260° E,4578.55419,Anthony QuayleNot Likely,Not Likely,"Detroit, MI",42.4263°N,83.1262°W,BIRTH LOCATION
Jovan Rebula,"Bloemfontein, South Africa",29.0852° S,26.1596° E,4240.714069,Jovan RebulaNot Likely,Not Likely,"Detroit, MI",42.4263°N,83.1262°W,BIRTH LOCATION
Yuvraj Sandhu,"Chandigarh, India",30.7333° N,76.7794° E,3611.60743,Yuvraj SandhuNot Likely,Not Likely,"Detroit, MI",42.4263°N,83.1262°W,BIRTH LOCATION
Paul Barjon,"Dumfries, Scotland",55.0709° N,3.6051° W,1760.223455,Paul BarjonNot Likely,Not Likely,"Detroit, MI",42.4263°N,83.1262°W,BIRTH LOCATION
Logan McAllister,"Tulsa, Oklahoma",36.1540° N,95.9928° W,405.8942492,Logan McAllisterNot Likely,Not Likely,"Detroit, MI",42.4263°N,83.1262°W,BIRTH LOCATION
Santiago Tarrio,"A Coruña, Spain",43.3623° N,8.4115° W,1823.858101,Santiago TarrioNot Likely,Not Likely,"Detroit, MI",42.4263°N,83.1262°W,BIRTH LOCATION
Cooper Dossey,"Austin, Texas",30.2672° N,97.7431° W,583.0323671,Cooper DosseyNot Likely,Not Likely,"Detroit, MI",42.4263°N,83.1262°W,BIRTH LOCATION
Kosuke Suzuki,"Tokyo, Japan",35.6762° N,139.6503° E,3201.644467,Kosuke SuzukiNot Likely,Not Likely,"Detroit, MI",42.4263°N,83.1262°W,BIRTH LOCATION
Shunya Takeyasu,"Tokyo, Japan",35.6762° N,139.6503° E,3201.644467,Shunya TakeyasuNot Likely,Not Likely,"Detroit, MI",42.4263°N,83.1262°W,BIRTH LOCATION
Cedric Gugler,"Geneva, Switzerland",46.2044° N,6.1432° E,2087.694941,Cedric GuglerNot Likely,Not Likely,"Detroit, MI",42.4263°N,83.1262°W,BIRTH LOCATION
Ashun Wu,"Beijing, China",39.9042° N,116.4074° E,3309.233958,Ashun WuNot Likely,Not Likely,"Detroit, MI",42.4263°N,83.1262°W,BIRTH LOCATION
Eun Shin Park,"Seoul, South Korea",37.5665° N,126.9780° E,3297.267117,Eun Shin ParkNot Likely,Not Likely,"Detroit, MI",42.4263°N,83.1262°W,BIRTH LOCATION
Martin Vorster,"Pretoria, South Africa",25.7479° S,28.2293° E,4227.049554,Martin VorsterNot Likely,Not Likely,"Detroit, MI",42.4263°N,83.1262°W,BIRTH LOCATION
Chandler Blanchet,"Miami, Florida",25.7617° N,80.1918° W,581.6990609,Chandler BlanchetNot Likely,Not Likely,"Detroit, MI",42.4263°N,83.1262°W,BIRTH LOCATION
Soomin Lee,"Seoul, South Korea",37.5665° N,126.9780° E,3297.267117,Soomin LeeNot Likely,Not Likely,"Detroit, MI",42.4263°N,83.1262°W,BIRTH LOCATION
Ahmad Baig,"Lahore, Pakistan",31.5204° N,74.3587° E,3565.701391,Ahmad BaigNot Likely,Not Likely,"Detroit, MI",42.4263°N,83.1262°W,BIRTH LOCATION
Cho Min-jun,"Seoul, South Korea",37.5665° N,126.9780° E,3297.267117,Cho Min-junNot Likely,Not Likely,"Detroit, MI",42.4263°N,83.1262°W,BIRTH LOCATION
David Kocher,"Bethesda, Maryland",38.9847° N,77.0947° W,197.6204749,David KocherNot Likely,Not Likely,"Detroit, MI",42.4263°N,83.1262°W,BIRTH LOCATION
Dustin Johnson,"Columbia, South Carolina",34.0007° N,81.0348° W,296.5354676,Dustin JohnsonNot Likely,Not Likely,"Detroit, MI",42.4263°N,83.1262°W,BIRTH LOCATION
Michael Johnson,"Mobile, Alabama",30.6954° N,88.0399° W,427.3838879,Michael JohnsonNot Likely,Not Likely,"Detroit, MI",42.4263°N,83.1262°W,BIRTH LOCATION
Justin Walters,"Durban, South Africa",29.8587° S,31.0218° E,4377.457493,Justin WaltersNot Likely,Not Likely,"Detroit, MI",42.4263°N,83.1262°W,BIRTH LOCATION
Sam Hutsby,"Portsmouth, England",50.8198° N,1.0875° W,1866.126324,Sam HutsbyNot Likely,Not Likely,"Detroit, MI",42.4263°N,83.1262°W,BIRTH LOCATION
Lloyd Jefferson Go,"Manila, Philippines",14.5995° N,120.9842° E,4104.620907,Lloyd Jefferson GoNot Likely,Not Likely,"Detroit, MI",42.4263°N,83.1262°W,BIRTH LOCATION
David Horsey,"Stockport, England",53.4106° N,2.1575° W,1808.740249,David HorseyNot Likely,Not Likely,"Detroit, MI",42.4263°N,83.1262°W,BIRTH LOCATION
Rafa Cabrera Bello,"Las Palmas, Spain",28.1235° N,15.4363° W,1920.404244,Rafa Cabrera BelloNot Likely,Not Likely,"Detroit, MI",42.4263°N,83.1262°W,BIRTH LOCATION
Jean Hugo,"Pretoria, South Africa",25.7479° S,28.2293° E,4227.049554,Jean HugoNot Likely,Not Likely,"Detroit, MI",42.4263°N,83.1262°W,BIRTH LOCATION
William McGirt,"Lumberton, North Carolina",34.6182° N,79.0086° W,291.7046028,William McGirtNot Likely,Not Likely,"Detroit, MI",42.4263°N,83.1262°W,BIRTH LOCATION
Runchanapong Youprayong,"Bangkok, Thailand",13.7563° N,100.5018° E,4274.104236,Runchanapong YouprayongNot Likely,Not Likely,"Detroit, MI",42.4263°N,83.1262°W,BIRTH LOCATION
,,,,,Not Likely,Not Likely,"Detroit, MI",42.4263°N,83.1262°W,BIRTH LOCATION
Hunter Epson,"Long Beach, California",33.7701° N,118.1937° W,991.1727327,Hunter EpsonNot Likely,Not Likely,"Detroit, MI",42.4263°N,83.1262°W,BIRTH LOCATION
James Nicholas,"Scarsdale, New York",41.0051° N,73.7846° W,245.7158322,James NicholasNot Likely,Not Likely,"Detroit, MI",42.4263°N,83.1262°W,BIRTH LOCATION
Paul Haley II,"Dallas, Texas",32.7767° N,96.7970° W,499.9730235,Paul Haley IINot Likely,Not Likely,"Detroit, MI",42.4263°N,83.1262°W,BIRTH LOCATION
Tom Lewis,"Welwyn Garden City, England",51.8031° N,0.2069° W,1868.784338,Tom LewisNot Likely,Not Likely,"Detroit, MI",42.4263°N,83.1262°W,BIRTH LOCATION
Bryce Garnett,"Tallahassee, Florida",30.4383° N,84.2807° W,415.3793751,Bryce GarnettNot Likely,Not Likely,"Detroit, MI",42.4263°N,83.1262°W,BIRTH LOCATION
A.J. McInerney,"Las Vegas, Nevada",36.1699° N,115.1398° W,877.0873629,A.J. McInerneyNot Likely,Not Likely,"Detroit, MI",42.4263°N,83.1262°W,BIRTH LOCATION
Sebastián Muñoz,"Bogotá, Colombia",4.7110° N,74.0721° W,1332.330089,Sebastián MuñozNot Likely,Not Likely,"Detroit, MI",42.4263°N,83.1262°W,BIRTH LOCATION
Ryan Lumsden,"Edinburgh, Scotland",55.9533° N,3.1883° W,1757.109883,Ryan LumsdenNot Likely,Not Likely,"Detroit, MI",42.4263°N,83.1262°W,BIRTH LOCATION
Manuel Relancio Menendez,"Madrid, Spain",40.4168° N,3.7038° W,1978.791002,Manuel Relancio MenendezNot Likely,Not Likely,"Detroit, MI",42.4263°N,83.1262°W,BIRTH LOCATION
Evan Harmeling,"Andover, Massachusetts",42.6584° N,71.1370° W,305.016672,Evan HarmelingNot Likely,Not Likely,"Detroit, MI",42.4263°N,83.1262°W,BIRTH LOCATION
David Lingmerth,"TranAs, Sweden",58.0372° N,14.9758° E,2033.072765,David LingmerthNot Likely,Not Likely,"Detroit, MI",42.4263°N,83.1262°W,BIRTH LOCATION
Soren Kjeldsen,"Odense, Denmark",55.4038° N,10.4024° E,2004.585264,Soren KjeldsenNot Likely,Not Likely,"Detroit, MI",42.4263°N,83.1262°W,BIRTH LOCATION
Evan Katz,"Atlanta, Georgia",33.7490° N,84.3880° W,301.72143,Evan KatzNot Likely,Not Likely,"Detroit, MI",42.4263°N,83.1262°W,BIRTH LOCATION
D.J. Trahan,"Spartanburg, South Carolina",34.9496° N,81.9320° W,260.2892927,D.J. TrahanNot Likely,Not Likely,"Detroit, MI",42.4263°N,83.1262°W,BIRTH LOCATION
Tom Murray,"Manchester, England",53.4808° N,2.2426° W,1806.182853,Tom MurrayNot Likely,Not Likely,"Detroit, MI",42.4263°N,83.1262°W,BIRTH LOCATION
Michael Kim,"Toronto, Ontario",43.6532° N,79.3832° W,103.5661663,Michael KimNot Likely,Not Likely,"Detroit, MI",42.4263°N,83.1262°W,BIRTH LOCATION
David Bradshaw,"Belfast, Northern Ireland",54.5973° N,5.9301° W,1722.488806,David BradshawNot Likely,Not Likely,"Detroit, MI",42.4263°N,83.1262°W,BIRTH LOCATION
Tom Sloman,"Brighton, England",50.8225° N,0.1372° W,1884.779996,Tom SlomanNot Likely,Not Likely,"Detroit, MI",42.4263°N,83.1262°W,BIRTH LOCATION
Evan Grenus,"Philadelphia, Pennsylvania",39.9526° N,75.1652° W,223.8027783,Evan GrenusNot Likely,Not Likely,"Detroit, MI",42.4263°N,83.1262°W,BIRTH LOCATION
Kornkamol Sukareekul,"Bangkok, Thailand",13.7563° N,100.5018° E,4274.104236,Kornkamol SukareekulNot Likely,Not Likely,"Detroit, MI",42.4263°N,83.1262°W,BIRTH LOCATION
Aaron Wise,"Cape Town, South Africa",33.9249° S,18.4241° E,4143.724309,Aaron WiseNot Likely,Not Likely,"Detroit, MI",42.4263°N,83.1262°W,BIRTH LOCATION
Arjun Atwal,"New Delhi, India",28.6139° N,77.2090° E,3685.656467,Arjun AtwalNot Likely,Not Likely,"Detroit, MI",42.4263°N,83.1262°W,BIRTH LOCATION
Morgan Hoffmann,"Saddle Brook, New Jersey",40.8989° N,74.0926° W,238.9191585,Morgan HoffmannNot Likely,Not Likely,"Detroit, MI",42.4263°N,83.1262°W,BIRTH LOCATION
Scott Brown,"Augusta, Georgia",33.4735° N,82.0105° W,310.7740371,Scott BrownNot Likely,Not Likely,"Detroit, MI",42.4263°N,83.1262°W,BIRTH LOCATION
Matt Sharpstene,"Asheville, North Carolina",35.5951° N,82.5515° W,236.499722,Matt SharpsteneNot Likely,Not Likely,"Detroit, MI",42.4263°N,83.1262°W,BIRTH LOCATION
Ricardo Celia,"Barranquilla, Colombia",10.9685° N,74.7813° W,1115.534405,Ricardo CeliaNot Likely,Not Likely,"Detroit, MI",42.4263°N,83.1262°W,BIRTH LOCATION
Daniel Gale,"Sydney, Australia",33.8688° S,151.2093° E,4738.642087,Daniel GaleNot Likely,Not Likely,"Detroit, MI",42.4263°N,83.1262°W,BIRTH LOCATION
Jako Van Zyl,"Pretoria, South Africa",25.7479° S,28.2293° E,4227.049554,Jako Van ZylNot Likely,Not Likely,"Detroit, MI",42.4263°N,83.1262°W,BIRTH LOCATION
Yoshitsugu Yuki,"Tokyo, Japan",35.6762° N,139.6503° E,3201.644467,Yoshitsugu YukiNot Likely,Not Likely,"Detroit, MI",42.4263°N,83.1262°W,BIRTH LOCATION
Sangmoon Bae,"Daegu, South Korea",35.8714° N,128.6014° E,3334.25897,Sangmoon BaeNot Likely,Not Likely,"Detroit, MI",42.4263°N,83.1262°W,BIRTH LOCATION
Drew Nesbitt,"Toronto, Ontario",43.6532° N,79.3832° W,103.5661663,Drew NesbittNot Likely,Not Likely,"Detroit, MI",42.4263°N,83.1262°W,BIRTH LOCATION
Nathan Petronzio,"Pittsburgh, Pennsylvania",40.4406° N,79.9959° W,106.1912053,Nathan PetronzioNot Likely,Not Likely,"Detroit, MI",42.4263°N,83.1262°W,BIRTH LOCATION
Torey Edwards,"Toronto, Ontario",43.6532° N,79.3832° W,103.5661663,Torey EdwardsNot Likely,Not Likely,"Detroit, MI",42.4263°N,83.1262°W,BIRTH LOCATION
Ryan Sullivan,"Raleigh, North Carolina",35.7796° N,78.6382° W,259.1376517,Ryan SullivanNot Likely,Not Likely,"Detroit, MI",42.4263°N,83.1262°W,BIRTH LOCATION
Alejandro Cañizares,"Madrid, Spain",40.4168° N,3.7038° W,1978.791002,Alejandro CañizaresNot Likely,Not Likely,"Detroit, MI",42.4263°N,83.1262°W,BIRTH LOCATION
Marc Warren,"Rutherglen, Scotland",55.8289° N,4.2138° W,1739.938224,Marc WarrenNot Likely,Not Likely,"Detroit, MI",42.4263°N,83.1262°W,BIRTH LOCATION
Michael Block,"St. Louis, Missouri",38.6270° N,90.1994° W,227.3045033,Michael BlockNot Likely,Not Likely,"Detroit, MI",42.4263°N,83.1262°W,BIRTH LOCATION
Tjaart van der Walt,"Pretoria, South Africa",25.7479° S,28.2293° E,4227.049554,Tjaart van der WaltNot Likely,Not Likely,"Detroit, MI",42.4263°N,83.1262°W,BIRTH LOCATION
Myles Lewis,"New Orleans, Louisiana",29.9511° N,90.0715° W,472.0613767,Myles LewisNot Likely,Not Likely,"Detroit, MI",42.4263°N,83.1262°W,BIRTH LOCATION
Thomas Longbella,"Chippewa Falls, Wisconsin",44.9369° N,91.3929° W,223.8724694,Thomas LongbellaNot Likely,Not Likely,"Detroit, MI",42.4263°N,83.1262°W,BIRTH LOCATION
Chris Baker,"Brownstown, Indiana",38.8789° N,86.0419° W,144.4042014,Chris BakerNot Likely,Not Likely,"Detroit, MI",42.4263°N,83.1262°W,BIRTH LOCATION
Ryan Brehm,"Mount Pleasant, Michigan",43.5978° N,84.7675° W,57.93726423,Ryan BrehmLikely,Likely,"Detroit, MI",42.4263°N,83.1262°W,BIRTH LOCATION
Mitch Sutton,"Toronto, Ontario",43.6532° N,79.3832° W,103.5661663,Mitch SuttonNot Likely,Not Likely,"Detroit, MI",42.4263°N,83.1262°W,BIRTH LOCATION
Jack Wall,"Ponte Vedra Beach, Florida",30.2397° N,81.3853° W,423.7622046,Jack WallNot Likely,Not Likely,"Detroit, MI",42.4263°N,83.1262°W,BIRTH LOCATION
Martin Simonsen,"Copenhagen, Denmark",55.6761° N,12.5683° E,2036.371671,Martin SimonsenNot Likely,Not Likely,"Detroit, MI",42.4263°N,83.1262°W,BIRTH LOCATION
Aaron Cockerill,"Winnipeg, Manitoba",49.8951° N,97.1384° W,421.9341013,Aaron CockerillNot Likely,Not Likely,"Detroit, MI",42.4263°N,83.1262°W,BIRTH LOCATION
Ben Carr,"Columbus, Georgia",32.4609° N,84.9877° W,348.0145081,Ben CarrNot Likely,Not Likely,"Detroit, MI",42.4263°N,83.1262°W,BIRTH LOCATION
Josh Hill,"Warrington, England",53.3890° N,2.5969° W,1800.689436,Josh HillNot Likely,Not Likely,"Detroit, MI",42.4263°N,83.1262°W,BIRTH LOCATION
M.J. Daffue,"Pretoria, South Africa",25.7479° S,28.2293° E,4227.049554,M.J. DaffueNot Likely,Not Likely,"Detroit, MI",42.4263°N,83.1262°W,BIRTH LOCATION
Evan Russell,"Toronto, Ontario",43.6532° N,79.3832° W,103.5661663,Evan RussellNot Likely,Not Likely,"Detroit, MI",42.4263°N,83.1262°W,BIRTH LOCATION
David Hearn,"Brampton, Ontario",43.7315° N,79.7624° W,96.10337003,David HearnPossible,Possible,"Detroit, MI",42.4263°N,83.1262°W,BIRTH LOCATION
Matt Every,"Daytona Beach, Florida",29.2108° N,81.0228° W,460.2999936,Matt EveryNot Likely,Not Likely,"Detroit, MI",42.4263°N,83.1262°W,BIRTH LOCATION
Matt Short,"Toronto, Ontario",43.6532° N,79.3832° W,103.5661663,Matt ShortNot Likely,Not Likely,"Detroit, MI",42.4263°N,83.1262°W,BIRTH LOCATION
Jack Trent,"Brisbane, Australia",27.4705° S,153.0260° E,4578.55419,Jack TrentNot Likely,Not Likely,"Detroit, MI",42.4263°N,83.1262°W,BIRTH LOCATION
Steven Alker,"Hamilton, New Zealand",37.7870° S,175.2793° E,4216.366014,Steven AlkerNot Likely,Not Likely,"Detroit, MI",42.4263°N,83.1262°W,BIRTH LOCATION
Dawie van der Walt,"Paarl, South Africa",33.7342° S,18.9752° E,4153.303694,Dawie van der WaltNot Likely,Not Likely,"Detroit, MI",42.4263°N,83.1262°W,BIRTH LOCATION
Jarryd Felton,"Perth, Australia",31.9505° S,115.8605° E,5585.191653,Jarryd FeltonNot Likely,Not Likely,"Detroit, MI",42.4263°N,83.1262°W,BIRTH LOCATION
Thomas Power Horan,"Dublin, Ireland",53.3498° N,6.2603° W,1730.977298,Thomas Power HoranNot Likely,Not Likely,"Detroit, MI",42.4263°N,83.1262°W,BIRTH LOCATION
Michael Brennan,"Houston, Texas",29.7604° N,95.3698° W,553.9822431,Michael BrennanNot Likely,Not Likely,"Detroit, MI",42.4263°N,83.1262°W,BIRTH LOCATION
Chase Hanna,"Dallas, Texas",32.7767° N,96.7970° W,499.9730235,Chase HannaNot Likely,Not Likely,"Detroit, MI",42.4263°N,83.1262°W,BIRTH LOCATION
Matt Saulez,"Durban, South Africa",29.8587° S,31.0218° E,4377.457493,Matt SaulezNot Likely,Not Likely,"Detroit, MI",42.4263°N,83.1262°W,BIRTH LOCATION
Ashton Turner,"York, England",53.9600° N,1.0873° W,1821.425287,Ashton TurnerNot Likely,Not Likely,"Detroit, MI",42.4263°N,83.1262°W,BIRTH LOCATION
David Nyfjäll,"Stockholm, Sweden",59.3293° N,18.0686° E,2056.403992,David NyfjällNot Likely,Not Likely,"Detroit, MI",42.4263°N,83.1262°W,BIRTH LOCATION
Cameron Percy,"Melbourne, Australia",37.8136° S,144.9631° E,4955.121986,Cameron PercyNot Likely,Not Likely,"Detroit, MI",42.4263°N,83.1262°W,BIRTH LOCATION
Ben Eccles,"Melbourne, Australia",37.8136° S,144.9631° E,4955.121986,Ben EcclesNot Likely,Not Likely,"Detroit, MI",42.4263°N,83.1262°W,BIRTH LOCATION
Blair Hamilton,"Toronto, Ontario",43.6532° N,79.3832° W,103.5661663,Blair HamiltonNot Likely,Not Likely,"Detroit, MI",42.4263°N,83.1262°W,BIRTH LOCATION
James Allenby,"Sydney, Australia",33.8688° S,151.2093° E,4738.642087,James AllenbyNot Likely,Not Likely,"Detroit, MI",42.4263°N,83.1262°W,BIRTH LOCATION
Rhein Gibson,"Sydney, Australia",33.8688° S,151.2093° E,4738.642087,Rhein GibsonNot Likely,Not Likely,"Detroit, MI",42.4263°N,83.1262°W,BIRTH LOCATION
George Bryan IV,"Columbia, South Carolina",34.0007° N,81.0348° W,296.5354676,George Bryan IVNot Likely,Not Likely,"Detroit, MI",42.4263°N,83.1262°W,BIRTH LOCATION
Jack Singh Brar,"Harrow, England",51.5806° N,0.3420° W,1869.452883,Jack Singh BrarNot Likely,Not Likely,"Detroit, MI",42.4263°N,83.1262°W,BIRTH LOCATION
Matt Ryan,"Toronto, Ontario",43.6532° N,79.3832° W,103.5661663,Matt RyanNot Likely,Not Likely,"Detroit, MI",42.4263°N,83.1262°W,BIRTH LOCATION
Trevor Sluman,"Orlando, Florida",28.5383° N,81.3792° W,482.2687471,Trevor SlumanNot Likely,Not Likely,"Detroit, MI",42.4263°N,83.1262°W,BIRTH LOCATION
,,,,,Not Likely,Not Likely,"Detroit, MI",42.4263°N,83.1262°W,BIRTH LOCATION
Oihan Guillamoundeguy,"Biarritz, France",43.4832° N,1.5586° W,1973.547794,Oihan GuillamoundeguyNot Likely,Not Likely,"Detroit, MI",42.4263°N,83.1262°W,BIRTH LOCATION
Victor Dubuisson,"Cannes, France",43.5528° N,7.0174° E,2155.27476,Victor DubuissonNot Likely,Not Likely,"Detroit, MI",42.4263°N,83.1262°W,BIRTH LOCATION
Tom Vaillant,"Paris, France",48.8566° N,2.3522° E,1965.174277,Tom VaillantNot Likely,Not Likely,"Detroit, MI",42.4263°N,83.1262°W,BIRTH LOCATION
Ollie Osborne,"Reno, Nevada",39.5296° N,119.8138° W,954.6194595,Ollie OsborneNot Likely,Not Likely,"Detroit, MI",42.4263°N,83.1262°W,BIRTH LOCATION
Laurie Owen,"Toronto, Ontario",43.6532° N,79.3832° W,103.5661663,Laurie OwenNot Likely,Not Likely,"Detroit, MI",42.4263°N,83.1262°W,BIRTH LOCATION
Manuel Quiros,"Málaga, Spain",36.7213° N,4.4213° W,2028.492947,Manuel QuirosNot Likely,Not Likely,"Detroit, MI",42.4263°N,83.1262°W,BIRTH LOCATION
Chris Williams,"Moscow, Idaho",46.7324° N,117.0002° W,839.9741995,Chris WilliamsNot Likely,Not Likely,"Detroit, MI",42.4263°N,83.1262°W,BIRTH LOCATION
Tyler Strafaci,"Fort Lauderdale, Florida",26.1224° N,80.1373° W,569.5739032,Tyler StrafaciNot Likely,Not Likely,"Detroit, MI",42.4263°N,83.1262°W,BIRTH LOCATION
David Howell,"Swindon, England",51.5558° N,1.7797° W,1841.81336,David HowellNot Likely,Not Likely,"Detroit, MI",42.4263°N,83.1262°W,BIRTH LOCATION
Tom McGee,"Toronto, Ontario",43.6532° N,79.3832° W,103.5661663,Tom McGeeNot Likely,Not Likely,"Detroit, MI",42.4263°N,83.1262°W,BIRTH LOCATION
David Cooke,"Toronto, Ontario",43.6532° N,79.3832° W,103.5661663,David CookeNot Likely,Not Likely,"Detroit, MI",42.4263°N,83.1262°W,BIRTH LOCATION
Ben Campbell,"Toronto, Ontario",43.6532° N,79.3832° W,103.5661663,Ben CampbellNot Likely,Not Likely,"Detroit, MI",42.4263°N,83.1262°W,BIRTH LOCATION
Michael Gligic,"Kitchener, Ontario",43.4516° N,80.4925° W,75.43660922,Michael GligicPossible,Possible,"Detroit, MI",42.4263°N,83.1262°W,BIRTH LOCATION
Drew Weaver,"High Point, North Carolina",35.9557° N,80.0053° W,238.600354,Drew WeaverNot Likely,Not Likely,"Detroit, MI",42.4263°N,83.1262°W,BIRTH LOCATION
James Hahn,"Seoul, South Korea",37.5665° N,126.9780° E,3297.267117,James HahnNot Likely,Not Likely,"Detroit, MI",42.4263°N,83.1262°W,BIRTH LOCATION
Lee Soo-min,"Seoul, South Korea",37.5665° N,126.9780° E,3297.267117,Lee Soo-minNot Likely,Not Likely,"Detroit, MI",42.4263°N,83.1262°W,BIRTH LOCATION
Ross Munro,"Toronto, Ontario",43.6532° N,79.3832° W,103.5661663,Ross MunroNot Likely,Not Likely,"Detroit, MI",42.4263°N,83.1262°W,BIRTH LOCATION
Hunter Stewart,"Lexington, Kentucky",38.0406° N,84.5037° W,155.8011514,Hunter StewartNot Likely,Not Likely,"Detroit, MI",42.4263°N,83.1262°W,BIRTH LOCATION
Chase Parker,"Toronto, Ontario",43.6532° N,79.3832° W,103.5661663,Chase ParkerNot Likely,Not Likely,"Detroit, MI",42.4263°N,83.1262°W,BIRTH LOCATION
Matt Hill,"Sarnia, Ontario",42.9745° N,82.4066° W,26.31448637,Matt HillVery Likely,Very Likely,"Detroit, MI",42.4263°N,83.1262°W,BIRTH LOCATION
Hugo Leon,"Santiago, Chile",33.4489° S,70.6693° W,2650.803806,Hugo LeonNot Likely,Not Likely,"Detroit, MI",42.4263°N,83.1262°W,BIRTH LOCATION
Grayson Murray,"Raleigh, North Carolina",35.7796° N,78.6382° W,259.1376517,Grayson MurrayNot Likely,Not Likely,"Detroit, MI",42.4263°N,83.1262°W,BIRTH LOCATION
Mike Weir,"Sarnia, Ontario",42.9745° N,82.4066° W,26.31448637,Mike WeirVery Likely,Very Likely,"Detroit, MI",42.4263°N,83.1262°W,BIRTH LOCATION
Chris Crisologo,"Vancouver, British Columbia",49.2827° N,123.1207° W,978.7318968,Chris CrisologoNot Likely,Not Likely,"Detroit, MI",42.4263°N,83.1262°W,BIRTH LOCATION
Evan White,"Toronto, Ontario",43.6532° N,79.3832° W,103.5661663,Evan WhiteNot Likely,Not Likely,"Detroit, MI",42.4263°N,83.1262°W,BIRTH LOCATION
Jesper Sandborg,"Stockholm, Sweden",59.3293° N,18.0686° E,2056.403992,Jesper SandborgNot Likely,Not Likely,"Detroit, MI",42.4263°N,83.1262°W,BIRTH LOCATION
Ben Lorenz,"Oklahoma City, Oklahoma",35.4676° N,97.5164° W,454.3425769,Ben LorenzNot Likely,Not Likely,"Detroit, MI",42.4263°N,83.1262°W,BIRTH LOCATION
Charlie Danielson,"Osceola, Wisconsin",45.3205° N,92.7049° W,258.4436106,Charlie DanielsonNot Likely,Not Likely,"Detroit, MI",42.4263°N,83.1262°W,BIRTH LOCATION
David Pastore,"Greenwich, Connecticut",41.0262° N,73.6282° W,249.4815435,David PastoreNot Likely,Not Likely,"Detroit, MI",42.4263°N,83.1262°W,BIRTH LOCATION
Lee Detmer,"Toronto, Ontario",43.6532° N,79.3832° W,103.5661663,Lee DetmerNot Likely,Not Likely,"Detroit, MI",42.4263°N,83.1262°W,BIRTH LOCATION
Michael Sweeney,"Toronto, Ontario",43.6532° N,79.3832° W,103.5661663,Michael SweeneyNot Likely,Not Likely,"Detroit, MI",42.4263°N,83.1262°W,BIRTH LOCATION
Corey Pereira,"Cameron Park, California",38.6688° N,120.9872° W,994.0139214,Corey PereiraNot Likely,Not Likely,"Detroit, MI",42.4263°N,83.1262°W,BIRTH LOCATION
John Augenstein,"Owensboro, Kentucky",37.7719° N,87.1112° W,192.1565652,John AugensteinNot Likely,Not Likely,"Detroit, MI",42.4263°N,83.1262°W,BIRTH LOCATION
Taylor Funk,"Ponte Vedra Beach, Florida",30.2397° N,81.3853° W,423.7622046,Taylor FunkNot Likely,Not Likely,"Detroit, MI",42.4263°N,83.1262°W,BIRTH LOCATION
Mark Baldwin,"Toronto, Ontario",43.6532° N,79.3832° W,103.5661663,Mark BaldwinNot Likely,Not Likely,"Detroit, MI",42.4263°N,83.1262°W,BIRTH LOCATION
Evan Holmes,"Toronto, Ontario",43.6532° N,79.3832° W,103.5661663,Evan HolmesNot Likely,Not Likely,"Detroit, MI",42.4263°N,83.1262°W,BIRTH LOCATION
Chris Korte,"Denver, Colorado",39.7392° N,104.9903° W,575.2117297,Chris KorteNot Likely,Not Likely,"Detroit, MI",42.4263°N,83.1262°W,BIRTH LOCATION
Sebastian Szirmak,"Toronto, Ontario",43.6532° N,79.3832° W,103.5661663,Sebastian SzirmakNot Likely,Not Likely,"Detroit, MI",42.4263°N,83.1262°W,BIRTH LOCATION
Ryan Yip,"Calgary, Alberta",51.0447° N,114.0719° W,783.6514693,Ryan YipNot Likely,Not Likely,"Detroit, MI",42.4263°N,83.1262°W,BIRTH LOCATION
Dominic Bozzelli,"Pittsford, New York",43.0906° N,77.5150° W,144.1389569,Dominic BozzelliNot Likely,Not Likely,"Detroit, MI",42.4263°N,83.1262°W,BIRTH LOCATION
Taylor Pendrith,"Richmond Hill, Ontario",43.8828° N,79.4403° W,105.6316607,Taylor PendrithNot Likely,Not Likely,"Detroit, MI",42.4263°N,83.1262°W,BIRTH LOCATION
Dylan Meyer,"Evansville, Indiana",37.9716° N,87.5711° W,193.4327786,Dylan MeyerNot Likely,Not Likely,"Detroit, MI",42.4263°N,83.1262°W,BIRTH LOCATION
Mike Ballo Jr.,"Stamford, Connecticut",41.0534° N,73.5387° W,251.5125946,Mike Ballo Jr.Not Likely,Not Likely,"Detroit, MI",42.4263°N,83.1262°W,BIRTH LOCATION
Brady Schnell,"Lincoln, Nebraska",40.8136° N,96.7026° W,354.6291135,Brady SchnellNot Likely,Not Likely,"Detroit, MI",42.4263°N,83.1262°W,BIRTH LOCATION
Ryan Hall,"Knoxville, Tennessee",35.9606° N,83.9207° W,224.3782639,Ryan HallNot Likely,Not Likely,"Detroit, MI",42.4263°N,83.1262°W,BIRTH LOCATION
Tyler McCumber,"Ponte Vedra Beach, Florida",30.2397° N,81.3853° W,423.7622046,Tyler McCumberNot Likely,Not Likely,"Detroit, MI",42.4263°N,83.1262°W,BIRTH LOCATION
Chris Naegel,"St. Louis, Missouri",38.6270° N,90.1994° W,227.3045033,Chris NaegelNot Likely,Not Likely,"Detroit, MI",42.4263°N,83.1262°W,BIRTH LOCATION
Brent Grant,"Sacramento, California",38.5816° N,121.4944° W,1007.912474,Brent GrantNot Likely,Not Likely,"Detroit, MI",42.4263°N,83.1262°W,BIRTH LOCATION
Brian Stuard,"Jackson, Michigan",42.2459° N,84.4013° W,33.15345796,Brian StuardLikely,Likely,"Detroit, MI",42.4263°N,83.1262°W,BIRTH LOCATION
Michael Sims,"Toronto, Ontario",43.6532° N,79.3832° W,103.5661663,Michael SimsNot Likely,Not Likely,"Detroit, MI",42.4263°N,83.1262°W,BIRTH LOCATION
Aaron Beverly,"Sacramento, California",38.5816° N,121.4944° W,1007.912474,Aaron BeverlyNot Likely,Not Likely,"Detroit, MI",42.4263°N,83.1262°W,BIRTH LOCATION
Matt Marshall,"Toronto, Ontario",43.6532° N,79.3832° W,103.5661663,Matt MarshallNot Likely,Not Likely,"Detroit, MI",42.4263°N,83.1262°W,BIRTH LOCATION
Brett Drewitt,"Inverell, Australia",29.7760° S,151.1120° E,4670.462283,Brett DrewittNot Likely,Not Likely,"Detroit, MI",42.4263°N,83.1262°W,BIRTH LOCATION
Johnny Ruiz,"Toronto, Ontario",43.6532° N,79.3832° W,103.5661663,Johnny RuizNot Likely,Not Likely,"Detroit, MI",42.4263°N,83.1262°W,BIRTH LOCATION
Anders Albertson,"Woodstock, Georgia",34.1015° N,84.5194° W,290.0570488,Anders AlbertsonNot Likely,Not Likely,"Detroit, MI",42.4263°N,83.1262°W,BIRTH LOCATION
Danielle Kang,"San Francisco, California",37.7749° N,122.4194° W,1041.260269,Danielle KangNot Likely,Not Likely,"Detroit, MI",42.4263°N,83.1262°W,BIRTH LOCATION
Evan Bowser,"Toronto, Ontario",43.6532° N,79.3832° W,103.5661663,Evan BowserNot Likely,Not Likely,"Detroit, MI",42.4263°N,83.1262°W,BIRTH LOCATION
Zac Oakley,"Toronto, Ontario",43.6532° N,79.3832° W,103.5661663,Zac OakleyNot Likely,Not Likely,"Detroit, MI",42.4263°N,83.1262°W,BIRTH LOCATION
Tim Wilkinson,"Palmerston North, New Zealand",40.3523° S,175.6082° E,4254.187628,Tim WilkinsonNot Likely,Not Likely,"Detroit, MI",42.4263°N,83.1262°W,BIRTH LOCATION
Charlie Reiter,"Palm Desert, California",33.7222° N,116.3745° W,945.8730323,Charlie ReiterNot Likely,Not Likely,"Detroit, MI",42.4263°N,83.1262°W,BIRTH LOCATION
Andrew Kozan,"Palm Beach Gardens, Florida",26.8234° N,80.1387° W,545.5836831,Andrew KozanNot Likely,Not Likely,"Detroit, MI",42.4263°N,83.1262°W,BIRTH LOCATION
Matt Parziale,"Brockton, Massachusetts",42.0834° N,71.0184° W,309.5651848,Matt ParzialeNot Likely,Not Likely,"Detroit, MI",42.4263°N,83.1262°W,BIRTH LOCATION
Mark Anguiano,"El Paso, Texas",31.7619° N,106.4850° W,738.0375788,Mark AnguianoNot Likely,Not Likely,"Detroit, MI",42.4263°N,83.1262°W,BIRTH LOCATION
Taylor Montgomery,"Las Vegas, Nevada",36.1699° N,115.1398° W,877.0873629,Taylor MontgomeryNot Likely,Not Likely,"Detroit, MI",42.4263°N,83.1262°W,BIRTH LOCATION
,,,,,Not Likely,Not Likely,"Detroit, MI",42.4263°N,83.1262°W,BIRTH LOCATION
Evan Brown,"Toronto, Ontario",43.6532° N,79.3832° W,103.5661663,Evan BrownNot Likely,Not Likely,"Detroit, MI",42.4263°N,83.1262°W,BIRTH LOCATION
Ben Silverman,"Palm Beach Gardens, Florida",26.8234° N,80.1387° W,545.5836831,Ben SilvermanNot Likely,Not Likely,"Detroit, MI",42.4263°N,83.1262°W,BIRTH LOCATION
Michael Feagles,"Hinsdale, Illinois",41.8009° N,87.9370° W,125.1498382,Michael FeaglesNot Likely,Not Likely,"Detroit, MI",42.4263°N,83.1262°W,BIRTH LOCATION
Jack Munro,"Toronto, Ontario",43.6532° N,79.3832° W,103.5661663,Jack MunroNot Likely,Not Likely,"Detroit, MI",42.4263°N,83.1262°W,BIRTH LOCATION
Josh Whalen,"Toronto, Ontario",43.6532° N,79.3832° W,103.5661663,Josh WhalenNot Likely,Not Likely,"Detroit, MI",42.4263°N,83.1262°W,BIRTH LOCATION
Hugo Bernard,"Quebec City, Quebec",46.8139° N,71.2080° W,329.464461,Hugo BernardNot Likely,Not Likely,"Detroit, MI",42.4263°N,83.1262°W,BIRTH LOCATION
Etienne Brault,"Toronto, Ontario",43.6532° N,79.3832° W,103.5661663,Etienne BraultNot Likely,Not Likely,"Detroit, MI",42.4263°N,83.1262°W,BIRTH LOCATION
Robbie Greenwell,"Toronto, Ontario",43.6532° N,79.3832° W,103.5661663,Robbie GreenwellNot Likely,Not Likely,"Detroit, MI",42.4263°N,83.1262°W,BIRTH LOCATION
Luke Schniederjans,"Dallas, Texas",32.7767° N,96.7970° W,499.9730235,Luke SchniederjansNot Likely,Not Likely,"Detroit, MI",42.4263°N,83.1262°W,BIRTH LOCATION
Pep Angles,"Barcelona, Spain",41.3851° N,2.1734° E,2092.424405,Pep AnglesNot Likely,Not Likely,"Detroit, MI",42.4263°N,83.1262°W,BIRTH LOCATION
Braden Bailey,"Waco, Texas",31.5493° N,97.1467° W,537.9593312,Braden BaileyNot Likely,Not Likely,"Detroit, MI",42.4263°N,83.1262°W,BIRTH LOCATION
Chris Crawford,"Jacksonville, Florida",30.3322° N,81.6557° W,419.7930572,Chris CrawfordNot Likely,Not Likely,"Detroit, MI",42.4263°N,83.1262°W,BIRTH LOCATION
Jonathan Keppler,"Toronto, Ontario",43.6532° N,79.3832° W,103.5661663,Jonathan KepplerNot Likely,Not Likely,"Detroit, MI",42.4263°N,83.1262°W,BIRTH LOCATION
P.J. Maybank,"Cheboygan, Michigan",45.6469° N,84.4745° W,116.1871179,P.J. MaybankNot Likely,Not Likely,"Detroit, MI",42.4263°N,83.1262°W,BIRTH LOCATION
Martin Piller,"Dallas, Texas",32.7767° N,96.7970° W,499.9730235,Martin PillerNot Likely,Not Likely,"Detroit, MI",42.4263°N,83.1262°W,BIRTH LOCATION
James Piot,"Canton, Michigan",42.3086° N,83.4821° W,9.952736731,James PiotExtremely Likely,Extremely Likely,"Detroit, MI",42.4263°N,83.1262°W,BIRTH LOCATION
Scott Stevens,"Toronto, Ontario",43.6532° N,79.3832° W,103.5661663,Scott StevensNot Likely,Not Likely,"Detroit, MI",42.4263°N,83.1262°W,BIRTH LOCATION
John Pak,"Scotch Plains, New Jersey",40.6554° N,74.3899° W,233.9178679,John PakNot Likely,Not Likely,"Detroit, MI",42.4263°N,83.1262°W,BIRTH LOCATION
Ryan Davis,"Toronto, Ontario",43.6532° N,79.3832° W,103.5661663,Ryan DavisNot Likely,Not Likely,"Detroit, MI",42.4263°N,83.1262°W,BIRTH LOCATION
Ryan Elmore,"Toronto, Ontario",43.6532° N,79.3832° W,103.5661663,Ryan ElmoreNot Likely,Not Likely,"Detroit, MI",42.4263°N,83.1262°W,BIRTH LOCATION
Taylor Funk,"Ponte Vedra Beach, Florida",30.2397° N,81.3853° W,423.7622046,Taylor FunkNot Likely,Not Likely,"Detroit, MI",42.4263°N,83.1262°W,BIRTH LOCATION
Albin Choi,"Toronto, Ontario",43.6532° N,79.3832° W,103.5661663,Albin ChoiNot Likely,Not Likely,"Detroit, MI",42.4263°N,83.1262°W,BIRTH LOCATION
Trevor Simsby,"Calgary, Alberta",51.0447° N,114.0719° W,783.6514693,Trevor SimsbyNot Likely,Not Likely,"Detroit, MI",42.4263°N,83.1262°W,BIRTH LOCATION
Derek Barron,"Toronto, Ontario",43.6532° N,79.3832° W,103.5661663,Derek BarronNot Likely,Not Likely,"Detroit, MI",42.4263°N,83.1262°W,BIRTH LOCATION
Brendan Leonard,"Toronto, Ontario",43.6532° N,79.3832° W,103.5661663,Brendan LeonardNot Likely,Not Likely,"Detroit, MI",42.4263°N,83.1262°W,BIRTH LOCATION
Mark Hubbard,"Denver, Colorado",39.7392° N,104.9903° W,575.2117297,Mark HubbardNot Likely,Not Likely,"Detroit, MI",42.4263°N,83.1262°W,BIRTH LOCATION
Will Thomson,"Toronto, Ontario",43.6532° N,79.3832° W,103.5661663,Will ThomsonNot Likely,Not Likely,"Detroit, MI",42.4263°N,83.1262°W,BIRTH LOCATION
Brad Miller,"Richmond, Virginia",37.5407° N,77.4360° W,226.10875,Brad MillerNot Likely,Not Likely,"Detroit, MI",42.4263°N,83.1262°W,BIRTH LOCATION
Jake Scott,"Toronto, Ontario",43.6532° N,79.3832° W,103.5661663,Jake ScottNot Likely,Not Likely,"Detroit, MI",42.4263°N,83.1262°W,BIRTH LOCATION
Wes Homan,"Cincinnati, Ohio",39.1031° N,84.5120° W,120.3918789,Wes HomanNot Likely,Not Likely,"Detroit, MI",42.4263°N,83.1262°W,BIRTH LOCATION
Jimmy Jones,"Toronto, Ontario",43.6532° N,79.3832° W,103.5661663,Jimmy JonesNot Likely,Not Likely,"Detroit, MI",42.4263°N,83.1262°W,BIRTH LOCATION
Dawson Armstrong,"Brentwood, Tennessee",36.0331° N,86.7828° W,241.5077741,Dawson ArmstrongNot Likely,Not Likely,"Detroit, MI",42.4263°N,83.1262°W,BIRTH LOCATION
Andrew McCain,"Toronto, Ontario",43.6532° N,79.3832° W,103.5661663,Andrew McCainNot Likely,Not Likely,"Detroit, MI",42.4263°N,83.1262°W,BIRTH LOCATION
Chris Francoeur,"Toronto, Ontario",43.6532° N,79.3832° W,103.5661663,Chris FrancoeurNot Likely,Not Likely,"Detroit, MI",42.4263°N,83.1262°W,BIRTH LOCATION
Evan Stinson,"Toronto, Ontario",43.6532° N,79.3832° W,103.5661663,Evan StinsonNot Likely,Not Likely,"Detroit, MI",42.4263°N,83.1262°W,BIRTH LOCATION
Garrett May,"Waco, Texas",31.5493° N,97.1467° W,537.9593312,Garrett MayNot Likely,Not Likely,"Detroit, MI",42.4263°N,83.1262°W,BIRTH LOCATION
Evan Thornton,"Toronto, Ontario",43.6532° N,79.3832° W,103.5661663,Evan ThorntonNot Likely,Not Likely,"Detroit, MI",42.4263°N,83.1262°W,BIRTH LOCATION
Andrew McAuley,"Toronto, Ontario",43.6532° N,79.3832° W,103.5661663,Andrew McAuleyNot Likely,Not Likely,"Detroit, MI",42.4263°N,83.1262°W,BIRTH LOCATION
Kyle Hogan,"Dallas, Texas",32.7767° N,96.7970° W,499.9730235,Kyle HoganNot Likely,Not Likely,"Detroit, MI",42.4263°N,83.1262°W,BIRTH LOCATION
Matt Oshrine,"Wellington, Florida",26.6618° N,80.2684° W,550.5623641,Matt OshrineNot Likely,Not Likely,"Detroit, MI",42.4263°N,83.1262°W,BIRTH LOCATION
Jon Mayer,"Toronto, Ontario",43.6532° N,79.3832° W,103.5661663,Jon MayerNot Likely,Not Likely,"Detroit, MI",42.4263°N,83.1262°W,BIRTH LOCATION
Brad Hopfinger,"Lake Forest, Illinois",42.2586° N,87.8406° W,120.5052233,Brad HopfingerNot Likely,Not Likely,"Detroit, MI",42.4263°N,83.1262°W,BIRTH LOCATION
David Snyder,"Toronto, Ontario",43.6532° N,79.3832° W,103.5661663,David SnyderNot Likely,Not Likely,"Detroit, MI",42.4263°N,83.1262°W,BIRTH LOCATION
Jaime Gomez,"Toronto, Ontario",43.6532° N,79.3832° W,103.5661663,Jaime GomezNot Likely,Not Likely,"Detroit, MI",42.4263°N,83.1262°W,BIRTH LOCATION
Max Sear,"Toronto, Ontario",43.6532° N,79.3832° W,103.5661663,Max SearNot Likely,Not Likely,"Detroit, MI",42.4263°N,83.1262°W,BIRTH LOCATION
Chris Wilson,"Toronto, Ontario",43.6532° N,79.3832° W,103.5661663,Chris WilsonNot Likely,Not Likely,"Detroit, MI",42.4263°N,83.1262°W,BIRTH LOCATION
Danny Walker,"Bradenton, Florida",27.4989° N,82.5748° W,515.9305254,Danny WalkerNot Likely,Not Likely,"Detroit, MI",42.4263°N,83.1262°W,BIRTH LOCATION
Zack Fischer,"San Antonio, Texas",29.4241° N,98.4936° W,619.8079488,Zack FischerNot Likely,Not Likely,"Detroit, MI",42.4263°N,83.1262°W,BIRTH LOCATION
Trevor Ranton,"Toronto, Ontario",43.6532° N,79.3832° W,103.5661663,Trevor RantonNot Likely,Not Likely,"Detroit, MI",42.4263°N,83.1262°W,BIRTH LOCATION
Tim Ritter,"Toronto, Ontario",43.6532° N,79.3832° W,103.5661663,Tim RitterNot Likely,Not Likely,"Detroit, MI",42.4263°N,83.1262°W,BIRTH LOCATION
Derek Gillespie,"Oshawa, Ontario",43.8971° N,78.8658° W,118.7569955,Derek GillespieNot Likely,Not Likely,"Detroit, MI",42.4263°N,83.1262°W,BIRTH LOCATION
Adam Cornelson,"Toronto, Ontario",43.6532° N,79.3832° W,103.5661663,Adam CornelsonNot Likely,Not Likely,"Detroit, MI",42.4263°N,83.1262°W,BIRTH LOCATION
Andrew Harrison,"Toronto, Ontario",43.6532° N,79.3832° W,103.5661663,Andrew HarrisonNot Likely,Not Likely,"Detroit, MI",42.4263°N,83.1262°W,BIRTH LOCATION
John Sand,"Toronto, Ontario",43.6532° N,79.3832° W,103.5661663,John SandNot Likely,Not Likely,"Detroit, MI",42.4263°N,83.1262°W,BIRTH LOCATION
Will Barnett,"Toronto, Ontario",43.6532° N,79.3832° W,103.5661663,Will BarnettNot Likely,Not Likely,"Detroit, MI",42.4263°N,83.1262°W,BIRTH LOCATION
Garrett Rank,"Elmira, Ontario",43.6011° N,80.5579° W,76.51999926,Garrett RankPossible,Possible,"Detroit, MI",42.4263°N,83.1262°W,BIRTH LOCATION
John Duthie,"Toronto, Ontario",43.6532° N,79.3832° W,103.5661663,John DuthieNot Likely,Not Likely,"Detroit, MI",42.4263°N,83.1262°W,BIRTH LOCATION
Tyler Ota,"Toronto, Ontario",43.6532° N,79.3832° W,103.5661663,Tyler OtaNot Likely,Not Likely,"Detroit, MI",42.4263°N,83.1262°W,BIRTH LOCATION
Evan DeGrazia,"Toronto, Ontario",43.6532° N,79.3832° W,103.5661663,Evan DeGraziaNot Likely,Not Likely,"Detroit, MI",42.4263°N,83.1262°W,BIRTH LOCATION
Derek Meinhart,"Toronto, Ontario",43.6532° N,79.3832° W,103.5661663,Derek MeinhartNot Likely,Not Likely,"Detroit, MI",42.4263°N,83.1262°W,BIRTH LOCATION
Michael Blair,"Toronto, Ontario",43.6532° N,79.3832° W,103.5661663,Michael BlairNot Likely,Not Likely,"Detroit, MI",42.4263°N,83.1262°W,BIRTH LOCATION
,,,,,Not Likely,Not Likely,"Detroit, MI",42.4263°N,83.1262°W,BIRTH LOCATION
Chris Hemmerich,"Toronto, Ontario",43.6532° N,79.3832° W,103.5661663,Chris HemmerichNot Likely,Not Likely,"Detroit, MI",42.4263°N,83.1262°W,BIRTH LOCATION
Jesse Smith,"Toronto, Ontario",43.6532° N,79.3832° W,103.5661663,Jesse SmithNot Likely,Not Likely,"Detroit, MI",42.4263°N,83.1262°W,BIRTH LOCATION
Mike Van Sickle,"Pittsburgh, Pennsylvania",40.4406° N,79.9959° W,106.1912053,Mike Van SickleNot Likely,Not Likely,"Detroit, MI",42.4263°N,83.1262°W,BIRTH LOCATION
Andrew Jensen,"Toronto, Ontario",43.6532° N,79.3832° W,103.5661663,Andrew JensenNot Likely,Not Likely,"Detroit, MI",42.4263°N,83.1262°W,BIRTH LOCATION
Matt Williams,"Houston, Texas",29.7604° N,95.3698° W,553.9822431,Matt WilliamsNot Likely,Not Likely,"Detroit, MI",42.4263°N,83.1262°W,BIRTH LOCATION
Jimmy Beck,"Toronto, Ontario",43.6532° N,79.3832° W,103.5661663,Jimmy BeckNot Likely,Not Likely,"Detroit, MI",42.4263°N,83.1262°W,BIRTH LOCATION
Russell Budd,"Toronto, Ontario",43.6532° N,79.3832° W,103.5661663,Russell BuddNot Likely,Not Likely,"Detroit, MI",42.4263°N,83.1262°W,BIRTH LOCATION
Jake Goodman,"Toronto, Ontario",43.6532° N,79.3832° W,103.5661663,Jake GoodmanNot Likely,Not Likely,"Detroit, MI",42.4263°N,83.1262°W,BIRTH LOCATION
Blair Bursey,"Toronto, Ontario",43.6532° N,79.3832° W,103.5661663,Blair BurseyNot Likely,Not Likely,"Detroit, MI",42.4263°N,83.1262°W,BIRTH LOCATION
Clark Rustand,"Toronto, Ontario",43.6532° N,79.3832° W,103.5661663,Clark RustandNot Likely,Not Likely,"Detroit, MI",42.4263°N,83.1262°W,BIRTH LOCATION
Kelvin Day,"Toronto, Ontario",43.6532° N,79.3832° W,103.5661663,Kelvin DayNot Likely,Not Likely,"Detroit, MI",42.4263°N,83.1262°W,BIRTH LOCATION
Jake Knapp,"Costa Mesa, California",33.6411° N,117.9187° W,986.2963629,Jake KnappNot Likely,Not Likely,"Detroit, MI",42.4263°N,83.1262°W,BIRTH LOCATION
Jon Mills,"Kentville, Nova Scotia",45.0771° N,64.4960° W,472.7285719,Jon MillsNot Likely,Not Likely,"Detroit, MI",42.4263°N,83.1262°W,BIRTH LOCATION
Brian Dwyer,"Toronto, Ontario",43.6532° N,79.3832° W,103.5661663,Brian DwyerNot Likely,Not Likely,"Detroit, MI",42.4263°N,83.1262°W,BIRTH LOCATION
Tyler Wateska,"Toronto, Ontario",43.6532° N,79.3832° W,103.5661663,Tyler WateskaNot Likely,Not Likely,"Detroit, MI",42.4263°N,83.1262°W,BIRTH LOCATION
Chris Ross,"Toronto, Ontario",43.6532° N,79.3832° W,103.5661663,Chris RossNot Likely,Not Likely,"Detroit, MI",42.4263°N,83.1262°W,BIRTH LOCATION
Marc-Etienne Bussieres,"Quebec City, Quebec",46.8139° N,71.2080° W,329.464461,Marc-Etienne BussieresNot Likely,Not Likely,"Detroit, MI",42.4263°N,83.1262°W,BIRTH LOCATION
Hayden Shieh,"San Jose, California",37.3382° N,121.8863° W,1033.285205,Hayden ShiehNot Likely,Not Likely,"Detroit, MI",42.4263°N,83.1262°W,BIRTH LOCATION
Michael Karoly,"Toronto, Ontario",43.6532° N,79.3832° W,103.5661663,Michael KarolyNot Likely,Not Likely,"Detroit, MI",42.4263°N,83.1262°W,BIRTH LOCATION
Chris Wilson,"Toronto, Ontario",43.6532° N,79.3832° W,103.5661663,Chris WilsonNot Likely,Not Likely,"Detroit, MI",42.4263°N,83.1262°W,BIRTH LOCATION
Andrew McCain,"Toronto, Ontario",43.6532° N,79.3832° W,103.5661663,Andrew McCainNot Likely,Not Likely,"Detroit, MI",42.4263°N,83.1262°W,BIRTH LOCATION
Evan Holmes,"Toronto, Ontario",43.6532° N,79.3832° W,103.5661663,Evan HolmesNot Likely,Not Likely,"Detroit, MI",42.4263°N,83.1262°W,BIRTH LOCATION
David Holzinger,"Toronto, Ontario",43.6532° N,79.3832° W,103.5661663,David HolzingerNot Likely,Not Likely,"Detroit, MI",42.4263°N,83.1262°W,BIRTH LOCATION
Jake Kevorkian,"Toronto, Ontario",43.6532° N,79.3832° W,103.5661663,Jake KevorkianNot Likely,Not Likely,"Detroit, MI",42.4263°N,83.1262°W,BIRTH LOCATION
David Timberlake,"Toronto, Ontario",43.6532° N,79.3832° W,103.5661663,David TimberlakeNot Likely,Not Likely,"Detroit, MI",42.4263°N,83.1262°W,BIRTH LOCATION
David French,"Toronto, Ontario",43.6532° N,79.3832° W,103.5661663,David FrenchNot Likely,Not Likely,"Detroit, MI",42.4263°N,83.1262°W,BIRTH LOCATION
Luke Moser,"Toronto, Ontario",43.6532° N,79.3832° W,103.5661663,Luke MoserNot Likely,Not Likely,"Detroit, MI",42.4263°N,83.1262°W,BIRTH LOCATION
Russell Whatford,"Toronto, Ontario",43.6532° N,79.3832° W,103.5661663,Russell WhatfordNot Likely,Not Likely,"Detroit, MI",42.4263°N,83.1262°W,BIRTH LOCATION
Chris Crisologo,"Vancouver, British Columbia",49.2827° N,123.1207° W,978.7318968,Chris CrisologoNot Likely,Not Likely,"Detroit, MI",42.4263°N,83.1262°W,BIRTH LOCATION
Chris Wilson,"Toronto, Ontario",43.6532° N,79.3832° W,103.5661663,Chris WilsonNot Likely,Not Likely,"Detroit, MI",42.4263°N,83.1262°W,BIRTH LOCATION
Evan DeGrazia,"Toronto, Ontario",43.6532° N,79.3832° W,103.5661663,Evan DeGraziaNot Likely,Not Likely,"Detroit, MI",42.4263°N,83.1262°W,BIRTH LOCATION
Jimmy Jones,"Toronto, Ontario",43.6532° N,79.3832° W,103.5661663,Jimmy JonesNot Likely,Not Likely,"Detroit, MI",42.4263°N,83.1262°W,BIRTH LOCATION
Jon Mills,"Kentville, Nova Scotia",45.0771° N,64.4960° W,472.7285719,Jon MillsNot Likely,Not Likely,"Detroit, MI",42.4263°N,83.1262°W,BIRTH LOCATION
Kelvin Day,"Toronto, Ontario",43.6532° N,79.3832° W,103.5661663,Kelvin DayNot Likely,Not Likely,"Detroit, MI",42.4263°N,83.1262°W,BIRTH LOCATION
Marc-Etienne Bussieres,"Quebec City, Quebec",46.8139° N,71.2080° W,329.464461,Marc-Etienne BussieresNot Likely,Not Likely,"Detroit, MI",42.4263°N,83.1262°W,BIRTH LOCATION
Michael Karoly,"Toronto, Ontario",43.6532° N,79.3832° W,103.5661663,Michael KarolyNot Likely,Not Likely,"Detroit, MI",42.4263°N,83.1262°W,BIRTH LOCATION
Russell Budd,"Toronto, Ontario",43.6532° N,79.3832° W,103.5661663,Russell BuddNot Likely,Not Likely,"Detroit, MI",42.4263°N,83.1262°W,BIRTH LOCATION
David Timberlake,"Toronto, Ontario",43.6532° N,79.3832° W,103.5661663,David TimberlakeNot Likely,Not Likely,"Detroit, MI",42.4263°N,83.1262°W,BIRTH LOCATION
Jake Goodman,"Toronto, Ontario",43.6532° N,79.3832° W,103.5661663,Jake GoodmanNot Likely,Not Likely,"Detroit, MI",42.4263°N,83.1262°W,BIRTH LOCATION
Jimmy Beck,"Toronto, Ontario",43.6532° N,79.3832° W,103.5661663,Jimmy BeckNot Likely,Not Likely,"Detroit, MI",42.4263°N,83.1262°W,BIRTH LOCATION
Blair Bursey,"Toronto, Ontario",43.6532° N,79.3832° W,103.5661663,Blair BurseyNot Likely,Not Likely,"Detroit, MI",42.4263°N,83.1262°W,BIRTH LOCATION
Clark Rustand,"Toronto, Ontario",43.6532° N,79.3832° W,103.5661663,Clark RustandNot Likely,Not Likely,"Detroit, MI",42.4263°N,83.1262°W,BIRTH LOCATION
Brian Dwyer,"Toronto, Ontario",43.6532° N,79.3832° W,103.5661663,Brian DwyerNot Likely,Not Likely,"Detroit, MI",42.4263°N,83.1262°W,BIRTH LOCATION
Tyler Wateska,"Toronto, Ontario",43.6532° N,79.3832° W,103.5661663,Tyler WateskaNot Likely,Not Likely,"Detroit, MI",42.4263°N,83.1262°W,BIRTH LOCATION
Chris Ross,"Toronto, Ontario",43.6532° N,79.3832° W,103.5661663,Chris RossNot Likely,Not Likely,"Detroit, MI",42.4263°N,83.1262°W,BIRTH LOCATION
Hayden Shieh,"San Jose, California",37.3382° N,121.8863° W,1033.285205,Hayden ShiehNot Likely,Not Likely,"Detroit, MI",42.4263°N,83.1262°W,BIRTH LOCATION
David Holzinger,"Toronto, Ontario",43.6532° N,79.3832° W,103.5661663,David HolzingerNot Likely,Not Likely,"Detroit, MI",42.4263°N,83.1262°W,BIRTH LOCATION
Jake Kevorkian,"Toronto, Ontario",43.6532° N,79.3832° W,103.5661663,Jake KevorkianNot Likely,Not Likely,"Detroit, MI",42.4263°N,83.1262°W,BIRTH LOCATION
David French,"Toronto, Ontario",43.6532° N,79.3832° W,103.5661663,David FrenchNot Likely,Not Likely,"Detroit, MI",42.4263°N,83.1262°W,BIRTH LOCATION
Luke Moser,"Toronto, Ontario",43.6532° N,79.3832° W,103.5661663,Luke MoserNot Likely,Not Likely,"Detroit, MI",42.4263°N,83.1262°W,BIRTH LOCATION
Russell Whatford,"Toronto, Ontario",43.6532° N,79.3832° W,103.5661663,Russell WhatfordNot Likely,Not Likely,"Detroit, MI",42.4263°N,83.1262°W,BIRTH LOCATION
Chris Wilson,"Toronto, Ontario",43.6532° N,79.3832° W,103.5661663,Chris WilsonNot Likely,Not Likely,"Detroit, MI",42.4263°N,83.1262°W,BIRTH LOCATION
Evan DeGrazia,"Toronto, Ontario",43.6532° N,79.3832° W,103.5661663,Evan DeGraziaNot Likely,Not Likely,"Detroit, MI",42.4263°N,83.1262°W,BIRTH LOCATION
Jimmy Jones,"Toronto, Ontario",43.6532° N,79.3832° W,103.5661663,Jimmy JonesNot Likely,Not Likely,"Detroit, MI",42.4263°N,83.1262°W,BIRTH LOCATION
Andrew McCain,"Toronto, Ontario",43.6532° N,79.3832° W,103.5661663,Andrew McCainNot Likely,Not Likely,"Detroit, MI",42.4263°N,83.1262°W,BIRTH LOCATION
Chris Francoeur,"Toronto, Ontario",43.6532° N,79.3832° W,103.5661663,Chris FrancoeurNot Likely,Not Likely,"Detroit, MI",42.4263°N,83.1262°W,BIRTH LOCATION
Evan Stinson,"Toronto, Ontario",43.6532° N,79.3832° W,103.5661663,Evan StinsonNot Likely,Not Likely,"Detroit, MI",42.4263°N,83.1262°W,BIRTH LOCATION
Evan Thornton,"Toronto, Ontario",43.6532° N,79.3832° W,103.5661663,Evan ThorntonNot Likely,Not Likely,"Detroit, MI",42.4263°N,83.1262°W,BIRTH LOCATION
Andrew McAuley,"Toronto, Ontario",43.6532° N,79.3832° W,103.5661663,Andrew McAuleyNot Likely,Not Likely,"Detroit, MI",42.4263°N,83.1262°W,BIRTH LOCATION
Derek Barron,"Toronto, Ontario",43.6532° N,79.3832° W,103.5661663,Derek BarronNot Likely,Not Likely,"Detroit, MI",42.4263°N,83.1262°W,BIRTH LOCATION
Brendan Leonard,"Toronto, Ontario",43.6532° N,79.3832° W,103.5661663,Brendan LeonardNot Likely,Not Likely,"Detroit, MI",42.4263°N,83.1262°W,BIRTH LOCATION
Will Thomson,"Toronto, Ontario",43.6532° N,79.3832° W,103.5661663,Will ThomsonNot Likely,Not Likely,"Detroit, MI",42.4263°N,83.1262°W,BIRTH LOCATION
Jake Scott,"Toronto, Ontario",43.6532° N,79.3832° W,103.5661663,Jake ScottNot Likely,Not Likely,"Detroit, MI",42.4263°N,83.1262°W,BIRTH LOCATION
Brad Miller,"Richmond, Virginia",37.5407° N,77.4360° W,226.10875,Brad MillerNot Likely,Not Likely,"Detroit, MI",42.4263°N,83.1262°W,BIRTH LOCATION
Wes Homan,"Cincinnati, Ohio",39.1031° N,84.5120° W,120.3918789,Wes HomanNot Likely,Not Likely,"Detroit, MI",42.4263°N,83.1262°W,BIRTH LOCATION
Dawson Armstrong,"Brentwood, Tennessee",36.0331° N,86.7828° W,241.5077741,Dawson ArmstrongNot Likely,Not Likely,"Detroit, MI",42.4263°N,83.1262°W,BIRTH LOCATION
Garrett May,"Waco, Texas",31.5493° N,97.1467° W,537.9593312,Garrett MayNot Likely,Not Likely,"Detroit, MI",42.4263°N,83.1262°W,BIRTH LOCATION
Danny Walker,"Bradenton, Florida",27.4989° N,82.5748° W,515.9305254,Danny WalkerNot Likely,Not Likely,"Detroit, MI",42.4263°N,83.1262°W,BIRTH LOCATION
Zack Fischer,"San Antonio, Texas",29.4241° N,98.4936° W,619.8079488,Zack FischerNot Likely,Not Likely,"Detroit, MI",42.4263°N,83.1262°W,BIRTH LOCATION
Kyle Hogan,"Dallas, Texas",32.7767° N,96.7970° W,499.9730235,Kyle HoganNot Likely,Not Likely,"Detroit, MI",42.4263°N,83.1262°W,BIRTH LOCATION
Matt Oshrine,"Wellington, Florida",26.6618° N,80.2684° W,550.5623641,Matt OshrineNot Likely,Not Likely,"Detroit, MI",42.4263°N,83.1262°W,BIRTH LOCATION
Brad Hopfinger,"Lake Forest, Illinois",42.2586° N,87.8406° W,120.5052233,Brad HopfingerNot Likely,Not Likely,"Detroit, MI",42.4263°N,83.1262°W,BIRTH LOCATION
,,,,,Not Likely,Not Likely,"Detroit, MI",42.4263°N,83.1262°W,BIRTH LOCATION
Mike Van Sickle,"Pittsburgh, Pennsylvania",40.4406° N,79.9959° W,106.1912053,Mike Van SickleNot Likely,Not Likely,"Detroit, MI",42.4263°N,83.1262°W,BIRTH LOCATION
Matt Williams,"Houston, Texas",29.7604° N,95.3698° W,553.9822431,Matt WilliamsNot Likely,Not Likely,"Detroit, MI",42.4263°N,83.1262°W,BIRTH LOCATION
Hayden Shieh,"San Jose, California",37.3382° N,121.8863° W,1033.285205,Hayden ShiehNot Likely,Not Likely,"Detroit, MI",42.4263°N,83.1262°W,BIRTH LOCATION
Chris Crawford,"Jacksonville, Florida",30.3322° N,81.6557° W,419.7930572,Chris CrawfordNot Likely,Not Likely,"Detroit, MI",42.4263°N,83.1262°W,BIRTH LOCATION
Braden Bailey,"Waco, Texas",31.5493° N,97.1467° W,537.9593312,Braden BaileyNot Likely,Not Likely,"Detroit, MI",42.4263°N,83.1262°W,BIRTH LOCATION
Pep Angles,"Barcelona, Spain",41.3851° N,2.1734° E,2092.424405,Pep AnglesNot Likely,Not Likely,"Detroit, MI",42.4263°N,83.1262°W,BIRTH LOCATION
Luke Schniederjans,"Dallas, Texas",32.7767° N,96.7970° W,499.9730235,Luke SchniederjansNot Likely,Not Likely,"Detroit, MI",42.4263°N,83.1262°W,BIRTH LOCATION
Albin Choi,"Toronto, Ontario",43.6532° N,79.3832° W,103.5661663,Albin ChoiNot Likely,Not Likely,"Detroit, MI",42.4263°N,83.1262°W,BIRTH LOCATION
Trevor Simsby,"Calgary, Alberta",51.0447° N,114.0719° W,783.6514693,Trevor SimsbyNot Likely,Not Likely,"Detroit, MI",42.4263°N,83.1262°W,BIRTH LOCATION
Martin Piller,"Dallas, Texas",32.7767° N,96.7970° W,499.9730235,Martin PillerNot Likely,Not Likely,"Detroit, MI",42.4263°N,83.1262°W,BIRTH LOCATION
James Piot,"Canton, Michigan",42.3086° N,83.4821° W,9.952736731,James PiotExtremely Likely,Extremely Likely,"Detroit, MI",42.4263°N,83.1262°W,BIRTH LOCATION
P.J. Maybank,"Cheboygan, Michigan",45.6469° N,84.4745° W,116.1871179,P.J. MaybankNot Likely,Not Likely,"Detroit, MI",42.4263°N,83.1262°W,BIRTH LOCATION
John Pak,"Scotch Plains, New Jersey",40.6554° N,74.3899° W,233.9178679,John PakNot Likely,Not Likely,"Detroit, MI",42.4263°N,83.1262°W,BIRTH LOCATION
Scott Stevens,"Toronto, Ontario",43.6532° N,79.3832° W,103.5661663,Scott StevensNot Likely,Not Likely,"Detroit, MI",42.4263°N,83.1262°W,BIRTH LOCATION
Tyler McCumber,"Ponte Vedra Beach, Florida",30.2397° N,81.3853° W,423.7622046,Tyler McCumberNot Likely,Not Likely,"Detroit, MI",42.4263°N,83.1262°W,BIRTH LOCATION
Chris Naegel,"St. Louis, Missouri",38.6270° N,90.1994° W,227.3045033,Chris NaegelNot Likely,Not Likely,"Detroit, MI",42.4263°N,83.1262°W,BIRTH LOCATION
Brent Grant,"Sacramento, California",38.5816° N,121.4944° W,1007.912474,Brent GrantNot Likely,Not Likely,"Detroit, MI",42.4263°N,83.1262°W,BIRTH LOCATION
Brian Stuard,"Jackson, Michigan",42.2459° N,84.4013° W,33.15345796,Brian StuardLikely,Likely,"Detroit, MI",42.4263°N,83.1262°W,BIRTH LOCATION
Michael Sims,"Toronto, Ontario",43.6532° N,79.3832° W,103.5661663,Michael SimsNot Likely,Not Likely,"Detroit, MI",42.4263°N,83.1262°W,BIRTH LOCATION
Aaron Beverly,"Sacramento, California",38.5816° N,121.4944° W,1007.912474,Aaron BeverlyNot Likely,Not Likely,"Detroit, MI",42.4263°N,83.1262°W,BIRTH LOCATION
Matt Marshall,"Toronto, Ontario",43.6532° N,79.3832° W,103.5661663,Matt MarshallNot Likely,Not Likely,"Detroit, MI",42.4263°N,83.1262°W,BIRTH LOCATION
Johnny Ruiz,"Toronto, Ontario",43.6532° N,79.3832° W,103.5661663,Johnny RuizNot Likely,Not Likely,"Detroit, MI",42.4263°N,83.1262°W,BIRTH LOCATION
Anders Albertson,"Woodstock, Georgia",34.1015° N,84.5194° W,290.0570488,Anders AlbertsonNot Likely,Not Likely,"Detroit, MI",42.4263°N,83.1262°W,BIRTH LOCATION
Danielle Kang,"San Francisco, California",37.7749° N,122.4194° W,1041.260269,Danielle KangNot Likely,Not Likely,"Detroit, MI",42.4263°N,83.1262°W,BIRTH LOCATION
Evan Bowser,"Toronto, Ontario",43.6532° N,79.3832° W,103.5661663,Evan BowserNot Likely,Not Likely,"Detroit, MI",42.4263°N,83.1262°W,BIRTH LOCATION
Zac Oakley,"Toronto, Ontario",43.6532° N,79.3832° W,103.5661663,Zac OakleyNot Likely,Not Likely,"Detroit, MI",42.4263°N,83.1262°W,BIRTH LOCATION
Tim Wilkinson,"Palmerston North, New Zealand",40.3523° S,175.6082° E,4254.187628,Tim WilkinsonNot Likely,Not Likely,"Detroit, MI",42.4263°N,83.1262°W,BIRTH LOCATION
Charlie Reiter,"Palm Desert, California",33.7222° N,116.3745° W,945.8730323,Charlie ReiterNot Likely,Not Likely,"Detroit, MI",42.4263°N,83.1262°W,BIRTH LOCATION
Andrew Kozan,"Palm Beach Gardens, Florida",26.8234° N,80.1387° W,545.5836831,Andrew KozanNot Likely,Not Likely,"Detroit, MI",42.4263°N,83.1262°W,BIRTH LOCATION
Matt Parziale,"Brockton, Massachusetts",42.0834° N,71.0184° W,309.5651848,Matt ParzialeNot Likely,Not Likely,"Detroit, MI",42.4263°N,83.1262°W,BIRTH LOCATION
Mark Anguiano,"El Paso, Texas",31.7619° N,106.4850° W,738.0375788,Mark AnguianoNot Likely,Not Likely,"Detroit, MI",42.4263°N,83.1262°W,BIRTH LOCATION
Taylor Montgomery,"Las Vegas, Nevada",36.1699° N,115.1398° W,877.0873629,Taylor MontgomeryNot Likely,Not Likely,"Detroit, MI",42.4263°N,83.1262°W,BIRTH LOCATION
Evan Brown,"Toronto, Ontario",43.6532° N,79.3832° W,103.5661663,Evan BrownNot Likely,Not Likely,"Detroit, MI",42.4263°N,83.1262°W,BIRTH LOCATION
Ben Silverman,"Palm Beach Gardens, Florida",26.8234° N,80.1387° W,545.5836831,Ben SilvermanNot Likely,Not Likely,"Detroit, MI",42.4263°N,83.1262°W,BIRTH LOCATION
Michael Feagles,"Hinsdale, Illinois",41.8009° N,87.9370° W,125.1498382,Michael FeaglesNot Likely,Not Likely,"Detroit, MI",42.4263°N,83.1262°W,BIRTH LOCATION
Jack Munro,"Toronto, Ontario",43.6532° N,79.3832° W,103.5661663,Jack MunroNot Likely,Not Likely,"Detroit, MI",42.4263°N,83.1262°W,BIRTH LOCATION
Josh Whalen,"Toronto, Ontario",43.6532° N,79.3832° W,103.5661663,Josh WhalenNot Likely,Not Likely,"Detroit, MI",42.4263°N,83.1262°W,BIRTH LOCATION
Hugo Bernard,"Quebec City, Quebec",46.8139° N,71.2080° W,329.464461,Hugo BernardNot Likely,Not Likely,"Detroit, MI",42.4263°N,83.1262°W,BIRTH LOCATION
Etienne Brault,"Toronto, Ontario",43.6532° N,79.3832° W,103.5661663,Etienne BraultNot Likely,Not Likely,"Detroit, MI",42.4263°N,83.1262°W,BIRTH LOCATION
Robbie Greenwell,"Toronto, Ontario",43.6532° N,79.3832° W,103.5661663,Robbie GreenwellNot Likely,Not Likely,"Detroit, MI",42.4263°N,83.1262°W,BIRTH LOCATION
Chris Crawford,"Jacksonville, Florida",30.3322° N,81.6557° W,419.7930572,Chris CrawfordNot Likely,Not Likely,"Detroit, MI",42.4263°N,83.1262°W,BIRTH LOCATION
Braden Bailey,"Waco, Texas",31.5493° N,97.1467° W,537.9593312,Braden BaileyNot Likely,Not Likely,"Detroit, MI",42.4263°N,83.1262°W,BIRTH LOCATION
Pep Angles,"Barcelona, Spain",41.3851° N,2.1734° E,2092.424405,Pep AnglesNot Likely,Not Likely,"Detroit, MI",42.4263°N,83.1262°W,BIRTH LOCATION
Luke Schniederjans,"Dallas, Texas",32.7767° N,96.7970° W,499.9730235,Luke SchniederjansNot Likely,Not Likely,"Detroit, MI",42.4263°N,83.1262°W,BIRTH LOCATION
Albin Choi,"Toronto, Ontario",43.6532° N,79.3832° W,103.5661663,Albin ChoiNot Likely,Not Likely,"Detroit, MI",42.4263°N,83.1262°W,BIRTH LOCATION
Trevor Simsby,"Calgary, Alberta",51.0447° N,114.0719° W,783.6514693,Trevor SimsbyNot Likely,Not Likely,"Detroit, MI",42.4263°N,83.1262°W,BIRTH LOCATION
Martin Piller,"Dallas, Texas",32.7767° N,96.7970° W,499.9730235,Martin PillerNot Likely,Not Likely,"Detroit, MI",42.4263°N,83.1262°W,BIRTH LOCATION
James Piot,"Canton, Michigan",42.3086° N,83.4821° W,9.952736731,James PiotExtremely Likely,Extremely Likely,"Detroit, MI",42.4263°N,83.1262°W,BIRTH LOCATION
P.J. Maybank,"Cheboygan, Michigan",45.6469° N,84.4745° W,116.1871179,P.J. MaybankNot Likely,Not Likely,"Detroit, MI",42.4263°N,83.1262°W,BIRTH LOCATION
John Pak,"Scotch Plains, New Jersey",40.6554° N,74.3899° W,233.9178679,John PakNot Likely,Not Likely,"Detroit, MI",42.4263°N,83.1262°W,BIRTH LOCATION
Scott Stevens,"Toronto, Ontario",43.6532° N,79.3832° W,103.5661663,Scott StevensNot Likely,Not Likely,"Detroit, MI",42.4263°N,83.1262°W,BIRTH LOCATION
Tyler McCumber,"Ponte Vedra Beach, Florida",30.2397° N,81.3853° W,423.7622046,Tyler McCumberNot Likely,Not Likely,"Detroit, MI",42.4263°N,83.1262°W,BIRTH LOCATION
Chris Naegel,"St. Louis, Missouri",38.6270° N,90.1994° W,227.3045033,Chris NaegelNot Likely,Not Likely,"Detroit, MI",42.4263°N,83.1262°W,BIRTH LOCATION
Brent Grant,"Sacramento, California",38.5816° N,121.4944° W,1007.912474,Brent GrantNot Likely,Not Likely,"Detroit, MI",42.4263°N,83.1262°W,BIRTH LOCATION
Brian Stuard,"Jackson, Michigan",42.2459° N,84.4013° W,33.15345796,Brian StuardLikely,Likely,"Detroit, MI",42.4263°N,83.1262°W,BIRTH LOCATION
Michael Sims,"Toronto, Ontario",43.6532° N,79.3832° W,103.5661663,Michael SimsNot Likely,Not Likely,"Detroit, MI",42.4263°N,83.1262°W,BIRTH LOCATION
Aaron Beverly,"Sacramento, California",38.5816° N,121.4944° W,1007.912474,Aaron BeverlyNot Likely,Not Likely,"Detroit, MI",42.4263°N,83.1262°W,BIRTH LOCATION
Matt Marshall,"Toronto, Ontario",43.6532° N,79.3832° W,103.5661663,Matt MarshallNot Likely,Not Likely,"Detroit, MI",42.4263°N,83.1262°W,BIRTH LOCATION
Johnny Ruiz,"Toronto, Ontario",43.6532° N,79.3832° W,103.5661663,Johnny RuizNot Likely,Not Likely,"Detroit, MI",42.4263°N,83.1262°W,BIRTH LOCATION
Anders Albertson,"Woodstock, Georgia",34.1015° N,84.5194° W,290.0570488,Anders AlbertsonNot Likely,Not Likely,"Detroit, MI",42.4263°N,83.1262°W,BIRTH LOCATION
Danielle Kang,"San Francisco, California",37.7749° N,122.4194° W,1041.260269,Danielle KangNot Likely,Not Likely,"Detroit, MI",42.4263°N,83.1262°W,BIRTH LOCATION
Evan Bowser,"Toronto, Ontario",43.6532° N,79.3832° W,103.5661663,Evan BowserNot Likely,Not Likely,"Detroit, MI",42.4263°N,83.1262°W,BIRTH LOCATION
Zac Oakley,"Toronto, Ontario",43.6532° N,79.3832° W,103.5661663,Zac OakleyNot Likely,Not Likely,"Detroit, MI",42.4263°N,83.1262°W,BIRTH LOCATION
Tim Wilkinson,"Palmerston North, New Zealand",40.3523° S,175.6082° E,4254.187628,Tim WilkinsonNot Likely,Not Likely,"Detroit, MI",42.4263°N,83.1262°W,BIRTH LOCATION
Charlie Reiter,"Palm Desert, California",33.7222° N,116.3745° W,945.8730323,Charlie ReiterNot Likely,Not Likely,"Detroit, MI",42.4263°N,83.1262°W,BIRTH LOCATION
Andrew Kozan,"Palm Beach Gardens, Florida",26.8234° N,80.1387° W,545.5836831,Andrew KozanNot Likely,Not Likely,"Detroit, MI",42.4263°N,83.1262°W,BIRTH LOCATION
Matt Parziale,"Brockton, Massachusetts",42.0834° N,71.0184° W,309.5651848,Matt ParzialeNot Likely,Not Likely,"Detroit, MI",42.4263°N,83.1262°W,BIRTH LOCATION
Mark Anguiano,"El Paso, Texas",31.7619° N,106.4850° W,738.0375788,Mark AnguianoNot Likely,Not Likely,"Detroit, MI",42.4263°N,83.1262°W,BIRTH LOCATION
Taylor Montgomery,"Las Vegas, Nevada",36.1699° N,115.1398° W,877.0873629,Taylor MontgomeryNot Likely,Not Likely,"Detroit, MI",42.4263°N,83.1262°W,BIRTH LOCATION
Evan Brown,"Toronto, Ontario",43.6532° N,79.3832° W,103.5661663,Evan BrownNot Likely,Not Likely,"Detroit, MI",42.4263°N,83.1262°W,BIRTH LOCATION
Ben Silverman,"Palm Beach Gardens, Florida",26.8234° N,80.1387° W,545.5836831,Ben SilvermanNot Likely,Not Likely,"Detroit, MI",42.4263°N,83.1262°W,BIRTH LOCATION
Michael Feagles,"Hinsdale, Illinois",41.8009° N,87.9370° W,125.1498382,Michael FeaglesNot Likely,Not Likely,"Detroit, MI",42.4263°N,83.1262°W,BIRTH LOCATION
Jack Munro,"Toronto, Ontario",43.6532° N,79.3832° W,103.5661663,Jack MunroNot Likely,Not Likely,"Detroit, MI",42.4263°N,83.1262°W,BIRTH LOCATION
Josh Whalen,"Toronto, Ontario",43.6532° N,79.3832° W,103.5661663,Josh WhalenNot Likely,Not Likely,"Detroit, MI",42.4263°N,83.1262°W,BIRTH LOCATION
Hugo Bernard,"Quebec City, Quebec",46.8139° N,71.2080° W,329.464461,Hugo BernardNot Likely,Not Likely,"Detroit, MI",42.4263°N,83.1262°W,BIRTH LOCATION
Etienne Brault,"Toronto, Ontario",43.6532° N,79.3832° W,103.5661663,Etienne BraultNot Likely,Not Likely,"Detroit, MI",42.4263°N,83.1262°W,BIRTH LOCATION
Robbie Greenwell,"Toronto, Ontario",43.6532° N,79.3832° W,103.5661663,Robbie GreenwellNot Likely,Not Likely,"Detroit, MI",42.4263°N,83.1262°W,BIRTH LOCATION
Chris Crawford,"Jacksonville, Florida",30.3322° N,81.6557° W,419.7930572,Chris CrawfordNot Likely,Not Likely,"Detroit, MI",42.4263°N,83.1262°W,BIRTH LOCATION
Braden Bailey,"Waco, Texas",31.5493° N,97.1467° W,537.9593312,Braden BaileyNot Likely,Not Likely,"Detroit, MI",42.4263°N,83.1262°W,BIRTH LOCATION
Pep Angles,"Barcelona, Spain",41.3851° N,2.1734° E,2092.424405,Pep AnglesNot Likely,Not Likely,"Detroit, MI",42.4263°N,83.1262°W,BIRTH LOCATION
Luke Schniederjans,"Dallas, Texas",32.7767° N,96.7970° W,499.9730235,Luke SchniederjansNot Likely,Not Likely,"Detroit, MI",42.4263°N,83.1262°W,BIRTH LOCATION
Albin Choi,"Toronto, Ontario",43.6532° N,79.3832° W,103.5661663,Albin ChoiNot Likely,Not Likely,"Detroit, MI",42.4263°N,83.1262°W,BIRTH LOCATION
Trevor Simsby,"Calgary, Alberta",51.0447° N,114.0719° W,783.6514693,Trevor SimsbyNot Likely,Not Likely,"Detroit, MI",42.4263°N,83.1262°W,BIRTH LOCATION
Martin Piller,"Dallas, Texas",32.7767° N,96.7970° W,499.9730235,Martin PillerNot Likely,Not Likely,"Detroit, MI",42.4263°N,83.1262°W,BIRTH LOCATION
,,,,,Not Likely,Not Likely,"Detroit, MI",42.4263°N,83.1262°W,BIRTH LOCATION
James Piot,"Canton, Michigan",42.3086° N,83.4821° W,9.952736731,James PiotExtremely Likely,Extremely Likely,"Detroit, MI",42.4263°N,83.1262°W,BIRTH LOCATION
P.J. Maybank,"Cheboygan, Michigan",45.6469° N,84.4745° W,116.1871179,P.J. MaybankNot Likely,Not Likely,"Detroit, MI",42.4263°N,83.1262°W,BIRTH LOCATION
John Pak,"Scotch Plains, New Jersey",40.6554° N,74.3899° W,233.9178679,John PakNot Likely,Not Likely,"Detroit, MI",42.4263°N,83.1262°W,BIRTH LOCATION
Scott Stevens,"Toronto, Ontario",43.6532° N,79.3832° W,103.5661663,Scott StevensNot Likely,Not Likely,"Detroit, MI",42.4263°N,83.1262°W,BIRTH LOCATION
Tyler McCumber,"Ponte Vedra Beach, Florida",30.2397° N,81.3853° W,423.7622046,Tyler McCumberNot Likely,Not Likely,"Detroit, MI",42.4263°N,83.1262°W,BIRTH LOCATION
Chris Naegel,"St. Louis, Missouri",38.6270° N,90.1994° W,227.3045033,Chris NaegelNot Likely,Not Likely,"Detroit, MI",42.4263°N,83.1262°W,BIRTH LOCATION
Brent Grant,"Sacramento, California",38.5816° N,121.4944° W,1007.912474,Brent GrantNot Likely,Not Likely,"Detroit, MI",42.4263°N,83.1262°W,BIRTH LOCATION
Brian Stuard,"Jackson, Michigan",42.2459° N,84.4013° W,33.15345796,Brian StuardLikely,Likely,"Detroit, MI",42.4263°N,83.1262°W,BIRTH LOCATION
Michael Sims,"Toronto, Ontario",43.6532° N,79.3832° W,103.5661663,Michael SimsNot Likely,Not Likely,"Detroit, MI",42.4263°N,83.1262°W,BIRTH LOCATION
Aaron Beverly,"Sacramento, California",38.5816° N,121.4944° W,1007.912474,Aaron BeverlyNot Likely,Not Likely,"Detroit, MI",42.4263°N,83.1262°W,BIRTH LOCATION
Matt Marshall,"Toronto, Ontario",43.6532° N,79.3832° W,103.5661663,Matt MarshallNot Likely,Not Likely,"Detroit, MI",42.4263°N,83.1262°W,BIRTH LOCATION
Johnny Ruiz,"Toronto, Ontario",43.6532° N,79.3832° W,103.5661663,Johnny RuizNot Likely,Not Likely,"Detroit, MI",42.4263°N,83.1262°W,BIRTH LOCATION
Anders Albertson,"Woodstock, Georgia",34.1015° N,84.5194° W,290.0570488,Anders AlbertsonNot Likely,Not Likely,"Detroit, MI",42.4263°N,83.1262°W,BIRTH LOCATION
Danielle Kang,"San Francisco, California",37.7749° N,122.4194° W,1041.260269,Danielle KangNot Likely,Not Likely,"Detroit, MI",42.4263°N,83.1262°W,BIRTH LOCATION
Evan Bowser,"Toronto, Ontario",43.6532° N,79.3832° W,103.5661663,Evan BowserNot Likely,Not Likely,"Detroit, MI",42.4263°N,83.1262°W,BIRTH LOCATION
Zac Oakley,"Toronto, Ontario",43.6532° N,79.3832° W,103.5661663,Zac OakleyNot Likely,Not Likely,"Detroit, MI",42.4263°N,83.1262°W,BIRTH LOCATION
Tim Wilkinson,"Palmerston North, New Zealand",40.3523° S,175.6082° E,4254.187628,Tim WilkinsonNot Likely,Not Likely,"Detroit, MI",42.4263°N,83.1262°W,BIRTH LOCATION
Charlie Reiter,"Palm Desert, California",33.7222° N,116.3745° W,945.8730323,Charlie ReiterNot Likely,Not Likely,"Detroit, MI",42.4263°N,83.1262°W,BIRTH LOCATION
Andrew Kozan,"Palm Beach Gardens, Florida",26.8234° N,80.1387° W,545.5836831,Andrew KozanNot Likely,Not Likely,"Detroit, MI",42.4263°N,83.1262°W,BIRTH LOCATION
Matt Parziale,"Brockton, Massachusetts",42.0834° N,71.0184° W,309.5651848,Matt ParzialeNot Likely,Not Likely,"Detroit, MI",42.4263°N,83.1262°W,BIRTH LOCATION
Mark Anguiano,"El Paso, Texas",31.7619° N,106.4850° W,738.0375788,Mark AnguianoNot Likely,Not Likely,"Detroit, MI",42.4263°N,83.1262°W,BIRTH LOCATION
Taylor Montgomery,"Las Vegas, Nevada",36.1699° N,115.1398° W,877.0873629,Taylor MontgomeryNot Likely,Not Likely,"Detroit, MI",42.4263°N,83.1262°W,BIRTH LOCATION
Evan Brown,"Toronto, Ontario",43.6532° N,79.3832° W,103.5661663,Evan BrownNot Likely,Not Likely,"Detroit, MI",42.4263°N,83.1262°W,BIRTH LOCATION
Ben Silverman,"Palm Beach Gardens, Florida",26.8234° N,80.1387° W,545.5836831,Ben SilvermanNot Likely,Not Likely,"Detroit, MI",42.4263°N,83.1262°W,BIRTH LOCATION
Michael Feagles,"Hinsdale, Illinois",41.8009° N,87.9370° W,125.1498382,Michael FeaglesNot Likely,Not Likely,"Detroit, MI",42.4263°N,83.1262°W,BIRTH LOCATION
Jack Munro,"Toronto, Ontario",43.6532° N,79.3832° W,103.5661663,Jack MunroNot Likely,Not Likely,"Detroit, MI",42.4263°N,83.1262°W,BIRTH LOCATION
Josh Whalen,"Toronto, Ontario",43.6532° N,79.3832° W,103.5661663,Josh WhalenNot Likely,Not Likely,"Detroit, MI",42.4263°N,83.1262°W,BIRTH LOCATION
Hugo Bernard,"Quebec City, Quebec",46.8139° N,71.2080° W,329.464461,Hugo BernardNot Likely,Not Likely,"Detroit, MI",42.4263°N,83.1262°W,BIRTH LOCATION
Etienne Brault,"Toronto, Ontario",43.6532° N,79.3832° W,103.5661663,Etienne BraultNot Likely,Not Likely,"Detroit, MI",42.4263°N,83.1262°W,BIRTH LOCATION
Robbie Greenwell,"Toronto, Ontario",43.6532° N,79.3832° W,103.5661663,Robbie GreenwellNot Likely,Not Likely,"Detroit, MI",42.4263°N,83.1262°W,BIRTH LOCATION
Chris Crawford,"Jacksonville, Florida",30.3322° N,81.6557° W,419.7930572,Chris CrawfordNot Likely,Not Likely,"Detroit, MI",42.4263°N,83.1262°W,BIRTH LOCATION
Braden Bailey,"Waco, Texas",31.5493° N,97.1467° W,537.9593312,Braden BaileyNot Likely,Not Likely,"Detroit, MI",42.4263°N,83.1262°W,BIRTH LOCATION
Pep Angles,"Barcelona, Spain",41.3851° N,2.1734° E,2092.424405,Pep AnglesNot Likely,Not Likely,"Detroit, MI",42.4263°N,83.1262°W,BIRTH LOCATION
Luke Schniederjans,"Dallas, Texas",32.7767° N,96.7970° W,499.9730235,Luke SchniederjansNot Likely,Not Likely,"Detroit, MI",42.4263°N,83.1262°W,BIRTH LOCATION
Albin Choi,"Toronto, Ontario",43.6532° N,79.3832° W,103.5661663,Albin ChoiNot Likely,Not Likely,"Detroit, MI",42.4263°N,83.1262°W,BIRTH LOCATION
Trevor Simsby,"Calgary, Alberta",51.0447° N,114.0719° W,783.6514693,Trevor SimsbyNot Likely,Not Likely,"Detroit, MI",42.4263°N,83.1262°W,BIRTH LOCATION
Martin Piller,"Dallas, Texas",32.7767° N,96.7970° W,499.9730235,Martin PillerNot Likely,Not Likely,"Detroit, MI",42.4263°N,83.1262°W,BIRTH LOCATION
James Piot,"Canton, Michigan",42.3086° N,83.4821° W,9.952736731,James PiotExtremely Likely,Extremely Likely,"Detroit, MI",42.4263°N,83.1262°W,BIRTH LOCATION
P.J. Maybank,"Cheboygan, Michigan",45.6469° N,84.4745° W,116.1871179,P.J. MaybankNot Likely,Not Likely,"Detroit, MI",42.4263°N,83.1262°W,BIRTH LOCATION
John Pak,"Scotch Plains, New Jersey",40.6554° N,74.3899° W,233.9178679,John PakNot Likely,Not Likely,"Detroit, MI",42.4263°N,83.1262°W,BIRTH LOCATION
Scott Stevens,"Toronto, Ontario",43.6532° N,79.3832° W,103.5661663,Scott StevensNot Likely,Not Likely,"Detroit, MI",42.4263°N,83.1262°W,BIRTH LOCATION
Tyler McCumber,"Ponte Vedra Beach, Florida",30.2397° N,81.3853° W,423.7622046,Tyler McCumberNot Likely,Not Likely,"Detroit, MI",42.4263°N,83.1262°W,BIRTH LOCATION
Chris Naegel,"St. Louis, Missouri",38.6270° N,90.1994° W,227.3045033,Chris NaegelNot Likely,Not Likely,"Detroit, MI",42.4263°N,83.1262°W,BIRTH LOCATION
Brent Grant,"Sacramento, California",38.5816° N,121.4944° W,1007.912474,Brent GrantNot Likely,Not Likely,"Detroit, MI",42.4263°N,83.1262°W,BIRTH LOCATION
Brian Stuard,"Jackson, Michigan",42.2459° N,84.4013° W,33.15345796,Brian StuardLikely,Likely,"Detroit, MI",42.4263°N,83.1262°W,BIRTH LOCATION
Michael Sims,"Toronto, Ontario",43.6532° N,79.3832° W,103.5661663,Michael SimsNot Likely,Not Likely,"Detroit, MI",42.4263°N,83.1262°W,BIRTH LOCATION
Aaron Beverly,"Sacramento, California",38.5816° N,121.4944° W,1007.912474,Aaron BeverlyNot Likely,Not Likely,"Detroit, MI",42.4263°N,83.1262°W,BIRTH LOCATION
Matt Marshall,"Toronto, Ontario",43.6532° N,79.3832° W,103.5661663,Matt MarshallNot Likely,Not Likely,"Detroit, MI",42.4263°N,83.1262°W,BIRTH LOCATION
Johnny Ruiz,"Toronto, Ontario",43.6532° N,79.3832° W,103.5661663,Johnny RuizNot Likely,Not Likely,"Detroit, MI",42.4263°N,83.1262°W,BIRTH LOCATION
Anders Albertson,"Woodstock, Georgia",34.1015° N,84.5194° W,290.0570488,Anders AlbertsonNot Likely,Not Likely,"Detroit, MI",42.4263°N,83.1262°W,BIRTH LOCATION
Danielle Kang,"San Francisco, California",37.7749° N,122.4194° W,1041.260269,Danielle KangNot Likely,Not Likely,"Detroit, MI",42.4263°N,83.1262°W,BIRTH LOCATION
Evan Bowser,"Toronto, Ontario",43.6532° N,79.3832° W,103.5661663,Evan BowserNot Likely,Not Likely,"Detroit, MI",42.4263°N,83.1262°W,BIRTH LOCATION
Zac Oakley,"Toronto, Ontario",43.6532° N,79.3832° W,103.5661663,Zac OakleyNot Likely,Not Likely,"Detroit, MI",42.4263°N,83.1262°W,BIRTH LOCATION
Tim Wilkinson,"Palmerston North, New Zealand",40.3523° S,175.6082° E,4254.187628,Tim WilkinsonNot Likely,Not Likely,"Detroit, MI",42.4263°N,83.1262°W,BIRTH LOCATION
Charlie Reiter,"Palm Desert, California",33.7222° N,116.3745° W,945.8730323,Charlie ReiterNot Likely,Not Likely,"Detroit, MI",42.4263°N,83.1262°W,BIRTH LOCATION
Andrew Kozan,"Palm Beach Gardens, Florida",26.8234° N,80.1387° W,545.5836831,Andrew KozanNot Likely,Not Likely,"Detroit, MI",42.4263°N,83.1262°W,BIRTH LOCATION
Matt Parziale,"Brockton, Massachusetts",42.0834° N,71.0184° W,309.5651848,Matt ParzialeNot Likely,Not Likely,"Detroit, MI",42.4263°N,83.1262°W,BIRTH LOCATION
Mark Anguiano,"El Paso, Texas",31.7619° N,106.4850° W,738.0375788,Mark AnguianoNot Likely,Not Likely,"Detroit, MI",42.4263°N,83.1262°W,BIRTH LOCATION
Taylor Montgomery,"Las Vegas, Nevada",36.1699° N,115.1398° W,877.0873629,Taylor MontgomeryNot Likely,Not Likely,"Detroit, MI",42.4263°N,83.1262°W,BIRTH LOCATION
Evan Brown,"Toronto, Ontario",43.6532° N,79.3832° W,103.5661663,Evan BrownNot Likely,Not Likely,"Detroit, MI",42.4263°N,83.1262°W,BIRTH LOCATION
Ben Silverman,"Palm Beach Gardens, Florida",26.8234° N,80.1387° W,545.5836831,Ben SilvermanNot Likely,Not Likely,"Detroit, MI",42.4263°N,83.1262°W,BIRTH LOCATION
Michael Feagles,"Hinsdale, Illinois",41.8009° N,87.9370° W,125.1498382,Michael FeaglesNot Likely,Not Likely,"Detroit, MI",42.4263°N,83.1262°W,BIRTH LOCATION
Jack Munro,"Toronto, Ontario",43.6532° N,79.3832° W,103.5661663,Jack MunroNot Likely,Not Likely,"Detroit, MI",42.4263°N,83.1262°W,BIRTH LOCATION
Josh Whalen,"Toronto, Ontario",43.6532° N,79.3832° W,103.5661663,Josh WhalenNot Likely,Not Likely,"Detroit, MI",42.4263°N,83.1262°W,BIRTH LOCATION
Hugo Bernard,"Quebec City, Quebec",46.8139° N,71.2080° W,329.464461,Hugo BernardNot Likely,Not Likely,"Detroit, MI",42.4263°N,83.1262°W,BIRTH LOCATION
Etienne Brault,"Toronto, Ontario",43.6532° N,79.3832° W,103.5661663,Etienne BraultNot Likely,Not Likely,"Detroit, MI",42.4263°N,83.1262°W,BIRTH LOCATION
Robbie Greenwell,"Toronto, Ontario",43.6532° N,79.3832° W,103.5661663,Robbie GreenwellNot Likely,Not Likely,"Detroit, MI",42.4263°N,83.1262°W,BIRTH LOCATION
Chris Crawford,"Jacksonville, Florida",30.3322° N,81.6557° W,419.7930572,Chris CrawfordNot Likely,Not Likely,"Detroit, MI",42.4263°N,83.1262°W,BIRTH LOCATION
Braden Bailey,"Waco, Texas",31.5493° N,97.1467° W,537.9593312,Braden BaileyNot Likely,Not Likely,"Detroit, MI",42.4263°N,83.1262°W,BIRTH LOCATION
Pep Angles,"Barcelona, Spain",41.3851° N,2.1734° E,2092.424405,Pep AnglesNot Likely,Not Likely,"Detroit, MI",42.4263°N,83.1262°W,BIRTH LOCATION
Luke Schniederjans,"Dallas, Texas",32.7767° N,96.7970° W,499.9730235,Luke SchniederjansNot Likely,Not Likely,"Detroit, MI",42.4263°N,83.1262°W,BIRTH LOCATION
Albin Choi,"Toronto, Ontario",43.6532° N,79.3832° W,103.5661663,Albin ChoiNot Likely,Not Likely,"Detroit, MI",42.4263°N,83.1262°W,BIRTH LOCATION
Trevor Simsby,"Calgary, Alberta",51.0447° N,114.0719° W,783.6514693,Trevor SimsbyNot Likely,Not Likely,"Detroit, MI",42.4263°N,83.1262°W,BIRTH LOCATION
Martin Piller,"Dallas, Texas",32.7767° N,96.7970° W,499.9730235,Martin PillerNot Likely,Not Likely,"Detroit, MI",42.4263°N,83.1262°W,BIRTH LOCATION
James Piot,"Canton, Michigan",42.3086° N,83.4821° W,9.952736731,James PiotExtremely Likely,Extremely Likely,"Detroit, MI",42.4263°N,83.1262°W,BIRTH LOCATION
P.J. Maybank,"Cheboygan, Michigan",45.6469° N,84.4745° W,116.1871179,P.J. MaybankNot Likely,Not Likely,"Detroit, MI",42.4263°N,83.1262°W,BIRTH LOCATION
John Pak,"Scotch Plains, New Jersey",40.6554° N,74.3899° W,233.9178679,John PakNot Likely,Not Likely,"Detroit, MI",42.4263°N,83.1262°W,BIRTH LOCATION
Scott Stevens,"Toronto, Ontario",43.6532° N,79.3832° W,103.5661663,Scott StevensNot Likely,Not Likely,"Detroit, MI",42.4263°N,83.1262°W,BIRTH LOCATION
Tyler McCumber,"Ponte Vedra Beach, Florida",30.2397° N,81.3853° W,423.7622046,Tyler McCumberNot Likely,Not Likely,"Detroit, MI",42.4263°N,83.1262°W,BIRTH LOCATION
Chris Naegel,"St. Louis, Missouri",38.6270° N,90.1994° W,227.3045033,Chris NaegelNot Likely,Not Likely,"Detroit, MI",42.4263°N,83.1262°W,BIRTH LOCATION
Brent Grant,"Sacramento, California",38.5816° N,121.4944° W,1007.912474,Brent GrantNot Likely,Not Likely,"Detroit, MI",42.4263°N,83.1262°W,BIRTH LOCATION
Brian Stuard,"Jackson, Michigan",42.2459° N,84.4013° W,33.15345796,Brian StuardLikely,Likely,"Detroit, MI",42.4263°N,83.1262°W,BIRTH LOCATION
Michael Sims,"Toronto, Ontario",43.6532° N,79.3832° W,103.5661663,Michael SimsNot Likely,Not Likely,"Detroit, MI",42.4263°N,83.1262°W,BIRTH LOCATION
Aaron Beverly,"Sacramento, California",38.5816° N,121.4944° W,1007.912474,Aaron BeverlyNot Likely,Not Likely,"Detroit, MI",42.4263°N,83.1262°W,BIRTH LOCATION
Matt Marshall,"Toronto, Ontario",43.6532° N,79.3832° W,103.5661663,Matt MarshallNot Likely,Not Likely,"Detroit, MI",42.4263°N,83.1262°W,BIRTH LOCATION
Johnny Ruiz,"Toronto, Ontario",43.6532° N,79.3832° W,103.5661663,Johnny RuizNot Likely,Not Likely,"Detroit, MI",42.4263°N,83.1262°W,BIRTH LOCATION
Anders Albertson,"Woodstock, Georgia",34.1015° N,84.5194° W,290.0570488,Anders AlbertsonNot Likely,Not Likely,"Detroit, MI",42.4263°N,83.1262°W,BIRTH LOCATION
Danielle Kang,"San Francisco, California",37.7749° N,122.4194° W,1041.260269,Danielle KangNot Likely,Not Likely,"Detroit, MI",42.4263°N,83.1262°W,BIRTH LOCATION
Evan Bowser,"Toronto, Ontario",43.6532° N,79.3832° W,103.5661663,Evan BowserNot Likely,Not Likely,"Detroit, MI",42.4263°N,83.1262°W,BIRTH LOCATION
Zac Oakley,"Toronto, Ontario",43.6532° N,79.3832° W,103.5661663,Zac OakleyNot Likely,Not Likely,"Detroit, MI",42.4263°N,83.1262°W,BIRTH LOCATION
Tim Wilkinson,"Palmerston North, New Zealand",40.3523° S,175.6082° E,4254.187628,Tim WilkinsonNot Likely,Not Likely,"Detroit, MI",42.4263°N,83.1262°W,BIRTH LOCATION
Charlie Reiter,"Palm Desert, California",33.7222° N,116.3745° W,945.8730323,Charlie ReiterNot Likely,Not Likely,"Detroit, MI",42.4263°N,83.1262°W,BIRTH LOCATION
Andrew Kozan,"Palm Beach Gardens, Florida",26.8234° N,80.1387° W,545.5836831,Andrew KozanNot Likely,Not Likely,"Detroit, MI",42.4263°N,83.1262°W,BIRTH LOCATION
Matt Parziale,"Brockton, Massachusetts",42.0834° N,71.0184° W,309.5651848,Matt ParzialeNot Likely,Not Likely,"Detroit, MI",42.4263°N,83.1262°W,BIRTH LOCATION
Mark Anguiano,"El Paso, Texas",31.7619° N,106.4850° W,738.0375788,Mark AnguianoNot Likely,Not Likely,"Detroit, MI",42.4263°N,83.1262°W,BIRTH LOCATION
Taylor Montgomery,"Las Vegas, Nevada",36.1699° N,115.1398° W,877.0873629,Taylor MontgomeryNot Likely,Not Likely,"Detroit, MI",42.4263°N,83.1262°W,BIRTH LOCATION
,,,,,Not Likely,Not Likely,"Detroit, MI",42.4263°N,83.1262°W,BIRTH LOCATION
Ben Warian,"Hill City, Minnesota",46.9933° N,93.5985° W,301.2841486,Ben WarianNot Likely,Not Likely,"Detroit, MI",42.4263°N,83.1262°W,BIRTH LOCATION
Alejandro Tosti,"Rosario, Argentina",32.9587° S,60.6930° W,2699.643069,Alejandro TostiNot Likely,Not Likely,"Detroit, MI",42.4263°N,83.1262°W,BIRTH LOCATION
Tim Widing,"Stockholm, Sweden",59.3293° N,18.0686° E,2056.403992,Tim WidingNot Likely,Not Likely,"Detroit, MI",42.4263°N,83.1262°W,BIRTH LOCATION
Evan Beck,"Wilmington, North Carolina",34.2257° N,77.9447° W,316.0392427,Evan BeckNot Likely,Not Likely,"Detroit, MI",42.4263°N,83.1262°W,BIRTH LOCATION
Matt McCarty,"Scottsdale, Arizona",33.4942° N,111.9261° W,837.9126407,Matt McCartyNot Likely,Not Likely,"Detroit, MI",42.4263°N,83.1262°W,BIRTH LOCATION
Rafael Campos,"San Juan, Puerto Rico",18.4655° N,66.1057° W,966.4325132,Rafael CamposNot Likely,Not Likely,"Detroit, MI",42.4263°N,83.1262°W,BIRTH LOCATION
Pontus Widegren,"Stockholm, Sweden",59.3293° N,18.0686° E,2056.403992,Pontus WidegrenNot Likely,Not Likely,"Detroit, MI",42.4263°N,83.1262°W,BIRTH LOCATION
Matt Gilchrest,"Raleigh, North Carolina",35.7796° N,78.6382° W,259.1376517,Matt GilchrestNot Likely,Not Likely,"Detroit, MI",42.4263°N,83.1262°W,BIRTH LOCATION
Chase Seiffert,"Panama City, Florida",30.1588° N,85.6602° W,429.5810456,Chase SeiffertNot Likely,Not Likely,"Detroit, MI",42.4263°N,83.1262°W,BIRTH LOCATION
David Gazzolo,"Crystal Lake, Illinois",42.2411° N,88.3162° W,132.677843,David GazzoloNot Likely,Not Likely,"Detroit, MI",42.4263°N,83.1262°W,BIRTH LOCATION
Julien Brun,"Nice, France",43.7102° N,7.2620° E,2157.358052,Julien BrunNot Likely,Not Likely,"Detroit, MI",42.4263°N,83.1262°W,BIRTH LOCATION
Turk Pettit,"Conway, South Carolina",33.8360° N,79.0478° W,316.6822493,Turk PettitNot Likely,Not Likely,"Detroit, MI",42.4263°N,83.1262°W,BIRTH LOCATION
Gregor Main,"Dublin, California",37.7022° N,121.9358° W,1029.881089,Gregor MainNot Likely,Not Likely,"Detroit, MI",42.4263°N,83.1262°W,BIRTH LOCATION
Joey Lane,"Nashville, Tennessee",36.1627° N,86.7816° W,237.3720848,Joey LaneNot Likely,Not Likely,"Detroit, MI",42.4263°N,83.1262°W,BIRTH LOCATION
Hugo Townsend,"Stockholm, Sweden",59.3293° N,18.0686° E,2056.403992,Hugo TownsendNot Likely,Not Likely,"Detroit, MI",42.4263°N,83.1262°W,BIRTH LOCATION
Will Zalatoris,"San Francisco, California",37.7749° N,122.4194° W,1041.260269,Will ZalatorisNot Likely,Not Likely,"Detroit, MI",42.4263°N,83.1262°W,BIRTH LOCATION
Pedro Figueiredo,"Lisbon, Portugal",38.7223° N,9.1393° W,1882.375721,Pedro FigueiredoNot Likely,Not Likely,"Detroit, MI",42.4263°N,83.1262°W,BIRTH LOCATION
Cole Miller,"Allentown, Pennsylvania",40.6023° N,75.4714° W,207.714206,Cole MillerNot Likely,Not Likely,"Detroit, MI",42.4263°N,83.1262°W,BIRTH LOCATION
Tom Lovelady,"Birmingham, Alabama",33.5207° N,86.8025° W,323.4518885,Tom LoveladyNot Likely,Not Likely,"Detroit, MI",42.4263°N,83.1262°W,BIRTH LOCATION
,,,,,,Not Likely,"Detroit, MI",42.4263°N,83.1262°W,
,,,,,,Not Likely,"Detroit, MI",42.4263°N,83.1262°W,
,,,,,Not Likely,Not Likely,"Detroit, MI",42.4263°N,83.1262°W,
Scottie Scheffler,"Dallas, Texas",32.7767° N,96.7970° W,499.9730235,Scottie SchefflerNot Likely,Not Likely,"Detroit, MI",42.4263°N,83.1262°W,RECIDENCE
Xander Schauffele,"Jupiter, Florida",26.9342° N,80.0942° W,541.9910478,Xander SchauffeleNot Likely,Not Likely,"Detroit, MI",42.4263°N,83.1262°W,RECIDENCE
Rory McIlroy,"Jupiter, Florida",26.9342° N,80.0942° W,541.9910478,Rory McIlroyNot Likely,Not Likely,"Detroit, MI",42.4263°N,83.1262°W,RECIDENCE
Ludvig Aberg,"Jupiter, Florida",26.9342° N,80.0942° W,541.9910478,Ludvig AbergNot Likely,Not Likely,"Detroit, MI",42.4263°N,83.1262°W,RECIDENCE
Collin Morikawa,"Las Vegas, Nevada",36.1699° N,115.1398° W,877.0873629,Collin MorikawaNot Likely,Not Likely,"Detroit, MI",42.4263°N,83.1262°W,RECIDENCE
Hideki Matsuyama,"Orlando, Florida",28.5383° N,81.3792° W,482.2687471,Hideki MatsuyamaNot Likely,Not Likely,"Detroit, MI",42.4263°N,83.1262°W,RECIDENCE
Wyndham Clark,"Scottsdale, Arizona",33.4942° N,111.9261° W,837.9126407,Wyndham ClarkNot Likely,Not Likely,"Detroit, MI",42.4263°N,83.1262°W,RECIDENCE
Tyrrell Hatton,"Lake Nona, Florida",28.4618° N,81.2576° W,485.2546015,Tyrrell HattonNot Likely,Not Likely,"Detroit, MI",42.4263°N,83.1262°W,RECIDENCE
Justin Thomas,"Jupiter, Florida",26.9342° N,80.0942° W,541.9910478,Justin ThomasNot Likely,Not Likely,"Detroit, MI",42.4263°N,83.1262°W,RECIDENCE
Tommy Fleetwood,"Windermere, Florida",28.4956° N,81.5348° W,483.3174986,Tommy FleetwoodNot Likely,Not Likely,"Detroit, MI",42.4263°N,83.1262°W,RECIDENCE
Bryson DeChambeau,"Dallas, Texas",32.7767° N,96.7970° W,499.9730235,Bryson DeChambeauNot Likely,Not Likely,"Detroit, MI",42.4263°N,83.1262°W,RECIDENCE
Patrick Cantlay,"Jupiter, Florida",26.9342° N,80.0942° W,541.9910478,Patrick CantlayNot Likely,Not Likely,"Detroit, MI",42.4263°N,83.1262°W,RECIDENCE
Maverick McNealy,"Las Vegas, Nevada",36.1699° N,115.1398° W,877.0873629,Maverick McNealyNot Likely,Not Likely,"Detroit, MI",42.4263°N,83.1262°W,RECIDENCE
Viktor Hovland,"Jupiter, Florida",26.9342° N,80.0942° W,541.9910478,Viktor HovlandNot Likely,Not Likely,"Detroit, MI",42.4263°N,83.1262°W,RECIDENCE
Keegan Bradley,"Jupiter, Florida",26.9342° N,80.0942° W,541.9910478,Keegan BradleyNot Likely,Not Likely,"Detroit, MI",42.4263°N,83.1262°W,RECIDENCE
Robert MacIntyre,"Oban, Scotland",56.4152° N,5.4710° W,1710.415607,Robert MacIntyreNot Likely,Not Likely,"Detroit, MI",42.4263°N,83.1262°W,RECIDENCE
Russell Henley,"Kiawah Island, South Carolina",32.6082° N,80.0848° W,349.2064107,Russell HenleyNot Likely,Not Likely,"Detroit, MI",42.4263°N,83.1262°W,RECIDENCE
Shane Lowry,"Jupiter, Florida",26.9342° N,80.0942° W,541.9910478,Shane LowryNot Likely,Not Likely,"Detroit, MI",42.4263°N,83.1262°W,RECIDENCE
Sepp Straka,"Athens, Georgia",33.9519° N,83.3576° W,292.8325618,Sepp StrakaNot Likely,Not Likely,"Detroit, MI",42.4263°N,83.1262°W,RECIDENCE
Billy Horschel,"Ponte Vedra Beach, Florida",30.2397° N,81.3853° W,423.7622046,Billy HorschelNot Likely,Not Likely,"Detroit, MI",42.4263°N,83.1262°W,RECIDENCE
Sahith Theegala,"Houston, Texas",29.7604° N,95.3698° W,553.9822431,Sahith TheegalaNot Likely,Not Likely,"Detroit, MI",42.4263°N,83.1262°W,RECIDENCE
Sungjae Im,"La Quinta, California",33.6634° N,116.3100° W,945.2089033,Sungjae ImNot Likely,Not Likely,"Detroit, MI",42.4263°N,83.1262°W,RECIDENCE
Thomas Detry,"Dubai, UAE",25.2048° N,55.2708° E,3532.293849,Thomas DetryNot Likely,Not Likely,"Detroit, MI",42.4263°N,83.1262°W,RECIDENCE
Aaron Rai,"Wolverhampton, England",52.5862° N,2.1280° W,1820.558824,Aaron RaiNot Likely,Not Likely,"Detroit, MI",42.4263°N,83.1262°W,RECIDENCE
Tom Kim,"Dallas, Texas",32.7767° N,96.7970° W,499.9730235,Tom KimNot Likely,Not Likely,"Detroit, MI",42.4263°N,83.1262°W,RECIDENCE
Adam Scott,"Crans-Montana, Switzerland",46.3090° N,7.4791° E,2112.751077,Adam ScottNot Likely,Not Likely,"Detroit, MI",42.4263°N,83.1262°W,RECIDENCE
Tony Finau,"Lehi, Utah",40.3916° N,111.8508° W,744.0135256,Tony FinauNot Likely,Not Likely,"Detroit, MI",42.4263°N,83.1262°W,RECIDENCE
Sam Burns,"Choudrant, Louisiana",32.5301° N,92.5124° W,427.3103341,Sam BurnsNot Likely,Not Likely,"Detroit, MI",42.4263°N,83.1262°W,RECIDENCE
Akshay Bhatia,"Wake Forest, North Carolina",35.9799° N,78.5097° W,254.5965697,Akshay BhatiaNot Likely,Not Likely,"Detroit, MI",42.4263°N,83.1262°W,RECIDENCE
Nick Taylor,"Abbotsford, Canada",49.0501° N,122.3046° W,960.484823,Nick TaylorNot Likely,Not Likely,"Detroit, MI",42.4263°N,83.1262°W,RECIDENCE
Nick Dunlap,"Huntsville, Alabama",34.7304° N,86.5861° W,281.743645,Nick DunlapNot Likely,Not Likely,"Detroit, MI",42.4263°N,83.1262°W,RECIDENCE
Byeong Hun An,"Orlando, Florida",28.5383° N,81.3792° W,482.2687471,Byeong Hun AnNot Likely,Not Likely,"Detroit, MI",42.4263°N,83.1262°W,RECIDENCE
Jason Day,"Westerville, Ohio",40.1262° N,82.9291° W,79.62620127,Jason DayPossible,Possible,"Detroit, MI",42.4263°N,83.1262°W,RECIDENCE
Harris English,"Sea Island, Georgia",31.1836° N,81.3498° W,391.4712913,Harris EnglishNot Likely,Not Likely,"Detroit, MI",42.4263°N,83.1262°W,RECIDENCE
Max Greyserman,"Jupiter, Florida",26.9342° N,80.0942° W,541.9910478,Max GreysermanNot Likely,Not Likely,"Detroit, MI",42.4263°N,83.1262°W,RECIDENCE
Denny McCarthy,"Jupiter, Florida",26.9342° N,80.0942° W,541.9910478,Denny McCarthyNot Likely,Not Likely,"Detroit, MI",42.4263°N,83.1262°W,RECIDENCE
Brian Harman,"Sea Island, Georgia",31.1836° N,81.3498° W,391.4712913,Brian HarmanNot Likely,Not Likely,"Detroit, MI",42.4263°N,83.1262°W,RECIDENCE
Justin Rose,"Orlando, Florida",28.5383° N,81.3792° W,482.2687471,Justin RoseNot Likely,Not Likely,"Detroit, MI",42.4263°N,83.1262°W,RECIDENCE
J.T. Poston,"St. Simons Island, Georgia",31.1505° N,81.3887° W,392.4749265,J.T. PostonNot Likely,Not Likely,"Detroit, MI",42.4263°N,83.1262°W,RECIDENCE
Taylor Pendrith,"Jupiter, Florida",26.9342° N,80.0942° W,541.9910478,Taylor PendrithNot Likely,Not Likely,"Detroit, MI",42.4263°N,83.1262°W,RECIDENCE
Lucas Glover,"Jupiter, Florida",26.9342° N,80.0942° W,541.9910478,Lucas GloverNot Likely,Not Likely,"Detroit, MI",42.4263°N,83.1262°W,RECIDENCE
Stephan Jaeger,"Knoxville, Tennessee",35.9606° N,83.9207° W,224.3782639,Stephan JaegerNot Likely,Not Likely,"Detroit, MI",42.4263°N,83.1262°W,RECIDENCE
Matthieu Pavon,"Andernos-les-Bains, France",44.7430° N,1.1036° W,1962.042715,Matthieu PavonNot Likely,Not Likely,"Detroit, MI",42.4263°N,83.1262°W,RECIDENCE
Austin Eckroat,"Edmond, Oklahoma",35.6528° N,97.4781° W,449.7131585,Austin EckroatNot Likely,Not Likely,"Detroit, MI",42.4263°N,83.1262°W,RECIDENCE
Rasmus Højgaard,"Billund, Denmark",55.7333° N,9.1167° E,1977.109727,Rasmus HøjgaardNot Likely,Not Likely,"Detroit, MI",42.4263°N,83.1262°W,RECIDENCE
Nico Echavarria,"Ponte Vedra Beach, Florida",30.2397° N,81.3853° W,423.7622046,Nico EchavarriaNot Likely,Not Likely,"Detroit, MI",42.4263°N,83.1262°W,RECIDENCE
Cameron Young,"Jupiter, Florida",26.9342° N,80.0942° W,541.9910478,Cameron YoungNot Likely,Not Likely,"Detroit, MI",42.4263°N,83.1262°W,RECIDENCE
Davis Thompson,"St. Simons Island, Georgia",31.1505° N,81.3887° W,392.4749265,Davis ThompsonNot Likely,Not Likely,"Detroit, MI",42.4263°N,83.1262°W,RECIDENCE
Cam Davis,"Bellevue, Washington",47.6104° N,122.2007° W,960.3181605,Cam DavisNot Likely,Not Likely,"Detroit, MI",42.4263°N,83.1262°W,RECIDENCE
Corey Conners,"Jupiter, Florida",26.9342° N,80.0942° W,541.9910478,Corey ConnersNot Likely,Not Likely,"Detroit, MI",42.4263°N,83.1262°W,RECIDENCE
Christiaan Bezuidenhout,"Ponte Vedra Beach, Florida",30.2397° N,81.3853° W,423.7622046,Christiaan BezuidenhoutNot Likely,Not Likely,"Detroit, MI",42.4263°N,83.1262°W,RECIDENCE
Daniel Berger,"Jupiter, Florida",26.9342° N,80.0942° W,541.9910478,Daniel BergerNot Likely,Not Likely,"Detroit, MI",42.4263°N,83.1262°W,RECIDENCE
Laurie Canter,"Bath, England",51.3758° N,2.3599° W,1833.007425,Laurie CanterNot Likely,Not Likely,"Detroit, MI",42.4263°N,83.1262°W,RECIDENCE
Jon Rahm,"Scottsdale, Arizona",33.4942° N,111.9261° W,837.9126407,Jon RahmNot Likely,Not Likely,"Detroit, MI",42.4263°N,83.1262°W,RECIDENCE
Min Woo Lee,"Northbridge, Australia",,,,Min Woo LeeNot Likely,Not Likely,"Detroit, MI",42.4263°N,83.1262°W,RECIDENCE
Matt McCarty,"Scottsdale, Arizona",33.4942° N,111.9261° W,837.9126407,Matt McCartyNot Likely,Not Likely,"Detroit, MI",42.4263°N,83.1262°W,RECIDENCE
Ben Griffin,"St. Simons Island, Georgia",31.1505° N,81.3887° W,392.4749265,Ben GriffinNot Likely,Not Likely,"Detroit, MI",42.4263°N,83.1262°W,RECIDENCE
Eric Cole,"Tequesta, Florida",26.9683° N,80.1287° W,540.672517,Eric ColeNot Likely,Not Likely,"Detroit, MI",42.4263°N,83.1262°W,RECIDENCE
Thriston Lawrence,"Nelspruit, South Africa",25.4753° S,30.9694° E,4291.101615,Thriston LawrenceNot Likely,Not Likely,"Detroit, MI",42.4263°N,83.1262°W,RECIDENCE
Matt Fitzpatrick,"Jupiter, Florida",26.9342° N,80.0942° W,541.9910478,Matt FitzpatrickNot Likely,Not Likely,"Detroit, MI",42.4263°N,83.1262°W,RECIDENCE
Alex Noren,"Jupiter, Florida",26.9342° N,80.0942° W,541.9910478,Alex NorenNot Likely,Not Likely,"Detroit, MI",42.4263°N,83.1262°W,RECIDENCE
Jhonattan Vegas,"Houston, Texas",29.7604° N,95.3698° W,553.9822431,Jhonattan VegasNot Likely,Not Likely,"Detroit, MI",42.4263°N,83.1262°W,RECIDENCE
Max Homa,"Scottsdale, Arizona",33.4942° N,111.9261° W,837.9126407,Max HomaNot Likely,Not Likely,"Detroit, MI",42.4263°N,83.1262°W,RECIDENCE
Mackenzie Hughes,"Charlotte, North Carolina",35.2271° N,80.8431° W,256.1602722,Mackenzie HughesNot Likely,Not Likely,"Detroit, MI",42.4263°N,83.1262°W,RECIDENCE
Si Woo Kim,"Allen, Texas",33.1032° N,96.6706° W,489.3690222,Si Woo KimNot Likely,Not Likely,"Detroit, MI",42.4263°N,83.1262°W,RECIDENCE
Will Zalatoris,"Dallas, Texas",32.7767° N,96.7970° W,499.9730235,Will ZalatorisNot Likely,Not Likely,"Detroit, MI",42.4263°N,83.1262°W,RECIDENCE
Tom Hoge,"Fargo, North Dakota",46.8772° N,96.7898° W,368.6738092,Tom HogeNot Likely,Not Likely,"Detroit, MI",42.4263°N,83.1262°W,RECIDENCE
Nicolai Højgaard,"Billund, Denmark",55.7333° N,9.1167° E,1977.109727,Nicolai HøjgaardNot Likely,Not Likely,"Detroit, MI",42.4263°N,83.1262°W,RECIDENCE
Adam Hadwin,"Abbotsford, Canada",49.0501° N,122.3046° W,960.484823,Adam HadwinNot Likely,Not Likely,"Detroit, MI",42.4263°N,83.1262°W,RECIDENCE
Jordan Spieth,"Dallas, Texas",32.7767° N,96.7970° W,499.9730235,Jordan SpiethNot Likely,Not Likely,"Detroit, MI",42.4263°N,83.1262°W,RECIDENCE
Kevin Yu,"Scottsdale, Arizona",33.4942° N,111.9261° W,837.9126407,Kevin YuNot Likely,Not Likely,"Detroit, MI",42.4263°N,83.1262°W,RECIDENCE
Chris Kirk,"Athens, Georgia",33.9519° N,83.3576° W,292.8325618,Chris KirkNot Likely,Not Likely,"Detroit, MI",42.4263°N,83.1262°W,RECIDENCE
Patrick Rodgers,"Jupiter, Florida",26.9342° N,80.0942° W,541.9910478,Patrick RodgersNot Likely,Not Likely,"Detroit, MI",42.4263°N,83.1262°W,RECIDENCE
Joaquin Niemann,"Jupiter, Florida",26.9342° N,80.0942° W,541.9910478,Joaquin NiemannNot Likely,Not Likely,"Detroit, MI",42.4263°N,83.1262°W,RECIDENCE
Matt Wallace,"London, England",51.5074° N,0.1278° W,1874.69495,Matt WallaceNot Likely,Not Likely,"Detroit, MI",42.4263°N,83.1262°W,RECIDENCE
Sam Stevens,"Fort Worth, Texas",32.7555° N,97.3308° W,511.4035986,Sam StevensNot Likely,Not Likely,"Detroit, MI",42.4263°N,83.1262°W,RECIDENCE
Andrew Novak,"Raleigh, North Carolina",35.7796° N,78.6382° W,259.1376517,Andrew NovakNot Likely,Not Likely,"Detroit, MI",42.4263°N,83.1262°W,RECIDENCE
Taylor Moore,"Fort Worth, Texas",32.7555° N,97.3308° W,511.4035986,Taylor MooreNot Likely,Not Likely,"Detroit, MI",42.4263°N,83.1262°W,RECIDENCE
Michael Kim,"Dallas, Texas",32.7767° N,96.7970° W,499.9730235,Michael KimNot Likely,Not Likely,"Detroit, MI",42.4263°N,83.1262°W,RECIDENCE
Thorbjørn Olesen,"Dubai, UAE",25.2048° N,55.2708° E,3532.293849,Thorbjørn OlesenNot Likely,Not Likely,"Detroit, MI",42.4263°N,83.1262°W,RECIDENCE
J.J. Spaun,"Scottsdale, Arizona",33.4942° N,111.9261° W,837.9126407,J.J. SpaunNot Likely,Not Likely,"Detroit, MI",42.4263°N,83.1262°W,RECIDENCE
Beau Hossler,"Mission Viejo, California",33.6000° N,117.6720° W,980.7169932,Beau HosslerNot Likely,Not Likely,"Detroit, MI",42.4263°N,83.1262°W,RECIDENCE
David Puig,"La Garriga, Spain",41.6864° N,2.2865° E,2089.331827,David PuigNot Likely,Not Likely,"Detroit, MI",42.4263°N,83.1262°W,RECIDENCE
Justin Lower,"North Palm Beach, Florida",26.8462° N,80.0470° W,545.2100234,Justin LowerNot Likely,Not Likely,"Detroit, MI",42.4263°N,83.1262°W,RECIDENCE
Rasmus Neergaard-Petersen,"Copenhagen, Denmark",55.6761° N,12.5683° E,2036.371671,Rasmus Neergaard-PetersenNot Likely,Not Likely,"Detroit, MI",42.4263°N,83.1262°W,RECIDENCE
Lee Hodges,"Elkmont, Alabama",34.9290° N,86.9739° W,278.9411137,Lee HodgesNot Likely,Not Likely,"Detroit, MI",42.4263°N,83.1262°W,RECIDENCE
Erik van Rooyen,"Jupiter, Florida",26.9342° N,80.0942° W,541.9910478,Erik van RooyenNot Likely,Not Likely,"Detroit, MI",42.4263°N,83.1262°W,RECIDENCE
Harry Hall,"Las Vegas, Nevada",36.1699° N,115.1398° W,877.0873629,Harry HallNot Likely,Not Likely,"Detroit, MI",42.4263°N,83.1262°W,RECIDENCE
Kurt Kitayama,"Henderson, Nevada",36.0395° N,114.9817° W,874.9148637,Kurt KitayamaNot Likely,Not Likely,"Detroit, MI",42.4263°N,83.1262°W,RECIDENCE
Niklas Nørgaard,"Aarhus, Denmark",56.1581° N,10.2114° E,1988.543934,Niklas NørgaardNot Likely,Not Likely,"Detroit, MI",42.4263°N,83.1262°W,RECIDENCE
John Parry,"Harrogate, England",53.9921° N,1.5418° W,1812.496449,John ParryNot Likely,Not Likely,"Detroit, MI",42.4263°N,83.1262°W,RECIDENCE
Romain Langasque,"Saint-Raphaël, France",43.4253° N,6.7680° E,2152.500384,Romain LangasqueNot Likely,Not Likely,"Detroit, MI",42.4263°N,83.1262°W,RECIDENCE
Max McGreevy,"Edmond, Oklahoma",35.6528° N,97.4781° W,449.7131585,Max McGreevyNot Likely,Not Likely,"Detroit, MI",42.4263°N,83.1262°W,RECIDENCE
Luke Clanton,"Hialeah, Florida",25.8576° N,80.2781° W,578.0676134,Luke ClantonNot Likely,Not Likely,"Detroit, MI",42.4263°N,83.1262°W,RECIDENCE
Rickie Fowler,"Jupiter, Florida",26.9342° N,80.0942° W,541.9910478,Rickie FowlerNot Likely,Not Likely,"Detroit, MI",42.4263°N,83.1262°W,RECIDENCE
Victor Perez,"Dundee, Scotland",56.4620° N,2.9707° W,1754.92863,Victor PerezNot Likely,Not Likely,"Detroit, MI",42.4263°N,83.1262°W,RECIDENCE
Brian Campbell,"Irvine, California",33.6846° N,117.8265° W,983.2498121,Brian CampbellNot Likely,Not Likely,"Detroit, MI",42.4263°N,83.1262°W,RECIDENCE
Cameron Smith,"Jacksonville, Florida",30.3322° N,81.6557° W,419.7930572,Cameron SmithNot Likely,Not Likely,"Detroit, MI",42.4263°N,83.1262°W,RECIDENCE
Jake Knapp,"Costa Mesa, California",33.6411° N,117.9187° W,986.2963629,Jake KnappNot Likely,Not Likely,"Detroit, MI",42.4263°N,83.1262°W,RECIDENCE
Keith Mitchell,"St. Simons Island, Georgia",31.1505° N,81.3887° W,392.4749265,Keith MitchellNot Likely,Not Likely,"Detroit, MI",42.4263°N,83.1262°W,RECIDENCE
Charley Hoffman,"Scottsdale, Arizona",33.4942° N,111.9261° W,837.9126407,Charley HoffmanNot Likely,Not Likely,"Detroit, MI",42.4263°N,83.1262°W,RECIDENCE
Matteo Manassero,"Verona, Italy",45.4384° N,10.9916° E,2199.727098,Matteo ManasseroNot Likely,Not Likely,"Detroit, MI",42.4263°N,83.1262°W,RECIDENCE
Ryan Fox,"Auckland, New Zealand",36.8485° S,174.7633° E,4211.444978,Ryan FoxNot Likely,Not Likely,"Detroit, MI",42.4263°N,83.1262°W,RECIDENCE
Jordan Smith,"Bath, England",51.3758° N,2.3599° W,1833.007425,Jordan SmithNot Likely,Not Likely,"Detroit, MI",42.4263°N,83.1262°W,RECIDENCE
Doug Ghim,"Las Vegas, Nevada",36.1699° N,115.1398° W,877.0873629,Doug GhimNot Likely,Not Likely,"Detroit, MI",42.4263°N,83.1262°W,RECIDENCE
Shaun Norris,"Pretoria, South Africa",25.7479° S,28.2293° E,4227.049554,Shaun NorrisNot Likely,Not Likely,"Detroit, MI",42.4263°N,83.1262°W,RECIDENCE
Kensei Hirata,"Tokyo, Japan",35.6762° N,139.6503° E,3201.644467,Kensei HirataNot Likely,Not Likely,"Detroit, MI",42.4263°N,83.1262°W,RECIDENCE
Jesper Svensson,"Stockholm, Sweden",59.3293° N,18.0686° E,2056.403992,Jesper SvenssonNot Likely,Not Likely,"Detroit, MI",42.4263°N,83.1262°W,RECIDENCE
Aldrich Potgieter,"Mossel Bay, South Africa",34.1832° S,22.1460° E,4238.083275,Aldrich PotgieterNot Likely,Not Likely,"Detroit, MI",42.4263°N,83.1262°W,RECIDENCE
Ryo Hisatsune,"Ibaraki, Japan",36.3418° N,140.4468° E,3170.553065,Ryo HisatsuneNot Likely,Not Likely,"Detroit, MI",42.4263°N,83.1262°W,RECIDENCE
Adam Schenk,"Vincennes, Indiana",38.6773° N,87.5286° W,173.5249102,Adam SchenkNot Likely,Not Likely,"Detroit, MI",42.4263°N,83.1262°W,RECIDENCE
Mark Hubbard,"The Woodlands, Texas",30.1658° N,95.4613° W,544.0834729,Mark HubbardNot Likely,Not Likely,"Detroit, MI",42.4263°N,83.1262°W,RECIDENCE
Patrick Fishburn,"Ogden, Utah",41.2230° N,111.9738° W,740.2438208,Patrick FishburnNot Likely,Not Likely,"Detroit, MI",42.4263°N,83.1262°W,RECIDENCE
Paul Waring,"Birkenhead, England",53.3890° N,3.0230° W,1792.583768,Paul WaringNot Likely,Not Likely,"Detroit, MI",42.4263°N,83.1262°W,RECIDENCE
Tom McKibbin,"Newtownabbey, Northern Ireland",54.6792° N,5.9046° W,1722.017018,Tom McKibbinNot Likely,Not Likely,"Detroit, MI",42.4263°N,83.1262°W,RECIDENCE
Jorge Campillo,"Cáceres, Spain",,,,Jorge CampilloNot Likely,Not Likely,"Detroit, MI",42.4263°N,83.1262°W,RECIDENCE
C.T. Pan,"Jupiter, Florida",26.9342° N,80.0942° W,541.9910478,C.T. PanNot Likely,Not Likely,"Detroit, MI",42.4263°N,83.1262°W,RECIDENCE
Matti Schmid,"Regensburg, Germany",49.0134° N,12.1016° E,2151.594226,Matti SchmidNot Likely,Not Likely,"Detroit, MI",42.4263°N,83.1262°W,RECIDENCE
Seamus Power,"Las Vegas, Nevada",36.1699° N,115.1398° W,877.0873629,Seamus PowerNot Likely,Not Likely,"Detroit, MI",42.4263°N,83.1262°W,RECIDENCE
Patrick Reed,"The Woodlands, Texas",30.1658° N,95.4613° W,544.0834729,Patrick ReedNot Likely,Not Likely,"Detroit, MI",42.4263°N,83.1262°W,RECIDENCE
Patton Kizzire,"Sea Island, Georgia",31.1836° N,81.3498° W,391.4712913,Patton KizzireNot Likely,Not Likely,"Detroit, MI",42.4263°N,83.1262°W,RECIDENCE
Julien Guerrier,"La Rochelle, France",46.1591° N,1.1520° W,1937.527753,Julien GuerrierNot Likely,Not Likely,"Detroit, MI",42.4263°N,83.1262°W,RECIDENCE
Matthew Jordan,"Wirral, England",53.3727° N,3.0738° W,1791.831199,Matthew JordanNot Likely,Not Likely,"Detroit, MI",42.4263°N,83.1262°W,RECIDENCE
Daniel Brown,"Northallerton, England",54.3390° N,1.4324° W,1809.878796,Daniel BrownNot Likely,Not Likely,"Detroit, MI",42.4263°N,83.1262°W,RECIDENCE
Sebastian Soderberg,"Gothenburg, Sweden",57.7089° N,11.9746° E,1991.273364,Sebastian SoderbergNot Likely,Not Likely,"Detroit, MI",42.4263°N,83.1262°W,RECIDENCE
Vince Whaley,"Alpharetta, Georgia",34.0754° N,84.2941° W,290.224874,Vince WhaleyNot Likely,Not Likely,"Detroit, MI",42.4263°N,83.1262°W,RECIDENCE
Johannes Veerman,"Houston, Texas",29.7604° N,95.3698° W,553.9822431,Johannes VeermanNot Likely,Not Likely,"Detroit, MI",42.4263°N,83.1262°W,RECIDENCE
Emiliano Grillo,"Jupiter, Florida",26.9342° N,80.0942° W,541.9910478,Emiliano GrilloNot Likely,Not Likely,"Detroit, MI",42.4263°N,83.1262°W,RECIDENCE
Matt Kuchar,"Jupiter, Florida",26.9342° N,80.0942° W,541.9910478,Matt KucharNot Likely,Not Likely,"Detroit, MI",42.4263°N,83.1262°W,RECIDENCE
Antoine Rozner,"Paris, France",48.8566° N,2.3522° E,1965.174277,Antoine RoznerNot Likely,Not Likely,"Detroit, MI",42.4263°N,83.1262°W,RECIDENCE
John Catlin,"Scottsdale, Arizona",33.4942° N,111.9261° W,837.9126407,John CatlinNot Likely,Not Likely,"Detroit, MI",42.4263°N,83.1262°W,RECIDENCE
Dean Burmester,"Jupiter, Florida",26.9342° N,80.0942° W,541.9910478,Dean BurmesterNot Likely,Not Likely,"Detroit, MI",42.4263°N,83.1262°W,RECIDENCE
Brendon Todd,"Athens, Georgia",33.9519° N,83.3576° W,292.8325618,Brendon ToddNot Likely,Not Likely,"Detroit, MI",42.4263°N,83.1262°W,RECIDENCE
Rico Hoey,"Rancho Cucamonga, California",34.1064° N,117.5931° W,970.5301515,Rico HoeyNot Likely,Not Likely,"Detroit, MI",42.4263°N,83.1262°W,RECIDENCE
Joseph Dean,"Wolverhampton, England",52.5862° N,2.1280° W,1820.558824,Joseph DeanNot Likely,Not Likely,"Detroit, MI",42.4263°N,83.1262°W,RECIDENCE
Keita Nakajima,"Tokyo, Japan",35.6762° N,139.6503° E,3201.644467,Keita NakajimaNot Likely,Not Likely,"Detroit, MI",42.4263°N,83.1262°W,RECIDENCE
Alex Smalley,"Greensboro, North Carolina",36.0726° N,79.7920° W,236.8802801,Alex SmalleyNot Likely,Not Likely,"Detroit, MI",42.4263°N,83.1262°W,RECIDENCE
Daniel Hillier,"Wellington, New Zealand",41.2865° S,174.7762° E,4289.08113,Daniel HillierNot Likely,Not Likely,"Detroit, MI",42.4263°N,83.1262°W,RECIDENCE
Guido Migliozzi,"Vicenza, Italy",45.5455° N,11.5354° E,2208.413242,Guido MigliozziNot Likely,Not Likely,"Detroit, MI",42.4263°N,83.1262°W,RECIDENCE
Luke List,"Augusta, Georgia",33.4735° N,82.0105° W,310.7740371,Luke ListNot Likely,Not Likely,"Detroit, MI",42.4263°N,83.1262°W,RECIDENCE
Ben Kohles,"Cary, North Carolina",35.7915° N,78.7811° W,257.0170111,Ben KohlesNot Likely,Not Likely,"Detroit, MI",42.4263°N,83.1262°W,RECIDENCE
Davis Riley,"Hattiesburg, Mississippi",31.3271° N,89.2903° W,419.2766544,Davis RileyNot Likely,Not Likely,"Detroit, MI",42.4263°N,83.1262°W,RECIDENCE
Frankie Capan III,"North Oaks, Minnesota",45.1027° N,93.0791° W,264.7556843,Frankie Capan IIINot Likely,Not Likely,"Detroit, MI",42.4263°N,83.1262°W,RECIDENCE
Peter Uihlein,"Jupiter, Florida",26.9342° N,80.0942° W,541.9910478,Peter UihleinNot Likely,Not Likely,"Detroit, MI",42.4263°N,83.1262°W,RECIDENCE
Adam Svensson,"Jupiter, Florida",26.9342° N,80.0942° W,541.9910478,Adam SvenssonNot Likely,Not Likely,"Detroit, MI",42.4263°N,83.1262°W,RECIDENCE
Andrew Putnam,"Phoenix, Arizona",33.4484° N,112.0740° W,842.3941385,Andrew PutnamNot Likely,Not Likely,"Detroit, MI",42.4263°N,83.1262°W,RECIDENCE
Peter Malnati,"Knoxville, Tennessee",35.9606° N,83.9207° W,224.3782639,Peter MalnatiNot Likely,Not Likely,"Detroit, MI",42.4263°N,83.1262°W,RECIDENCE
Jang Yu Bin,"Seoul, South Korea",37.5665° N,126.9780° E,3297.267117,Jang Yu BinNot Likely,Not Likely,"Detroit, MI",42.4263°N,83.1262°W,RECIDENCE
Ben Campbell,"Queenstown, New Zealand",45.0312° S,168.6626° E,4484.784016,Ben CampbellNot Likely,Not Likely,"Detroit, MI",42.4263°N,83.1262°W,RECIDENCE
Hayden Springer,"Nashville, Tennessee",36.1627° N,86.7816° W,237.3720848,Hayden SpringerNot Likely,Not Likely,"Detroit, MI",42.4263°N,83.1262°W,RECIDENCE
Ewen Ferguson,"Glasgow, Scotland",55.8642° N,4.2518° W,1738.831347,Ewen FergusonNot Likely,Not Likely,"Detroit, MI",42.4263°N,83.1262°W,RECIDENCE
Carson Young,"Greenville, South Carolina",34.8526° N,82.3940° W,262.3907378,Carson YoungNot Likely,Not Likely,"Detroit, MI",42.4263°N,83.1262°W,RECIDENCE
Haotong Li,"Shanghai, China",31.2304° N,121.4737° E,3556.625352,Haotong LiNot Likely,Not Likely,"Detroit, MI",42.4263°N,83.1262°W,RECIDENCE
Mac Meissner,"Dallas, Texas",32.7767° N,96.7970° W,499.9730235,Mac MeissnerNot Likely,Not Likely,"Detroit, MI",42.4263°N,83.1262°W,RECIDENCE
Takumi Kanaya,"Tokyo, Japan",35.6762° N,139.6503° E,3201.644467,Takumi KanayaNot Likely,Not Likely,"Detroit, MI",42.4263°N,83.1262°W,RECIDENCE
Brooks Koepka,"Jupiter, Florida",26.9342° N,80.0942° W,541.9910478,Brooks KoepkaNot Likely,Not Likely,"Detroit, MI",42.4263°N,83.1262°W,RECIDENCE
K.H. Lee,"Irving, Texas",32.8140° N,96.9489° W,502.1428725,K.H. LeeNot Likely,Not Likely,"Detroit, MI",42.4263°N,83.1262°W,RECIDENCE
Alejandro Del Rey,"Madrid, Spain",40.4168° N,3.7038° W,1978.791002,Alejandro Del ReyNot Likely,Not Likely,"Detroit, MI",42.4263°N,83.1262°W,RECIDENCE
Chandler Phillips,"Huntsville, Texas",30.7235° N,95.5508° W,530.1090873,Chandler PhillipsNot Likely,Not Likely,"Detroit, MI",42.4263°N,83.1262°W,RECIDENCE
Ben Silverman,"Jupiter, Florida",26.9342° N,80.0942° W,541.9910478,Ben SilvermanNot Likely,Not Likely,"Detroit, MI",42.4263°N,83.1262°W,RECIDENCE
Johnny Keefer,"San Antonio, Texas",29.4241° N,98.4936° W,619.8079488,Johnny KeeferNot Likely,Not Likely,"Detroit, MI",42.4263°N,83.1262°W,RECIDENCE
Greyson Sigg,"Sea Island, Georgia",31.1836° N,81.3498° W,391.4712913,Greyson SiggNot Likely,Not Likely,"Detroit, MI",42.4263°N,83.1262°W,RECIDENCE
Daniel van Tonder,"Pretoria, South Africa",25.7479° S,28.2293° E,4227.049554,Daniel van TonderNot Likely,Not Likely,"Detroit, MI",42.4263°N,83.1262°W,RECIDENCE
David Lipsky,"Las Vegas, Nevada",36.1699° N,115.1398° W,877.0873629,David LipskyNot Likely,Not Likely,"Detroit, MI",42.4263°N,83.1262°W,RECIDENCE
Chan Kim,"Gilbert, Arizona",33.3528° N,111.7890° W,836.9536377,Chan KimNot Likely,Not Likely,"Detroit, MI",42.4263°N,83.1262°W,RECIDENCE
Pierceson Coody,"Plano, Texas",33.0198° N,96.6989° W,491.9894817,Pierceson CoodyNot Likely,Not Likely,"Detroit, MI",42.4263°N,83.1262°W,RECIDENCE
S.H. Kim,"Ponte Vedra Beach, Florida",30.2397° N,81.3853° W,423.7622046,S.H. KimNot Likely,Not Likely,"Detroit, MI",42.4263°N,83.1262°W,RECIDENCE
Rikuya Hoshino,"Ibaraki, Japan",36.3418° N,140.4468° E,3170.553065,Rikuya HoshinoNot Likely,Not Likely,"Detroit, MI",42.4263°N,83.1262°W,RECIDENCE
Sami Valimaki,"Nokia, Finland",61.4800° N,23.5010° E,2091.228169,Sami ValimakiNot Likely,Not Likely,"Detroit, MI",42.4263°N,83.1262°W,RECIDENCE
Joe Highsmith,"Lakewood, Washington",47.1718° N,122.5185° W,968.891074,Joe HighsmithNot Likely,Not Likely,"Detroit, MI",42.4263°N,83.1262°W,RECIDENCE
Steven Fisk,"Stockbridge, Georgia",33.5443° N,84.2338° W,308.317014,Steven FiskNot Likely,Not Likely,"Detroit, MI",42.4263°N,83.1262°W,RECIDENCE
Adrian Meronk,"Wroclaw, Poland",51.1079° N,17.0385° E,2200.131418,Adrian MeronkNot Likely,Not Likely,"Detroit, MI",42.4263°N,83.1262°W,RECIDENCE
Harry Higgs,"Dallas, Texas",32.7767° N,96.7970° W,499.9730235,Harry HiggsNot Likely,Not Likely,"Detroit, MI",42.4263°N,83.1262°W,RECIDENCE
Gary Woodland,"Delray Beach, Florida",26.4615° N,80.0728° W,558.2483569,Gary WoodlandNot Likely,Not Likely,"Detroit, MI",42.4263°N,83.1262°W,RECIDENCE
Frederic LaCroix,"Quebec City, Canada",,,,Frederic LaCroixNot Likely,Not Likely,"Detroit, MI",42.4263°N,83.1262°W,RECIDENCE
Tim Widing,"Stockholm, Sweden",59.3293° N,18.0686° E,2056.403992,Tim WidingNot Likely,Not Likely,"Detroit, MI",42.4263°N,83.1262°W,RECIDENCE
Dan Bradbury,"Wakefield, England",53.6833° N,1.5059° W,1817.350518,Dan BradburyNot Likely,Not Likely,"Detroit, MI",42.4263°N,83.1262°W,RECIDENCE
Angel Ayora,"Madrid, Spain",40.4168° N,3.7038° W,1978.791002,Angel AyoraNot Likely,Not Likely,"Detroit, MI",42.4263°N,83.1262°W,RECIDENCE
Isaiah Salinda,"South San Francisco, California",37.6547° N,122.4077° W,1042.485295,Isaiah SalindaNot Likely,Not Likely,"Detroit, MI",42.4263°N,83.1262°W,RECIDENCE
Rafael Campos,"San Juan, Puerto Rico",18.4655° N,66.1057° W,966.4325132,Rafael CamposNot Likely,Not Likely,"Detroit, MI",42.4263°N,83.1262°W,RECIDENCE
Zac Blair,"St. George, Utah",37.0965° N,113.5684° W,824.4204112,Zac BlairNot Likely,Not Likely,"Detroit, MI",42.4263°N,83.1262°W,RECIDENCE
Joel Dahmen,"Scottsdale, Arizona",33.4942° N,111.9261° W,837.9126407,Joel DahmenNot Likely,Not Likely,"Detroit, MI",42.4263°N,83.1262°W,RECIDENCE
David Ravetto,"Paris, France",48.8566° N,2.3522° E,1965.174277,David RavettoNot Likely,Not Likely,"Detroit, MI",42.4263°N,83.1262°W,RECIDENCE
Sam Bairstow,"Sheffield, England",53.3811° N,1.4701° W,1822.156769,Sam BairstowNot Likely,Not Likely,"Detroit, MI",42.4263°N,83.1262°W,RECIDENCE
Alex Fitzpatrick,"Sheffield, England",53.3811° N,1.4701° W,1822.156769,Alex FitzpatrickNot Likely,Not Likely,"Detroit, MI",42.4263°N,83.1262°W,RECIDENCE
Angel Hidalgo Jordan,"Malaga, Spain",36.7202° N,4.4213° W,2028.513149,Angel Hidalgo JordanNot Likely,Not Likely,"Detroit, MI",42.4263°N,83.1262°W,RECIDENCE
William Mouw,"Chino, California",34.0122° N,117.6889° W,974.4665874,William MouwNot Likely,Not Likely,"Detroit, MI",42.4263°N,83.1262°W,RECIDENCE
Brice Garnett,"Gallatin, Missouri",39.9145° N,93.9622° W,294.6079957,Brice GarnettNot Likely,Not Likely,"Detroit, MI",42.4263°N,83.1262°W,RECIDENCE
Ryan Gerard,"Jupiter, Florida",26.9342° N,80.0942° W,541.9910478,Ryan GerardNot Likely,Not Likely,"Detroit, MI",42.4263°N,83.1262°W,RECIDENCE
Alejandro Tosti,"Rosario, Argentina",32.9587° S,60.6930° W,2699.643069,Alejandro TostiNot Likely,Not Likely,"Detroit, MI",42.4263°N,83.1262°W,RECIDENCE
Kris Ventura,"Puerto Vallarta, Mexico",20.6408° N,105.2247° W,988.6561751,Kris VenturaNot Likely,Not Likely,"Detroit, MI",42.4263°N,83.1262°W,RECIDENCE
Yuta Sugiura,"Tokyo, Japan",35.6762° N,139.6503° E,3201.644467,Yuta SugiuraNot Likely,Not Likely,"Detroit, MI",42.4263°N,83.1262°W,RECIDENCE
Nacho Elvira,"Madrid, Spain",40.4168° N,3.7038° W,1978.791002,Nacho ElviraNot Likely,Not Likely,"Detroit, MI",42.4263°N,83.1262°W,RECIDENCE
Sam Ryder,"Ponte Vedra Beach, Florida",30.2397° N,81.3853° W,423.7622046,Sam RyderNot Likely,Not Likely,"Detroit, MI",42.4263°N,83.1262°W,RECIDENCE
Taylor Dickson,"Johannesburg, South Africa",26.2041° S,28.0473° E,4231.577683,Taylor DicksonNot Likely,Not Likely,"Detroit, MI",42.4263°N,83.1262°W,RECIDENCE
Alexander Björk,"Växjö, Sweden",56.8790° N,14.8059° E,2051.349674,Alexander BjörkNot Likely,Not Likely,"Detroit, MI",42.4263°N,83.1262°W,RECIDENCE
David Micheluzzi,"Melbourne, Australia",37.8136° S,144.9631° E,4955.121986,David MicheluzziNot Likely,Not Likely,"Detroit, MI",42.4263°N,83.1262°W,RECIDENCE
Henrik Norlander,"Greenville, South Carolina",34.8526° N,82.3940° W,262.3907378,Henrik NorlanderNot Likely,Not Likely,"Detroit, MI",42.4263°N,83.1262°W,RECIDENCE
Michael Thorbjornsen,"Wellesley, Massachusetts",42.2965° N,71.2924° W,301.8718635,Michael ThorbjornsenNot Likely,Not Likely,"Detroit, MI",42.4263°N,83.1262°W,RECIDENCE
Brandon R-Thompson,"Dallas, Texas",32.7767° N,96.7970° W,499.9730235,Brandon R-ThompsonNot Likely,Not Likely,"Detroit, MI",42.4263°N,83.1262°W,RECIDENCE
Connor Syme,"Kirkcaldy, Scotland",56.1099° N,3.1602° W,1755.73353,Connor SymeNot Likely,Not Likely,"Detroit, MI",42.4263°N,83.1262°W,RECIDENCE
Jackson Suber,"Tampa, Florida",27.9506° N,82.4572° W,500.4445314,Jackson SuberNot Likely,Not Likely,"Detroit, MI",42.4263°N,83.1262°W,RECIDENCE
Thomas Rosenmueller,"Hamburg, Germany",53.5488° N,9.9872° E,2029.49057,Thomas RosenmuellerNot Likely,Not Likely,"Detroit, MI",42.4263°N,83.1262°W,RECIDENCE
Kevin Roy,"Tampa, Florida",27.9506° N,82.4572° W,500.4445314,Kevin RoyNot Likely,Not Likely,"Detroit, MI",42.4263°N,83.1262°W,RECIDENCE
Jacob Bridgeman,"Inman, South Carolina",35.0470° N,82.0901° W,256.4512343,Jacob BridgemanNot Likely,Not Likely,"Detroit, MI",42.4263°N,83.1262°W,RECIDENCE
Andy Sullivan,"Nuneaton, England",52.5205° N,1.4654° W,1834.209243,Andy SullivanNot Likely,Not Likely,"Detroit, MI",42.4263°N,83.1262°W,RECIDENCE
Elvis Smylie,"Gold Coast, Australia",28.0167° S,153.4000° E,4579.432783,Elvis SmylieNot Likely,Not Likely,"Detroit, MI",42.4263°N,83.1262°W,RECIDENCE
Adrian Otaegui,"San Sebastián, Spain",43.3128° N,1.9749° W,1967.363415,Adrian OtaeguiNot Likely,Not Likely,"Detroit, MI",42.4263°N,83.1262°W,RECIDENCE
Marcel Siem,"Ratingen, Germany",51.2976° N,6.8498° E,2011.265896,Marcel SiemNot Likely,Not Likely,"Detroit, MI",42.4263°N,83.1262°W,RECIDENCE
Nicolas Colsaerts,"Brussels, Belgium",50.8503° N,4.3517° E,1971.418189,Nicolas ColsaertsNot Likely,Not Likely,"Detroit, MI",42.4263°N,83.1262°W,RECIDENCE
Yannik Paul,"Innsbruck, Austria",47.2692° N,11.4041° E,2172.006853,Yannik PaulNot Likely,Not Likely,"Detroit, MI",42.4263°N,83.1262°W,RECIDENCE
Marcus Armitage,"Nottingham, England",52.9548° N,1.1581° W,1833.987416,Marcus ArmitageNot Likely,Not Likely,"Detroit, MI",42.4263°N,83.1262°W,RECIDENCE
Chris Gotterup,"Jupiter, Florida",26.9342° N,80.0942° W,541.9910478,Chris GotterupNot Likely,Not Likely,"Detroit, MI",42.4263°N,83.1262°W,RECIDENCE
Kevin Streelman,"Scottsdale, Arizona",33.4942° N,111.9261° W,837.9126407,Kevin StreelmanNot Likely,Not Likely,"Detroit, MI",42.4263°N,83.1262°W,RECIDENCE
Adrien Saddier,"Lyon, France",45.7640° N,4.8357° E,2068.99161,Adrien SaddierNot Likely,Not Likely,"Detroit, MI",42.4263°N,83.1262°W,RECIDENCE
Jacques Kruyswijk,"Pretoria, South Africa",25.7479° S,28.2293° E,4227.049554,Jacques KruyswijkNot Likely,Not Likely,"Detroit, MI",42.4263°N,83.1262°W,RECIDENCE
Pablo Larrazabal,"Barcelona, Spain",41.3851° N,2.1734° E,2092.424405,Pablo LarrazabalNot Likely,Not Likely,"Detroit, MI",42.4263°N,83.1262°W,RECIDENCE
Adrien Dumont de Chassart,"Fort Myers, Florida",26.6406° N,81.8723° W,546.4977116,Adrien Dumont de ChassartNot Likely,Not Likely,"Detroit, MI",42.4263°N,83.1262°W,RECIDENCE
Alistair Docherty,"Seattle, Washington",47.6062° N,122.3321° W,963.3814057,Alistair DochertyNot Likely,Not Likely,"Detroit, MI",42.4263°N,83.1262°W,RECIDENCE
Nate Lashley,"Scottsdale, Arizona",33.4942° N,111.9261° W,837.9126407,Nate LashleyNot Likely,Not Likely,"Detroit, MI",42.4263°N,83.1262°W,RECIDENCE
Ugo Coussaud,"Nantes, France",47.2184° N,1.5536° W,1912.020035,Ugo CoussaudNot Likely,Not Likely,"Detroit, MI",42.4263°N,83.1262°W,RECIDENCE
Wesley Bryan,"Augusta, Georgia",33.4735° N,82.0105° W,310.7740371,Wesley BryanNot Likely,Not Likely,"Detroit, MI",42.4263°N,83.1262°W,RECIDENCE
Bernd Wiesberger,"Vienna, Austria",48.2082° N,16.3738° E,2247.337976,Bernd WiesbergerNot Likely,Not Likely,"Detroit, MI",42.4263°N,83.1262°W,RECIDENCE
Ryo Ishikawa,"Saitama, Japan",35.8617° N,139.6455° E,3196.168743,Ryo IshikawaNot Likely,Not Likely,"Detroit, MI",42.4263°N,83.1262°W,RECIDENCE
Robin Williams,"Johannesburg, South Africa",26.2041° S,28.0473° E,4231.577683,Robin WilliamsNot Likely,Not Likely,"Detroit, MI",42.4263°N,83.1262°W,RECIDENCE
Jayden Schaper,"Johannesburg, South Africa",26.2041° S,28.0473° E,4231.577683,Jayden SchaperNot Likely,Not Likely,"Detroit, MI",42.4263°N,83.1262°W,RECIDENCE
Paul Peterson,"Tucson, Arizona",32.2226° N,110.9747° W,837.27907,Paul PetersonNot Likely,Not Likely,"Detroit, MI",42.4263°N,83.1262°W,RECIDENCE
Grant Forrest,"North Berwick, Scotland",56.0583° N,2.7209° W,1764.289542,Grant ForrestNot Likely,Not Likely,"Detroit, MI",42.4263°N,83.1262°W,RECIDENCE
Shugo Imahira,"Tokyo, Japan",35.6762° N,139.6503° E,3201.644467,Shugo ImahiraNot Likely,Not Likely,"Detroit, MI",42.4263°N,83.1262°W,RECIDENCE
Dylan Wu,"Medford, Oregon",42.3265° N,122.8756° W,1004.989528,Dylan WuNot Likely,Not Likely,"Detroit, MI",42.4263°N,83.1262°W,RECIDENCE
Neal Shipley,"Pittsburgh, Pennsylvania",40.4406° N,79.9959° W,106.1912053,Neal ShipleyNot Likely,Not Likely,"Detroit, MI",42.4263°N,83.1262°W,RECIDENCE
Richard Lee,"Toronto, Canada",43.6532° N,79.3832° W,103.5661663,Richard LeeNot Likely,Not Likely,"Detroit, MI",42.4263°N,83.1262°W,RECIDENCE
Joost Luiten,"Bleiswijk, Netherlands",52.0105° N,4.5396° E,1956.016097,Joost LuitenNot Likely,Not Likely,"Detroit, MI",42.4263°N,83.1262°W,RECIDENCE
Louis Oosthuizen,"Jupiter, Florida",26.9342° N,80.0942° W,541.9910478,Louis OosthuizenNot Likely,Not Likely,"Detroit, MI",42.4263°N,83.1262°W,RECIDENCE
Jeff Winther,"Copenhagen, Denmark",55.6761° N,12.5683° E,2036.371671,Jeff WintherNot Likely,Not Likely,"Detroit, MI",42.4263°N,83.1262°W,RECIDENCE
John Pak,"Scotch Plains, New Jersey",40.6554° N,74.3899° W,233.9178679,John PakNot Likely,Not Likely,"Detroit, MI",42.4263°N,83.1262°W,RECIDENCE
Hank Lebioda,"Orlando, Florida",28.5383° N,81.3792° W,482.2687471,Hank LebiodaNot Likely,Not Likely,"Detroit, MI",42.4263°N,83.1262°W,RECIDENCE
Francesco Laporta,"Taranto, Italy",40.4643° N,17.2470° E,2429.47671,Francesco LaportaNot Likely,Not Likely,"Detroit, MI",42.4263°N,83.1262°W,RECIDENCE
Vincent Norrman,"Jupiter, Florida",26.9342° N,80.0942° W,541.9910478,Vincent NorrmanNot Likely,Not Likely,"Detroit, MI",42.4263°N,83.1262°W,RECIDENCE
MK Kim,"Seoul, South Korea",37.5665° N,126.9780° E,3297.267117,MK KimNot Likely,Not Likely,"Detroit, MI",42.4263°N,83.1262°W,RECIDENCE
Takahiro Hataji,"Tokyo, Japan",35.6762° N,139.6503° E,3201.644467,Takahiro HatajiNot Likely,Not Likely,"Detroit, MI",42.4263°N,83.1262°W,RECIDENCE
Hamish Brown,"Auckland, New Zealand",36.8485° S,174.7633° E,4211.444978,Hamish BrownNot Likely,Not Likely,"Detroit, MI",42.4263°N,83.1262°W,RECIDENCE
Suteepat Prateeptienchai,"Bangkok, Thailand",13.7563° N,100.5018° E,4274.104236,Suteepat PrateeptienchaiNot Likely,Not Likely,"Detroit, MI",42.4263°N,83.1262°W,RECIDENCE
Ricky Castillo,"Yorba Linda, California",33.8886° N,117.8131° W,979.6036337,Ricky CastilloNot Likely,Not Likely,"Detroit, MI",42.4263°N,83.1262°W,RECIDENCE
Joakim Lagergren,"Stockholm, Sweden",59.3293° N,18.0686° E,2056.403992,Joakim LagergrenNot Likely,Not Likely,"Detroit, MI",42.4263°N,83.1262°W,RECIDENCE
Camilo Villegas,"Jupiter, Florida",26.9342° N,80.0942° W,541.9910478,Camilo VillegasNot Likely,Not Likely,"Detroit, MI",42.4263°N,83.1262°W,RECIDENCE
Lanto Griffin,"Orlando, Florida",28.5383° N,81.3792° W,482.2687471,Lanto GriffinNot Likely,Not Likely,"Detroit, MI",42.4263°N,83.1262°W,RECIDENCE
Taylor Montgomery,"Henderson, Nevada",36.0395° N,114.9817° W,874.9148637,Taylor MontgomeryNot Likely,Not Likely,"Detroit, MI",42.4263°N,83.1262°W,RECIDENCE
Richard Mansell,"Stafford, England",52.8052° N,2.1164° W,1817.764297,Richard MansellNot Likely,Not Likely,"Detroit, MI",42.4263°N,83.1262°W,RECIDENCE
Cristobal Del Solar,"Santiago, Chile",33.4489° S,70.6693° W,2650.803806,Cristobal Del SolarNot Likely,Not Likely,"Detroit, MI",42.4263°N,83.1262°W,RECIDENCE
Bud Cauley,"Jupiter, Florida",26.9342° N,80.0942° W,541.9910478,Bud CauleyNot Likely,Not Likely,"Detroit, MI",42.4263°N,83.1262°W,RECIDENCE
David Skinns,"Suwanee, Georgia",34.0515° N,84.0713° W,290.4531391,David SkinnsNot Likely,Not Likely,"Detroit, MI",42.4263°N,83.1262°W,RECIDENCE
Kyle Westmoreland,"Winter Haven, Florida",28.0225° N,81.7329° W,499.1394545,Kyle WestmorelandNot Likely,Not Likely,"Detroit, MI",42.4263°N,83.1262°W,RECIDENCE
Frederik Kjettrup,"Aabenraa, Denmark",55.0409° N,9.4180° E,1993.873486,Frederik KjettrupNot Likely,Not Likely,"Detroit, MI",42.4263°N,83.1262°W,RECIDENCE
Shubhankar Sharma,"Chandigarh, India",30.7333° N,76.7794° E,3611.60743,Shubhankar SharmaNot Likely,Not Likely,"Detroit, MI",42.4263°N,83.1262°W,RECIDENCE
Trace Crowe,"Auburn, Alabama",32.6099° N,85.4808° W,345.1692758,Trace CroweNot Likely,Not Likely,"Detroit, MI",42.4263°N,83.1262°W,RECIDENCE
Quade Cummins,"Weatherford, Oklahoma",35.5262° N,98.7070° W,480.491923,Quade CumminsNot Likely,Not Likely,"Detroit, MI",42.4263°N,83.1262°W,RECIDENCE
Karl Vilips,"Perth, Australia",31.9505° S,115.8605° E,5585.191653,Karl VilipsNot Likely,Not Likely,"Detroit, MI",42.4263°N,83.1262°W,RECIDENCE
Ivan Cantero Gutierrez,"Madrid, Spain",40.4168° N,3.7038° W,1978.791002,Ivan Cantero GutierrezNot Likely,Not Likely,"Detroit, MI",42.4263°N,83.1262°W,RECIDENCE
Robby Shelton,"Wilmer, Alabama",30.8232° N,88.3614° W,426.0926144,Robby SheltonNot Likely,Not Likely,"Detroit, MI",42.4263°N,83.1262°W,RECIDENCE
Marcus Kinhult,"Gothenburg, Sweden",57.7089° N,11.9746° E,1991.273364,Marcus KinhultNot Likely,Not Likely,"Detroit, MI",42.4263°N,83.1262°W,RECIDENCE
Austin Smotherman,"Reno, Nevada",39.5296° N,119.8138° W,954.6194595,Austin SmothermanNot Likely,Not Likely,"Detroit, MI",42.4263°N,83.1262°W,RECIDENCE
Darius Van Driel,"The Hague, Netherlands",52.0705° N,4.3007° E,1950.559374,Darius Van DrielNot Likely,Not Likely,"Detroit, MI",42.4263°N,83.1262°W,RECIDENCE
Sean Crocker,"Jupiter, Florida",26.9342° N,80.0942° W,541.9910478,Sean CrockerNot Likely,Not Likely,"Detroit, MI",42.4263°N,83.1262°W,RECIDENCE
Lucas Herbert,"Bendigo, Australia",36.7570° S,144.2794° E,4957.892396,Lucas HerbertNot Likely,Not Likely,"Detroit, MI",42.4263°N,83.1262°W,RECIDENCE
Zander Lombard,"Pretoria, South Africa",25.7479° S,28.2293° E,4227.049554,Zander LombardNot Likely,Not Likely,"Detroit, MI",42.4263°N,83.1262°W,RECIDENCE
Ollie Schniederjans,"Powder Springs, Georgia",33.8595° N,84.6838° W,298.9521454,Ollie SchniederjansNot Likely,Not Likely,"Detroit, MI",42.4263°N,83.1262°W,RECIDENCE
Yuto Katsuragawa,"Tokyo, Japan",35.6762° N,139.6503° E,3201.644467,Yuto KatsuragawaNot Likely,Not Likely,"Detroit, MI",42.4263°N,83.1262°W,RECIDENCE
Trav Smyth,"Brisbane, Australia",27.4705° S,153.0260° E,4578.55419,Trav SmythNot Likely,Not Likely,"Detroit, MI",42.4263°N,83.1262°W,RECIDENCE
Martin Couvra,"Paris, France",48.8566° N,2.3522° E,1965.174277,Martin CouvraNot Likely,Not Likely,"Detroit, MI",42.4263°N,83.1262°W,RECIDENCE
Danny Walker,"Richmond, Virginia",37.5407° N,77.4360° W,226.10875,Danny WalkerNot Likely,Not Likely,"Detroit, MI",42.4263°N,83.1262°W,RECIDENCE
Brandon Stone,"Pretoria, South Africa",25.7479° S,28.2293° E,4227.049554,Brandon StoneNot Likely,Not Likely,"Detroit, MI",42.4263°N,83.1262°W,RECIDENCE
Braden Thornberry,"Olive Branch, Mississippi",34.9618° N,89.8301° W,314.6831863,Braden ThornberryNot Likely,Not Likely,"Detroit, MI",42.4263°N,83.1262°W,RECIDENCE
Kevin Tway,"Edmond, Oklahoma",35.6528° N,97.4781° W,449.7131585,Kevin TwayNot Likely,Not Likely,"Detroit, MI",42.4263°N,83.1262°W,RECIDENCE
Carl Yuan,"Jacksonville, Florida",30.3322° N,81.6557° W,419.7930572,Carl YuanNot Likely,Not Likely,"Detroit, MI",42.4263°N,83.1262°W,RECIDENCE
Calum Hill,"Kirkcaldy, Scotland",56.1099° N,3.1602° W,1755.73353,Calum HillNot Likely,Not Likely,"Detroit, MI",42.4263°N,83.1262°W,RECIDENCE
Martin Laird,"Scottsdale, Arizona",33.4942° N,111.9261° W,837.9126407,Martin LairdNot Likely,Not Likely,"Detroit, MI",42.4263°N,83.1262°W,RECIDENCE
Matt NeSmith,"North Augusta, South Carolina",33.5018° N,81.9651° W,309.923532,Matt NeSmithNot Likely,Not Likely,"Detroit, MI",42.4263°N,83.1262°W,RECIDENCE
Ryosuke Kinoshita,"Osaka, Japan",34.6937° N,135.5023° E,3287.868874,Ryosuke KinoshitaNot Likely,Not Likely,"Detroit, MI",42.4263°N,83.1262°W,RECIDENCE
Jason Scrivener,"Perth, Australia",31.9505° S,115.8605° E,5585.191653,Jason ScrivenerNot Likely,Not Likely,"Detroit, MI",42.4263°N,83.1262°W,RECIDENCE
Sudarshan Yellamaraju,"Hyderabad, India",17.3850° N,78.4867° E,4070.760739,Sudarshan YellamarajuNot Likely,Not Likely,"Detroit, MI",42.4263°N,83.1262°W,RECIDENCE
Barend Botha,"Cape Town, South Africa",33.9249° S,18.4241° E,4143.724309,Barend BothaNot Likely,Not Likely,"Detroit, MI",42.4263°N,83.1262°W,RECIDENCE
Taiga Semikawa,"Tokyo, Japan",35.6762° N,139.6503° E,3201.644467,Taiga SemikawaNot Likely,Not Likely,"Detroit, MI",42.4263°N,83.1262°W,RECIDENCE
Justin Suh,"Las Vegas, Nevada",36.1699° N,115.1398° W,877.0873629,Justin SuhNot Likely,Not Likely,"Detroit, MI",42.4263°N,83.1262°W,RECIDENCE
Miguel Tabuena,"Manila, Philippines",14.5995° N,120.9842° E,4104.620907,Miguel TabuenaNot Likely,Not Likely,"Detroit, MI",42.4263°N,83.1262°W,RECIDENCE
Wilco Nienaber,"Bloemfontein, South Africa",29.0852° S,26.1596° E,4240.714069,Wilco NienaberNot Likely,Not Likely,"Detroit, MI",42.4263°N,83.1262°W,RECIDENCE
Ryan Moore,"Las Vegas, Nevada",36.1699° N,115.1398° W,877.0873629,Ryan MooreNot Likely,Not Likely,"Detroit, MI",42.4263°N,83.1262°W,RECIDENCE
Zach Bauchou,"Forest, Virginia",,,,Zach BauchouNot Likely,Not Likely,"Detroit, MI",42.4263°N,83.1262°W,RECIDENCE
Scott Jamieson,"Glasgow, Scotland",55.8642° N,4.2518° W,1738.831347,Scott JamiesonNot Likely,Not Likely,"Detroit, MI",42.4263°N,83.1262°W,RECIDENCE
Eugenio Chacarra,"Madrid, Spain",40.4168° N,3.7038° W,1978.791002,Eugenio ChacarraNot Likely,Not Likely,"Detroit, MI",42.4263°N,83.1262°W,RECIDENCE
Jamie Rutherford,"Edinburgh, Scotland",55.9533° N,3.1883° W,1757.109883,Jamie RutherfordNot Likely,Not Likely,"Detroit, MI",42.4263°N,83.1262°W,RECIDENCE
Taisei Shimizu,"Tokyo, Japan",35.6762° N,139.6503° E,3201.644467,Taisei ShimizuNot Likely,Not Likely,"Detroit, MI",42.4263°N,83.1262°W,RECIDENCE
Andrea Pavan,"Rome, Italy",41.9028° N,12.4964° E,2301.700964,Andrea PavanNot Likely,Not Likely,"Detroit, MI",42.4263°N,83.1262°W,RECIDENCE
Ryggs Johnston,"Libby, Montana",48.3886° N,115.5560° W,806.4489798,Ryggs JohnstonNot Likely,Not Likely,"Detroit, MI",42.4263°N,83.1262°W,RECIDENCE
Sam Bennett,"Madisonville, Texas",30.9499° N,95.9116° W,530.4163213,Sam BennettNot Likely,Not Likely,"Detroit, MI",42.4263°N,83.1262°W,RECIDENCE
Chad Ramey,"Fulton, Mississippi",34.2737° N,88.4092° W,315.7648307,Chad RameyNot Likely,Not Likely,"Detroit, MI",42.4263°N,83.1262°W,RECIDENCE
Hiroshi Iwata,"Sendai, Japan",38.2688° N,140.8694° E,3107.390602,Hiroshi IwataNot Likely,Not Likely,"Detroit, MI",42.4263°N,83.1262°W,RECIDENCE
Casey Jarvis,"Johannesburg, South Africa",26.2041° S,28.0473° E,4231.577683,Casey JarvisNot Likely,Not Likely,"Detroit, MI",42.4263°N,83.1262°W,RECIDENCE
Will Chandler,"Atlanta, Georgia",33.7490° N,84.3880° W,301.72143,Will ChandlerNot Likely,Not Likely,"Detroit, MI",42.4263°N,83.1262°W,RECIDENCE
Ryan van Velzen,"Johannesburg, South Africa",26.2041° S,28.0473° E,4231.577683,Ryan van VelzenNot Likely,Not Likely,"Detroit, MI",42.4263°N,83.1262°W,RECIDENCE
Conor Purcell,"Dublin, Ireland",53.3498° N,6.2603° W,1730.977298,Conor PurcellNot Likely,Not Likely,"Detroit, MI",42.4263°N,83.1262°W,RECIDENCE
Todd Clements,"Colchester, England",51.8959° N,0.8919° E,1888.555542,Todd ClementsNot Likely,Not Likely,"Detroit, MI",42.4263°N,83.1262°W,RECIDENCE
Kiradech Aphibarnrat,"Bangkok, Thailand",13.7563° N,100.5018° E,4274.104236,Kiradech AphibarnratNot Likely,Not Likely,"Detroit, MI",42.4263°N,83.1262°W,RECIDENCE
Kazuki Higa,"Okinawa, Japan",26.2124° N,127.6809° E,3652.041107,Kazuki HigaNot Likely,Not Likely,"Detroit, MI",42.4263°N,83.1262°W,RECIDENCE
Aaron Cockerill,"Winnipeg, Canada",49.8951° N,97.1384° W,421.9341013,Aaron CockerillNot Likely,Not Likely,"Detroit, MI",42.4263°N,83.1262°W,RECIDENCE
Nick Hardy,"Northbrook, Illinois",42.1275° N,87.8290° W,120.6370561,Nick HardyNot Likely,Not Likely,"Detroit, MI",42.4263°N,83.1262°W,RECIDENCE
Fabrizio Zanotti,"Asunción, Paraguay",25.2637° S,57.5759° W,2476.306056,Fabrizio ZanottiNot Likely,Not Likely,"Detroit, MI",42.4263°N,83.1262°W,RECIDENCE
Oliver Lindell,"Helsinki, Finland",60.1699° N,24.9384° E,2137.597932,Oliver LindellNot Likely,Not Likely,"Detroit, MI",42.4263°N,83.1262°W,RECIDENCE
S.Y. Noh,"Dallas, Texas",32.7767° N,96.7970° W,499.9730235,S.Y. NohNot Likely,Not Likely,"Detroit, MI",42.4263°N,83.1262°W,RECIDENCE
Caleb Surratt,"Indian Trail, North Carolina",35.0768° N,80.6691° W,262.3575197,Caleb SurrattNot Likely,Not Likely,"Detroit, MI",42.4263°N,83.1262°W,RECIDENCE
Josh Teater,"Lexington, Kentucky",38.0406° N,84.5037° W,155.8011514,Josh TeaterNot Likely,Not Likely,"Detroit, MI",42.4263°N,83.1262°W,RECIDENCE
Joseph Bramlett,"Las Vegas, Nevada",36.1699° N,115.1398° W,877.0873629,Joseph BramlettNot Likely,Not Likely,"Detroit, MI",42.4263°N,83.1262°W,RECIDENCE
Deon Germishuys,"Pretoria, South Africa",25.7479° S,28.2293° E,4227.049554,Deon GermishuysNot Likely,Not Likely,"Detroit, MI",42.4263°N,83.1262°W,RECIDENCE
Garrick Higgo,"Jupiter, Florida",26.9342° N,80.0942° W,541.9910478,Garrick HiggoNot Likely,Not Likely,"Detroit, MI",42.4263°N,83.1262°W,RECIDENCE
Alfredo Garcia-Heredia,"Madrid, Spain",40.4168° N,3.7038° W,1978.791002,Alfredo Garcia-HerediaNot Likely,Not Likely,"Detroit, MI",42.4263°N,83.1262°W,RECIDENCE
Marcel Schneider,"Munich, Germany",48.1351° N,11.5820° E,2158.664447,Marcel SchneiderNot Likely,Not Likely,"Detroit, MI",42.4263°N,83.1262°W,RECIDENCE
Sadom Kaewkanjana,"Bangkok, Thailand",13.7563° N,100.5018° E,4274.104236,Sadom KaewkanjanaNot Likely,Not Likely,"Detroit, MI",42.4263°N,83.1262°W,RECIDENCE
Young-han Song,"Seoul, South Korea",37.5665° N,126.9780° E,3297.267117,Young-han SongNot Likely,Not Likely,"Detroit, MI",42.4263°N,83.1262°W,RECIDENCE
Ren Yonezawa,"Tokyo, Japan",35.6762° N,139.6503° E,3201.644467,Ren YonezawaNot Likely,Not Likely,"Detroit, MI",42.4263°N,83.1262°W,RECIDENCE
Ben Martin,"Greenville, South Carolina",34.8526° N,82.3940° W,262.3907378,Ben MartinNot Likely,Not Likely,"Detroit, MI",42.4263°N,83.1262°W,RECIDENCE
Mitchell Meissner,"Houston, Texas",29.7604° N,95.3698° W,553.9822431,Mitchell MeissnerNot Likely,Not Likely,"Detroit, MI",42.4263°N,83.1262°W,RECIDENCE
Will Gordon,"Davidson, North Carolina",,,,Will GordonNot Likely,Not Likely,"Detroit, MI",42.4263°N,83.1262°W,RECIDENCE
Chesson Hadley,"Raleigh, North Carolina",35.7796° N,78.6382° W,259.1376517,Chesson HadleyNot Likely,Not Likely,"Detroit, MI",42.4263°N,83.1262°W,RECIDENCE
Joel Moscatel Nachsh,"Barcelona, Spain",41.3851° N,2.1734° E,2092.424405,Joel Moscatel NachshNot Likely,Not Likely,"Detroit, MI",42.4263°N,83.1262°W,RECIDENCE
Tom Vaillant,"Cannes, France",43.5528° N,7.0174° E,2155.27476,Tom VaillantNot Likely,Not Likely,"Detroit, MI",42.4263°N,83.1262°W,RECIDENCE
Kevin Chappell,"Fresno, California",36.7378° N,119.7871° W,987.7280125,Kevin ChappellNot Likely,Not Likely,"Detroit, MI",42.4263°N,83.1262°W,RECIDENCE
Davis Chatfield,"Atlanta, Georgia",33.7490° N,84.3880° W,301.72143,Davis ChatfieldNot Likely,Not Likely,"Detroit, MI",42.4263°N,83.1262°W,RECIDENCE
Kevin Velo,"Danville, California",37.8216° N,121.9997° W,1030.002191,Kevin VeloNot Likely,Not Likely,"Detroit, MI",42.4263°N,83.1262°W,RECIDENCE
Brandon Wu,"Scarsdale, New York",41.0051° N,73.7846° W,245.7158322,Brandon WuNot Likely,Not Likely,"Detroit, MI",42.4263°N,83.1262°W,RECIDENCE
Hayden Buckley,"Tupelo, Mississippi",34.2576° N,88.7034° W,319.9347244,Hayden BuckleyNot Likely,Not Likely,"Detroit, MI",42.4263°N,83.1262°W,RECIDENCE
Dylan Frittelli,"Jupiter, Florida",26.9342° N,80.0942° W,541.9910478,Dylan FrittelliNot Likely,Not Likely,"Detroit, MI",42.4263°N,83.1262°W,RECIDENCE
Jeremy Paul,"Munich, Germany",48.1351° N,11.5820° E,2158.664447,Jeremy PaulNot Likely,Not Likely,"Detroit, MI",42.4263°N,83.1262°W,RECIDENCE
Curtis Luck,"Perth, Australia",31.9505° S,115.8605° E,5585.191653,Curtis LuckNot Likely,Not Likely,"Detroit, MI",42.4263°N,83.1262°W,RECIDENCE
Zach Johnson,"Cedar Rapids, Iowa",41.9779° N,91.6656° W,218.993551,Zach JohnsonNot Likely,Not Likely,"Detroit, MI",42.4263°N,83.1262°W,RECIDENCE
MJ Maguire,"Dublin, Ireland",53.3498° N,6.2603° W,1730.977298,MJ MaguireNot Likely,Not Likely,"Detroit, MI",42.4263°N,83.1262°W,RECIDENCE
Matthew Southgate,"Southend-on-Sea, England",51.5459° N,0.7079° E,1890.297691,Matthew SouthgateNot Likely,Not Likely,"Detroit, MI",42.4263°N,83.1262°W,RECIDENCE
Tyler Duncan,"Columbus, Indiana",39.2014° N,85.9214° W,133.2242806,Tyler DuncanNot Likely,Not Likely,"Detroit, MI",42.4263°N,83.1262°W,RECIDENCE
Trey Winstead,"Baton Rouge, Louisiana",30.4515° N,91.1871° W,469.9173256,Trey WinsteadNot Likely,Not Likely,"Detroit, MI",42.4263°N,83.1262°W,RECIDENCE
Gavin Green,"Kuala Lumpur, Malaysia",3.1390° N,101.6869° E,4637.130041,Gavin GreenNot Likely,Not Likely,"Detroit, MI",42.4263°N,83.1262°W,RECIDENCE
Davis Shore,"Tyler, Texas",32.3513° N,95.3011° W,481.53735,Davis ShoreNot Likely,Not Likely,"Detroit, MI",42.4263°N,83.1262°W,RECIDENCE
Chez Reavie,"Scottsdale, Arizona",33.4942° N,111.9261° W,837.9126407,Chez ReavieNot Likely,Not Likely,"Detroit, MI",42.4263°N,83.1262°W,RECIDENCE
Aaron Baddeley,"Scottsdale, Arizona",33.4942° N,111.9261° W,837.9126407,Aaron BaddeleyNot Likely,Not Likely,"Detroit, MI",42.4263°N,83.1262°W,RECIDENCE
Webb Simpson,"Charlotte, North Carolina",35.2271° N,80.8431° W,256.1602722,Webb SimpsonNot Likely,Not Likely,"Detroit, MI",42.4263°N,83.1262°W,RECIDENCE
Ricardo Gouveia,"Lisbon, Portugal",38.7223° N,9.1393° W,1882.375721,Ricardo GouveiaNot Likely,Not Likely,"Detroit, MI",42.4263°N,83.1262°W,RECIDENCE
Peter Kuest,"Fresno, California",36.7378° N,119.7871° W,987.7280125,Peter KuestNot Likely,Not Likely,"Detroit, MI",42.4263°N,83.1262°W,RECIDENCE
Jimmy Stanger,"Tampa, Florida",27.9506° N,82.4572° W,500.4445314,Jimmy StangerNot Likely,Not Likely,"Detroit, MI",42.4263°N,83.1262°W,RECIDENCE
Jens Dantorp,"Malmö, Sweden",55.6040° N,13.0038° E,2044.927763,Jens DantorpNot Likely,Not Likely,"Detroit, MI",42.4263°N,83.1262°W,RECIDENCE
Carter Jenkins,"Greensboro, North Carolina",36.0726° N,79.7920° W,236.8802801,Carter JenkinsNot Likely,Not Likely,"Detroit, MI",42.4263°N,83.1262°W,RECIDENCE
Phachara Khongwatmai,"Bangkok, Thailand",13.7563° N,100.5018° E,4274.104236,Phachara KhongwatmaiNot Likely,Not Likely,"Detroit, MI",42.4263°N,83.1262°W,RECIDENCE
Seungtaek Lee,"Seoul, South Korea",37.5665° N,126.9780° E,3297.267117,Seungtaek LeeNot Likely,Not Likely,"Detroit, MI",42.4263°N,83.1262°W,RECIDENCE
Hur In-hoi,"Seoul, South Korea",37.5665° N,126.9780° E,3297.267117,Hur In-hoiNot Likely,Not Likely,"Detroit, MI",42.4263°N,83.1262°W,RECIDENCE
Guntaek Koh,"Seoul, South Korea",37.5665° N,126.9780° E,3297.267117,Guntaek KohNot Likely,Not Likely,"Detroit, MI",42.4263°N,83.1262°W,RECIDENCE
Lee Jung-hwan,"Seoul, South Korea",37.5665° N,126.9780° E,3297.267117,Lee Jung-hwanNot Likely,Not Likely,"Detroit, MI",42.4263°N,83.1262°W,RECIDENCE
Mason Andersen,"Phoenix, Arizona",33.4484° N,112.0740° W,842.3941385,Mason AndersenNot Likely,Not Likely,"Detroit, MI",42.4263°N,83.1262°W,RECIDENCE
Jeong Weon Ko,"Seoul, South Korea",37.5665° N,126.9780° E,3297.267117,Jeong Weon KoNot Likely,Not Likely,"Detroit, MI",42.4263°N,83.1262°W,RECIDENCE
Kazuma Kobori,"Christchurch, New Zealand",43.5321° S,172.6362° E,4373.79829,Kazuma KoboriNot Likely,Not Likely,"Detroit, MI",42.4263°N,83.1262°W,RECIDENCE
Max Kieffer,"Düsseldorf, Germany",51.2277° N,6.7735° E,2011.031088,Max KiefferNot Likely,Not Likely,"Detroit, MI",42.4263°N,83.1262°W,RECIDENCE
Troy Merritt,"Boise, Idaho",43.6013° N,116.2028° W,830.9824273,Troy MerrittNot Likely,Not Likely,"Detroit, MI",42.4263°N,83.1262°W,RECIDENCE
Daniel Summerhays,"Farmington, Utah",40.9783° N,111.8872° W,739.973649,Daniel SummerhaysNot Likely,Not Likely,"Detroit, MI",42.4263°N,83.1262°W,RECIDENCE
Noah Goodwin,"Dallas, Texas",32.7767° N,96.7970° W,499.9730235,Noah GoodwinNot Likely,Not Likely,"Detroit, MI",42.4263°N,83.1262°W,RECIDENCE
Takashi Ogiso,"Tokyo, Japan",35.6762° N,139.6503° E,3201.644467,Takashi OgisoNot Likely,Not Likely,"Detroit, MI",42.4263°N,83.1262°W,RECIDENCE
Emilio Gonzalez,"Santiago, Chile",33.4489° S,70.6693° W,2650.803806,Emilio GonzalezNot Likely,Not Likely,"Detroit, MI",42.4263°N,83.1262°W,RECIDENCE
Kristoffer Reitan,"Oslo, Norway",59.9139° N,10.7522° E,1935.763049,Kristoffer ReitanNot Likely,Not Likely,"Detroit, MI",42.4263°N,83.1262°W,RECIDENCE
Kaito Onishi,"Tokyo, Japan",35.6762° N,139.6503° E,3201.644467,Kaito OnishiNot Likely,Not Likely,"Detroit, MI",42.4263°N,83.1262°W,RECIDENCE
Freddy Schott,"Munich, Germany",48.1351° N,11.5820° E,2158.664447,Freddy SchottNot Likely,Not Likely,"Detroit, MI",42.4263°N,83.1262°W,RECIDENCE
Russell Knox,"Jacksonville, Florida",30.3322° N,81.6557° W,419.7930572,Russell KnoxNot Likely,Not Likely,"Detroit, MI",42.4263°N,83.1262°W,RECIDENCE
Roger Sloan,"Houston, Texas",29.7604° N,95.3698° W,553.9822431,Roger SloanNot Likely,Not Likely,"Detroit, MI",42.4263°N,83.1262°W,RECIDENCE
Gaganjeet Bhullar,"Kapurthala, India",31.3803° N,75.3811° E,3578.908202,Gaganjeet BhullarNot Likely,Not Likely,"Detroit, MI",42.4263°N,83.1262°W,RECIDENCE
Yuta Kaneko,"Tokyo, Japan",35.6762° N,139.6503° E,3201.644467,Yuta KanekoNot Likely,Not Likely,"Detroit, MI",42.4263°N,83.1262°W,RECIDENCE
Wooyoung Cho,"Seoul, South Korea",37.5665° N,126.9780° E,3297.267117,Wooyoung ChoNot Likely,Not Likely,"Detroit, MI",42.4263°N,83.1262°W,RECIDENCE
Padraig Harrington,"Dublin, Ireland",53.3498° N,6.2603° W,1730.977298,Padraig HarringtonNot Likely,Not Likely,"Detroit, MI",42.4263°N,83.1262°W,RECIDENCE
Jonathan Broomhead,"Johannesburg, South Africa",26.2041° S,28.0473° E,4231.577683,Jonathan BroomheadNot Likely,Not Likely,"Detroit, MI",42.4263°N,83.1262°W,RECIDENCE
Matt Atkins,"Aiken, South Carolina",33.5604° N,81.7196° W,308.6620011,Matt AtkinsNot Likely,Not Likely,"Detroit, MI",42.4263°N,83.1262°W,RECIDENCE
Carlos Ortiz,"Dallas, Texas",32.7767° N,96.7970° W,499.9730235,Carlos OrtizNot Likely,Not Likely,"Detroit, MI",42.4263°N,83.1262°W,RECIDENCE
Stewart Cink,"Duluth, Georgia",34.0029° N,84.1446° W,292.3068291,Stewart CinkNot Likely,Not Likely,"Detroit, MI",42.4263°N,83.1262°W,RECIDENCE
Norman Xiong,"Las Vegas, Nevada",36.1699° N,115.1398° W,877.0873629,Norman XiongNot Likely,Not Likely,"Detroit, MI",42.4263°N,83.1262°W,RECIDENCE
Myles Creighton,"Halifax, Canada",44.6486° N,63.5850° W,494.1446504,Myles CreightonNot Likely,Not Likely,"Detroit, MI",42.4263°N,83.1262°W,RECIDENCE
Kieran Vincent,"Harare, Zimbabwe",17.8252° S,31.0335° E,4132.240756,Kieran VincentNot Likely,Not Likely,"Detroit, MI",42.4263°N,83.1262°W,RECIDENCE
Andrew Wilson,"Auckland, New Zealand",36.8485° S,174.7633° E,4211.444978,Andrew WilsonNot Likely,Not Likely,"Detroit, MI",42.4263°N,83.1262°W,RECIDENCE
Brandon Crick,"Omaha, Nebraska",41.2565° N,95.9345° W,331.7963529,Brandon CrickNot Likely,Not Likely,"Detroit, MI",42.4263°N,83.1262°W,RECIDENCE
Trevor Cone,"Concord, North Carolina",35.4088° N,80.5795° W,251.8778805,Trevor ConeNot Likely,Not Likely,"Detroit, MI",42.4263°N,83.1262°W,RECIDENCE
Eddie Pepperell,"Oxford, England",51.7520° N,1.2577° W,1849.16776,Eddie PepperellNot Likely,Not Likely,"Detroit, MI",42.4263°N,83.1262°W,RECIDENCE
Parker Coody,"Plano, Texas",33.0198° N,96.6989° W,491.9894817,Parker CoodyNot Likely,Not Likely,"Detroit, MI",42.4263°N,83.1262°W,RECIDENCE
Doc Redman,"Jacksonville, Florida",30.3322° N,81.6557° W,419.7930572,Doc RedmanNot Likely,Not Likely,"Detroit, MI",42.4263°N,83.1262°W,RECIDENCE
Yuki Inamori,"Tokyo, Japan",35.6762° N,139.6503° E,3201.644467,Yuki InamoriNot Likely,Not Likely,"Detroit, MI",42.4263°N,83.1262°W,RECIDENCE
Thanapath Pichaikul,"Bangkok, Thailand",13.7563° N,100.5018° E,4274.104236,Thanapath PichaikulNot Likely,Not Likely,"Detroit, MI",42.4263°N,83.1262°W,RECIDENCE
Seth Reeves,"Atlanta, Georgia",33.7490° N,84.3880° W,301.72143,Seth ReevesNot Likely,Not Likely,"Detroit, MI",42.4263°N,83.1262°W,RECIDENCE
Thomas Pieters,"Antwerp, Belgium",51.2194° N,4.4025° E,1966.317882,Thomas PietersNot Likely,Not Likely,"Detroit, MI",42.4263°N,83.1262°W,RECIDENCE
Ross Steelman,"Columbia, Missouri",38.9517° N,92.3341° W,269.2191128,Ross SteelmanNot Likely,Not Likely,"Detroit, MI",42.4263°N,83.1262°W,RECIDENCE
Benjamin Hebert,"Brive-la-Gaillarde, France",45.1589° N,1.5321° E,2010.953209,Benjamin HebertNot Likely,Not Likely,"Detroit, MI",42.4263°N,83.1262°W,RECIDENCE
Santiago Tarrio,"A Coruña, Spain",43.3623° N,8.4115° W,1823.858101,Santiago TarrioNot Likely,Not Likely,"Detroit, MI",42.4263°N,83.1262°W,RECIDENCE
Mike Lorenzo-Vera,"Bayonne, France",43.4927° N,1.4752° W,1975.202578,Mike Lorenzo-VeraNot Likely,Not Likely,"Detroit, MI",42.4263°N,83.1262°W,RECIDENCE
Tom Lewis,"Welwyn Garden City, England",51.8031° N,0.2069° W,1868.784338,Tom LewisNot Likely,Not Likely,"Detroit, MI",42.4263°N,83.1262°W,RECIDENCE
Tomoyo Ikemura,"Tokyo, Japan",35.6762° N,139.6503° E,3201.644467,Tomoyo IkemuraNot Likely,Not Likely,"Detroit, MI",42.4263°N,83.1262°W,RECIDENCE
Ryan McCormick,"Trenton, New Jersey",40.2171° N,74.7429° W,230.3869159,Ryan McCormickNot Likely,Not Likely,"Detroit, MI",42.4263°N,83.1262°W,RECIDENCE
Tom Murray,"London, England",51.5074° N,0.1278° W,1874.69495,Tom MurrayNot Likely,Not Likely,"Detroit, MI",42.4263°N,83.1262°W,RECIDENCE
Mikko Korhonen,"Helsinki, Finland",60.1699° N,24.9384° E,2137.597932,Mikko KorhonenNot Likely,Not Likely,"Detroit, MI",42.4263°N,83.1262°W,RECIDENCE
Renato Paratore,"Rome, Italy",41.9028° N,12.4964° E,2301.700964,Renato ParatoreNot Likely,Not Likely,"Detroit, MI",42.4263°N,83.1262°W,RECIDENCE
Scott Vincent,"Harare, Zimbabwe",17.8252° S,31.0335° E,4132.240756,Scott VincentNot Likely,Not Likely,"Detroit, MI",42.4263°N,83.1262°W,RECIDENCE
Daan Huizing,"Zwolle, Netherlands",52.5125° N,6.0940° E,1976.740693,Daan HuizingNot Likely,Not Likely,"Detroit, MI",42.4263°N,83.1262°W,RECIDENCE
Michael Lorenzo-Vera,"Bayonne, France",43.4927° N,1.4752° W,1975.202578,Michael Lorenzo-VeraNot Likely,Not Likely,"Detroit, MI",42.4263°N,83.1262°W,RECIDENCE
Nick Gabrelcik,"Jacksonville, Florida",30.3322° N,81.6557° W,419.7930572,Nick GabrelcikNot Likely,Not Likely,"Detroit, MI",42.4263°N,83.1262°W,RECIDENCE
James Morrison,"Chertsey, England",,,,James MorrisonNot Likely,Not Likely,"Detroit, MI",42.4263°N,83.1262°W,RECIDENCE
Sung Kang,"Coppell, Texas",,,,Sung KangNot Likely,Not Likely,"Detroit, MI",42.4263°N,83.1262°W,RECIDENCE
Jack Singh Brar,"Slough, England",51.5103° N,0.5952° W,1865.570772,Jack Singh BrarNot Likely,Not Likely,"Detroit, MI",42.4263°N,83.1262°W,RECIDENCE
Merrick Bremner,"Johannesburg, South Africa",26.2041° S,28.0473° E,4231.577683,Merrick BremnerNot Likely,Not Likely,"Detroit, MI",42.4263°N,83.1262°W,RECIDENCE
Ryan Palmer,"Colleyville, Texas",32.8809° N,97.1550° W,504.7296226,Ryan PalmerNot Likely,Not Likely,"Detroit, MI",42.4263°N,83.1262°W,RECIDENCE
D.J. Trahan,"Mount Pleasant, South Carolina",32.8323° N,79.8284° W,343.4280867,D.J. TrahanNot Likely,Not Likely,"Detroit, MI",42.4263°N,83.1262°W,RECIDENCE
Jack Senior,"Bristol, England",51.4545° N,2.5879° W,1827.412274,Jack SeniorNot Likely,Not Likely,"Detroit, MI",42.4263°N,83.1262°W,RECIDENCE
Jonas Blixt,"Jupiter, Florida",26.9342° N,80.0942° W,541.9910478,Jonas BlixtNot Likely,Not Likely,"Detroit, MI",42.4263°N,83.1262°W,RECIDENCE
Espen Kofstad,"Oslo, Norway",59.9139° N,10.7522° E,1935.763049,Espen KofstadNot Likely,Not Likely,"Detroit, MI",42.4263°N,83.1262°W,RECIDENCE
Michael Hendry,"Auckland, New Zealand",36.8485° S,174.7633° E,4211.444978,Michael HendryNot Likely,Not Likely,"Detroit, MI",42.4263°N,83.1262°W,RECIDENCE
Matthew Baldwin,"Southport, England",53.6458° N,3.0100° W,1789.45513,Matthew BaldwinNot Likely,Not Likely,"Detroit, MI",42.4263°N,83.1262°W,RECIDENCE
Evan Harmeling,"Andover, Massachusetts",42.6584° N,71.1370° W,305.016672,Evan HarmelingNot Likely,Not Likely,"Detroit, MI",42.4263°N,83.1262°W,RECIDENCE
Ross Fisher,"Ascot, England",51.4048° N,0.6760° W,1865.551318,Ross FisherNot Likely,Not Likely,"Detroit, MI",42.4263°N,83.1262°W,RECIDENCE
Søren Kjeldsen,"Aarhus, Denmark",56.1581° N,10.2114° E,1988.543934,Søren KjeldsenNot Likely,Not Likely,"Detroit, MI",42.4263°N,83.1262°W,RECIDENCE
Andy Ogletree,"Canton, Georgia",34.2368° N,84.4955° W,285.3343143,Andy OgletreeNot Likely,Not Likely,"Detroit, MI",42.4263°N,83.1262°W,RECIDENCE
Matt Sharpstene,"Asheville, North Carolina",35.5951° N,82.5515° W,236.499722,Matt SharpsteneNot Likely,Not Likely,"Detroit, MI",42.4263°N,83.1262°W,RECIDENCE
Chase Hanna,"Overland Park, Kansas",38.9822° N,94.6708° W,324.5788823,Chase HannaNot Likely,Not Likely,"Detroit, MI",42.4263°N,83.1262°W,RECIDENCE
Richy Werenski,"Jupiter, Florida",26.9342° N,80.0942° W,541.9910478,Richy WerenskiNot Likely,Not Likely,"Detroit, MI",42.4263°N,83.1262°W,RECIDENCE
Chase Seiffert,"Panama City, Florida",30.1588° N,85.6602° W,429.5810456,Chase SeiffertNot Likely,Not Likely,"Detroit, MI",42.4263°N,83.1262°W,RECIDENCE
Simon Forsström,"Stockholm, Sweden",59.3293° N,18.0686° E,2056.403992,Simon ForsströmNot Likely,Not Likely,"Detroit, MI",42.4263°N,83.1262°W,RECIDENCE
Robert Streb,"Shawnee, Kansas",39.0211° N,94.7147° W,325.0776358,Robert StrebNot Likely,Not Likely,"Detroit, MI",42.4263°N,83.1262°W,RECIDENCE
Chris Baker,"Jacksonville, Florida",30.3322° N,81.6557° W,419.7930572,Chris BakerNot Likely,Not Likely,"Detroit, MI",42.4263°N,83.1262°W,RECIDENCE
Matt Every,"Jacksonville Beach, Florida",30.2947° N,81.3931° W,421.8481658,Matt EveryNot Likely,Not Likely,"Detroit, MI",42.4263°N,83.1262°W,RECIDENCE
Gordon Sargent,"Birmingham, Alabama",33.5207° N,86.8025° W,323.4518885,Gordon SargentNot Likely,Not Likely,"Detroit, MI",42.4263°N,83.1262°W,RECIDENCE
Clement Sordet,"Lyon, France",45.7640° N,4.8357° E,2068.99161,Clement SordetNot Likely,Not Likely,"Detroit, MI",42.4263°N,83.1262°W,RECIDENCE
Kevin Dougherty,"Tulsa, Oklahoma",36.1540° N,95.9928° W,405.8942492,Kevin DoughertyNot Likely,Not Likely,"Detroit, MI",42.4263°N,83.1262°W,RECIDENCE
Scott Gutschewski,"Omaha, Nebraska",41.2565° N,95.9345° W,331.7963529,Scott GutschewskiNot Likely,Not Likely,"Detroit, MI",42.4263°N,83.1262°W,RECIDENCE
Scott Hend,"Brisbane, Australia",27.4705° S,153.0260° E,4578.55419,Scott HendNot Likely,Not Likely,"Detroit, MI",42.4263°N,83.1262°W,RECIDENCE
Grayson Murray,"Jupiter, Florida",26.9342° N,80.0942° W,541.9910478,Grayson MurrayNot Likely,Not Likely,"Detroit, MI",42.4263°N,83.1262°W,RECIDENCE
Tapio Pulkkanen,"Helsinki, Finland",60.1699° N,24.9384° E,2137.597932,Tapio PulkkanenNot Likely,Not Likely,"Detroit, MI",42.4263°N,83.1262°W,RECIDENCE
Pep Angles,"Barcelona, Spain",41.3851° N,2.1734° E,2092.424405,Pep AnglesNot Likely,Not Likely,"Detroit, MI",42.4263°N,83.1262°W,RECIDENCE
Sangmoon Bae,"Dallas, Texas",32.7767° N,96.7970° W,499.9730235,Sangmoon BaeNot Likely,Not Likely,"Detroit, MI",42.4263°N,83.1262°W,RECIDENCE
Scott Gutschewski,"Omaha, Nebraska",41.2565° N,95.9345° W,331.7963529,Scott GutschewskiNot Likely,Not Likely,"Detroit, MI",42.4263°N,83.1262°W,RECIDENCE
Gonzalo Fernandez-Castaño,"Madrid, Spain",40.4168° N,3.7038° W,1978.791002,Gonzalo Fernandez-CastañoNot Likely,Not Likely,"Detroit, MI",42.4263°N,83.1262°W,RECIDENCE
Anders Albertson,"Woodstock, Georgia",34.1015° N,84.5194° W,290.0570488,Anders AlbertsonNot Likely,Not Likely,"Detroit, MI",42.4263°N,83.1262°W,RECIDENCE
Aaron Wise,"Jupiter, Florida",26.9342° N,80.0942° W,541.9910478,Aaron WiseNot Likely,Not Likely,"Detroit, MI",42.4263°N,83.1262°W,RECIDENCE
Dawie van der Walt,"Paarl, South Africa",33.7342° S,18.9752° E,4153.303694,Dawie van der WaltNot Likely,Not Likely,"Detroit, MI",42.4263°N,83.1262°W,RECIDENCE
Jbe Kruger,"Bloemfontein, South Africa",29.0852° S,26.1596° E,4240.714069,Jbe KrugerNot Likely,Not Likely,"Detroit, MI",42.4263°N,83.1262°W,RECIDENCE
Erik Barnes,"Austin, Texas",30.2672° N,97.7431° W,583.0323671,Erik BarnesNot Likely,Not Likely,"Detroit, MI",42.4263°N,83.1262°W,RECIDENCE
Cameron Percy,"Raleigh, North Carolina",35.7796° N,78.6382° W,259.1376517,Cameron PercyNot Likely,Not Likely,"Detroit, MI",42.4263°N,83.1262°W,RECIDENCE
Michael Johnson,"Auburn, Alabama",32.6099° N,85.4808° W,345.1692758,Michael JohnsonNot Likely,Not Likely,"Detroit, MI",42.4263°N,83.1262°W,RECIDENCE
Wenyi Ding,"Beijing, China",39.9042° N,116.4074° E,3309.233958,Wenyi DingNot Likely,Not Likely,"Detroit, MI",42.4263°N,83.1262°W,RECIDENCE
Wil Bateman,"Edmonton, Canada",53.5461° N,113.4937° W,791.8057006,Wil BatemanNot Likely,Not Likely,"Detroit, MI",42.4263°N,83.1262°W,RECIDENCE
Denzel Ieremia,"Auckland, New Zealand",36.8485° S,174.7633° E,4211.444978,Denzel IeremiaNot Likely,Not Likely,"Detroit, MI",42.4263°N,83.1262°W,RECIDENCE
Renato Paratore,"Rome, Italy",41.9028° N,12.4964° E,2301.700964,Renato ParatoreNot Likely,Not Likely,"Detroit, MI",42.4263°N,83.1262°W,RECIDENCE
Alexander Levy,"Jupiter, Florida",26.9342° N,80.0942° W,541.9910478,Alexander LevyNot Likely,Not Likely,"Detroit, MI",42.4263°N,83.1262°W,RECIDENCE
Hunter Stewart,"Lexington, Kentucky",38.0406° N,84.5037° W,155.8011514,Hunter StewartNot Likely,Not Likely,"Detroit, MI",42.4263°N,83.1262°W,RECIDENCE
Chris Baker,"Jacksonville, Florida",30.3322° N,81.6557° W,419.7930572,Chris BakerNot Likely,Not Likely,"Detroit, MI",42.4263°N,83.1262°W,RECIDENCE
David Hearn,"Brantford, Canada",43.1394° N,80.2644° W,76.62469271,David HearnPossible,Possible,"Detroit, MI",42.4263°N,83.1262°W,RECIDENCE
Jediah Morgan,"Brisbane, Australia",27.4705° S,153.0260° E,4578.55419,Jediah MorganNot Likely,Not Likely,"Detroit, MI",42.4263°N,83.1262°W,RECIDENCE
Matthew Anderson,"Toronto, Canada",43.6532° N,79.3832° W,103.5661663,Matthew AndersonNot Likely,Not Likely,"Detroit, MI",42.4263°N,83.1262°W,RECIDENCE
Paul Barjon,"Fort Worth, Texas",32.7555° N,97.3308° W,511.4035986,Paul BarjonNot Likely,Not Likely,"Detroit, MI",42.4263°N,83.1262°W,RECIDENCE
Scott Brown,"Aiken, South Carolina",33.5604° N,81.7196° W,308.6620011,Scott BrownNot Likely,Not Likely,"Detroit, MI",42.4263°N,83.1262°W,RECIDENCE
Ross Fisher,"Ascot, England",51.4048° N,0.6760° W,1865.551318,Ross FisherNot Likely,Not Likely,"Detroit, MI",42.4263°N,83.1262°W,RECIDENCE
James Morrison,"Chertsey, England",,,,James MorrisonNot Likely,Not Likely,"Detroit, MI",42.4263°N,83.1262°W,RECIDENCE
Chris Kirkpatrick,"Toronto, Canada",43.6532° N,79.3832° W,103.5661663,Chris KirkpatrickNot Likely,Not Likely,"Detroit, MI",42.4263°N,83.1262°W,RECIDENCE
Jack Senior,"Morecambe, England",54.0679° N,2.8625° W,1786.736339,Jack SeniorNot Likely,Not Likely,"Detroit, MI",42.4263°N,83.1262°W,RECIDENCE
Christo Lamprecht,"George, South Africa",33.9881° S,22.4530° E,4241.91802,Christo LamprechtNot Likely,Not Likely,"Detroit, MI",42.4263°N,83.1262°W,RECIDENCE
Michael Lorenzo-Vera,"Bayonne, France",43.4927° N,1.4752° W,1975.202578,Michael Lorenzo-VeraNot Likely,Not Likely,"Detroit, MI",42.4263°N,83.1262°W,RECIDENCE
Tom Adrounie,"Jacksonville, Florida",30.3322° N,81.6557° W,419.7930572,Tom AdrounieNot Likely,Not Likely,"Detroit, MI",42.4263°N,83.1262°W,RECIDENCE
Matthew McCarty,"Scottsdale, Arizona",33.4942° N,111.9261° W,837.9126407,Matthew McCartyNot Likely,Not Likely,"Detroit, MI",42.4263°N,83.1262°W,RECIDENCE
Julian Suri,"St. Augustine, Florida",29.8947° N,81.3145° W,435.8383401,Julian SuriNot Likely,Not Likely,"Detroit, MI",42.4263°N,83.1262°W,RECIDENCE
Javier Sainz,"Madrid, Spain",40.4168° N,3.7038° W,1978.791002,Javier SainzNot Likely,Not Likely,"Detroit, MI",42.4263°N,83.1262°W,RECIDENCE
Tjaart van der Walt,"Pretoria, South Africa",25.7479° S,28.2293° E,4227.049554,Tjaart van der WaltNot Likely,Not Likely,"Detroit, MI",42.4263°N,83.1262°W,RECIDENCE
Chase Seiffert,"Panama City, Florida",30.1588° N,85.6602° W,429.5810456,Chase SeiffertNot Likely,Not Likely,"Detroit, MI",42.4263°N,83.1262°W,RECIDENCE
Stephen Stallings Jr.,"Louisville, Kentucky",38.2527° N,85.7585° W,159.9593139,Stephen Stallings Jr.Not Likely,Not Likely,"Detroit, MI",42.4263°N,83.1262°W,RECIDENCE
Bryson Nimmer,"Bluffton, South Carolina",32.2385° N,80.8604° W,357.3797807,Bryson NimmerNot Likely,Not Likely,"Detroit, MI",42.4263°N,83.1262°W,RECIDENCE
Chris Stroud,"Houston, Texas",29.7604° N,95.3698° W,553.9822431,Chris StroudNot Likely,Not Likely,"Detroit, MI",42.4263°N,83.1262°W,RECIDENCE
Robert Streb,"Shawnee, Kansas",39.0211° N,94.7147° W,325.0776358,Robert StrebNot Likely,Not Likely,"Detroit, MI",42.4263°N,83.1262°W,RECIDENCE
Michael Gligic,"Kitchener, Canada",43.4516° N,80.4927° W,75.43214406,Michael GligicPossible,Possible,"Detroit, MI",42.4263°N,83.1262°W,RECIDENCE
Harrison Endycott,"Sydney, Australia",33.8688° S,151.2093° E,4738.642087,Harrison EndycottNot Likely,Not Likely,"Detroit, MI",42.4263°N,83.1262°W,RECIDENCE
Sean O'Hair,"Lubbock, Texas",33.5779° N,101.8552° W,592.4917628,Sean O'HairNot Likely,Not Likely,"Detroit, MI",42.4263°N,83.1262°W,RECIDENCE
Mike Weir,"Sandy, Utah",40.5716° N,111.8891° W,743.4113446,Mike WeirNot Likely,Not Likely,"Detroit, MI",42.4263°N,83.1262°W,RECIDENCE
Tomoharu Otsuki,"Tokyo, Japan",35.6762° N,139.6503° E,3201.644467,Tomoharu OtsukiNot Likely,Not Likely,"Detroit, MI",42.4263°N,83.1262°W,RECIDENCE
Chris Naegel,"Chesterfield, Missouri",38.6631° N,90.5771° W,234.7247739,Chris NaegelNot Likely,Not Likely,"Detroit, MI",42.4263°N,83.1262°W,RECIDENCE
Maximilian Kieffer,"Bergisch Gladbach, Germany",50.9854° N,7.1319° E,2021.942883,Maximilian KiefferNot Likely,Not Likely,"Detroit, MI",42.4263°N,83.1262°W,RECIDENCE
Dylan Meyer,"Evansville, Indiana",37.9716° N,87.5711° W,193.4327786,Dylan MeyerNot Likely,Not Likely,"Detroit, MI",42.4263°N,83.1262°W,RECIDENCE
Adam Long,"Jupiter, Florida",26.9342° N,80.0942° W,541.9910478,Adam LongNot Likely,Not Likely,"Detroit, MI",42.4263°N,83.1262°W,RECIDENCE
Dominic Bozzelli,"Rochester, New York",43.1566° N,77.6088° W,142.1047631,Dominic BozzelliNot Likely,Not Likely,"Detroit, MI",42.4263°N,83.1262°W,RECIDENCE
Thomas Bjørn,"Gothenburg, Sweden",57.7089° N,11.9746° E,1991.273364,Thomas BjørnNot Likely,Not Likely,"Detroit, MI",42.4263°N,83.1262°W,RECIDENCE
Keoninh Lee,"Seoul, South Korea",37.5665° N,126.9780° E,3297.267117,Keoninh LeeNot Likely,Not Likely,"Detroit, MI",42.4263°N,83.1262°W,RECIDENCE
Rafa Cabrera Bello,"Las Palmas, Spain",28.1235° N,15.4363° W,1920.404244,Rafa Cabrera BelloNot Likely,Not Likely,"Detroit, MI",42.4263°N,83.1262°W,RECIDENCE
Matt Short,"Sacramento, California",38.5816° N,121.4944° W,1007.912474,Matt ShortNot Likely,Not Likely,"Detroit, MI",42.4263°N,83.1262°W,RECIDENCE
Jesper Kennegard,"Stockholm, Sweden",59.3293° N,18.0686° E,2056.403992,Jesper KennegardNot Likely,Not Likely,"Detroit, MI",42.4263°N,83.1262°W,RECIDENCE
Maverick Antcliff,"Melbourne, Australia",37.8136° S,144.9631° E,4955.121986,Maverick AntcliffNot Likely,Not Likely,"Detroit, MI",42.4263°N,83.1262°W,RECIDENCE
James Hahn,"Scottsdale, Arizona",33.4942° N,111.9261° W,837.9126407,James HahnNot Likely,Not Likely,"Detroit, MI",42.4263°N,83.1262°W,RECIDENCE
Michael Block,"Mission Viejo, California",33.6000° N,117.6720° W,980.7169932,Michael BlockNot Likely,Not Likely,"Detroit, MI",42.4263°N,83.1262°W,RECIDENCE
Jaime Lopez Rivarola,"Buenos Aires, Argentina",,,,Jaime Lopez RivarolaNot Likely,Not Likely,"Detroit, MI",42.4263°N,83.1262°W,RECIDENCE
Nick Voke,"Auckland, New Zealand",36.8485° S,174.7633° E,4211.444978,Nick VokeNot Likely,Not Likely,"Detroit, MI",42.4263°N,83.1262°W,RECIDENCE
Billy Kennerly,"Alpharetta, Georgia",34.0754° N,84.2941° W,290.224874,Billy KennerlyNot Likely,Not Likely,"Detroit, MI",42.4263°N,83.1262°W,RECIDENCE
Michael Sweeney,"Dublin, Ireland",53.3498° N,6.2603° W,1730.977298,Michael SweeneyNot Likely,Not Likely,"Detroit, MI",42.4263°N,83.1262°W,RECIDENCE
Jack McDonald,"Glasgow, Scotland",55.8642° N,4.2518° W,1738.831347,Jack McDonaldNot Likely,Not Likely,"Detroit, MI",42.4263°N,83.1262°W,RECIDENCE
Kevin Dougherty,"Tulsa, Oklahoma",36.1540° N,95.9928° W,405.8942492,Kevin DoughertyNot Likely,Not Likely,"Detroit, MI",42.4263°N,83.1262°W,RECIDENCE
Sam Jones,"Christchurch, New Zealand",43.5321° S,172.6362° E,4373.79829,Sam JonesNot Likely,Not Likely,"Detroit, MI",42.4263°N,83.1262°W,RECIDENCE
Chris Paisley,"Newcastle upon Tyne, England",54.9783° N,1.6178° W,1798.008045,Chris PaisleyNot Likely,Not Likely,"Detroit, MI",42.4263°N,83.1262°W,RECIDENCE
Morten Ørum Madsen,"Copenhagen, Denmark",55.6761° N,12.5683° E,2036.371671,Morten Ørum MadsenNot Likely,Not Likely,"Detroit, MI",42.4263°N,83.1262°W,RECIDENCE
Simon Forsström,"Stockholm, Sweden",59.3293° N,18.0686° E,2056.403992,Simon ForsströmNot Likely,Not Likely,"Detroit, MI",42.4263°N,83.1262°W,RECIDENCE
Alvaro Quiros,"Cádiz, Spain",36.5267° N,6.2976° W,1987.851013,Alvaro QuirosNot Likely,Not Likely,"Detroit, MI",42.4263°N,83.1262°W,RECIDENCE
Brandon Matthews,"Pittston, Pennsylvania",41.3259° N,75.7894° W,192.4519722,Brandon MatthewsNot Likely,Not Likely,"Detroit, MI",42.4263°N,83.1262°W,RECIDENCE
Chris Williams,"Moscow, Idaho",46.7324° N,117.0002° W,839.9741995,Chris WilliamsNot Likely,Not Likely,"Detroit, MI",42.4263°N,83.1262°W,RECIDENCE
Dimi Papadatos,"Sydney, Australia",33.8688° S,151.2093° E,4738.642087,Dimi PapadatosNot Likely,Not Likely,"Detroit, MI",42.4263°N,83.1262°W,RECIDENCE
Laurie Lewis,"Edinburgh, Scotland",55.9533° N,3.1883° W,1757.109883,Laurie LewisNot Likely,Not Likely,"Detroit, MI",42.4263°N,83.1262°W,RECIDENCE
Pontus Nyholm,"Stockholm, Sweden",59.3293° N,18.0686° E,2056.403992,Pontus NyholmNot Likely,Not Likely,"Detroit, MI",42.4263°N,83.1262°W,RECIDENCE
David Law,"Aberdeen, Scotland",57.1497° N,2.0943° W,1762.26538,David LawNot Likely,Not Likely,"Detroit, MI",42.4263°N,83.1262°W,RECIDENCE
Jaco Prinsloo,"Pretoria, South Africa",25.7479° S,28.2293° E,4227.049554,Jaco PrinslooNot Likely,Not Likely,"Detroit, MI",42.4263°N,83.1262°W,RECIDENCE
Brent Grant,"Sacramento, California",38.5816° N,121.4944° W,1007.912474,Brent GrantNot Likely,Not Likely,"Detroit, MI",42.4263°N,83.1262°W,RECIDENCE
Haydn Porteous,"Johannesburg, South Africa",26.2041° S,28.0473° E,4231.577683,Haydn PorteousNot Likely,Not Likely,"Detroit, MI",42.4263°N,83.1262°W,RECIDENCE
Korn Ferry,"New York, New York",40.7128° N,74.0060° W,242.9085392,Korn FerryNot Likely,Not Likely,"Detroit, MI",42.4263°N,83.1262°W,RECIDENCE
Matt Every,"Jacksonville, Florida",30.3322° N,81.6557° W,419.7930572,Matt EveryNot Likely,Not Likely,"Detroit, MI",42.4263°N,83.1262°W,RECIDENCE
Paul Haley II,"Dallas, Texas",32.7767° N,96.7970° W,499.9730235,Paul Haley IINot Likely,Not Likely,"Detroit, MI",42.4263°N,83.1262°W,RECIDENCE
Nick Watney,"Las Vegas, Nevada",36.1699° N,115.1398° W,877.0873629,Nick WatneyNot Likely,Not Likely,"Detroit, MI",42.4263°N,83.1262°W,RECIDENCE
Martin Trainer,"Palo Alto, California",37.4419° N,122.1430° W,1038.477217,Martin TrainerNot Likely,Not Likely,"Detroit, MI",42.4263°N,83.1262°W,RECIDENCE
Martin Kaymer,"Düsseldorf, Germany",51.2277° N,6.7735° E,2011.031088,Martin KaymerNot Likely,Not Likely,"Detroit, MI",42.4263°N,83.1262°W,RECIDENCE
Austin Cook,"Jonesboro, Arkansas",35.8423° N,90.7043° W,304.6558746,Austin CookNot Likely,Not Likely,"Detroit, MI",42.4263°N,83.1262°W,RECIDENCE
David Lingmerth,"Ponte Vedra Beach, Florida",30.2397° N,81.3853° W,423.7622046,David LingmerthNot Likely,Not Likely,"Detroit, MI",42.4263°N,83.1262°W,RECIDENCE
Jasper Stubbs,"Melbourne, Australia",37.8136° S,144.9631° E,4955.121986,Jasper StubbsNot Likely,Not Likely,"Detroit, MI",42.4263°N,83.1262°W,RECIDENCE
M.J. Daffue,"Pretoria, South Africa",25.7479° S,28.2293° E,4227.049554,M.J. DaffueNot Likely,Not Likely,"Detroit, MI",42.4263°N,83.1262°W,RECIDENCE
Nicholas Lindheim,"Satellite Beach, Florida",28.1761° N,80.5901° W,497.4012354,Nicholas LindheimNot Likely,Not Likely,"Detroit, MI",42.4263°N,83.1262°W,RECIDENCE
Jarryd Felton,"Perth, Australia",31.9505° S,115.8605° E,5585.191653,Jarryd FeltonNot Likely,Not Likely,"Detroit, MI",42.4263°N,83.1262°W,RECIDENCE
Rafael Becker,"São Paulo, Brazil",23.5505° S,46.6333° W,2558.96034,Rafael BeckerNot Likely,Not Likely,"Detroit, MI",42.4263°N,83.1262°W,RECIDENCE
James Nicholas,"Scarsdale, New York",41.0051° N,73.7846° W,245.7158322,James NicholasNot Likely,Not Likely,"Detroit, MI",42.4263°N,83.1262°W,RECIDENCE
Ryan Brehm,"Mount Pleasant, Michigan",43.5978° N,84.7675° W,57.93726423,Ryan BrehmLikely,Likely,"Detroit, MI",42.4263°N,83.1262°W,RECIDENCE
Michael Feagles,"Scottsdale, Arizona",33.4942° N,111.9261° W,837.9126407,Michael FeaglesNot Likely,Not Likely,"Detroit, MI",42.4263°N,83.1262°W,RECIDENCE
,,,,,Not Likely,Not Likely,"Detroit, MI",42.4263°N,83.1262°W,RECIDENCE
,,,,,Not Likely,Not Likely,"Detroit, MI",42.4263°N,83.1262°W,RECIDENCE
Scottie Scheffler,"Dallas, Texas",32.7767° N,96.7970° W,499.9730235,Scottie SchefflerNot Likely,Not Likely,"Detroit, MI",42.4263°N,83.1262°W,RECIDENCE
Xander Schauffele,"Scottsdale, Arizona",33.4942° N,111.9261° W,837.9126407,Xander SchauffeleNot Likely,Not Likely,"Detroit, MI",42.4263°N,83.1262°W,RECIDENCE
Rory McIlroy,"Jupiter, Florida",26.9342° N,80.0942° W,541.9910478,Rory McIlroyNot Likely,Not Likely,"Detroit, MI",42.4263°N,83.1262°W,RECIDENCE
Ludvig Aberg,"Eslöv, Sweden",55.8393° N,13.3039° E,2045.688177,Ludvig AbergNot Likely,Not Likely,"Detroit, MI",42.4263°N,83.1262°W,RECIDENCE
Collin Morikawa,"La Cañada Flintridge, California",34.1992° N,118.1879° W,984.1578694,Collin MorikawaNot Likely,Not Likely,"Detroit, MI",42.4263°N,83.1262°W,RECIDENCE
Hideki Matsuyama,"Tokyo, Japan",35.6762° N,139.6503° E,3201.644467,Hideki MatsuyamaNot Likely,Not Likely,"Detroit, MI",42.4263°N,83.1262°W,RECIDENCE
Wyndham Clark,"Scottsdale, Arizona",33.4942° N,111.9261° W,837.9126407,Wyndham ClarkNot Likely,Not Likely,"Detroit, MI",42.4263°N,83.1262°W,RECIDENCE
Tyrrell Hatton,"Marlow, England",51.5719° N,0.7749° W,1861.171244,Tyrrell HattonNot Likely,Not Likely,"Detroit, MI",42.4263°N,83.1262°W,RECIDENCE
Justin Thomas,"Jupiter, Florida",26.9342° N,80.0942° W,541.9910478,Justin ThomasNot Likely,Not Likely,"Detroit, MI",42.4263°N,83.1262°W,RECIDENCE
Tommy Fleetwood,"Dubai, UAE",25.2048° N,55.2708° E,3532.293849,Tommy FleetwoodNot Likely,Not Likely,"Detroit, MI",42.4263°N,83.1262°W,RECIDENCE
Bryson DeChambeau,"Dallas, Texas",32.7767° N,96.7970° W,499.9730235,Bryson DeChambeauNot Likely,Not Likely,"Detroit, MI",42.4263°N,83.1262°W,RECIDENCE
Patrick Cantlay,"Jupiter, Florida",26.9342° N,80.0942° W,541.9910478,Patrick CantlayNot Likely,Not Likely,"Detroit, MI",42.4263°N,83.1262°W,RECIDENCE
Maverick McNealy,"Las Vegas, Nevada",36.1699° N,115.1398° W,877.0873629,Maverick McNealyNot Likely,Not Likely,"Detroit, MI",42.4263°N,83.1262°W,RECIDENCE
Viktor Hovland,"Oslo, Norway",59.9139° N,10.7522° E,1935.763049,Viktor HovlandNot Likely,Not Likely,"Detroit, MI",42.4263°N,83.1262°W,RECIDENCE
Keegan Bradley,"Jupiter, Florida",26.9342° N,80.0942° W,541.9910478,Keegan BradleyNot Likely,Not Likely,"Detroit, MI",42.4263°N,83.1262°W,RECIDENCE
Robert MacIntyre,"Oban, Scotland",56.4152° N,5.4710° W,1710.415607,Robert MacIntyreNot Likely,Not Likely,"Detroit, MI",42.4263°N,83.1262°W,RECIDENCE
Russell Henley,"Kiawah Island, South Carolina",32.6082° N,80.0848° W,349.2064107,Russell HenleyNot Likely,Not Likely,"Detroit, MI",42.4263°N,83.1262°W,RECIDENCE
Shane Lowry,"Jupiter, Florida",26.9342° N,80.0942° W,541.9910478,Shane LowryNot Likely,Not Likely,"Detroit, MI",42.4263°N,83.1262°W,RECIDENCE
Sepp Straka,"Athens, Georgia",33.9519° N,83.3576° W,292.8325618,Sepp StrakaNot Likely,Not Likely,"Detroit, MI",42.4263°N,83.1262°W,RECIDENCE
Billy Horschel,"Ponte Vedra Beach, Florida",30.2397° N,81.3853° W,423.7622046,Billy HorschelNot Likely,Not Likely,"Detroit, MI",42.4263°N,83.1262°W,RECIDENCE
Sahith Theegala,"Chino Hills, California",33.9753° N,117.6898° W,975.0812151,Sahith TheegalaNot Likely,Not Likely,"Detroit, MI",42.4263°N,83.1262°W,RECIDENCE
Sungjae Im,"Las Vegas, Nevada",36.1699° N,115.1398° W,877.0873629,Sungjae ImNot Likely,Not Likely,"Detroit, MI",42.4263°N,83.1262°W,RECIDENCE
Thomas Detry,"Brussels, Belgium",50.8503° N,4.3517° E,1971.418189,Thomas DetryNot Likely,Not Likely,"Detroit, MI",42.4263°N,83.1262°W,RECIDENCE
Aaron Rai,"Wolverhampton, England",52.5862° N,2.1280° W,1820.558824,Aaron RaiNot Likely,Not Likely,"Detroit, MI",42.4263°N,83.1262°W,RECIDENCE
Tom Kim,"Dallas, Texas",32.7767° N,96.7970° W,499.9730235,Tom KimNot Likely,Not Likely,"Detroit, MI",42.4263°N,83.1262°W,RECIDENCE
Adam Scott,"Crans-Montana, Switzerland",46.3090° N,7.4791° E,2112.751077,Adam ScottNot Likely,Not Likely,"Detroit, MI",42.4263°N,83.1262°W,RECIDENCE
Tony Finau,"Scottsdale, Arizona",33.4942° N,111.9261° W,837.9126407,Tony FinauNot Likely,Not Likely,"Detroit, MI",42.4263°N,83.1262°W,RECIDENCE
Sam Burns,"Choudrant, Louisiana",32.5301° N,92.5124° W,427.3103341,Sam BurnsNot Likely,Not Likely,"Detroit, MI",42.4263°N,83.1262°W,RECIDENCE
Akshay Bhatia,"Wake Forest, North Carolina",35.9799° N,78.5097° W,254.5965697,Akshay BhatiaNot Likely,Not Likely,"Detroit, MI",42.4263°N,83.1262°W,RECIDENCE
Nick Taylor,"Abbotsford, Canada",49.0501° N,122.3046° W,960.484823,Nick TaylorNot Likely,Not Likely,"Detroit, MI",42.4263°N,83.1262°W,RECIDENCE
Nick Dunlap,"Tuscaloosa, Alabama",33.2098° N,87.5692° W,340.5742503,Nick DunlapNot Likely,Not Likely,"Detroit, MI",42.4263°N,83.1262°W,RECIDENCE
Byeong Hun An,"Orlando, Florida",28.5383° N,81.3792° W,482.2687471,Byeong Hun AnNot Likely,Not Likely,"Detroit, MI",42.4263°N,83.1262°W,RECIDENCE
Jason Day,"Westerville, Ohio",40.1262° N,82.9291° W,79.62620127,Jason DayPossible,Possible,"Detroit, MI",42.4263°N,83.1262°W,RECIDENCE
Harris English,"Sea Island, Georgia",31.1836° N,81.3498° W,391.4712913,Harris EnglishNot Likely,Not Likely,"Detroit, MI",42.4263°N,83.1262°W,RECIDENCE
Max Greyserman,"Short Hills, New Jersey",40.7487° N,74.3255° W,234.5503658,Max GreysermanNot Likely,Not Likely,"Detroit, MI",42.4263°N,83.1262°W,RECIDENCE
Denny McCarthy,"Jupiter, Florida",26.9342° N,80.0942° W,541.9910478,Denny McCarthyNot Likely,Not Likely,"Detroit, MI",42.4263°N,83.1262°W,RECIDENCE
Brian Harman,"Sea Island, Georgia",31.1836° N,81.3498° W,391.4712913,Brian HarmanNot Likely,Not Likely,"Detroit, MI",42.4263°N,83.1262°W,RECIDENCE
Justin Rose,"London, England",51.5074° N,0.1278° W,1874.69495,Justin RoseNot Likely,Not Likely,"Detroit, MI",42.4263°N,83.1262°W,RECIDENCE
J.T. Poston,"St. Simons Island, Georgia",31.1505° N,81.3887° W,392.4749265,J.T. PostonNot Likely,Not Likely,"Detroit, MI",42.4263°N,83.1262°W,RECIDENCE
Taylor Pendrith,"Hobe Sound, Florida",27.0595° N,80.1364° W,537.5203851,Taylor PendrithNot Likely,Not Likely,"Detroit, MI",42.4263°N,83.1262°W,RECIDENCE
Lucas Glover,"Jupiter, Florida",26.9342° N,80.0942° W,541.9910478,Lucas GloverNot Likely,Not Likely,"Detroit, MI",42.4263°N,83.1262°W,RECIDENCE
Stephan Jaeger,"Greenville, South Carolina",34.8526° N,82.3940° W,262.3907378,Stephan JaegerNot Likely,Not Likely,"Detroit, MI",42.4263°N,83.1262°W,RECIDENCE
Matthieu Pavon,"Andernos-les-Bains, France",44.7430° N,1.1036° W,1962.042715,Matthieu PavonNot Likely,Not Likely,"Detroit, MI",42.4263°N,83.1262°W,RECIDENCE
Austin Eckroat,"Edmond, Oklahoma",35.6528° N,97.4781° W,449.7131585,Austin EckroatNot Likely,Not Likely,"Detroit, MI",42.4263°N,83.1262°W,RECIDENCE
Rasmus Højgaard,"Odense, Denmark",55.4038° N,10.4024° E,2004.585264,Rasmus HøjgaardNot Likely,Not Likely,"Detroit, MI",42.4263°N,83.1262°W,RECIDENCE
Nico Echavarria,"Jupiter, Florida",26.9342° N,80.0942° W,541.9910478,Nico EchavarriaNot Likely,Not Likely,"Detroit, MI",42.4263°N,83.1262°W,RECIDENCE
Cameron Young,"Jupiter, Florida",26.9342° N,80.0942° W,541.9910478,Cameron YoungNot Likely,Not Likely,"Detroit, MI",42.4263°N,83.1262°W,RECIDENCE
Davis Thompson,"St. Simons Island, Georgia",31.1505° N,81.3887° W,392.4749265,Davis ThompsonNot Likely,Not Likely,"Detroit, MI",42.4263°N,83.1262°W,RECIDENCE
Cam Davis,"Seattle, Washington",47.6062° N,122.3321° W,963.3814057,Cam DavisNot Likely,Not Likely,"Detroit, MI",42.4263°N,83.1262°W,RECIDENCE
Corey Conners,"Palm Beach Gardens, Florida",26.8234° N,80.1387° W,545.5836831,Corey ConnersNot Likely,Not Likely,"Detroit, MI",42.4263°N,83.1262°W,RECIDENCE
Christiaan Bezuidenhout,"St. Francis Bay, South Africa",34.1651° S,24.8388° E,4303.121746,Christiaan BezuidenhoutNot Likely,Not Likely,"Detroit, MI",42.4263°N,83.1262°W,RECIDENCE
Daniel Berger,"Jupiter, Florida",26.9342° N,80.0942° W,541.9910478,Daniel BergerNot Likely,Not Likely,"Detroit, MI",42.4263°N,83.1262°W,RECIDENCE
Laurie Canter,"Bath, England",51.3758° N,2.3599° W,1833.007425,Laurie CanterNot Likely,Not Likely,"Detroit, MI",42.4263°N,83.1262°W,RECIDENCE
Jon Rahm,"Scottsdale, Arizona",33.4942° N,111.9261° W,837.9126407,Jon RahmNot Likely,Not Likely,"Detroit, MI",42.4263°N,83.1262°W,RECIDENCE
Min Woo Lee,"Perth, Australia",31.9505° S,115.8605° E,5585.191653,Min Woo LeeNot Likely,Not Likely,"Detroit, MI",42.4263°N,83.1262°W,RECIDENCE
Matt McCarty,"Scottsdale, Arizona",33.4942° N,111.9261° W,837.9126407,Matt McCartyNot Likely,Not Likely,"Detroit, MI",42.4263°N,83.1262°W,RECIDENCE
Ben Griffin,"Sea Island, Georgia",31.1836° N,81.3498° W,391.4712913,Ben GriffinNot Likely,Not Likely,"Detroit, MI",42.4263°N,83.1262°W,RECIDENCE
Eric Cole,"Tequesta, Florida",26.9683° N,80.1287° W,540.672517,Eric ColeNot Likely,Not Likely,"Detroit, MI",42.4263°N,83.1262°W,RECIDENCE
Thriston Lawrence,"Nelspruit, South Africa",25.4753° S,30.9694° E,4291.101615,Thriston LawrenceNot Likely,Not Likely,"Detroit, MI",42.4263°N,83.1262°W,RECIDENCE
Matt Fitzpatrick,"Jupiter, Florida",26.9342° N,80.0942° W,541.9910478,Matt FitzpatrickNot Likely,Not Likely,"Detroit, MI",42.4263°N,83.1262°W,RECIDENCE
Alex Noren,"Stockholm, Sweden",59.3293° N,18.0686° E,2056.403992,Alex NorenNot Likely,Not Likely,"Detroit, MI",42.4263°N,83.1262°W,RECIDENCE
Jhonattan Vegas,"Houston, Texas",29.7604° N,95.3698° W,553.9822431,Jhonattan VegasNot Likely,Not Likely,"Detroit, MI",42.4263°N,83.1262°W,RECIDENCE
Max Homa,"Scottsdale, Arizona",33.4942° N,111.9261° W,837.9126407,Max HomaNot Likely,Not Likely,"Detroit, MI",42.4263°N,83.1262°W,RECIDENCE
Mackenzie Hughes,"Charlotte, North Carolina",35.2271° N,80.8431° W,256.1602722,Mackenzie HughesNot Likely,Not Likely,"Detroit, MI",42.4263°N,83.1262°W,RECIDENCE
Si Woo Kim,"Dallas, Texas",32.7767° N,96.7970° W,499.9730235,Si Woo KimNot Likely,Not Likely,"Detroit, MI",42.4263°N,83.1262°W,RECIDENCE
Will Zalatoris,"Dallas, Texas",32.7767° N,96.7970° W,499.9730235,Will ZalatorisNot Likely,Not Likely,"Detroit, MI",42.4263°N,83.1262°W,RECIDENCE
Tom Hoge,"Fargo, North Dakota",46.8772° N,96.7898° W,368.6738092,Tom HogeNot Likely,Not Likely,"Detroit, MI",42.4263°N,83.1262°W,RECIDENCE
Nicolai Højgaard,"Aarhus, Denmark",56.1581° N,10.2114° E,1988.543934,Nicolai HøjgaardNot Likely,Not Likely,"Detroit, MI",42.4263°N,83.1262°W,RECIDENCE
Adam Hadwin,"Wichita, Kansas",37.6872° N,97.3301° W,409.0473444,Adam HadwinNot Likely,Not Likely,"Detroit, MI",42.4263°N,83.1262°W,RECIDENCE
Jordan Spieth,"Dallas, Texas",32.7767° N,96.7970° W,499.9730235,Jordan SpiethNot Likely,Not Likely,"Detroit, MI",42.4263°N,83.1262°W,RECIDENCE
Kevin Yu,"Scottsdale, Arizona",33.4942° N,111.9261° W,837.9126407,Kevin YuNot Likely,Not Likely,"Detroit, MI",42.4263°N,83.1262°W,RECIDENCE
Chris Kirk,"Athens, Georgia",33.9519° N,83.3576° W,292.8325618,Chris KirkNot Likely,Not Likely,"Detroit, MI",42.4263°N,83.1262°W,RECIDENCE
Patrick Rodgers,"Jupiter, Florida",26.9342° N,80.0942° W,541.9910478,Patrick RodgersNot Likely,Not Likely,"Detroit, MI",42.4263°N,83.1262°W,RECIDENCE
Joaquin Niemann,"Jupiter, Florida",26.9342° N,80.0942° W,541.9910478,Joaquin NiemannNot Likely,Not Likely,"Detroit, MI",42.4263°N,83.1262°W,RECIDENCE
Matt Wallace,"London, England",51.5074° N,0.1278° W,1874.69495,Matt WallaceNot Likely,Not Likely,"Detroit, MI",42.4263°N,83.1262°W,RECIDENCE
Sam Stevens,"Fort Worth, Texas",32.7555° N,97.3308° W,511.4035986,Sam StevensNot Likely,Not Likely,"Detroit, MI",42.4263°N,83.1262°W,RECIDENCE
Andrew Novak,"Jupiter, Florida",26.9342° N,80.0942° W,541.9910478,Andrew NovakNot Likely,Not Likely,"Detroit, MI",42.4263°N,83.1262°W,RECIDENCE
Taylor Moore,"San Angelo, Texas",31.4638° N,100.4370° W,607.7494224,Taylor MooreNot Likely,Not Likely,"Detroit, MI",42.4263°N,83.1262°W,RECIDENCE
Michael Kim,"Houston, Texas",29.7604° N,95.3698° W,553.9822431,Michael KimNot Likely,Not Likely,"Detroit, MI",42.4263°N,83.1262°W,RECIDENCE
Thorbjørn Olesen,"Dubai, UAE",25.2048° N,55.2708° E,3532.293849,Thorbjørn OlesenNot Likely,Not Likely,"Detroit, MI",42.4263°N,83.1262°W,RECIDENCE
J.J. Spaun,"Scottsdale, Arizona",33.4942° N,111.9261° W,837.9126407,J.J. SpaunNot Likely,Not Likely,"Detroit, MI",42.4263°N,83.1262°W,RECIDENCE
Beau Hossler,"Jupiter, Florida",26.9342° N,80.0942° W,541.9910478,Beau HosslerNot Likely,Not Likely,"Detroit, MI",42.4263°N,83.1262°W,RECIDENCE
David Puig,"Barcelona, Spain",41.3851° N,2.1734° E,2092.424405,David PuigNot Likely,Not Likely,"Detroit, MI",42.4263°N,83.1262°W,RECIDENCE
Justin Lower,"Mt. Pleasant, South Carolina",32.8323° N,79.8284° W,343.4280867,Justin LowerNot Likely,Not Likely,"Detroit, MI",42.4263°N,83.1262°W,RECIDENCE
Rasmus Neergaard-Petersen,"Copenhagen, Denmark",55.6761° N,12.5683° E,2036.371671,Rasmus Neergaard-PetersenNot Likely,Not Likely,"Detroit, MI",42.4263°N,83.1262°W,RECIDENCE
Lee Hodges,"Elkmont, Alabama",34.9290° N,86.9739° W,278.9411137,Lee HodgesNot Likely,Not Likely,"Detroit, MI",42.4263°N,83.1262°W,RECIDENCE
Erik van Rooyen,"Jupiter, Florida",26.9342° N,80.0942° W,541.9910478,Erik van RooyenNot Likely,Not Likely,"Detroit, MI",42.4263°N,83.1262°W,RECIDENCE
Harry Hall,"Las Vegas, Nevada",36.1699° N,115.1398° W,877.0873629,Harry HallNot Likely,Not Likely,"Detroit, MI",42.4263°N,83.1262°W,RECIDENCE
Kurt Kitayama,"Henderson, Nevada",36.0395° N,114.9817° W,874.9148637,Kurt KitayamaNot Likely,Not Likely,"Detroit, MI",42.4263°N,83.1262°W,RECIDENCE
Niklas Nørgaard,"Aarhus, Denmark",56.1581° N,10.2114° E,1988.543934,Niklas NørgaardNot Likely,Not Likely,"Detroit, MI",42.4263°N,83.1262°W,RECIDENCE
John Parry,"Harrogate, England",53.9921° N,1.5418° W,1812.496449,John ParryNot Likely,Not Likely,"Detroit, MI",42.4263°N,83.1262°W,RECIDENCE
Romain Langasque,"Saint-Tropez, France",43.2693° N,6.6398° E,2152.792387,Romain LangasqueNot Likely,Not Likely,"Detroit, MI",42.4263°N,83.1262°W,RECIDENCE
Max McGreevy,"Edmond, Oklahoma",35.6528° N,97.4781° W,449.7131585,Max McGreevyNot Likely,Not Likely,"Detroit, MI",42.4263°N,83.1262°W,RECIDENCE
Luke Clanton,"Hialeah, Florida",25.8576° N,80.2781° W,578.0676134,Luke ClantonNot Likely,Not Likely,"Detroit, MI",42.4263°N,83.1262°W,RECIDENCE
Rickie Fowler,"Jupiter, Florida",26.9342° N,80.0942° W,541.9910478,Rickie FowlerNot Likely,Not Likely,"Detroit, MI",42.4263°N,83.1262°W,RECIDENCE
Victor Perez,"Dundee, Scotland",56.4620° N,2.9707° W,1754.92863,Victor PerezNot Likely,Not Likely,"Detroit, MI",42.4263°N,83.1262°W,RECIDENCE
Brian Campbell,"Princeton, New Jersey",40.3573° N,74.6672° W,230.4724801,Brian CampbellNot Likely,Not Likely,"Detroit, MI",42.4263°N,83.1262°W,RECIDENCE
Cameron Smith,"Jupiter, Florida",26.9342° N,80.0942° W,541.9910478,Cameron SmithNot Likely,Not Likely,"Detroit, MI",42.4263°N,83.1262°W,RECIDENCE
Jake Knapp,"Costa Mesa, California",33.6411° N,117.9187° W,986.2963629,Jake KnappNot Likely,Not Likely,"Detroit, MI",42.4263°N,83.1262°W,RECIDENCE
Keith Mitchell,"St. Simons Island, Georgia",31.1505° N,81.3887° W,392.4749265,Keith MitchellNot Likely,Not Likely,"Detroit, MI",42.4263°N,83.1262°W,RECIDENCE
Charley Hoffman,"Scottsdale, Arizona",33.4942° N,111.9261° W,837.9126407,Charley HoffmanNot Likely,Not Likely,"Detroit, MI",42.4263°N,83.1262°W,RECIDENCE
Matteo Manassero,"Negrar, Italy",45.5300° N,10.9390° E,2196.876905,Matteo ManasseroNot Likely,Not Likely,"Detroit, MI",42.4263°N,83.1262°W,RECIDENCE
Ryan Fox,"Auckland, New Zealand",36.8485° S,174.7633° E,4211.444978,Ryan FoxNot Likely,Not Likely,"Detroit, MI",42.4263°N,83.1262°W,RECIDENCE
Jordan Smith,"Bath, England",51.3758° N,2.3599° W,1833.007425,Jordan SmithNot Likely,Not Likely,"Detroit, MI",42.4263°N,83.1262°W,RECIDENCE
Doug Ghim,"Las Vegas, Nevada",36.1699° N,115.1398° W,877.0873629,Doug GhimNot Likely,Not Likely,"Detroit, MI",42.4263°N,83.1262°W,RECIDENCE
Shaun Norris,"Pretoria, South Africa",25.7479° S,28.2293° E,4227.049554,Shaun NorrisNot Likely,Not Likely,"Detroit, MI",42.4263°N,83.1262°W,RECIDENCE
Kensei Hirata,"Tokyo, Japan",35.6762° N,139.6503° E,3201.644467,Kensei HirataNot Likely,Not Likely,"Detroit, MI",42.4263°N,83.1262°W,RECIDENCE
Jesper Svensson,"Uppsala, Sweden",59.8586° N,17.6389° E,2040.230701,Jesper SvenssonNot Likely,Not Likely,"Detroit, MI",42.4263°N,83.1262°W,RECIDENCE
Aldrich Potgieter,"Mossel Bay, South Africa",34.1832° S,22.1460° E,4238.083275,Aldrich PotgieterNot Likely,Not Likely,"Detroit, MI",42.4263°N,83.1262°W,RECIDENCE
Ryo Hisatsune,"Ponte Vedra Beach, Florida",30.2397° N,81.3853° W,423.7622046,Ryo HisatsuneNot Likely,Not Likely,"Detroit, MI",42.4263°N,83.1262°W,RECIDENCE
Adam Schenk,"Vincennes, Indiana",38.6773° N,87.5286° W,173.5249102,Adam SchenkNot Likely,Not Likely,"Detroit, MI",42.4263°N,83.1262°W,RECIDENCE
Mark Hubbard,"The Woodlands, Texas",30.1658° N,95.4613° W,544.0834729,Mark HubbardNot Likely,Not Likely,"Detroit, MI",42.4263°N,83.1262°W,RECIDENCE
Patrick Fishburn,"Ogden, Utah",41.2230° N,111.9738° W,740.2438208,Patrick FishburnNot Likely,Not Likely,"Detroit, MI",42.4263°N,83.1262°W,RECIDENCE
Paul Waring,"Birkenhead, England",53.3890° N,3.0230° W,1792.583768,Paul WaringNot Likely,Not Likely,"Detroit, MI",42.4263°N,83.1262°W,RECIDENCE
Tom McKibbin,"Holywood, Northern Ireland",54.6386° N,5.8398° W,1723.708549,Tom McKibbinNot Likely,Not Likely,"Detroit, MI",42.4263°N,83.1262°W,RECIDENCE
Jorge Campillo,"Cáceres, Spain",,,,Jorge CampilloNot Likely,Not Likely,"Detroit, MI",42.4263°N,83.1262°W,RECIDENCE
C.T. Pan,"Jupiter, Florida",26.9342° N,80.0942° W,541.9910478,C.T. PanNot Likely,Not Likely,"Detroit, MI",42.4263°N,83.1262°W,RECIDENCE
Matti Schmid,"Regensburg, Germany",49.0134° N,12.1016° E,2151.594226,Matti SchmidNot Likely,Not Likely,"Detroit, MI",42.4263°N,83.1262°W,RECIDENCE
Seamus Power,"Las Vegas, Nevada",36.1699° N,115.1398° W,877.0873629,Seamus PowerNot Likely,Not Likely,"Detroit, MI",42.4263°N,83.1262°W,RECIDENCE
Patrick Reed,"The Woodlands, Texas",30.1658° N,95.4613° W,544.0834729,Patrick ReedNot Likely,Not Likely,"Detroit, MI",42.4263°N,83.1262°W,RECIDENCE
Patton Kizzire,"Sea Island, Georgia",31.1836° N,81.3498° W,391.4712913,Patton KizzireNot Likely,Not Likely,"Detroit, MI",42.4263°N,83.1262°W,RECIDENCE
Julien Guerrier,"La Baule, France",47.2868° N,2.3908° W,1893.477019,Julien GuerrierNot Likely,Not Likely,"Detroit, MI",42.4263°N,83.1262°W,RECIDENCE
Matthew Jordan,"Wirral, England",53.3727° N,3.0738° W,1791.831199,Matthew JordanNot Likely,Not Likely,"Detroit, MI",42.4263°N,83.1262°W,RECIDENCE
Daniel Brown,"Bedale, England",54.2887° N,1.5918° W,1807.587985,Daniel BrownNot Likely,Not Likely,"Detroit, MI",42.4263°N,83.1262°W,RECIDENCE
Sebastian Soderberg,"Gothenburg, Sweden",57.7089° N,11.9746° E,1991.273364,Sebastian SoderbergNot Likely,Not Likely,"Detroit, MI",42.4263°N,83.1262°W,RECIDENCE
Vince Whaley,"Alpharetta, Georgia",34.0754° N,84.2941° W,290.224874,Vince WhaleyNot Likely,Not Likely,"Detroit, MI",42.4263°N,83.1262°W,RECIDENCE
Johannes Veerman,"Amsterdam, Netherlands",52.3676° N,4.9041° E,1957.048311,Johannes VeermanNot Likely,Not Likely,"Detroit, MI",42.4263°N,83.1262°W,RECIDENCE
Emiliano Grillo,"Jupiter, Florida",26.9342° N,80.0942° W,541.9910478,Emiliano GrilloNot Likely,Not Likely,"Detroit, MI",42.4263°N,83.1262°W,RECIDENCE
Matt Kuchar,"Jupiter, Florida",26.9342° N,80.0942° W,541.9910478,Matt KucharNot Likely,Not Likely,"Detroit, MI",42.4263°N,83.1262°W,RECIDENCE
Antoine Rozner,"Dubai, UAE",25.2048° N,55.2708° E,3532.293849,Antoine RoznerNot Likely,Not Likely,"Detroit, MI",42.4263°N,83.1262°W,RECIDENCE
John Catlin,"Scottsdale, Arizona",33.4942° N,111.9261° W,837.9126407,John CatlinNot Likely,Not Likely,"Detroit, MI",42.4263°N,83.1262°W,RECIDENCE
Dean Burmester,"Stellenbosch, South Africa",33.9321° S,18.8602° E,4154.302242,Dean BurmesterNot Likely,Not Likely,"Detroit, MI",42.4263°N,83.1262°W,RECIDENCE
Brendon Todd,"Athens, Georgia",33.9519° N,83.3576° W,292.8325618,Brendon ToddNot Likely,Not Likely,"Detroit, MI",42.4263°N,83.1262°W,RECIDENCE
Rico Hoey,"Rancho Cucamonga, California",34.1064° N,117.5931° W,970.5301515,Rico HoeyNot Likely,Not Likely,"Detroit, MI",42.4263°N,83.1262°W,RECIDENCE
Joseph Dean,"Wolverhampton, England",52.5862° N,2.1280° W,1820.558824,Joseph DeanNot Likely,Not Likely,"Detroit, MI",42.4263°N,83.1262°W,RECIDENCE
Keita Nakajima,"Nagoya, Japan",35.1815° N,136.9066° E,3254.320945,Keita NakajimaNot Likely,Not Likely,"Detroit, MI",42.4263°N,83.1262°W,RECIDENCE
Alex Smalley,"Greensboro, North Carolina",36.0726° N,79.7920° W,236.8802801,Alex SmalleyNot Likely,Not Likely,"Detroit, MI",42.4263°N,83.1262°W,RECIDENCE
Daniel Hillier,"Wellington, New Zealand",41.2865° S,174.7762° E,4289.08113,Daniel HillierNot Likely,Not Likely,"Detroit, MI",42.4263°N,83.1262°W,RECIDENCE
Guido Migliozzi,"Vicenza, Italy",45.5455° N,11.5354° E,2208.413242,Guido MigliozziNot Likely,Not Likely,"Detroit, MI",42.4263°N,83.1262°W,RECIDENCE
Luke List,"Augusta, Georgia",33.4735° N,82.0105° W,310.7740371,Luke ListNot Likely,Not Likely,"Detroit, MI",42.4263°N,83.1262°W,RECIDENCE
Ben Kohles,"Cary, North Carolina",35.7915° N,78.7811° W,257.0170111,Ben KohlesNot Likely,Not Likely,"Detroit, MI",42.4263°N,83.1262°W,RECIDENCE
Davis Riley,"Hattiesburg, Mississippi",31.3271° N,89.2903° W,419.2766544,Davis RileyNot Likely,Not Likely,"Detroit, MI",42.4263°N,83.1262°W,RECIDENCE
Frankie Capan III,"North Oaks, Minnesota",45.1027° N,93.0791° W,264.7556843,Frankie Capan IIINot Likely,Not Likely,"Detroit, MI",42.4263°N,83.1262°W,RECIDENCE
Peter Uihlein,"Jupiter, Florida",26.9342° N,80.0942° W,541.9910478,Peter UihleinNot Likely,Not Likely,"Detroit, MI",42.4263°N,83.1262°W,RECIDENCE
Adam Svensson,"Palm Beach Gardens, Florida",26.8234° N,80.1387° W,545.5836831,Adam SvenssonNot Likely,Not Likely,"Detroit, MI",42.4263°N,83.1262°W,RECIDENCE
Andrew Putnam,"University Place, Washington",47.2357° N,122.5504° W,969.4500107,Andrew PutnamNot Likely,Not Likely,"Detroit, MI",42.4263°N,83.1262°W,RECIDENCE
Peter Malnati,"Knoxville, Tennessee",35.9606° N,83.9207° W,224.3782639,Peter MalnatiNot Likely,Not Likely,"Detroit, MI",42.4263°N,83.1262°W,RECIDENCE
Jang Yu Bin,"Seoul, South Korea",37.5665° N,126.9780° E,3297.267117,Jang Yu BinNot Likely,Not Likely,"Detroit, MI",42.4263°N,83.1262°W,RECIDENCE
Ben Campbell,"Queenstown, New Zealand",45.0312° S,168.6626° E,4484.784016,Ben CampbellNot Likely,Not Likely,"Detroit, MI",42.4263°N,83.1262°W,RECIDENCE
Hayden Springer,"Nashville, Tennessee",36.1627° N,86.7816° W,237.3720848,Hayden SpringerNot Likely,Not Likely,"Detroit, MI",42.4263°N,83.1262°W,RECIDENCE
Ewen Ferguson,"Glasgow, Scotland",55.8642° N,4.2518° W,1738.831347,Ewen FergusonNot Likely,Not Likely,"Detroit, MI",42.4263°N,83.1262°W,RECIDENCE
Carson Young,"Greenville, South Carolina",34.8526° N,82.3940° W,262.3907378,Carson YoungNot Likely,Not Likely,"Detroit, MI",42.4263°N,83.1262°W,RECIDENCE
Haotong Li,"Orlando, Florida",28.5383° N,81.3792° W,482.2687471,Haotong LiNot Likely,Not Likely,"Detroit, MI",42.4263°N,83.1262°W,RECIDENCE
Mac Meissner,"Jupiter, Florida",26.9342° N,80.0942° W,541.9910478,Mac MeissnerNot Likely,Not Likely,"Detroit, MI",42.4263°N,83.1262°W,RECIDENCE
Takumi Kanaya,"Tokyo, Japan",35.6762° N,139.6503° E,3201.644467,Takumi KanayaNot Likely,Not Likely,"Detroit, MI",42.4263°N,83.1262°W,RECIDENCE
Brooks Koepka,"Jupiter, Florida",26.9342° N,80.0942° W,541.9910478,Brooks KoepkaNot Likely,Not Likely,"Detroit, MI",42.4263°N,83.1262°W,RECIDENCE
K.H. Lee,"Plano, Texas",33.0198° N,96.6989° W,491.9894817,K.H. LeeNot Likely,Not Likely,"Detroit, MI",42.4263°N,83.1262°W,RECIDENCE
Alejandro Del Rey,"Madrid, Spain",40.4168° N,3.7038° W,1978.791002,Alejandro Del ReyNot Likely,Not Likely,"Detroit, MI",42.4263°N,83.1262°W,RECIDENCE
Chandler Phillips,"The Woodlands, Texas",30.1658° N,95.4613° W,544.0834729,Chandler PhillipsNot Likely,Not Likely,"Detroit, MI",42.4263°N,83.1262°W,RECIDENCE
Ben Silverman,"Jupiter, Florida",26.9342° N,80.0942° W,541.9910478,Ben SilvermanNot Likely,Not Likely,"Detroit, MI",42.4263°N,83.1262°W,RECIDENCE
Johnny Keefer,"San Antonio, Texas",29.4241° N,98.4936° W,619.8079488,Johnny KeeferNot Likely,Not Likely,"Detroit, MI",42.4263°N,83.1262°W,RECIDENCE
Greyson Sigg,"Sea Island, Georgia",31.1836° N,81.3498° W,391.4712913,Greyson SiggNot Likely,Not Likely,"Detroit, MI",42.4263°N,83.1262°W,RECIDENCE
Daniel van Tonder,"Johannesburg, South Africa",26.2041° S,28.0473° E,4231.577683,Daniel van TonderNot Likely,Not Likely,"Detroit, MI",42.4263°N,83.1262°W,RECIDENCE
David Lipsky,"Las Vegas, Nevada",36.1699° N,115.1398° W,877.0873629,David LipskyNot Likely,Not Likely,"Detroit, MI",42.4263°N,83.1262°W,RECIDENCE
Chan Kim,"Gilbert, Arizona",33.3528° N,111.7890° W,836.9536377,Chan KimNot Likely,Not Likely,"Detroit, MI",42.4263°N,83.1262°W,RECIDENCE
Pierceson Coody,"Plano, Texas",33.0198° N,96.6989° W,491.9894817,Pierceson CoodyNot Likely,Not Likely,"Detroit, MI",42.4263°N,83.1262°W,RECIDENCE
S.H. Kim,"Jacksonville, Florida",30.3322° N,81.6557° W,419.7930572,S.H. KimNot Likely,Not Likely,"Detroit, MI",42.4263°N,83.1262°W,RECIDENCE
Rikuya Hoshino,"Tokyo, Japan",35.6762° N,139.6503° E,3201.644467,Rikuya HoshinoNot Likely,Not Likely,"Detroit, MI",42.4263°N,83.1262°W,RECIDENCE
Sami Valimaki,"Nokia, Finland",61.4800° N,23.5010° E,2091.228169,Sami ValimakiNot Likely,Not Likely,"Detroit, MI",42.4263°N,83.1262°W,RECIDENCE
Joe Highsmith,"Lakewood, Washington",47.1718° N,122.5185° W,968.891074,Joe HighsmithNot Likely,Not Likely,"Detroit, MI",42.4263°N,83.1262°W,RECIDENCE
Steven Fisk,"Stockbridge, Georgia",33.5443° N,84.2338° W,308.317014,Steven FiskNot Likely,Not Likely,"Detroit, MI",42.4263°N,83.1262°W,RECIDENCE
Adrian Meronk,"Dubai, UAE",25.2048° N,55.2708° E,3532.293849,Adrian MeronkNot Likely,Not Likely,"Detroit, MI",42.4263°N,83.1262°W,RECIDENCE
Harry Higgs,"Dallas, Texas",32.7767° N,96.7970° W,499.9730235,Harry HiggsNot Likely,Not Likely,"Detroit, MI",42.4263°N,83.1262°W,RECIDENCE
Gary Woodland,"Delray Beach, Florida",26.4615° N,80.0728° W,558.2483569,Gary WoodlandNot Likely,Not Likely,"Detroit, MI",42.4263°N,83.1262°W,RECIDENCE
Frederic LaCroix,"Nice, France",43.7102° N,7.2620° E,2157.358052,Frederic LaCroixNot Likely,Not Likely,"Detroit, MI",42.4263°N,83.1262°W,RECIDENCE
Tim Widing,"Stockholm, Sweden",59.3293° N,18.0686° E,2056.403992,Tim WidingNot Likely,Not Likely,"Detroit, MI",42.4263°N,83.1262°W,RECIDENCE
Dan Bradbury,"Wakefield, England",53.6833° N,1.5059° W,1817.350518,Dan BradburyNot Likely,Not Likely,"Detroit, MI",42.4263°N,83.1262°W,RECIDENCE
Angel Ayora,"Madrid, Spain",40.4168° N,3.7038° W,1978.791002,Angel AyoraNot Likely,Not Likely,"Detroit, MI",42.4263°N,83.1262°W,RECIDENCE
Isaiah Salinda,"South San Francisco, California",37.6547° N,122.4077° W,1042.485295,Isaiah SalindaNot Likely,Not Likely,"Detroit, MI",42.4263°N,83.1262°W,RECIDENCE
Rafael Campos,"Guaynabo, Puerto Rico",18.3613° N,66.1110° W,969.549201,Rafael CamposNot Likely,Not Likely,"Detroit, MI",42.4263°N,83.1262°W,RECIDENCE
Zac Blair,"St. George, Utah",37.0965° N,113.5684° W,824.4204112,Zac BlairNot Likely,Not Likely,"Detroit, MI",42.4263°N,83.1262°W,RECIDENCE
Joel Dahmen,"Scottsdale, Arizona",33.4942° N,111.9261° W,837.9126407,Joel DahmenNot Likely,Not Likely,"Detroit, MI",42.4263°N,83.1262°W,RECIDENCE
David Ravetto,"Paris, France",48.8566° N,2.3522° E,1965.174277,David RavettoNot Likely,Not Likely,"Detroit, MI",42.4263°N,83.1262°W,RECIDENCE
Sam Bairstow,"Sheffield, England",53.3811° N,1.4701° W,1822.156769,Sam BairstowNot Likely,Not Likely,"Detroit, MI",42.4263°N,83.1262°W,RECIDENCE
Alex Fitzpatrick,"Sheffield, England",53.3811° N,1.4701° W,1822.156769,Alex FitzpatrickNot Likely,Not Likely,"Detroit, MI",42.4263°N,83.1262°W,RECIDENCE
Angel Hidalgo Jordan,"Marbella, Spain",36.5101° N,4.8825° W,2021.534476,Angel Hidalgo JordanNot Likely,Not Likely,"Detroit, MI",42.4263°N,83.1262°W,RECIDENCE
William Mouw,"Chino, California",34.0122° N,117.6889° W,974.4665874,William MouwNot Likely,Not Likely,"Detroit, MI",42.4263°N,83.1262°W,RECIDENCE
Brice Garnett,"Gallatin, Missouri",39.9145° N,93.9622° W,294.6079957,Brice GarnettNot Likely,Not Likely,"Detroit, MI",42.4263°N,83.1262°W,RECIDENCE
Ryan Gerard,"Jupiter, Florida",26.9342° N,80.0942° W,541.9910478,Ryan GerardNot Likely,Not Likely,"Detroit, MI",42.4263°N,83.1262°W,RECIDENCE
Alejandro Tosti,"Rosario, Argentina",32.9587° S,60.6930° W,2699.643069,Alejandro TostiNot Likely,Not Likely,"Detroit, MI",42.4263°N,83.1262°W,RECIDENCE
Kris Ventura,"Oslo, Norway",59.9139° N,10.7522° E,1935.763049,Kris VenturaNot Likely,Not Likely,"Detroit, MI",42.4263°N,83.1262°W,RECIDENCE
Yuta Sugiura,"Tokyo, Japan",35.6762° N,139.6503° E,3201.644467,Yuta SugiuraNot Likely,Not Likely,"Detroit, MI",42.4263°N,83.1262°W,RECIDENCE
Nacho Elvira,"Madrid, Spain",40.4168° N,3.7038° W,1978.791002,Nacho ElviraNot Likely,Not Likely,"Detroit, MI",42.4263°N,83.1262°W,RECIDENCE
Sam Ryder,"Ponte Vedra Beach, Florida",30.2397° N,81.3853° W,423.7622046,Sam RyderNot Likely,Not Likely,"Detroit, MI",42.4263°N,83.1262°W,RECIDENCE
Taylor Dickson,"Aberdeen, Scotland",57.1497° N,2.0943° W,1762.26538,Taylor DicksonNot Likely,Not Likely,"Detroit, MI",42.4263°N,83.1262°W,RECIDENCE
Alexander Björk,"Växjö, Sweden",56.8790° N,14.8059° E,2051.349674,Alexander BjörkNot Likely,Not Likely,"Detroit, MI",42.4263°N,83.1262°W,RECIDENCE
David Micheluzzi,"Melbourne, Australia",37.8136° S,144.9631° E,4955.121986,David MicheluzziNot Likely,Not Likely,"Detroit, MI",42.4263°N,83.1262°W,RECIDENCE
Henrik Norlander,"Stockholm, Sweden",59.3293° N,18.0686° E,2056.403992,Henrik NorlanderNot Likely,Not Likely,"Detroit, MI",42.4263°N,83.1262°W,RECIDENCE
Michael Thorbjornsen,"Wellesley, Massachusetts",42.2965° N,71.2924° W,301.8718635,Michael ThorbjornsenNot Likely,Not Likely,"Detroit, MI",42.4263°N,83.1262°W,RECIDENCE
Brandon R-Thompson,"Dallas, Texas",32.7767° N,96.7970° W,499.9730235,Brandon R-ThompsonNot Likely,Not Likely,"Detroit, MI",42.4263°N,83.1262°W,RECIDENCE
Connor Syme,"Aberdeen, Scotland",57.1497° N,2.0943° W,1762.26538,Connor SymeNot Likely,Not Likely,"Detroit, MI",42.4263°N,83.1262°W,RECIDENCE
Jackson Suber,"Tampa, Florida",27.9506° N,82.4572° W,500.4445314,Jackson SuberNot Likely,Not Likely,"Detroit, MI",42.4263°N,83.1262°W,RECIDENCE
Thomas Rosenmueller,"Stockholm, Sweden",59.3293° N,18.0686° E,2056.403992,Thomas RosenmuellerNot Likely,Not Likely,"Detroit, MI",42.4263°N,83.1262°W,RECIDENCE
Kevin Roy,"Tampa, Florida",27.9506° N,82.4572° W,500.4445314,Kevin RoyNot Likely,Not Likely,"Detroit, MI",42.4263°N,83.1262°W,RECIDENCE
Jacob Bridgeman,"Inman, South Carolina",35.0470° N,82.0901° W,256.4512343,Jacob BridgemanNot Likely,Not Likely,"Detroit, MI",42.4263°N,83.1262°W,RECIDENCE
Andy Sullivan,"Nuneaton, England",52.5205° N,1.4654° W,1834.209243,Andy SullivanNot Likely,Not Likely,"Detroit, MI",42.4263°N,83.1262°W,RECIDENCE
Elvis Smylie,"Gold Coast, Australia",28.0167° S,153.4000° E,4579.432783,Elvis SmylieNot Likely,Not Likely,"Detroit, MI",42.4263°N,83.1262°W,RECIDENCE
Adrian Otaegui,"Pamplona, Spain",42.8125° N,1.6458° W,1983.148796,Adrian OtaeguiNot Likely,Not Likely,"Detroit, MI",42.4263°N,83.1262°W,RECIDENCE
Marcel Siem,"Ratingen, Germany",51.2976° N,6.8498° E,2011.265896,Marcel SiemNot Likely,Not Likely,"Detroit, MI",42.4263°N,83.1262°W,RECIDENCE
Nicolas Colsaerts,"Brussels, Belgium",50.8503° N,4.3517° E,1971.418189,Nicolas ColsaertsNot Likely,Not Likely,"Detroit, MI",42.4263°N,83.1262°W,RECIDENCE
Yannik Paul,"Innsbruck, Austria",47.2692° N,11.4041° E,2172.006853,Yannik PaulNot Likely,Not Likely,"Detroit, MI",42.4263°N,83.1262°W,RECIDENCE
Marcus Armitage,"Rochdale, England",53.6097° N,2.1561° W,1806.08943,Marcus ArmitageNot Likely,Not Likely,"Detroit, MI",42.4263°N,83.1262°W,RECIDENCE
Chris Gotterup,"Jupiter, Florida",26.9342° N,80.0942° W,541.9910478,Chris GotterupNot Likely,Not Likely,"Detroit, MI",42.4263°N,83.1262°W,RECIDENCE
Kevin Streelman,"Scottsdale, Arizona",33.4942° N,111.9261° W,837.9126407,Kevin StreelmanNot Likely,Not Likely,"Detroit, MI",42.4263°N,83.1262°W,RECIDENCE
Adrien Saddier,"Lyon, France",45.7640° N,4.8357° E,2068.99161,Adrien SaddierNot Likely,Not Likely,"Detroit, MI",42.4263°N,83.1262°W,RECIDENCE
Jacques Kruyswijk,"Pretoria, South Africa",25.7479° S,28.2293° E,4227.049554,Jacques KruyswijkNot Likely,Not Likely,"Detroit, MI",42.4263°N,83.1262°W,RECIDENCE
Pablo Larrazabal,"Barcelona, Spain",41.3851° N,2.1734° E,2092.424405,Pablo LarrazabalNot Likely,Not Likely,"Detroit, MI",42.4263°N,83.1262°W,RECIDENCE
Adrien Dumont de Chassart,"Hasselt, Belgium",50.9307° N,5.3325° E,1988.813946,Adrien Dumont de ChassartNot Likely,Not Likely,"Detroit, MI",42.4263°N,83.1262°W,RECIDENCE
Alistair Docherty,"Vancouver, Washington",45.6387° N,122.6615° W,978.1611827,Alistair DochertyNot Likely,Not Likely,"Detroit, MI",42.4263°N,83.1262°W,RECIDENCE
Nate Lashley,"Scottsdale, Arizona",33.4942° N,111.9261° W,837.9126407,Nate LashleyNot Likely,Not Likely,"Detroit, MI",42.4263°N,83.1262°W,RECIDENCE
Ugo Coussaud,"Bordeaux, France",44.8378° N,0.5792° W,1971.666522,Ugo CoussaudNot Likely,Not Likely,"Detroit, MI",42.4263°N,83.1262°W,RECIDENCE
Wesley Bryan,"Augusta, Georgia",33.4735° N,82.0105° W,310.7740371,Wesley BryanNot Likely,Not Likely,"Detroit, MI",42.4263°N,83.1262°W,RECIDENCE
Bernd Wiesberger,"Vienna, Austria",48.2082° N,16.3738° E,2247.337976,Bernd WiesbergerNot Likely,Not Likely,"Detroit, MI",42.4263°N,83.1262°W,RECIDENCE
Ryo Ishikawa,"Tokyo, Japan",35.6762° N,139.6503° E,3201.644467,Ryo IshikawaNot Likely,Not Likely,"Detroit, MI",42.4263°N,83.1262°W,RECIDENCE
Robin Williams,"Johannesburg, South Africa",26.2041° S,28.0473° E,4231.577683,Robin WilliamsNot Likely,Not Likely,"Detroit, MI",42.4263°N,83.1262°W,RECIDENCE
Jayden Schaper,"Johannesburg, South Africa",26.2041° S,28.0473° E,4231.577683,Jayden SchaperNot Likely,Not Likely,"Detroit, MI",42.4263°N,83.1262°W,RECIDENCE
Paul Peterson,"Tucson, Arizona",32.2226° N,110.9747° W,837.27907,Paul PetersonNot Likely,Not Likely,"Detroit, MI",42.4263°N,83.1262°W,RECIDENCE
Grant Forrest,"North Berwick, Scotland",56.0583° N,2.7209° W,1764.289542,Grant ForrestNot Likely,Not Likely,"Detroit, MI",42.4263°N,83.1262°W,RECIDENCE
Shugo Imahira,"Tokyo, Japan",35.6762° N,139.6503° E,3201.644467,Shugo ImahiraNot Likely,Not Likely,"Detroit, MI",42.4263°N,83.1262°W,RECIDENCE
Dylan Wu,"Medford, Oregon",42.3265° N,122.8756° W,1004.989528,Dylan WuNot Likely,Not Likely,"Detroit, MI",42.4263°N,83.1262°W,RECIDENCE
Neal Shipley,"Pittsburgh, Pennsylvania",40.4406° N,79.9959° W,106.1912053,Neal ShipleyNot Likely,Not Likely,"Detroit, MI",42.4263°N,83.1262°W,RECIDENCE
Richard Lee,"Taipei, Taiwan",25.0330° N,121.5654° E,3758.560812,Richard LeeNot Likely,Not Likely,"Detroit, MI",42.4263°N,83.1262°W,RECIDENCE
Joost Luiten,"Bleiswijk, Netherlands",52.0105° N,4.5396° E,1956.016097,Joost LuitenNot Likely,Not Likely,"Detroit, MI",42.4263°N,83.1262°W,RECIDENCE
Louis Oosthuizen,"Jupiter, Florida",26.9342° N,80.0942° W,541.9910478,Louis OosthuizenNot Likely,Not Likely,"Detroit, MI",42.4263°N,83.1262°W,RECIDENCE
Jeff Winther,"Copenhagen, Denmark",55.6761° N,12.5683° E,2036.371671,Jeff WintherNot Likely,Not Likely,"Detroit, MI",42.4263°N,83.1262°W,RECIDENCE
John Pak,"Scotch Plains, New Jersey",40.6554° N,74.3899° W,233.9178679,John PakNot Likely,Not Likely,"Detroit, MI",42.4263°N,83.1262°W,RECIDENCE
Hank Lebioda,"Orlando, Florida",28.5383° N,81.3792° W,482.2687471,Hank LebiodaNot Likely,Not Likely,"Detroit, MI",42.4263°N,83.1262°W,RECIDENCE
Francesco Laporta,"Naples, Italy",40.8518° N,14.2681° E,2360.238382,Francesco LaportaNot Likely,Not Likely,"Detroit, MI",42.4263°N,83.1262°W,RECIDENCE
Vincent Norrman,"Stockholm, Sweden",59.3293° N,18.0686° E,2056.403992,Vincent NorrmanNot Likely,Not Likely,"Detroit, MI",42.4263°N,83.1262°W,RECIDENCE
MK Kim,"Seoul, South Korea",37.5665° N,126.9780° E,3297.267117,MK KimNot Likely,Not Likely,"Detroit, MI",42.4263°N,83.1262°W,RECIDENCE
Takahiro Hataji,"Tokyo, Japan",35.6762° N,139.6503° E,3201.644467,Takahiro HatajiNot Likely,Not Likely,"Detroit, MI",42.4263°N,83.1262°W,RECIDENCE
Hamish Brown,"Copenhagen, Denmark",55.6761° N,12.5683° E,2036.371671,Hamish BrownNot Likely,Not Likely,"Detroit, MI",42.4263°N,83.1262°W,RECIDENCE
Suteepat Prateeptienchai,"Bangkok, Thailand",13.7563° N,100.5018° E,4274.104236,Suteepat PrateeptienchaiNot Likely,Not Likely,"Detroit, MI",42.4263°N,83.1262°W,RECIDENCE
Ricky Castillo,"Yorba Linda, California",33.8886° N,117.8131° W,979.6036337,Ricky CastilloNot Likely,Not Likely,"Detroit, MI",42.4263°N,83.1262°W,RECIDENCE
Joakim Lagergren,"Stockholm, Sweden",59.3293° N,18.0686° E,2056.403992,Joakim LagergrenNot Likely,Not Likely,"Detroit, MI",42.4263°N,83.1262°W,RECIDENCE
Camilo Villegas,"Jupiter, Florida",26.9342° N,80.0942° W,541.9910478,Camilo VillegasNot Likely,Not Likely,"Detroit, MI",42.4263°N,83.1262°W,RECIDENCE
Lanto Griffin,"Orlando, Florida",28.5383° N,81.3792° W,482.2687471,Lanto GriffinNot Likely,Not Likely,"Detroit, MI",42.4263°N,83.1262°W,RECIDENCE
Taylor Montgomery,"Las Vegas, Nevada",36.1699° N,115.1398° W,877.0873629,Taylor MontgomeryNot Likely,Not Likely,"Detroit, MI",42.4263°N,83.1262°W,RECIDENCE
Chiehpo Lee,"Taipei, Taiwan",25.0330° N,121.5654° E,3758.560812,Chiehpo LeeNot Likely,Not Likely,"Detroit, MI",42.4263°N,83.1262°W,RECIDENCE
Christo Lamprecht,"Pretoria, South Africa",25.7479° S,28.2293° E,4227.049554,Christo LamprechtNot Likely,Not Likely,"Detroit, MI",42.4263°N,83.1262°W,RECIDENCE
Richard Mansell,"Stafford, England",52.8052° N,2.1164° W,1817.764297,Richard MansellNot Likely,Not Likely,"Detroit, MI",42.4263°N,83.1262°W,RECIDENCE
Cristobal Del Solar,"Jupiter, Florida",26.9342° N,80.0942° W,541.9910478,Cristobal Del SolarNot Likely,Not Likely,"Detroit, MI",42.4263°N,83.1262°W,RECIDENCE
Bud Cauley,"Jacksonville, Florida",30.3322° N,81.6557° W,419.7930572,Bud CauleyNot Likely,Not Likely,"Detroit, MI",42.4263°N,83.1262°W,RECIDENCE
David Skinns,"Lincoln, England",53.2307° N,0.5403° W,1841.816991,David SkinnsNot Likely,Not Likely,"Detroit, MI",42.4263°N,83.1262°W,RECIDENCE
Kyle Westmoreland,"Daniel Island, South Carolina",32.8488° N,79.9004° W,342.3660246,Kyle WestmorelandNot Likely,Not Likely,"Detroit, MI",42.4263°N,83.1262°W,RECIDENCE
Frederik Kjettrup,"Aabenraa, Denmark",55.0409° N,9.4180° E,1993.873486,Frederik KjettrupNot Likely,Not Likely,"Detroit, MI",42.4263°N,83.1262°W,RECIDENCE
Shubhankar Sharma,"Chandigarh, India",30.7333° N,76.7794° E,3611.60743,Shubhankar SharmaNot Likely,Not Likely,"Detroit, MI",42.4263°N,83.1262°W,RECIDENCE
Trace Crowe,"Auburn, Alabama",32.6099° N,85.4808° W,345.1692758,Trace CroweNot Likely,Not Likely,"Detroit, MI",42.4263°N,83.1262°W,RECIDENCE
Quade Cummins,"Midwest City, Oklahoma",35.4495° N,97.3967° W,452.0019343,Quade CumminsNot Likely,Not Likely,"Detroit, MI",42.4263°N,83.1262°W,RECIDENCE
Karl Vilips,"Perth, Australia",31.9505° S,115.8605° E,5585.191653,Karl VilipsNot Likely,Not Likely,"Detroit, MI",42.4263°N,83.1262°W,RECIDENCE
Ivan Cantero Gutierrez,"Madrid, Spain",40.4168° N,3.7038° W,1978.791002,Ivan Cantero GutierrezNot Likely,Not Likely,"Detroit, MI",42.4263°N,83.1262°W,RECIDENCE
Robby Shelton,"Wilmer, Alabama",30.8232° N,88.3614° W,426.0926144,Robby SheltonNot Likely,Not Likely,"Detroit, MI",42.4263°N,83.1262°W,RECIDENCE
Marcus Kinhult,"Gothenburg, Sweden",57.7089° N,11.9746° E,1991.273364,Marcus KinhultNot Likely,Not Likely,"Detroit, MI",42.4263°N,83.1262°W,RECIDENCE
Austin Smotherman,"Dallas, Texas",32.7767° N,96.7970° W,499.9730235,Austin SmothermanNot Likely,Not Likely,"Detroit, MI",42.4263°N,83.1262°W,RECIDENCE
Darius Van Driel,"The Hague, Netherlands",52.0705° N,4.3007° E,1950.559374,Darius Van DrielNot Likely,Not Likely,"Detroit, MI",42.4263°N,83.1262°W,RECIDENCE
Sean Crocker,"Jupiter, Florida",26.9342° N,80.0942° W,541.9910478,Sean CrockerNot Likely,Not Likely,"Detroit, MI",42.4263°N,83.1262°W,RECIDENCE
Lucas Herbert,"Jupiter, Florida",26.9342° N,80.0942° W,541.9910478,Lucas HerbertNot Likely,Not Likely,"Detroit, MI",42.4263°N,83.1262°W,RECIDENCE
Zander Lombard,"Pretoria, South Africa",25.7479° S,28.2293° E,4227.049554,Zander LombardNot Likely,Not Likely,"Detroit, MI",42.4263°N,83.1262°W,RECIDENCE
Ollie Schniederjans,"Powder Springs, Georgia",33.8595° N,84.6838° W,298.9521454,Ollie SchniederjansNot Likely,Not Likely,"Detroit, MI",42.4263°N,83.1262°W,RECIDENCE
Richie Ramsay,"Aberdeen, Scotland",57.1497° N,2.0943° W,1762.26538,Richie RamsayNot Likely,Not Likely,"Detroit, MI",42.4263°N,83.1262°W,RECIDENCE
Yuto Katsuragawa,"Tokyo, Japan",35.6762° N,139.6503° E,3201.644467,Yuto KatsuragawaNot Likely,Not Likely,"Detroit, MI",42.4263°N,83.1262°W,RECIDENCE
Trav Smyth,"Brisbane, Australia",27.4705° S,153.0260° E,4578.55419,Trav SmythNot Likely,Not Likely,"Detroit, MI",42.4263°N,83.1262°W,RECIDENCE
Martin Couvra,"Nice, France",43.7102° N,7.2620° E,2157.358052,Martin CouvraNot Likely,Not Likely,"Detroit, MI",42.4263°N,83.1262°W,RECIDENCE
Danny Walker,"Bradenton, Florida",27.4989° N,82.5748° W,515.9305254,Danny WalkerNot Likely,Not Likely,"Detroit, MI",42.4263°N,83.1262°W,RECIDENCE
Brandon Stone,"Pretoria, South Africa",25.7479° S,28.2293° E,4227.049554,Brandon StoneNot Likely,Not Likely,"Detroit, MI",42.4263°N,83.1262°W,RECIDENCE
Braden Thornberry,"Germantown, Tennessee",35.0868° N,89.8101° W,310.7583901,Braden ThornberryNot Likely,Not Likely,"Detroit, MI",42.4263°N,83.1262°W,RECIDENCE
Kevin Tway,"Jupiter, Florida",26.9342° N,80.0942° W,541.9910478,Kevin TwayNot Likely,Not Likely,"Detroit, MI",42.4263°N,83.1262°W,RECIDENCE
Carl Yuan,"Jacksonville, Florida",30.3322° N,81.6557° W,419.7930572,Carl YuanNot Likely,Not Likely,"Detroit, MI",42.4263°N,83.1262°W,RECIDENCE
Calum Hill,"Edinburgh, Scotland",55.9533° N,3.1883° W,1757.109883,Calum HillNot Likely,Not Likely,"Detroit, MI",42.4263°N,83.1262°W,RECIDENCE
Martin Laird,"Scottsdale, Arizona",33.4942° N,111.9261° W,837.9126407,Martin LairdNot Likely,Not Likely,"Detroit, MI",42.4263°N,83.1262°W,RECIDENCE
Matt NeSmith,"North Augusta, South Carolina",33.5018° N,81.9651° W,309.923532,Matt NeSmithNot Likely,Not Likely,"Detroit, MI",42.4263°N,83.1262°W,RECIDENCE
Ryosuke Kinoshita,"Tokyo, Japan",35.6762° N,139.6503° E,3201.644467,Ryosuke KinoshitaNot Likely,Not Likely,"Detroit, MI",42.4263°N,83.1262°W,RECIDENCE
Jason Scrivener,"Perth, Australia",31.9505° S,115.8605° E,5585.191653,Jason ScrivenerNot Likely,Not Likely,"Detroit, MI",42.4263°N,83.1262°W,RECIDENCE
Sudarshan Yellamaraju,"Bangalore, India",12.9716° N,77.5946° E,4209.18118,Sudarshan YellamarajuNot Likely,Not Likely,"Detroit, MI",42.4263°N,83.1262°W,RECIDENCE
Barend Botha,"Pretoria, South Africa",25.7479° S,28.2293° E,4227.049554,Barend BothaNot Likely,Not Likely,"Detroit, MI",42.4263°N,83.1262°W,RECIDENCE
Taiga Semikawa,"Tokyo, Japan",35.6762° N,139.6503° E,3201.644467,Taiga SemikawaNot Likely,Not Likely,"Detroit, MI",42.4263°N,83.1262°W,RECIDENCE
Justin Suh,"Las Vegas, Nevada",36.1699° N,115.1398° W,877.0873629,Justin SuhNot Likely,Not Likely,"Detroit, MI",42.4263°N,83.1262°W,RECIDENCE
Miguel Tabuena,"Manila, Philippines",14.5995° N,120.9842° E,4104.620907,Miguel TabuenaNot Likely,Not Likely,"Detroit, MI",42.4263°N,83.1262°W,RECIDENCE
Wilco Nienaber,"Bloemfontein, South Africa",29.0852° S,26.1596° E,4240.714069,Wilco NienaberNot Likely,Not Likely,"Detroit, MI",42.4263°N,83.1262°W,RECIDENCE
Ryan Moore,"Las Vegas, Nevada",36.1699° N,115.1398° W,877.0873629,Ryan MooreNot Likely,Not Likely,"Detroit, MI",42.4263°N,83.1262°W,RECIDENCE
Zach Bauchou,"Tulsa, Oklahoma",36.1540° N,95.9928° W,405.8942492,Zach BauchouNot Likely,Not Likely,"Detroit, MI",42.4263°N,83.1262°W,RECIDENCE
Scott Jamieson,"Glasgow, Scotland",55.8642° N,4.2518° W,1738.831347,Scott JamiesonNot Likely,Not Likely,"Detroit, MI",42.4263°N,83.1262°W,RECIDENCE
Eugenio Chacarra,"Madrid, Spain",40.4168° N,3.7038° W,1978.791002,Eugenio ChacarraNot Likely,Not Likely,"Detroit, MI",42.4263°N,83.1262°W,RECIDENCE
Jamie Rutherford,"London, England",51.5074° N,0.1278° W,1874.69495,Jamie RutherfordNot Likely,Not Likely,"Detroit, MI",42.4263°N,83.1262°W,RECIDENCE
Taisei Shimizu,"Tokyo, Japan",35.6762° N,139.6503° E,3201.644467,Taisei ShimizuNot Likely,Not Likely,"Detroit, MI",42.4263°N,83.1262°W,RECIDENCE
Andrea Pavan,"Rome, Italy",41.9028° N,12.4964° E,2301.700964,Andrea PavanNot Likely,Not Likely,"Detroit, MI",42.4263°N,83.1262°W,RECIDENCE
Ryggs Johnston,"Libby, Montana",48.3886° N,115.5560° W,806.4489798,Ryggs JohnstonNot Likely,Not Likely,"Detroit, MI",42.4263°N,83.1262°W,RECIDENCE
Sam Bennett,"Madisonville, Texas",30.9499° N,95.9116° W,530.4163213,Sam BennettNot Likely,Not Likely,"Detroit, MI",42.4263°N,83.1262°W,RECIDENCE
Chad Ramey,"Fulton, Mississippi",34.2737° N,88.4092° W,315.7648307,Chad RameyNot Likely,Not Likely,"Detroit, MI",42.4263°N,83.1262°W,RECIDENCE
Hiroshi Iwata,"Tokyo, Japan",35.6762° N,139.6503° E,3201.644467,Hiroshi IwataNot Likely,Not Likely,"Detroit, MI",42.4263°N,83.1262°W,RECIDENCE
Casey Jarvis,"Johannesburg, South Africa",26.2041° S,28.0473° E,4231.577683,Casey JarvisNot Likely,Not Likely,"Detroit, MI",42.4263°N,83.1262°W,RECIDENCE
Will Chandler,"Horsham, England",51.0639° N,0.3259° W,1877.451629,Will ChandlerNot Likely,Not Likely,"Detroit, MI",42.4263°N,83.1262°W,RECIDENCE
Ryan van Velzen,"Durban, South Africa",29.8587° S,31.0218° E,4377.457493,Ryan van VelzenNot Likely,Not Likely,"Detroit, MI",42.4263°N,83.1262°W,RECIDENCE
Conor Purcell,"Dublin, Ireland",53.3498° N,6.2603° W,1730.977298,Conor PurcellNot Likely,Not Likely,"Detroit, MI",42.4263°N,83.1262°W,RECIDENCE
Todd Clements,"Colchester, England",51.8959° N,0.8919° E,1888.555542,Todd ClementsNot Likely,Not Likely,"Detroit, MI",42.4263°N,83.1262°W,RECIDENCE
Kiradech Aphibarnrat,"Bangkok, Thailand",13.7563° N,100.5018° E,4274.104236,Kiradech AphibarnratNot Likely,Not Likely,"Detroit, MI",42.4263°N,83.1262°W,RECIDENCE
Kazuki Higa,"Okinawa, Japan",26.2124° N,127.6809° E,3652.041107,Kazuki HigaNot Likely,Not Likely,"Detroit, MI",42.4263°N,83.1262°W,RECIDENCE
Aaron Cockerill,"Calgary, Canada",51.0447° N,114.0719° W,783.6514693,Aaron CockerillNot Likely,Not Likely,"Detroit, MI",42.4263°N,83.1262°W,RECIDENCE
Nick Hardy,"Northbrook, Illinois",42.1275° N,87.8290° W,120.6370561,Nick HardyNot Likely,Not Likely,"Detroit, MI",42.4263°N,83.1262°W,RECIDENCE
Fabrizio Zanotti,"Asunción, Paraguay",25.2637° S,57.5759° W,2476.306056,Fabrizio ZanottiNot Likely,Not Likely,"Detroit, MI",42.4263°N,83.1262°W,RECIDENCE
Oliver Lindell,"Helsinki, Finland",60.1699° N,24.9384° E,2137.597932,Oliver LindellNot Likely,Not Likely,"Detroit, MI",42.4263°N,83.1262°W,RECIDENCE
S.Y. Noh,"Dallas, Texas",32.7767° N,96.7970° W,499.9730235,S.Y. NohNot Likely,Not Likely,"Detroit, MI",42.4263°N,83.1262°W,RECIDENCE
Caleb Surratt,"Indian Trail, North Carolina",35.0768° N,80.6691° W,262.3575197,Caleb SurrattNot Likely,Not Likely,"Detroit, MI",42.4263°N,83.1262°W,RECIDENCE
Josh Teater,"Lexington, Kentucky",38.0406° N,84.5037° W,155.8011514,Josh TeaterNot Likely,Not Likely,"Detroit, MI",42.4263°N,83.1262°W,RECIDENCE
Joseph Bramlett,"Las Vegas, Nevada",36.1699° N,115.1398° W,877.0873629,Joseph BramlettNot Likely,Not Likely,"Detroit, MI",42.4263°N,83.1262°W,RECIDENCE
Deon Germishuys,"Pretoria, South Africa",25.7479° S,28.2293° E,4227.049554,Deon GermishuysNot Likely,Not Likely,"Detroit, MI",42.4263°N,83.1262°W,RECIDENCE
Garrick Higgo,"Jupiter, Florida",26.9342° N,80.0942° W,541.9910478,Garrick HiggoNot Likely,Not Likely,"Detroit, MI",42.4263°N,83.1262°W,RECIDENCE
Alfredo Garcia-Heredia,"Asturias, Spain",43.3614° N,5.8494° W,1881.1144,Alfredo Garcia-HerediaNot Likely,Not Likely,"Detroit, MI",42.4263°N,83.1262°W,RECIDENCE
Marcel Schneider,"Nuremberg, Germany",49.4521° N,11.0767° E,2123.949653,Marcel SchneiderNot Likely,Not Likely,"Detroit, MI",42.4263°N,83.1262°W,RECIDENCE
Sadom Kaewkanjana,"Bangkok, Thailand",13.7563° N,100.5018° E,4274.104236,Sadom KaewkanjanaNot Likely,Not Likely,"Detroit, MI",42.4263°N,83.1262°W,RECIDENCE
Young-han Song,"Seoul, South Korea",37.5665° N,126.9780° E,3297.267117,Young-han SongNot Likely,Not Likely,"Detroit, MI",42.4263°N,83.1262°W,RECIDENCE
Ren Yonezawa,"Tokyo, Japan",35.6762° N,139.6503° E,3201.644467,Ren YonezawaNot Likely,Not Likely,"Detroit, MI",42.4263°N,83.1262°W,RECIDENCE
Ben Martin,"Greenville, South Carolina",34.8526° N,82.3940° W,262.3907378,Ben MartinNot Likely,Not Likely,"Detroit, MI",42.4263°N,83.1262°W,RECIDENCE
Mitchell Meissner,"Houston, Texas",29.7604° N,95.3698° W,553.9822431,Mitchell MeissnerNot Likely,Not Likely,"Detroit, MI",42.4263°N,83.1262°W,RECIDENCE
Will Gordon,"Charlotte, North Carolina",35.2271° N,80.8431° W,256.1602722,Will GordonNot Likely,Not Likely,"Detroit, MI",42.4263°N,83.1262°W,RECIDENCE
Chesson Hadley,"Raleigh, North Carolina",35.7796° N,78.6382° W,259.1376517,Chesson HadleyNot Likely,Not Likely,"Detroit, MI",42.4263°N,83.1262°W,RECIDENCE
Joel Moscatel Nachsh,"Madrid, Spain",40.4168° N,3.7038° W,1978.791002,Joel Moscatel NachshNot Likely,Not Likely,"Detroit, MI",42.4263°N,83.1262°W,RECIDENCE
Tom Vaillant,"Paris, France",48.8566° N,2.3522° E,1965.174277,Tom VaillantNot Likely,Not Likely,"Detroit, MI",42.4263°N,83.1262°W,RECIDENCE
Kevin Chappell,"Fresno, California",36.7378° N,119.7871° W,987.7280125,Kevin ChappellNot Likely,Not Likely,"Detroit, MI",42.4263°N,83.1262°W,RECIDENCE
Davis Chatfield,"Atlanta, Georgia",33.7490° N,84.3880° W,301.72143,Davis ChatfieldNot Likely,Not Likely,"Detroit, MI",42.4263°N,83.1262°W,RECIDENCE
Kevin Velo,"Pleasanton, California",37.6624° N,121.8747° W,1028.830925,Kevin VeloNot Likely,Not Likely,"Detroit, MI",42.4263°N,83.1262°W,RECIDENCE
Brandon Wu,"Scarsdale, New York",41.0051° N,73.7846° W,245.7158322,Brandon WuNot Likely,Not Likely,"Detroit, MI",42.4263°N,83.1262°W,RECIDENCE
Hayden Buckley,"Tupelo, Mississippi",34.2576° N,88.7034° W,319.9347244,Hayden BuckleyNot Likely,Not Likely,"Detroit, MI",42.4263°N,83.1262°W,RECIDENCE
Dylan Frittelli,"Johannesburg, South Africa",26.2041° S,28.0473° E,4231.577683,Dylan FrittelliNot Likely,Not Likely,"Detroit, MI",42.4263°N,83.1262°W,RECIDENCE
Jeremy Paul,"Munich, Germany",48.1351° N,11.5820° E,2158.664447,Jeremy PaulNot Likely,Not Likely,"Detroit, MI",42.4263°N,83.1262°W,RECIDENCE
Curtis Luck,"Perth, Australia",31.9505° S,115.8605° E,5585.191653,Curtis LuckNot Likely,Not Likely,"Detroit, MI",42.4263°N,83.1262°W,RECIDENCE
Zach Johnson,"Cedar Rapids, Iowa",41.9779° N,91.6656° W,218.993551,Zach JohnsonNot Likely,Not Likely,"Detroit, MI",42.4263°N,83.1262°W,RECIDENCE
MJ Maguire,"Dallas, Texas",32.7767° N,96.7970° W,499.9730235,MJ MaguireNot Likely,Not Likely,"Detroit, MI",42.4263°N,83.1262°W,RECIDENCE
Matthew Southgate,"Southend-on-Sea, England",51.5459° N,0.7079° E,1890.297691,Matthew SouthgateNot Likely,Not Likely,"Detroit, MI",42.4263°N,83.1262°W,RECIDENCE
Tyler Duncan,"Columbus, Indiana",39.2014° N,85.9214° W,133.2242806,Tyler DuncanNot Likely,Not Likely,"Detroit, MI",42.4263°N,83.1262°W,RECIDENCE
Trey Winstead,"Baton Rouge, Louisiana",30.4515° N,91.1871° W,469.9173256,Trey WinsteadNot Likely,Not Likely,"Detroit, MI",42.4263°N,83.1262°W,RECIDENCE
Gavin Green,"Kuala Lumpur, Malaysia",3.1390° N,101.6869° E,4637.130041,Gavin GreenNot Likely,Not Likely,"Detroit, MI",42.4263°N,83.1262°W,RECIDENCE
Davis Shore,"Tuscaloosa, Alabama",33.2098° N,87.5692° W,340.5742503,Davis ShoreNot Likely,Not Likely,"Detroit, MI",42.4263°N,83.1262°W,RECIDENCE
Chez Reavie,"Scottsdale, Arizona",33.4942° N,111.9261° W,837.9126407,Chez ReavieNot Likely,Not Likely,"Detroit, MI",42.4263°N,83.1262°W,RECIDENCE
Aaron Baddeley,"Scottsdale, Arizona",33.4942° N,111.9261° W,837.9126407,Aaron BaddeleyNot Likely,Not Likely,"Detroit, MI",42.4263°N,83.1262°W,RECIDENCE
Webb Simpson,"Charlotte, North Carolina",35.2271° N,80.8431° W,256.1602722,Webb SimpsonNot Likely,Not Likely,"Detroit, MI",42.4263°N,83.1262°W,RECIDENCE
Ricardo Gouveia,"Lisbon, Portugal",38.7223° N,9.1393° W,1882.375721,Ricardo GouveiaNot Likely,Not Likely,"Detroit, MI",42.4263°N,83.1262°W,RECIDENCE
Peter Kuest,"Fresno, California",36.7378° N,119.7871° W,987.7280125,Peter KuestNot Likely,Not Likely,"Detroit, MI",42.4263°N,83.1262°W,RECIDENCE
Jimmy Stanger,"Tampa, Florida",27.9506° N,82.4572° W,500.4445314,Jimmy StangerNot Likely,Not Likely,"Detroit, MI",42.4263°N,83.1262°W,RECIDENCE
Jens Dantorp,"Malmö, Sweden",55.6040° N,13.0038° E,2044.927763,Jens DantorpNot Likely,Not Likely,"Detroit, MI",42.4263°N,83.1262°W,RECIDENCE
Carter Jenkins,"Raleigh, North Carolina",35.7796° N,78.6382° W,259.1376517,Carter JenkinsNot Likely,Not Likely,"Detroit, MI",42.4263°N,83.1262°W,RECIDENCE
Matthew Baldwin,"Southport, England",53.6458° N,3.0100° W,1789.45513,Matthew BaldwinNot Likely,Not Likely,"Detroit, MI",42.4263°N,83.1262°W,RECIDENCE
Phachara Khongwatmai,"Bangkok, Thailand",13.7563° N,100.5018° E,4274.104236,Phachara KhongwatmaiNot Likely,Not Likely,"Detroit, MI",42.4263°N,83.1262°W,RECIDENCE
Seungtaek Lee,"Seoul, South Korea",37.5665° N,126.9780° E,3297.267117,Seungtaek LeeNot Likely,Not Likely,"Detroit, MI",42.4263°N,83.1262°W,RECIDENCE
Hur In-hoi,"Seoul, South Korea",37.5665° N,126.9780° E,3297.267117,Hur In-hoiNot Likely,Not Likely,"Detroit, MI",42.4263°N,83.1262°W,RECIDENCE
Guntaek Koh,"Seoul, South Korea",37.5665° N,126.9780° E,3297.267117,Guntaek KohNot Likely,Not Likely,"Detroit, MI",42.4263°N,83.1262°W,RECIDENCE
Lee Jung-hwan,"Seoul, South Korea",37.5665° N,126.9780° E,3297.267117,Lee Jung-hwanNot Likely,Not Likely,"Detroit, MI",42.4263°N,83.1262°W,RECIDENCE
Mason Andersen,"Phoenix, Arizona",33.4484° N,112.0740° W,842.3941385,Mason AndersenNot Likely,Not Likely,"Detroit, MI",42.4263°N,83.1262°W,RECIDENCE
Jeong Weon Ko,"Seoul, South Korea",37.5665° N,126.9780° E,3297.267117,Jeong Weon KoNot Likely,Not Likely,"Detroit, MI",42.4263°N,83.1262°W,RECIDENCE
Kazuma Kobori,"Christchurch, New Zealand",43.5321° S,172.6362° E,4373.79829,Kazuma KoboriNot Likely,Not Likely,"Detroit, MI",42.4263°N,83.1262°W,RECIDENCE
Max Kieffer,"Düsseldorf, Germany",51.2277° N,6.7735° E,2011.031088,Max KiefferNot Likely,Not Likely,"Detroit, MI",42.4263°N,83.1262°W,RECIDENCE
Troy Merritt,"Eagle, Idaho",,,,Troy MerrittNot Likely,Not Likely,"Detroit, MI",42.4263°N,83.1262°W,RECIDENCE
Daniel Summerhays,"Farmington, Utah",40.9783° N,111.8872° W,739.973649,Daniel SummerhaysNot Likely,Not Likely,"Detroit, MI",42.4263°N,83.1262°W,RECIDENCE
Noah Goodwin,"Dallas, Texas",32.7767° N,96.7970° W,499.9730235,Noah GoodwinNot Likely,Not Likely,"Detroit, MI",42.4263°N,83.1262°W,RECIDENCE
Takashi Ogiso,"Tokyo, Japan",35.6762° N,139.6503° E,3201.644467,Takashi OgisoNot Likely,Not Likely,"Detroit, MI",42.4263°N,83.1262°W,RECIDENCE
Emilio Gonzalez,"Santiago, Chile",33.4489° S,70.6693° W,2650.803806,Emilio GonzalezNot Likely,Not Likely,"Detroit, MI",42.4263°N,83.1262°W,RECIDENCE
Kristoffer Reitan,"Oslo, Norway",59.9139° N,10.7522° E,1935.763049,Kristoffer ReitanNot Likely,Not Likely,"Detroit, MI",42.4263°N,83.1262°W,RECIDENCE
Kaito Onishi,"Tokyo, Japan",35.6762° N,139.6503° E,3201.644467,Kaito OnishiNot Likely,Not Likely,"Detroit, MI",42.4263°N,83.1262°W,RECIDENCE
Freddy Schott,"Munich, Germany",48.1351° N,11.5820° E,2158.664447,Freddy SchottNot Likely,Not Likely,"Detroit, MI",42.4263°N,83.1262°W,RECIDENCE
Russell Knox,"Jacksonville, Florida",30.3322° N,81.6557° W,419.7930572,Russell KnoxNot Likely,Not Likely,"Detroit, MI",42.4263°N,83.1262°W,RECIDENCE
Roger Sloan,"Calgary, Canada",51.0447° N,114.0719° W,783.6514693,Roger SloanNot Likely,Not Likely,"Detroit, MI",42.4263°N,83.1262°W,RECIDENCE
Gaganjeet Bhullar,"Kapurthala, India",31.3803° N,75.3811° E,3578.908202,Gaganjeet BhullarNot Likely,Not Likely,"Detroit, MI",42.4263°N,83.1262°W,RECIDENCE
Yuta Kaneko,"Tokyo, Japan",35.6762° N,139.6503° E,3201.644467,Yuta KanekoNot Likely,Not Likely,"Detroit, MI",42.4263°N,83.1262°W,RECIDENCE
Wooyoung Cho,"Seoul, South Korea",37.5665° N,126.9780° E,3297.267117,Wooyoung ChoNot Likely,Not Likely,"Detroit, MI",42.4263°N,83.1262°W,RECIDENCE
Padraig Harrington,"Dublin, Ireland",53.3498° N,6.2603° W,1730.977298,Padraig HarringtonNot Likely,Not Likely,"Detroit, MI",42.4263°N,83.1262°W,RECIDENCE
Jonathan Broomhead,"Johannesburg, South Africa",26.2041° S,28.0473° E,4231.577683,Jonathan BroomheadNot Likely,Not Likely,"Detroit, MI",42.4263°N,83.1262°W,RECIDENCE
Matt Atkins,"Oviedo, Florida",28.6700° N,81.2081° W,478.2508392,Matt AtkinsNot Likely,Not Likely,"Detroit, MI",42.4263°N,83.1262°W,RECIDENCE
Carlos Ortiz,"Dallas, Texas",32.7767° N,96.7970° W,499.9730235,Carlos OrtizNot Likely,Not Likely,"Detroit, MI",42.4263°N,83.1262°W,RECIDENCE
Stewart Cink,"Duluth, Georgia",34.0029° N,84.1446° W,292.3068291,Stewart CinkNot Likely,Not Likely,"Detroit, MI",42.4263°N,83.1262°W,RECIDENCE
Norman Xiong,"Eugene, Oregon",44.0459° N,123.0746° W,997.1231233,Norman XiongNot Likely,Not Likely,"Detroit, MI",42.4263°N,83.1262°W,RECIDENCE
Myles Creighton,"Halifax, Canada",44.6486° N,63.5850° W,494.1446504,Myles CreightonNot Likely,Not Likely,"Detroit, MI",42.4263°N,83.1262°W,RECIDENCE
Kieran Vincent,"Harare, Zimbabwe",17.8252° S,31.0335° E,4132.240756,Kieran VincentNot Likely,Not Likely,"Detroit, MI",42.4263°N,83.1262°W,RECIDENCE
Andrew Wilson,"York, England",53.9600° N,1.0873° W,1821.425287,Andrew WilsonNot Likely,Not Likely,"Detroit, MI",42.4263°N,83.1262°W,RECIDENCE
Brandon Crick,"McKinney, Texas",33.1976° N,96.6398° W,486.4344598,Brandon CrickNot Likely,Not Likely,"Detroit, MI",42.4263°N,83.1262°W,RECIDENCE
Trevor Cone,"Concord, North Carolina",35.4088° N,80.5795° W,251.8778805,Trevor ConeNot Likely,Not Likely,"Detroit, MI",42.4263°N,83.1262°W,RECIDENCE
Eddie Pepperell,"Oxford, England",51.7520° N,1.2577° W,1849.16776,Eddie PepperellNot Likely,Not Likely,"Detroit, MI",42.4263°N,83.1262°W,RECIDENCE
Parker Coody,"Plano, Texas",33.0198° N,96.6989° W,491.9894817,Parker CoodyNot Likely,Not Likely,"Detroit, MI",42.4263°N,83.1262°W,RECIDENCE
Doc Redman,"Jacksonville, Florida",30.3322° N,81.6557° W,419.7930572,Doc RedmanNot Likely,Not Likely,"Detroit, MI",42.4263°N,83.1262°W,RECIDENCE
Yuki Inamori,"Tokyo, Japan",35.6762° N,139.6503° E,3201.644467,Yuki InamoriNot Likely,Not Likely,"Detroit, MI",42.4263°N,83.1262°W,RECIDENCE
Thanapath Pichaikul,"Bangkok, Thailand",13.7563° N,100.5018° E,4274.104236,Thanapath PichaikulNot Likely,Not Likely,"Detroit, MI",42.4263°N,83.1262°W,RECIDENCE
Seth Reeves,"Suwanee, Georgia",34.0515° N,84.0713° W,290.4531391,Seth ReevesNot Likely,Not Likely,"Detroit, MI",42.4263°N,83.1262°W,RECIDENCE
Thomas Pieters,"Antwerp, Belgium",51.2194° N,4.4025° E,1966.317882,Thomas PietersNot Likely,Not Likely,"Detroit, MI",42.4263°N,83.1262°W,RECIDENCE
Ross Steelman,"Columbia, Missouri",38.9517° N,92.3341° W,269.2191128,Ross SteelmanNot Likely,Not Likely,"Detroit, MI",42.4263°N,83.1262°W,RECIDENCE
Benjamin Hebert,"Paris, France",48.8566° N,2.3522° E,1965.174277,Benjamin HebertNot Likely,Not Likely,"Detroit, MI",42.4263°N,83.1262°W,RECIDENCE
Jeunghun Wang,"Seoul, South Korea",37.5665° N,126.9780° E,3297.267117,Jeunghun WangNot Likely,Not Likely,"Detroit, MI",42.4263°N,83.1262°W,RECIDENCE
Trent Phillips,"Boiling Springs, South Carolina",35.0465° N,81.9815° W,256.8021275,Trent PhillipsNot Likely,Not Likely,"Detroit, MI",42.4263°N,83.1262°W,RECIDENCE
Tapio Pulkkanen,"Helsinki, Finland",60.1699° N,24.9384° E,2137.597932,Tapio PulkkanenNot Likely,Not Likely,"Detroit, MI",42.4263°N,83.1262°W,RECIDENCE
Brandt Snedeker,"Nashville, Tennessee",36.1627° N,86.7816° W,237.3720848,Brandt SnedekerNot Likely,Not Likely,"Detroit, MI",42.4263°N,83.1262°W,RECIDENCE
Stefano Mazzoli,"Milan, Italy",45.4642° N,9.1900° E,2163.157257,Stefano MazzoliNot Likely,Not Likely,"Detroit, MI",42.4263°N,83.1262°W,RECIDENCE
Naoyuki Kataoka,"Tokyo, Japan",35.6762° N,139.6503° E,3201.644467,Naoyuki KataokaNot Likely,Not Likely,"Detroit, MI",42.4263°N,83.1262°W,RECIDENCE
,,,,,Not Likely,Not Likely,"Detroit, MI",42.4263°N,83.1262°W,RECIDENCE
Mikumu Horikawa,"Tokyo, Japan",35.6762° N,139.6503° E,3201.644467,Mikumu HorikawaNot Likely,Not Likely,"Detroit, MI",42.4263°N,83.1262°W,RECIDENCE
Charl Schwartzel,"Vereeniging, South Africa",26.6731° S,27.9262° E,4237.855491,Charl SchwartzelNot Likely,Not Likely,"Detroit, MI",42.4263°N,83.1262°W,RECIDENCE
Maximilian Steinlechner,"Innsbruck, Austria",47.2692° N,11.4041° E,2172.006853,Maximilian SteinlechnerNot Likely,Not Likely,"Detroit, MI",42.4263°N,83.1262°W,RECIDENCE
Thomas Aiken,"Johannesburg, South Africa",26.2041° S,28.0473° E,4231.577683,Thomas AikenNot Likely,Not Likely,"Detroit, MI",42.4263°N,83.1262°W,RECIDENCE
Joel Girrbach,"Zurich, Switzerland",47.3769° N,8.5417° E,2114.019862,Joel GirrbachNot Likely,Not Likely,"Detroit, MI",42.4263°N,83.1262°W,RECIDENCE
Jaco Ahlers,"Pretoria, South Africa",25.7479° S,28.2293° E,4227.049554,Jaco AhlersNot Likely,Not Likely,"Detroit, MI",42.4263°N,83.1262°W,RECIDENCE
Andrew Johnston,"Northwood, England",51.6010° N,0.4179° W,1867.678897,Andrew JohnstonNot Likely,Not Likely,"Detroit, MI",42.4263°N,83.1262°W,RECIDENCE
Kelly Kraft,"Dallas, Texas",32.7767° N,96.7970° W,499.9730235,Kelly KraftNot Likely,Not Likely,"Detroit, MI",42.4263°N,83.1262°W,RECIDENCE
Jordan Gumberg,"Stuart, Florida",27.1975° N,80.2528° W,532.2947145,Jordan GumbergNot Likely,Not Likely,"Detroit, MI",42.4263°N,83.1262°W,RECIDENCE
David Law,"Aberdeen, Scotland",57.1497° N,2.0943° W,1762.26538,David LawNot Likely,Not Likely,"Detroit, MI",42.4263°N,83.1262°W,RECIDENCE
Max Rottluff,"Hamburg, Germany",53.5488° N,9.9872° E,2029.49057,Max RottluffNot Likely,Not Likely,"Detroit, MI",42.4263°N,83.1262°W,RECIDENCE
Dalton Ward,"Dallas, Texas",32.7767° N,96.7970° W,499.9730235,Dalton WardNot Likely,Not Likely,"Detroit, MI",42.4263°N,83.1262°W,RECIDENCE
Jack Senior,"Fleetwood, England",53.9225° N,3.0109° W,1785.830366,Jack SeniorNot Likely,Not Likely,"Detroit, MI",42.4263°N,83.1262°W,RECIDENCE
Tom Whitney,"Fort Collins, Colorado",40.5853° N,105.0844° W,570.0390718,Tom WhitneyNot Likely,Not Likely,"Detroit, MI",42.4263°N,83.1262°W,RECIDENCE
Ryan McCormick,"Middletown, New Jersey",40.4043° N,74.1171° W,243.4971218,Ryan McCormickNot Likely,Not Likely,"Detroit, MI",42.4263°N,83.1262°W,RECIDENCE
Erik Barnes,"Austin, Texas",30.2672° N,97.7431° W,583.0323671,Erik BarnesNot Likely,Not Likely,"Detroit, MI",42.4263°N,83.1262°W,RECIDENCE
Pontus Nyholm,"Stockholm, Sweden",59.3293° N,18.0686° E,2056.403992,Pontus NyholmNot Likely,Not Likely,"Detroit, MI",42.4263°N,83.1262°W,RECIDENCE
Lucas Bjerregaard,"Copenhagen, Denmark",55.6761° N,12.5683° E,2036.371671,Lucas BjerregaardNot Likely,Not Likely,"Detroit, MI",42.4263°N,83.1262°W,RECIDENCE
Ryutaro Nagano,"Tokyo, Japan",35.6762° N,139.6503° E,3201.644467,Ryutaro NaganoNot Likely,Not Likely,"Detroit, MI",42.4263°N,83.1262°W,RECIDENCE
Sanghyun Park,"Seoul, South Korea",37.5665° N,126.9780° E,3297.267117,Sanghyun ParkNot Likely,Not Likely,"Detroit, MI",42.4263°N,83.1262°W,RECIDENCE
Scott Vincent,"Harare, Zimbabwe",17.8252° S,31.0335° E,4132.240756,Scott VincentNot Likely,Not Likely,"Detroit, MI",42.4263°N,83.1262°W,RECIDENCE
Jannik De Bruyn,"Hamburg, Germany",53.5488° N,9.9872° E,2029.49057,Jannik De BruynNot Likely,Not Likely,"Detroit, MI",42.4263°N,83.1262°W,RECIDENCE
Danny Willett,"Sheffield, England",53.3811° N,1.4701° W,1822.156769,Danny WillettNot Likely,Not Likely,"Detroit, MI",42.4263°N,83.1262°W,RECIDENCE
Nicolai Von Dellingshausen,"Hamburg, Germany",53.5488° N,9.9872° E,2029.49057,Nicolai Von DellingshausenNot Likely,Not Likely,"Detroit, MI",42.4263°N,83.1262°W,RECIDENCE
Matthew Anderson,"Vancouver, Canada",,,,Matthew AndersonNot Likely,Not Likely,"Detroit, MI",42.4263°N,83.1262°W,RECIDENCE
Marc Leishman,"Virginia Beach, Virginia",36.8529° N,75.9780° W,270.4277551,Marc LeishmanNot Likely,Not Likely,"Detroit, MI",42.4263°N,83.1262°W,RECIDENCE
Niklas Lemke,"Stockholm, Sweden",59.3293° N,18.0686° E,2056.403992,Niklas LemkeNot Likely,Not Likely,"Detroit, MI",42.4263°N,83.1262°W,RECIDENCE
Joe Weiler,"Cincinnati, Ohio",39.1031° N,84.5120° W,120.3918789,Joe WeilerNot Likely,Not Likely,"Detroit, MI",42.4263°N,83.1262°W,RECIDENCE
Tyson Alexander,"Gainesville, Florida",29.6516° N,82.3248° W,441.8895238,Tyson AlexanderNot Likely,Not Likely,"Detroit, MI",42.4263°N,83.1262°W,RECIDENCE
Cameron Champ,"Houston, Texas",29.7604° N,95.3698° W,553.9822431,Cameron ChampNot Likely,Not Likely,"Detroit, MI",42.4263°N,83.1262°W,RECIDENCE
Kyung Nam Kang,"Seoul, South Korea",37.5665° N,126.9780° E,3297.267117,Kyung Nam KangNot Likely,Not Likely,"Detroit, MI",42.4263°N,83.1262°W,RECIDENCE
Manuel Elvira,"Madrid, Spain",40.4168° N,3.7038° W,1978.791002,Manuel ElviraNot Likely,Not Likely,"Detroit, MI",42.4263°N,83.1262°W,RECIDENCE
Sam Jones,"Auckland, New Zealand",36.8485° S,174.7633° E,4211.444978,Sam JonesNot Likely,Not Likely,"Detroit, MI",42.4263°N,83.1262°W,RECIDENCE
Taichi Nabetani,"Tokyo, Japan",35.6762° N,139.6503° E,3201.644467,Taichi NabetaniNot Likely,Not Likely,"Detroit, MI",42.4263°N,83.1262°W,RECIDENCE
Alvaro Ortiz,"Guadalajara, Mexico",20.6597° N,103.3496° W,953.8417688,Alvaro OrtizNot Likely,Not Likely,"Detroit, MI",42.4263°N,83.1262°W,RECIDENCE
Tomoyo Ikemura,"Tokyo, Japan",35.6762° N,139.6503° E,3201.644467,Tomoyo IkemuraNot Likely,Not Likely,"Detroit, MI",42.4263°N,83.1262°W,RECIDENCE
Hong-taek Kim,"Seoul, South Korea",37.5665° N,126.9780° E,3297.267117,Hong-taek KimNot Likely,Not Likely,"Detroit, MI",42.4263°N,83.1262°W,RECIDENCE
Jeong Woo Ham,"Seoul, South Korea",37.5665° N,126.9780° E,3297.267117,Jeong Woo HamNot Likely,Not Likely,"Detroit, MI",42.4263°N,83.1262°W,RECIDENCE
Austin Hitt,"Charleston, South Carolina",32.7765° N,79.9311° W,344.5776961,Austin HittNot Likely,Not Likely,"Detroit, MI",42.4263°N,83.1262°W,RECIDENCE
Tatsunori Shogenji,"Tokyo, Japan",35.6762° N,139.6503° E,3201.644467,Tatsunori ShogenjiNot Likely,Not Likely,"Detroit, MI",42.4263°N,83.1262°W,RECIDENCE
Jinichiro Kozuma,"Tokyo, Japan",35.6762° N,139.6503° E,3201.644467,Jinichiro KozumaNot Likely,Not Likely,"Detroit, MI",42.4263°N,83.1262°W,RECIDENCE
Steve Lewton,"London, England",51.5074° N,0.1278° W,1874.69495,Steve LewtonNot Likely,Not Likely,"Detroit, MI",42.4263°N,83.1262°W,RECIDENCE
Taihei Sato,"Tokyo, Japan",35.6762° N,139.6503° E,3201.644467,Taihei SatoNot Likely,Not Likely,"Detroit, MI",42.4263°N,83.1262°W,RECIDENCE
Marco Penge,"Horsham, England",51.0639° N,0.3259° W,1877.451629,Marco PengeNot Likely,Not Likely,"Detroit, MI",42.4263°N,83.1262°W,RECIDENCE
Callum Shinkwin,"Watford, England",51.6565° N,0.3903° W,1867.396021,Callum ShinkwinNot Likely,Not Likely,"Detroit, MI",42.4263°N,83.1262°W,RECIDENCE
Lukas Nemecz,"Graz, Austria",47.0707° N,15.4395° E,2253.261669,Lukas NemeczNot Likely,Not Likely,"Detroit, MI",42.4263°N,83.1262°W,RECIDENCE
Darren Fichardt,"Pretoria, South Africa",25.7479° S,28.2293° E,4227.049554,Darren FichardtNot Likely,Not Likely,"Detroit, MI",42.4263°N,83.1262°W,RECIDENCE
Stuart Macdonald,"Vancouver, Canada",,,,Stuart MacdonaldNot Likely,Not Likely,"Detroit, MI",42.4263°N,83.1262°W,RECIDENCE
Callum Tarren,"Darlington, England",54.5243° N,1.5595° W,1805.054805,Callum TarrenNot Likely,Not Likely,"Detroit, MI",42.4263°N,83.1262°W,RECIDENCE
Mike Hendry,"Auckland, New Zealand",36.8485° S,174.7633° E,4211.444978,Mike HendryNot Likely,Not Likely,"Detroit, MI",42.4263°N,83.1262°W,RECIDENCE
Nathan Kimsey,"Newcastle upon Tyne, England",54.9783° N,1.6178° W,1798.008045,Nathan KimseyNot Likely,Not Likely,"Detroit, MI",42.4263°N,83.1262°W,RECIDENCE
Zihao Jin,"Beijing, China",39.9042° N,116.4074° E,3309.233958,Zihao JinNot Likely,Not Likely,"Detroit, MI",42.4263°N,83.1262°W,RECIDENCE
Trey Mullinax,"Birmingham, Alabama",33.5207° N,86.8025° W,323.4518885,Trey MullinaxNot Likely,Not Likely,"Detroit, MI",42.4263°N,83.1262°W,RECIDENCE
Keenan Davidse,"Cape Town, South Africa",33.9249° S,18.4241° E,4143.724309,Keenan DavidseNot Likely,Not Likely,"Detroit, MI",42.4263°N,83.1262°W,RECIDENCE
Alexander Levy,"Paris, France",48.8566° N,2.3522° E,1965.174277,Alexander LevyNot Likely,Not Likely,"Detroit, MI",42.4263°N,83.1262°W,RECIDENCE
Abraham Ancer,"San Antonio, Texas",29.4241° N,98.4936° W,619.8079488,Abraham AncerNot Likely,Not Likely,"Detroit, MI",42.4263°N,83.1262°W,RECIDENCE
Rattanon Wannasrichan,"Bangkok, Thailand",13.7563° N,100.5018° E,4274.104236,Rattanon WannasrichanNot Likely,Not Likely,"Detroit, MI",42.4263°N,83.1262°W,RECIDENCE
José de Jesús Rodríguez,"Irapuato, Mexico",20.6787° N,101.3546° W,918.885179,José de Jesús RodríguezNot Likely,Not Likely,"Detroit, MI",42.4263°N,83.1262°W,RECIDENCE
Jack Maguire,"Tampa, Florida",27.9506° N,82.4572° W,500.4445314,Jack MaguireNot Likely,Not Likely,"Detroit, MI",42.4263°N,83.1262°W,RECIDENCE
Nick Voke,"Auckland, New Zealand",36.8485° S,174.7633° E,4211.444978,Nick VokeNot Likely,Not Likely,"Detroit, MI",42.4263°N,83.1262°W,RECIDENCE
Andreas Halvorsen,"Oslo, Norway",59.9139° N,10.7522° E,1935.763049,Andreas HalvorsenNot Likely,Not Likely,"Detroit, MI",42.4263°N,83.1262°W,RECIDENCE
Ryan Palmer,"Colleyville, Texas",32.8809° N,97.1550° W,504.7296226,Ryan PalmerNot Likely,Not Likely,"Detroit, MI",42.4263°N,83.1262°W,RECIDENCE
Ross Fisher,"London, England",51.5074° N,0.1278° W,1874.69495,Ross FisherNot Likely,Not Likely,"Detroit, MI",42.4263°N,83.1262°W,RECIDENCE
Louis de Jager,"Pretoria, South Africa",25.7479° S,28.2293° E,4227.049554,Louis de JagerNot Likely,Not Likely,"Detroit, MI",42.4263°N,83.1262°W,RECIDENCE
Dylan Naidoo,"Johannesburg, South Africa",26.2041° S,28.0473° E,4231.577683,Dylan NaidooNot Likely,Not Likely,"Detroit, MI",42.4263°N,83.1262°W,RECIDENCE
Veer Ahlawat,"New Delhi, India",28.6139° N,77.2090° E,3685.656467,Veer AhlawatNot Likely,Not Likely,"Detroit, MI",42.4263°N,83.1262°W,RECIDENCE
Filippo Celli,"Rome, Italy",41.9028° N,12.4964° E,2301.700964,Filippo CelliNot Likely,Not Likely,"Detroit, MI",42.4263°N,83.1262°W,RECIDENCE
Ben Schmidt,"Sheffield, England",53.3811° N,1.4701° W,1822.156769,Ben SchmidtNot Likely,Not Likely,"Detroit, MI",42.4263°N,83.1262°W,RECIDENCE
Rick Lamb,"South Bend, Indiana",41.6764° N,86.2520° W,84.26040673,Rick LambPossible,Possible,"Detroit, MI",42.4263°N,83.1262°W,RECIDENCE
Julien Sale,"Saint-Denis, Reunion",20.8823° S,55.4507° E,4810.823229,Julien SaleNot Likely,Not Likely,"Detroit, MI",42.4263°N,83.1262°W,RECIDENCE
Scott Stallings,"Knoxville, Tennessee",35.9606° N,83.9207° W,224.3782639,Scott StallingsNot Likely,Not Likely,"Detroit, MI",42.4263°N,83.1262°W,RECIDENCE
Jens Fahrbring,"Stockholm, Sweden",59.3293° N,18.0686° E,2056.403992,Jens FahrbringNot Likely,Not Likely,"Detroit, MI",42.4263°N,83.1262°W,RECIDENCE
Mikiya Akutsu,"Tokyo, Japan",35.6762° N,139.6503° E,3201.644467,Mikiya AkutsuNot Likely,Not Likely,"Detroit, MI",42.4263°N,83.1262°W,RECIDENCE
Julian Suri,"New York, New York",40.7128° N,74.0060° W,242.9085392,Julian SuriNot Likely,Not Likely,"Detroit, MI",42.4263°N,83.1262°W,RECIDENCE
Yurav Premlall,"Johannesburg, South Africa",26.2041° S,28.0473° E,4231.577683,Yurav PremlallNot Likely,Not Likely,"Detroit, MI",42.4263°N,83.1262°W,RECIDENCE
Zecheng Dou,"Beijing, China",39.9042° N,116.4074° E,3309.233958,Zecheng DouNot Likely,Not Likely,"Detroit, MI",42.4263°N,83.1262°W,RECIDENCE
Richy Werenski,"Jupiter, Florida",26.9342° N,80.0942° W,541.9910478,Richy WerenskiNot Likely,Not Likely,"Detroit, MI",42.4263°N,83.1262°W,RECIDENCE
Thomas Walsh,"High Point, North Carolina",35.9557° N,80.0053° W,238.600354,Thomas WalshNot Likely,Not Likely,"Detroit, MI",42.4263°N,83.1262°W,RECIDENCE
Fabián Gómez,"Resistencia, Argentina",27.4519° S,58.9868° W,2533.587489,Fabián GómezNot Likely,Not Likely,"Detroit, MI",42.4263°N,83.1262°W,RECIDENCE
Galam Jeon,"Seoul, South Korea",37.5665° N,126.9780° E,3297.267117,Galam JeonNot Likely,Not Likely,"Detroit, MI",42.4263°N,83.1262°W,RECIDENCE
Gunn Charoenkul,"Bangkok, Thailand",13.7563° N,100.5018° E,4274.104236,Gunn CharoenkulNot Likely,Not Likely,"Detroit, MI",42.4263°N,83.1262°W,RECIDENCE
Bjorn Akesson,"Stockholm, Sweden",59.3293° N,18.0686° E,2056.403992,Bjorn AkessonNot Likely,Not Likely,"Detroit, MI",42.4263°N,83.1262°W,RECIDENCE
Lee Dai-han,"Seoul, South Korea",37.5665° N,126.9780° E,3297.267117,Lee Dai-hanNot Likely,Not Likely,"Detroit, MI",42.4263°N,83.1262°W,RECIDENCE
Denwit David Boriboonsub,"Bangkok, Thailand",13.7563° N,100.5018° E,4274.104236,Denwit David BoriboonsubNot Likely,Not Likely,"Detroit, MI",42.4263°N,83.1262°W,RECIDENCE
Taichi Kho,Hong Kong,22.3193° N,114.1694° E,3914.647956,Taichi KhoNot Likely,Not Likely,"Detroit, MI",42.4263°N,83.1262°W,RECIDENCE
Shad Tuten,"Augusta, Georgia",33.4735° N,82.0105° W,310.7740371,Shad TutenNot Likely,Not Likely,"Detroit, MI",42.4263°N,83.1262°W,RECIDENCE
Taiki Yoshida,"Tokyo, Japan",35.6762° N,139.6503° E,3201.644467,Taiki YoshidaNot Likely,Not Likely,"Detroit, MI",42.4263°N,83.1262°W,RECIDENCE
Sergio Garcia,"Borriol, Spain",40.0417° N,0.0711° W,2067.431715,Sergio GarciaNot Likely,Not Likely,"Detroit, MI",42.4263°N,83.1262°W,RECIDENCE
Mikael Lindberg,"Stockholm, Sweden",59.3293° N,18.0686° E,2056.403992,Mikael LindbergNot Likely,Not Likely,"Detroit, MI",42.4263°N,83.1262°W,RECIDENCE
Jaewoong Eom,"Seoul, South Korea",37.5665° N,126.9780° E,3297.267117,Jaewoong EomNot Likely,Not Likely,"Detroit, MI",42.4263°N,83.1262°W,RECIDENCE
Maverick Antcliff,"Melbourne, Australia",37.8136° S,144.9631° E,4955.121986,Maverick AntcliffNot Likely,Not Likely,"Detroit, MI",42.4263°N,83.1262°W,RECIDENCE
Ian Snyman,"Pretoria, South Africa",25.7479° S,28.2293° E,4227.049554,Ian SnymanNot Likely,Not Likely,"Detroit, MI",42.4263°N,83.1262°W,RECIDENCE
Wade Ormsby,"Adelaide, Australia",34.9285° S,138.6007° E,5075.730671,Wade OrmsbyNot Likely,Not Likely,"Detroit, MI",42.4263°N,83.1262°W,RECIDENCE
Sarit Suwannarut,"Bangkok, Thailand",13.7563° N,100.5018° E,4274.104236,Sarit SuwannarutNot Likely,Not Likely,"Detroit, MI",42.4263°N,83.1262°W,RECIDENCE
Roberto Díaz,"Veracruz, Mexico",19.1738° N,96.1342° W,888.7446046,Roberto DíazNot Likely,Not Likely,"Detroit, MI",42.4263°N,83.1262°W,RECIDENCE
Nick Gabrelcik,"Trinity, Florida",28.1808° N,82.6818° W,492.2973632,Nick GabrelcikNot Likely,Not Likely,"Detroit, MI",42.4263°N,83.1262°W,RECIDENCE
Taehoon Ok,"Seoul, South Korea",37.5665° N,126.9780° E,3297.267117,Taehoon OkNot Likely,Not Likely,"Detroit, MI",42.4263°N,83.1262°W,RECIDENCE
Poom Saksansin,"Bangkok, Thailand",13.7563° N,100.5018° E,4274.104236,Poom SaksansinNot Likely,Not Likely,"Detroit, MI",42.4263°N,83.1262°W,RECIDENCE
Mike Lorenzo-Vera,"Biarritz, France",43.4832° N,1.5586° W,1973.547794,Mike Lorenzo-VeraNot Likely,Not Likely,"Detroit, MI",42.4263°N,83.1262°W,RECIDENCE
Rob Oppenheim,"Andover, Massachusetts",42.6584° N,71.1370° W,305.016672,Rob OppenheimNot Likely,Not Likely,"Detroit, MI",42.4263°N,83.1262°W,RECIDENCE
John VanDerLaan,"Southbury, Connecticut",41.4815° N,73.2132° W,256.6174906,John VanDerLaanNot Likely,Not Likely,"Detroit, MI",42.4263°N,83.1262°W,RECIDENCE
,,,,,Not Likely,Not Likely,"Detroit, MI",42.4263°N,83.1262°W,RECIDENCE
Will Cannon,"San Antonio, Texas",29.4241° N,98.4936° W,619.8079488,Will CannonNot Likely,Not Likely,"Detroit, MI",42.4263°N,83.1262°W,RECIDENCE
Sandy Scott,"Nairn, Scotland",57.5860° N,3.8697° W,1726.058789,Sandy ScottNot Likely,Not Likely,"Detroit, MI",42.4263°N,83.1262°W,RECIDENCE
Patrick Cover,"Wilmington, North Carolina",34.2257° N,77.9447° W,316.0392427,Patrick CoverNot Likely,Not Likely,"Detroit, MI",42.4263°N,83.1262°W,RECIDENCE
Nick Bachem,"Cologne, Germany",50.9375° N,6.9603° E,2019.538243,Nick BachemNot Likely,Not Likely,"Detroit, MI",42.4263°N,83.1262°W,RECIDENCE
Wang Wei Lun,"Taipei, Taiwan",25.0330° N,121.5654° E,3758.560812,Wang Wei LunNot Likely,Not Likely,"Detroit, MI",42.4263°N,83.1262°W,RECIDENCE
Wilson Furr,"Jackson, Mississippi",32.2988° N,90.1848° W,399.6136997,Wilson FurrNot Likely,Not Likely,"Detroit, MI",42.4263°N,83.1262°W,RECIDENCE
Nicholas Lindheim,"Satellite Beach, Florida",28.1761° N,80.5901° W,497.4012354,Nicholas LindheimNot Likely,Not Likely,"Detroit, MI",42.4263°N,83.1262°W,RECIDENCE
Jimmy Walker,"San Antonio, Texas",29.4241° N,98.4936° W,619.8079488,Jimmy WalkerNot Likely,Not Likely,"Detroit, MI",42.4263°N,83.1262°W,RECIDENCE
Scott Piercy,"Las Vegas, Nevada",36.1699° N,115.1398° W,877.0873629,Scott PiercyNot Likely,Not Likely,"Detroit, MI",42.4263°N,83.1262°W,RECIDENCE
Frank Kennedy,"Bristol, England",51.4545° N,2.5879° W,1827.412274,Frank KennedyNot Likely,Not Likely,"Detroit, MI",42.4263°N,83.1262°W,RECIDENCE
Euan Walker,"Dumfries, Scotland",55.0709° N,3.6051° W,1760.223455,Euan WalkerNot Likely,Not Likely,"Detroit, MI",42.4263°N,83.1262°W,RECIDENCE
Matt Oshrine,"Wellington, Florida",26.6618° N,80.2684° W,550.5623641,Matt OshrineNot Likely,Not Likely,"Detroit, MI",42.4263°N,83.1262°W,RECIDENCE
Matthis Besard,"Brussels, Belgium",50.8503° N,4.3517° E,1971.418189,Matthis BesardNot Likely,Not Likely,"Detroit, MI",42.4263°N,83.1262°W,RECIDENCE
Wenyi Ding,"Beijing, China",39.9042° N,116.4074° E,3309.233958,Wenyi DingNot Likely,Not Likely,"Detroit, MI",42.4263°N,83.1262°W,RECIDENCE
Wil Bateman,"Edmonton, Canada",53.5461° N,113.4937° W,791.8057006,Wil BatemanNot Likely,Not Likely,"Detroit, MI",42.4263°N,83.1262°W,RECIDENCE
Brandon Harkins,"Scottsdale, Arizona",33.4942° N,111.9261° W,837.9126407,Brandon HarkinsNot Likely,Not Likely,"Detroit, MI",42.4263°N,83.1262°W,RECIDENCE
Branden Grace,"George, South Africa",33.9881° S,22.4530° E,4241.91802,Branden GraceNot Likely,Not Likely,"Detroit, MI",42.4263°N,83.1262°W,RECIDENCE
Hendrik Du Plessis,"Pretoria, South Africa",25.7479° S,28.2293° E,4227.049554,Hendrik Du PlessisNot Likely,Not Likely,"Detroit, MI",42.4263°N,83.1262°W,RECIDENCE
Hurly Long,"Heidelberg, Germany",49.3988° N,8.6724° E,2079.332334,Hurly LongNot Likely,Not Likely,"Detroit, MI",42.4263°N,83.1262°W,RECIDENCE
Rahil Gangjee,"Kolkata, India",22.5726° N,88.3639° E,3956.590255,Rahil GangjeeNot Likely,Not Likely,"Detroit, MI",42.4263°N,83.1262°W,RECIDENCE
Christofer Blomstrand,"Stockholm, Sweden",59.3293° N,18.0686° E,2056.403992,Christofer BlomstrandNot Likely,Not Likely,"Detroit, MI",42.4263°N,83.1262°W,RECIDENCE
Tomoharu Otsuki,"Tokyo, Japan",35.6762° N,139.6503° E,3201.644467,Tomoharu OtsukiNot Likely,Not Likely,"Detroit, MI",42.4263°N,83.1262°W,RECIDENCE
Tano Goya,"Córdoba, Argentina",31.4201° S,64.1888° W,2621.092936,Tano GoyaNot Likely,Not Likely,"Detroit, MI",42.4263°N,83.1262°W,RECIDENCE
Daan Huizing,"Utrecht, Netherlands",52.0907° N,5.1214° E,1965.612435,Daan HuizingNot Likely,Not Likely,"Detroit, MI",42.4263°N,83.1262°W,RECIDENCE
Koshiro Maeda,"Tokyo, Japan",35.6762° N,139.6503° E,3201.644467,Koshiro MaedaNot Likely,Not Likely,"Detroit, MI",42.4263°N,83.1262°W,RECIDENCE
Ryan Burnett,"Monterey, California",36.6002° N,121.8947° W,1043.31816,Ryan BurnettNot Likely,Not Likely,"Detroit, MI",42.4263°N,83.1262°W,RECIDENCE
T.J. Vogel,"North Miami Beach, Florida",25.9331° N,80.1625° W,575.9493142,T.J. VogelNot Likely,Not Likely,"Detroit, MI",42.4263°N,83.1262°W,RECIDENCE
Tommy Gainey,"Bishopville, South Carolina",,,,Tommy GaineyNot Likely,Not Likely,"Detroit, MI",42.4263°N,83.1262°W,RECIDENCE
Tanner Gore,"Mobile, Alabama",30.6954° N,88.0399° W,427.3838879,Tanner GoreNot Likely,Not Likely,"Detroit, MI",42.4263°N,83.1262°W,RECIDENCE
Pierre Pineau,"Paris, France",48.8566° N,2.3522° E,1965.174277,Pierre PineauNot Likely,Not Likely,"Detroit, MI",42.4263°N,83.1262°W,RECIDENCE
Matthias Schwab,"Schladming, Austria",47.3929° N,13.6868° E,2213.444585,Matthias SchwabNot Likely,Not Likely,"Detroit, MI",42.4263°N,83.1262°W,RECIDENCE
Jonathan Goth-Rasmussen,"Aarhus, Denmark",56.1581° N,10.2114° E,1988.543934,Jonathan Goth-RasmussenNot Likely,Not Likely,"Detroit, MI",42.4263°N,83.1262°W,RECIDENCE
Étienne Papineau,"Quebec City, Canada",,,,Étienne PapineauNot Likely,Not Likely,"Detroit, MI",42.4263°N,83.1262°W,RECIDENCE
Jeffrey Kang,"Los Angeles, California",34.0522° N,118.2437° W,987.9094537,Jeffrey KangNot Likely,Not Likely,"Detroit, MI",42.4263°N,83.1262°W,RECIDENCE
Dan McCarthy,"Palm Beach Gardens, Florida",26.8234° N,80.1387° W,545.5836831,Dan McCarthyNot Likely,Not Likely,"Detroit, MI",42.4263°N,83.1262°W,RECIDENCE
Dale Whitnell,"Colchester, England",51.8959° N,0.8919° E,1888.555542,Dale WhitnellNot Likely,Not Likely,"Detroit, MI",42.4263°N,83.1262°W,RECIDENCE
James Morrison,"Guildford, England",51.2362° N,0.5704° W,1870.104214,James MorrisonNot Likely,Not Likely,"Detroit, MI",42.4263°N,83.1262°W,RECIDENCE
Yusaku Hosono,"Tokyo, Japan",35.6762° N,139.6503° E,3201.644467,Yusaku HosonoNot Likely,Not Likely,"Detroit, MI",42.4263°N,83.1262°W,RECIDENCE
Ian Holt,"Columbus, Ohio",39.9612° N,82.9988° W,85.22626857,Ian HoltPossible,Possible,"Detroit, MI",42.4263°N,83.1262°W,RECIDENCE
JC Ritchie,"Pretoria, South Africa",25.7479° S,28.2293° E,4227.049554,JC RitchieNot Likely,Not Likely,"Detroit, MI",42.4263°N,83.1262°W,RECIDENCE
Simon Forsström,"Stockholm, Sweden",59.3293° N,18.0686° E,2056.403992,Simon ForsströmNot Likely,Not Likely,"Detroit, MI",42.4263°N,83.1262°W,RECIDENCE
Masahiro Kawamura,"Tokyo, Japan",35.6762° N,139.6503° E,3201.644467,Masahiro KawamuraNot Likely,Not Likely,"Detroit, MI",42.4263°N,83.1262°W,RECIDENCE
Matthew Riedel,"San Diego, California",32.7157° N,117.1611° W,982.6493117,Matthew RiedelNot Likely,Not Likely,"Detroit, MI",42.4263°N,83.1262°W,RECIDENCE
Ben Taylor,"London, England",51.5074° N,0.1278° W,1874.69495,Ben TaylorNot Likely,Not Likely,"Detroit, MI",42.4263°N,83.1262°W,RECIDENCE
Adri Arnaus,"Barcelona, Spain",41.3851° N,2.1734° E,2092.424405,Adri ArnausNot Likely,Not Likely,"Detroit, MI",42.4263°N,83.1262°W,RECIDENCE
Austin Cook,"Jonesboro, Arkansas",35.8423° N,90.7043° W,304.6558746,Austin CookNot Likely,Not Likely,"Detroit, MI",42.4263°N,83.1262°W,RECIDENCE
Felix Mory,"Paris, France",48.8566° N,2.3522° E,1965.174277,Felix MoryNot Likely,Not Likely,"Detroit, MI",42.4263°N,83.1262°W,RECIDENCE
Jbe' Kruger,"Kimberley, South Africa",28.7283° S,24.7499° E,4198.541567,Jbe' KrugerNot Likely,Not Likely,"Detroit, MI",42.4263°N,83.1262°W,RECIDENCE
Jacques Blaauw,"Pretoria, South Africa",25.7479° S,28.2293° E,4227.049554,Jacques BlaauwNot Likely,Not Likely,"Detroit, MI",42.4263°N,83.1262°W,RECIDENCE
Hideto Tanihara,"Tokyo, Japan",35.6762° N,139.6503° E,3201.644467,Hideto TaniharaNot Likely,Not Likely,"Detroit, MI",42.4263°N,83.1262°W,RECIDENCE
Chanwoo Kim,"Seoul, South Korea",37.5665° N,126.9780° E,3297.267117,Chanwoo KimNot Likely,Not Likely,"Detroit, MI",42.4263°N,83.1262°W,RECIDENCE
Pieter Moolman,"Pretoria, South Africa",25.7479° S,28.2293° E,4227.049554,Pieter MoolmanNot Likely,Not Likely,"Detroit, MI",42.4263°N,83.1262°W,RECIDENCE
Benjamin Follett-Smith,"Harare, Zimbabwe",17.8252° S,31.0335° E,4132.240756,Benjamin Follett-SmithNot Likely,Not Likely,"Detroit, MI",42.4263°N,83.1262°W,RECIDENCE
Nelson Ledesma,"Córdoba, Argentina",31.4201° S,64.1888° W,2621.092936,Nelson LedesmaNot Likely,Not Likely,"Detroit, MI",42.4263°N,83.1262°W,RECIDENCE
Daniel Young,"Edinburgh, Scotland",55.9533° N,3.1883° W,1757.109883,Daniel YoungNot Likely,Not Likely,"Detroit, MI",42.4263°N,83.1262°W,RECIDENCE
Patrick Welch,"Houston, Texas",29.7604° N,95.3698° W,553.9822431,Patrick WelchNot Likely,Not Likely,"Detroit, MI",42.4263°N,83.1262°W,RECIDENCE
Bjorn Hellgren,"Stockholm, Sweden",59.3293° N,18.0686° E,2056.403992,Bjorn HellgrenNot Likely,Not Likely,"Detroit, MI",42.4263°N,83.1262°W,RECIDENCE
Sang-hee Lee,"Seoul, South Korea",37.5665° N,126.9780° E,3297.267117,Sang-hee LeeNot Likely,Not Likely,"Detroit, MI",42.4263°N,83.1262°W,RECIDENCE
Brad Kennedy,"Brisbane, Australia",27.4705° S,153.0260° E,4578.55419,Brad KennedyNot Likely,Not Likely,"Detroit, MI",42.4263°N,83.1262°W,RECIDENCE
Riki Kawamoto,"Tokyo, Japan",35.6762° N,139.6503° E,3201.644467,Riki KawamotoNot Likely,Not Likely,"Detroit, MI",42.4263°N,83.1262°W,RECIDENCE
Yuwa Kosaihira,"Tokyo, Japan",35.6762° N,139.6503° E,3201.644467,Yuwa KosaihiraNot Likely,Not Likely,"Detroit, MI",42.4263°N,83.1262°W,RECIDENCE
Joey Savoie,"Saint-Jean-sur-Richelieu, Canada",,,,Joey SavoieNot Likely,Not Likely,"Detroit, MI",42.4263°N,83.1262°W,RECIDENCE
Oliver Wilson,"Mansfield, England",53.1445° N,1.2003° W,1830.537337,Oliver WilsonNot Likely,Not Likely,"Detroit, MI",42.4263°N,83.1262°W,RECIDENCE
Garrick Porteous,"Morpeth, England",55.1688° N,1.6917° W,1794.177232,Garrick PorteousNot Likely,Not Likely,"Detroit, MI",42.4263°N,83.1262°W,RECIDENCE
Martin Trainer,"Palo Alto, California",37.4419° N,122.1430° W,1038.477217,Martin TrainerNot Likely,Not Likely,"Detroit, MI",42.4263°N,83.1262°W,RECIDENCE
Anthony Quayle,"Brisbane, Australia",27.4705° S,153.0260° E,4578.55419,Anthony QuayleNot Likely,Not Likely,"Detroit, MI",42.4263°N,83.1262°W,RECIDENCE
Jovan Rebula,"Bloemfontein, South Africa",29.0852° S,26.1596° E,4240.714069,Jovan RebulaNot Likely,Not Likely,"Detroit, MI",42.4263°N,83.1262°W,RECIDENCE
Yuvraj Sandhu,"Chandigarh, India",30.7333° N,76.7794° E,3611.60743,Yuvraj SandhuNot Likely,Not Likely,"Detroit, MI",42.4263°N,83.1262°W,RECIDENCE
Paul Barjon,"Dumfries, Scotland",55.0709° N,3.6051° W,1760.223455,Paul BarjonNot Likely,Not Likely,"Detroit, MI",42.4263°N,83.1262°W,RECIDENCE
Logan McAllister,"Tulsa, Oklahoma",36.1540° N,95.9928° W,405.8942492,Logan McAllisterNot Likely,Not Likely,"Detroit, MI",42.4263°N,83.1262°W,RECIDENCE
Santiago Tarrio,"A Coruña, Spain",43.3623° N,8.4115° W,1823.858101,Santiago TarrioNot Likely,Not Likely,"Detroit, MI",42.4263°N,83.1262°W,RECIDENCE
Cooper Dossey,"Austin, Texas",30.2672° N,97.7431° W,583.0323671,Cooper DosseyNot Likely,Not Likely,"Detroit, MI",42.4263°N,83.1262°W,RECIDENCE
Kosuke Suzuki,"Tokyo, Japan",35.6762° N,139.6503° E,3201.644467,Kosuke SuzukiNot Likely,Not Likely,"Detroit, MI",42.4263°N,83.1262°W,RECIDENCE
Shunya Takeyasu,"Tokyo, Japan",35.6762° N,139.6503° E,3201.644467,Shunya TakeyasuNot Likely,Not Likely,"Detroit, MI",42.4263°N,83.1262°W,RECIDENCE
Cedric Gugler,"Geneva, Switzerland",46.2044° N,6.1432° E,2087.694941,Cedric GuglerNot Likely,Not Likely,"Detroit, MI",42.4263°N,83.1262°W,RECIDENCE
Ashun Wu,"Beijing, China",39.9042° N,116.4074° E,3309.233958,Ashun WuNot Likely,Not Likely,"Detroit, MI",42.4263°N,83.1262°W,RECIDENCE
Eun Shin Park,"Seoul, South Korea",37.5665° N,126.9780° E,3297.267117,Eun Shin ParkNot Likely,Not Likely,"Detroit, MI",42.4263°N,83.1262°W,RECIDENCE
Martin Vorster,"Pretoria, South Africa",25.7479° S,28.2293° E,4227.049554,Martin VorsterNot Likely,Not Likely,"Detroit, MI",42.4263°N,83.1262°W,RECIDENCE
Chandler Blanchet,"Miami, Florida",25.7617° N,80.1918° W,581.6990609,Chandler BlanchetNot Likely,Not Likely,"Detroit, MI",42.4263°N,83.1262°W,RECIDENCE
Soomin Lee,"Seoul, South Korea",37.5665° N,126.9780° E,3297.267117,Soomin LeeNot Likely,Not Likely,"Detroit, MI",42.4263°N,83.1262°W,RECIDENCE
Ahmad Baig,"Lahore, Pakistan",31.5204° N,74.3587° E,3565.701391,Ahmad BaigNot Likely,Not Likely,"Detroit, MI",42.4263°N,83.1262°W,RECIDENCE
Cho Min-jun,"Seoul, South Korea",37.5665° N,126.9780° E,3297.267117,Cho Min-junNot Likely,Not Likely,"Detroit, MI",42.4263°N,83.1262°W,RECIDENCE
David Kocher,"Bethesda, Maryland",38.9847° N,77.0947° W,197.6204749,David KocherNot Likely,Not Likely,"Detroit, MI",42.4263°N,83.1262°W,RECIDENCE
Dustin Johnson,"Jupiter, Florida",26.9342° N,80.0942° W,541.9910478,Dustin JohnsonNot Likely,Not Likely,"Detroit, MI",42.4263°N,83.1262°W,RECIDENCE
Michael Johnson,"Mobile, Alabama",30.6954° N,88.0399° W,427.3838879,Michael JohnsonNot Likely,Not Likely,"Detroit, MI",42.4263°N,83.1262°W,RECIDENCE
Justin Walters,"Jupiter, Florida",26.9342° N,80.0942° W,541.9910478,Justin WaltersNot Likely,Not Likely,"Detroit, MI",42.4263°N,83.1262°W,RECIDENCE
Sam Hutsby,"Portsmouth, England",50.8198° N,1.0875° W,1866.126324,Sam HutsbyNot Likely,Not Likely,"Detroit, MI",42.4263°N,83.1262°W,RECIDENCE
Lloyd Jefferson Go,"Manila, Philippines",14.5995° N,120.9842° E,4104.620907,Lloyd Jefferson GoNot Likely,Not Likely,"Detroit, MI",42.4263°N,83.1262°W,RECIDENCE
David Horsey,"Stockport, England",53.4106° N,2.1575° W,1808.740249,David HorseyNot Likely,Not Likely,"Detroit, MI",42.4263°N,83.1262°W,RECIDENCE
Rafa Cabrera Bello,"Las Palmas, Spain",28.1235° N,15.4363° W,1920.404244,Rafa Cabrera BelloNot Likely,Not Likely,"Detroit, MI",42.4263°N,83.1262°W,RECIDENCE
Jean Hugo,"Pretoria, South Africa",25.7479° S,28.2293° E,4227.049554,Jean HugoNot Likely,Not Likely,"Detroit, MI",42.4263°N,83.1262°W,RECIDENCE
William McGirt,"Fairmont, North Carolina",,,,William McGirtNot Likely,Not Likely,"Detroit, MI",42.4263°N,83.1262°W,RECIDENCE
Runchanapong Youprayong,"Bangkok, Thailand",13.7563° N,100.5018° E,4274.104236,Runchanapong YouprayongNot Likely,Not Likely,"Detroit, MI",42.4263°N,83.1262°W,RECIDENCE
,,,,,Not Likely,Not Likely,"Detroit, MI",42.4263°N,83.1262°W,RECIDENCE
Hunter Epson,"Long Beach, California",33.7701° N,118.1937° W,991.1727327,Hunter EpsonNot Likely,Not Likely,"Detroit, MI",42.4263°N,83.1262°W,RECIDENCE
James Nicholas,"Scarsdale, New York",41.0051° N,73.7846° W,245.7158322,James NicholasNot Likely,Not Likely,"Detroit, MI",42.4263°N,83.1262°W,RECIDENCE
Paul Haley II,"Dallas, Texas",32.7767° N,96.7970° W,499.9730235,Paul Haley IINot Likely,Not Likely,"Detroit, MI",42.4263°N,83.1262°W,RECIDENCE
Tom Lewis,"Welwyn Garden City, England",51.8031° N,0.2069° W,1868.784338,Tom LewisNot Likely,Not Likely,"Detroit, MI",42.4263°N,83.1262°W,RECIDENCE
Bryce Garnett,"Tallahassee, Florida",30.4383° N,84.2807° W,415.3793751,Bryce GarnettNot Likely,Not Likely,"Detroit, MI",42.4263°N,83.1262°W,RECIDENCE
A.J. McInerney,"Las Vegas, Nevada",36.1699° N,115.1398° W,877.0873629,A.J. McInerneyNot Likely,Not Likely,"Detroit, MI",42.4263°N,83.1262°W,RECIDENCE
Sebastián Muñoz,"Jupiter, Florida",26.9342° N,80.0942° W,541.9910478,Sebastián MuñozNot Likely,Not Likely,"Detroit, MI",42.4263°N,83.1262°W,RECIDENCE
Ryan Lumsden,"Edinburgh, Scotland",55.9533° N,3.1883° W,1757.109883,Ryan LumsdenNot Likely,Not Likely,"Detroit, MI",42.4263°N,83.1262°W,RECIDENCE
Manuel Relancio Menendez,"Madrid, Spain",40.4168° N,3.7038° W,1978.791002,Manuel Relancio MenendezNot Likely,Not Likely,"Detroit, MI",42.4263°N,83.1262°W,RECIDENCE
Evan Harmeling,"Andover, Massachusetts",42.6584° N,71.1370° W,305.016672,Evan HarmelingNot Likely,Not Likely,"Detroit, MI",42.4263°N,83.1262°W,RECIDENCE
David Lingmerth,"Ponte Vedra Beach, Florida",30.2397° N,81.3853° W,423.7622046,David LingmerthNot Likely,Not Likely,"Detroit, MI",42.4263°N,83.1262°W,RECIDENCE
Soren Kjeldsen,"Odense, Denmark",55.4038° N,10.4024° E,2004.585264,Soren KjeldsenNot Likely,Not Likely,"Detroit, MI",42.4263°N,83.1262°W,RECIDENCE
Evan Katz,"Atlanta, Georgia",33.7490° N,84.3880° W,301.72143,Evan KatzNot Likely,Not Likely,"Detroit, MI",42.4263°N,83.1262°W,RECIDENCE
D.J. Trahan,"Mount Pleasant, South Carolina",32.8323° N,79.8284° W,343.4280867,D.J. TrahanNot Likely,Not Likely,"Detroit, MI",42.4263°N,83.1262°W,RECIDENCE
Tom Murray,"Manchester, England",53.4808° N,2.2426° W,1806.182853,Tom MurrayNot Likely,Not Likely,"Detroit, MI",42.4263°N,83.1262°W,RECIDENCE
Michael Kim,"Toronto, Canada",43.6532° N,79.3832° W,103.5661663,Michael KimNot Likely,Not Likely,"Detroit, MI",42.4263°N,83.1262°W,RECIDENCE
David Bradshaw,"Belfast, Northern Ireland",54.5973° N,5.9301° W,1722.488806,David BradshawNot Likely,Not Likely,"Detroit, MI",42.4263°N,83.1262°W,RECIDENCE
Tom Sloman,"Brighton, England",50.8225° N,0.1372° W,1884.779996,Tom SlomanNot Likely,Not Likely,"Detroit, MI",42.4263°N,83.1262°W,RECIDENCE
Evan Grenus,"Philadelphia, Pennsylvania",39.9526° N,75.1652° W,223.8027783,Evan GrenusNot Likely,Not Likely,"Detroit, MI",42.4263°N,83.1262°W,RECIDENCE
Kornkamol Sukareekul,"Bangkok, Thailand",13.7563° N,100.5018° E,4274.104236,Kornkamol SukareekulNot Likely,Not Likely,"Detroit, MI",42.4263°N,83.1262°W,RECIDENCE
Aaron Wise,"Jupiter, Florida",26.9342° N,80.0942° W,541.9910478,Aaron WiseNot Likely,Not Likely,"Detroit, MI",42.4263°N,83.1262°W,RECIDENCE
Arjun Atwal,"Windermere, Florida",28.4956° N,81.5348° W,483.3174986,Arjun AtwalNot Likely,Not Likely,"Detroit, MI",42.4263°N,83.1262°W,RECIDENCE
Morgan Hoffmann,"Jupiter, Florida",26.9342° N,80.0942° W,541.9910478,Morgan HoffmannNot Likely,Not Likely,"Detroit, MI",42.4263°N,83.1262°W,RECIDENCE
Scott Brown,"Aiken, South Carolina",33.5604° N,81.7196° W,308.6620011,Scott BrownNot Likely,Not Likely,"Detroit, MI",42.4263°N,83.1262°W,RECIDENCE
Matt Sharpstene,"Asheville, North Carolina",35.5951° N,82.5515° W,236.499722,Matt SharpsteneNot Likely,Not Likely,"Detroit, MI",42.4263°N,83.1262°W,RECIDENCE
Ricardo Celia,"Barranquilla, Colombia",10.9685° N,74.7813° W,1115.534405,Ricardo CeliaNot Likely,Not Likely,"Detroit, MI",42.4263°N,83.1262°W,RECIDENCE
Daniel Gale,"Sydney, Australia",33.8688° S,151.2093° E,4738.642087,Daniel GaleNot Likely,Not Likely,"Detroit, MI",42.4263°N,83.1262°W,RECIDENCE
Jako Van Zyl,"Pretoria, South Africa",25.7479° S,28.2293° E,4227.049554,Jako Van ZylNot Likely,Not Likely,"Detroit, MI",42.4263°N,83.1262°W,RECIDENCE
Yoshitsugu Yuki,"Tokyo, Japan",35.6762° N,139.6503° E,3201.644467,Yoshitsugu YukiNot Likely,Not Likely,"Detroit, MI",42.4263°N,83.1262°W,RECIDENCE
Sangmoon Bae,"Daegu, South Korea",35.8714° N,128.6014° E,3334.25897,Sangmoon BaeNot Likely,Not Likely,"Detroit, MI",42.4263°N,83.1262°W,RECIDENCE
Drew Nesbitt,"Toronto, Canada",43.6532° N,79.3832° W,103.5661663,Drew NesbittNot Likely,Not Likely,"Detroit, MI",42.4263°N,83.1262°W,RECIDENCE
Nathan Petronzio,"Pittsburgh, Pennsylvania",40.4406° N,79.9959° W,106.1912053,Nathan PetronzioNot Likely,Not Likely,"Detroit, MI",42.4263°N,83.1262°W,RECIDENCE
Torey Edwards,"Toronto, Canada",43.6532° N,79.3832° W,103.5661663,Torey EdwardsNot Likely,Not Likely,"Detroit, MI",42.4263°N,83.1262°W,RECIDENCE
Ryan Sullivan,"Raleigh, North Carolina",35.7796° N,78.6382° W,259.1376517,Ryan SullivanNot Likely,Not Likely,"Detroit, MI",42.4263°N,83.1262°W,RECIDENCE
Alejandro Cañizares,"Madrid, Spain",40.4168° N,3.7038° W,1978.791002,Alejandro CañizaresNot Likely,Not Likely,"Detroit, MI",42.4263°N,83.1262°W,RECIDENCE
Marc Warren,"Rutherglen, Scotland",55.8289° N,4.2138° W,1739.938224,Marc WarrenNot Likely,Not Likely,"Detroit, MI",42.4263°N,83.1262°W,RECIDENCE
Michael Block,"Mission Viejo, California",33.6000° N,117.6720° W,980.7169932,Michael BlockNot Likely,Not Likely,"Detroit, MI",42.4263°N,83.1262°W,RECIDENCE
Tjaart van der Walt,"Pretoria, South Africa",25.7479° S,28.2293° E,4227.049554,Tjaart van der WaltNot Likely,Not Likely,"Detroit, MI",42.4263°N,83.1262°W,RECIDENCE
Myles Lewis,"New Orleans, Louisiana",29.9511° N,90.0715° W,472.0613767,Myles LewisNot Likely,Not Likely,"Detroit, MI",42.4263°N,83.1262°W,RECIDENCE
Thomas Longbella,"Chippewa Falls, Wisconsin",44.9369° N,91.3929° W,223.8724694,Thomas LongbellaNot Likely,Not Likely,"Detroit, MI",42.4263°N,83.1262°W,RECIDENCE
Chris Baker,"Jacksonville, Florida",30.3322° N,81.6557° W,419.7930572,Chris BakerNot Likely,Not Likely,"Detroit, MI",42.4263°N,83.1262°W,RECIDENCE
Ryan Brehm,"Mount Pleasant, Michigan",43.5978° N,84.7675° W,57.93726423,Ryan BrehmLikely,Likely,"Detroit, MI",42.4263°N,83.1262°W,RECIDENCE
Mitch Sutton,"Toronto, Canada",43.6532° N,79.3832° W,103.5661663,Mitch SuttonNot Likely,Not Likely,"Detroit, MI",42.4263°N,83.1262°W,RECIDENCE
Jack Wall,"Ponte Vedra Beach, Florida",30.2397° N,81.3853° W,423.7622046,Jack WallNot Likely,Not Likely,"Detroit, MI",42.4263°N,83.1262°W,RECIDENCE
Martin Simonsen,"Copenhagen, Denmark",55.6761° N,12.5683° E,2036.371671,Martin SimonsenNot Likely,Not Likely,"Detroit, MI",42.4263°N,83.1262°W,RECIDENCE
Aaron Cockerill,"Winnipeg, Canada",49.8951° N,97.1384° W,421.9341013,Aaron CockerillNot Likely,Not Likely,"Detroit, MI",42.4263°N,83.1262°W,RECIDENCE
Ben Carr,"Columbus, Georgia",32.4609° N,84.9877° W,348.0145081,Ben CarrNot Likely,Not Likely,"Detroit, MI",42.4263°N,83.1262°W,RECIDENCE
Josh Hill,"Warrington, England",53.3890° N,2.5969° W,1800.689436,Josh HillNot Likely,Not Likely,"Detroit, MI",42.4263°N,83.1262°W,RECIDENCE
M.J. Daffue,"Houston, Texas",29.7604° N,95.3698° W,553.9822431,M.J. DaffueNot Likely,Not Likely,"Detroit, MI",42.4263°N,83.1262°W,RECIDENCE
Evan Russell,"Toronto, Canada",43.6532° N,79.3832° W,103.5661663,Evan RussellNot Likely,Not Likely,"Detroit, MI",42.4263°N,83.1262°W,RECIDENCE
David Hearn,"Brantford, Canada",43.1394° N,80.2644° W,76.62469271,David HearnPossible,Possible,"Detroit, MI",42.4263°N,83.1262°W,RECIDENCE
Matt Every,"Jacksonville Beach, Florida",30.2947° N,81.3931° W,421.8481658,Matt EveryNot Likely,Not Likely,"Detroit, MI",42.4263°N,83.1262°W,RECIDENCE
Matt Short,"Toronto, Canada",43.6532° N,79.3832° W,103.5661663,Matt ShortNot Likely,Not Likely,"Detroit, MI",42.4263°N,83.1262°W,RECIDENCE
Jack Trent,"Brisbane, Australia",27.4705° S,153.0260° E,4578.55419,Jack TrentNot Likely,Not Likely,"Detroit, MI",42.4263°N,83.1262°W,RECIDENCE
Steven Alker,"Hamilton, New Zealand",37.7870° S,175.2793° E,4216.366014,Steven AlkerNot Likely,Not Likely,"Detroit, MI",42.4263°N,83.1262°W,RECIDENCE
Dawie van der Walt,"Paarl, South Africa",33.7342° S,18.9752° E,4153.303694,Dawie van der WaltNot Likely,Not Likely,"Detroit, MI",42.4263°N,83.1262°W,RECIDENCE
Jarryd Felton,"Perth, Australia",31.9505° S,115.8605° E,5585.191653,Jarryd FeltonNot Likely,Not Likely,"Detroit, MI",42.4263°N,83.1262°W,RECIDENCE
Thomas Power Horan,"Dublin, Ireland",53.3498° N,6.2603° W,1730.977298,Thomas Power HoranNot Likely,Not Likely,"Detroit, MI",42.4263°N,83.1262°W,RECIDENCE
Michael Brennan,"Houston, Texas",29.7604° N,95.3698° W,553.9822431,Michael BrennanNot Likely,Not Likely,"Detroit, MI",42.4263°N,83.1262°W,RECIDENCE
Chase Hanna,"Dallas, Texas",32.7767° N,96.7970° W,499.9730235,Chase HannaNot Likely,Not Likely,"Detroit, MI",42.4263°N,83.1262°W,RECIDENCE
Matt Saulez,"Durban, South Africa",29.8587° S,31.0218° E,4377.457493,Matt SaulezNot Likely,Not Likely,"Detroit, MI",42.4263°N,83.1262°W,RECIDENCE
Ashton Turner,"York, England",53.9600° N,1.0873° W,1821.425287,Ashton TurnerNot Likely,Not Likely,"Detroit, MI",42.4263°N,83.1262°W,RECIDENCE
David Nyfjäll,"Stockholm, Sweden",59.3293° N,18.0686° E,2056.403992,David NyfjällNot Likely,Not Likely,"Detroit, MI",42.4263°N,83.1262°W,RECIDENCE
Cameron Percy,"Raleigh, North Carolina",35.7796° N,78.6382° W,259.1376517,Cameron PercyNot Likely,Not Likely,"Detroit, MI",42.4263°N,83.1262°W,RECIDENCE
Ben Eccles,"Melbourne, Australia",37.8136° S,144.9631° E,4955.121986,Ben EcclesNot Likely,Not Likely,"Detroit, MI",42.4263°N,83.1262°W,RECIDENCE
Blair Hamilton,"Toronto, Canada",43.6532° N,79.3832° W,103.5661663,Blair HamiltonNot Likely,Not Likely,"Detroit, MI",42.4263°N,83.1262°W,RECIDENCE
James Allenby,"Sydney, Australia",33.8688° S,151.2093° E,4738.642087,James AllenbyNot Likely,Not Likely,"Detroit, MI",42.4263°N,83.1262°W,RECIDENCE
Rhein Gibson,"Edmond, Oklahoma",35.6528° N,97.4781° W,449.7131585,Rhein GibsonNot Likely,Not Likely,"Detroit, MI",42.4263°N,83.1262°W,RECIDENCE
George Bryan IV,"Columbia, South Carolina",34.0007° N,81.0348° W,296.5354676,George Bryan IVNot Likely,Not Likely,"Detroit, MI",42.4263°N,83.1262°W,RECIDENCE
Jack Singh Brar,"Harrow, England",51.5806° N,0.3420° W,1869.452883,Jack Singh BrarNot Likely,Not Likely,"Detroit, MI",42.4263°N,83.1262°W,RECIDENCE
Matt Ryan,"Toronto, Canada",43.6532° N,79.3832° W,103.5661663,Matt RyanNot Likely,Not Likely,"Detroit, MI",42.4263°N,83.1262°W,RECIDENCE
Trevor Sluman,"Orlando, Florida",28.5383° N,81.3792° W,482.2687471,Trevor SlumanNot Likely,Not Likely,"Detroit, MI",42.4263°N,83.1262°W,RECIDENCE
,,,,,Not Likely,Not Likely,"Detroit, MI",42.4263°N,83.1262°W,RECIDENCE
Oihan Guillamoundeguy,"Biarritz, France",43.4832° N,1.5586° W,1973.547794,Oihan GuillamoundeguyNot Likely,Not Likely,"Detroit, MI",42.4263°N,83.1262°W,RECIDENCE
Victor Dubuisson,"Cannes, France",43.5528° N,7.0174° E,2155.27476,Victor DubuissonNot Likely,Not Likely,"Detroit, MI",42.4263°N,83.1262°W,RECIDENCE
Tom Vaillant,"Paris, France",48.8566° N,2.3522° E,1965.174277,Tom VaillantNot Likely,Not Likely,"Detroit, MI",42.4263°N,83.1262°W,RECIDENCE
Ollie Osborne,"Reno, Nevada",39.5296° N,119.8138° W,954.6194595,Ollie OsborneNot Likely,Not Likely,"Detroit, MI",42.4263°N,83.1262°W,RECIDENCE
Laurie Owen,"Toronto, Canada",43.6532° N,79.3832° W,103.5661663,Laurie OwenNot Likely,Not Likely,"Detroit, MI",42.4263°N,83.1262°W,RECIDENCE
Manuel Quiros,"Málaga, Spain",36.7213° N,4.4213° W,2028.492947,Manuel QuirosNot Likely,Not Likely,"Detroit, MI",42.4263°N,83.1262°W,RECIDENCE
Chris Williams,"Moscow, Idaho",46.7324° N,117.0002° W,839.9741995,Chris WilliamsNot Likely,Not Likely,"Detroit, MI",42.4263°N,83.1262°W,RECIDENCE
Tyler Strafaci,"Davie, Florida",26.0765° N,80.2521° W,570.6722261,Tyler StrafaciNot Likely,Not Likely,"Detroit, MI",42.4263°N,83.1262°W,RECIDENCE
David Howell,"Swindon, England",51.5558° N,1.7797° W,1841.81336,David HowellNot Likely,Not Likely,"Detroit, MI",42.4263°N,83.1262°W,RECIDENCE
Tom McGee,"Toronto, Canada",43.6532° N,79.3832° W,103.5661663,Tom McGeeNot Likely,Not Likely,"Detroit, MI",42.4263°N,83.1262°W,RECIDENCE
David Cooke,"Toronto, Canada",43.6532° N,79.3832° W,103.5661663,David CookeNot Likely,Not Likely,"Detroit, MI",42.4263°N,83.1262°W,RECIDENCE
Ben Campbell,"Toronto, Canada",43.6532° N,79.3832° W,103.5661663,Ben CampbellNot Likely,Not Likely,"Detroit, MI",42.4263°N,83.1262°W,RECIDENCE
Michael Gligic,"Burlington, Canada",43.3255° N,79.7990° W,89.772522,Michael GligicPossible,Possible,"Detroit, MI",42.4263°N,83.1262°W,RECIDENCE
Drew Weaver,"High Point, North Carolina",35.9557° N,80.0053° W,238.600354,Drew WeaverNot Likely,Not Likely,"Detroit, MI",42.4263°N,83.1262°W,RECIDENCE
James Hahn,"Scottsdale, Arizona",33.4942° N,111.9261° W,837.9126407,James HahnNot Likely,Not Likely,"Detroit, MI",42.4263°N,83.1262°W,RECIDENCE
Lee Soo-min,"Seoul, South Korea",37.5665° N,126.9780° E,3297.267117,Lee Soo-minNot Likely,Not Likely,"Detroit, MI",42.4263°N,83.1262°W,RECIDENCE
Ross Munro,"Toronto, Canada",43.6532° N,79.3832° W,103.5661663,Ross MunroNot Likely,Not Likely,"Detroit, MI",42.4263°N,83.1262°W,RECIDENCE
Hunter Stewart,"Lexington, Kentucky",38.0406° N,84.5037° W,155.8011514,Hunter StewartNot Likely,Not Likely,"Detroit, MI",42.4263°N,83.1262°W,RECIDENCE
Chase Parker,"Toronto, Canada",43.6532° N,79.3832° W,103.5661663,Chase ParkerNot Likely,Not Likely,"Detroit, MI",42.4263°N,83.1262°W,RECIDENCE
Matt Hill,"Sarnia, Canada",,,,Matt HillNot Likely,Not Likely,"Detroit, MI",42.4263°N,83.1262°W,RECIDENCE
Hugo Leon,"Santiago, Chile",33.4489° S,70.6693° W,2650.803806,Hugo LeonNot Likely,Not Likely,"Detroit, MI",42.4263°N,83.1262°W,RECIDENCE
Grayson Murray,"Raleigh, North Carolina",35.7796° N,78.6382° W,259.1376517,Grayson MurrayNot Likely,Not Likely,"Detroit, MI",42.4263°N,83.1262°W,RECIDENCE
Mike Weir,"Brighton, Canada",44.0324° N,77.7357° W,146.5572158,Mike WeirNot Likely,Not Likely,"Detroit, MI",42.4263°N,83.1262°W,RECIDENCE
Chris Crisologo,"Vancouver, Canada",,,,Chris CrisologoNot Likely,Not Likely,"Detroit, MI",42.4263°N,83.1262°W,RECIDENCE
Evan White,"Toronto, Canada",43.6532° N,79.3832° W,103.5661663,Evan WhiteNot Likely,Not Likely,"Detroit, MI",42.4263°N,83.1262°W,RECIDENCE
Jesper Sandborg,"Stockholm, Sweden",59.3293° N,18.0686° E,2056.403992,Jesper SandborgNot Likely,Not Likely,"Detroit, MI",42.4263°N,83.1262°W,RECIDENCE
Ben Lorenz,"Oklahoma City, Oklahoma",35.4676° N,97.5164° W,454.3425769,Ben LorenzNot Likely,Not Likely,"Detroit, MI",42.4263°N,83.1262°W,RECIDENCE
Charlie Danielson,"Osceola, Wisconsin",45.3205° N,92.7049° W,258.4436106,Charlie DanielsonNot Likely,Not Likely,"Detroit, MI",42.4263°N,83.1262°W,RECIDENCE
David Pastore,"Greenwich, Connecticut",41.0262° N,73.6282° W,249.4815435,David PastoreNot Likely,Not Likely,"Detroit, MI",42.4263°N,83.1262°W,RECIDENCE
Lee Detmer,"Toronto, Canada",43.6532° N,79.3832° W,103.5661663,Lee DetmerNot Likely,Not Likely,"Detroit, MI",42.4263°N,83.1262°W,RECIDENCE
Michael Sweeney,"Toronto, Canada",43.6532° N,79.3832° W,103.5661663,Michael SweeneyNot Likely,Not Likely,"Detroit, MI",42.4263°N,83.1262°W,RECIDENCE
Corey Pereira,"Cameron Park, California",38.6688° N,120.9872° W,994.0139214,Corey PereiraNot Likely,Not Likely,"Detroit, MI",42.4263°N,83.1262°W,RECIDENCE
John Augenstein,"Owensboro, Kentucky",37.7719° N,87.1112° W,192.1565652,John AugensteinNot Likely,Not Likely,"Detroit, MI",42.4263°N,83.1262°W,RECIDENCE
Taylor Funk,"Ponte Vedra Beach, Florida",30.2397° N,81.3853° W,423.7622046,Taylor FunkNot Likely,Not Likely,"Detroit, MI",42.4263°N,83.1262°W,RECIDENCE
Mark Baldwin,"Toronto, Canada",43.6532° N,79.3832° W,103.5661663,Mark BaldwinNot Likely,Not Likely,"Detroit, MI",42.4263°N,83.1262°W,RECIDENCE
Evan Holmes,"Toronto, Canada",43.6532° N,79.3832° W,103.5661663,Evan HolmesNot Likely,Not Likely,"Detroit, MI",42.4263°N,83.1262°W,RECIDENCE
Chris Korte,"Denver, Colorado",39.7392° N,104.9903° W,575.2117297,Chris KorteNot Likely,Not Likely,"Detroit, MI",42.4263°N,83.1262°W,RECIDENCE
Sebastian Szirmak,"Toronto, Canada",43.6532° N,79.3832° W,103.5661663,Sebastian SzirmakNot Likely,Not Likely,"Detroit, MI",42.4263°N,83.1262°W,RECIDENCE
Ryan Yip,"Calgary, Canada",51.0447° N,114.0719° W,783.6514693,Ryan YipNot Likely,Not Likely,"Detroit, MI",42.4263°N,83.1262°W,RECIDENCE
Dominic Bozzelli,"Pittsford, New York",43.0906° N,77.5150° W,144.1389569,Dominic BozzelliNot Likely,Not Likely,"Detroit, MI",42.4263°N,83.1262°W,RECIDENCE
Taylor Pendrith,Bahamas,,,,Taylor PendrithNot Likely,Not Likely,"Detroit, MI",42.4263°N,83.1262°W,RECIDENCE
Dylan Meyer,"Evansville, Indiana",37.9716° N,87.5711° W,193.4327786,Dylan MeyerNot Likely,Not Likely,"Detroit, MI",42.4263°N,83.1262°W,RECIDENCE
Mike Ballo Jr.,"Stamford, Connecticut",41.0534° N,73.5387° W,251.5125946,Mike Ballo Jr.Not Likely,Not Likely,"Detroit, MI",42.4263°N,83.1262°W,RECIDENCE
Brady Schnell,"Omaha, Nebraska",41.2565° N,95.9345° W,331.7963529,Brady SchnellNot Likely,Not Likely,"Detroit, MI",42.4263°N,83.1262°W,RECIDENCE
Ryan Hall,"Knoxville, Tennessee",35.9606° N,83.9207° W,224.3782639,Ryan HallNot Likely,Not Likely,"Detroit, MI",42.4263°N,83.1262°W,RECIDENCE
Tyler McCumber,"Ponte Vedra Beach, Florida",30.2397° N,81.3853° W,423.7622046,Tyler McCumberNot Likely,Not Likely,"Detroit, MI",42.4263°N,83.1262°W,RECIDENCE
Chris Naegel,"Chesterfield, Missouri",38.6631° N,90.5771° W,234.7247739,Chris NaegelNot Likely,Not Likely,"Detroit, MI",42.4263°N,83.1262°W,RECIDENCE
Brent Grant,"Sacramento, California",38.5816° N,121.4944° W,1007.912474,Brent GrantNot Likely,Not Likely,"Detroit, MI",42.4263°N,83.1262°W,RECIDENCE
Brian Stuard,"Jackson, Michigan",42.2459° N,84.4013° W,33.15345796,Brian StuardLikely,Likely,"Detroit, MI",42.4263°N,83.1262°W,RECIDENCE
Michael Sims,"Toronto, Canada",43.6532° N,79.3832° W,103.5661663,Michael SimsNot Likely,Not Likely,"Detroit, MI",42.4263°N,83.1262°W,RECIDENCE
Aaron Beverly,"Sacramento, California",38.5816° N,121.4944° W,1007.912474,Aaron BeverlyNot Likely,Not Likely,"Detroit, MI",42.4263°N,83.1262°W,RECIDENCE
Matt Marshall,"Toronto, Canada",43.6532° N,79.3832° W,103.5661663,Matt MarshallNot Likely,Not Likely,"Detroit, MI",42.4263°N,83.1262°W,RECIDENCE
Brett Drewitt,"Inverell, Australia",29.7760° S,151.1120° E,4670.462283,Brett DrewittNot Likely,Not Likely,"Detroit, MI",42.4263°N,83.1262°W,RECIDENCE
Johnny Ruiz,"Toronto, Canada",43.6532° N,79.3832° W,103.5661663,Johnny RuizNot Likely,Not Likely,"Detroit, MI",42.4263°N,83.1262°W,RECIDENCE
Anders Albertson,"Woodstock, Georgia",34.1015° N,84.5194° W,290.0570488,Anders AlbertsonNot Likely,Not Likely,"Detroit, MI",42.4263°N,83.1262°W,RECIDENCE
Danielle Kang,"Las Vegas, Nevada",36.1699° N,115.1398° W,877.0873629,Danielle KangNot Likely,Not Likely,"Detroit, MI",42.4263°N,83.1262°W,RECIDENCE
Evan Bowser,"Toronto, Canada",43.6532° N,79.3832° W,103.5661663,Evan BowserNot Likely,Not Likely,"Detroit, MI",42.4263°N,83.1262°W,RECIDENCE
Zac Oakley,"Toronto, Canada",43.6532° N,79.3832° W,103.5661663,Zac OakleyNot Likely,Not Likely,"Detroit, MI",42.4263°N,83.1262°W,RECIDENCE
Tim Wilkinson,"Jacksonville, Florida",30.3322° N,81.6557° W,419.7930572,Tim WilkinsonNot Likely,Not Likely,"Detroit, MI",42.4263°N,83.1262°W,RECIDENCE
Charlie Reiter,"Palm Desert, California",33.7222° N,116.3745° W,945.8730323,Charlie ReiterNot Likely,Not Likely,"Detroit, MI",42.4263°N,83.1262°W,RECIDENCE
Andrew Kozan,"Palm Beach Gardens, Florida",26.8234° N,80.1387° W,545.5836831,Andrew KozanNot Likely,Not Likely,"Detroit, MI",42.4263°N,83.1262°W,RECIDENCE
Matt Parziale,"Brockton, Massachusetts",42.0834° N,71.0184° W,309.5651848,Matt ParzialeNot Likely,Not Likely,"Detroit, MI",42.4263°N,83.1262°W,RECIDENCE
Mark Anguiano,"El Paso, Texas",31.7619° N,106.4850° W,738.0375788,Mark AnguianoNot Likely,Not Likely,"Detroit, MI",42.4263°N,83.1262°W,RECIDENCE
Taylor Montgomery,"Las Vegas, Nevada",36.1699° N,115.1398° W,877.0873629,Taylor MontgomeryNot Likely,Not Likely,"Detroit, MI",42.4263°N,83.1262°W,RECIDENCE
,,,,,Not Likely,Not Likely,"Detroit, MI",42.4263°N,83.1262°W,RECIDENCE
Evan Brown,"Toronto, Canada",43.6532° N,79.3832° W,103.5661663,Evan BrownNot Likely,Not Likely,"Detroit, MI",42.4263°N,83.1262°W,RECIDENCE
Ben Silverman,"Jupiter, Florida",26.9342° N,80.0942° W,541.9910478,Ben SilvermanNot Likely,Not Likely,"Detroit, MI",42.4263°N,83.1262°W,RECIDENCE
Michael Feagles,"Hinsdale, Illinois",41.8009° N,87.9370° W,125.1498382,Michael FeaglesNot Likely,Not Likely,"Detroit, MI",42.4263°N,83.1262°W,RECIDENCE
Jack Munro,"Toronto, Canada",43.6532° N,79.3832° W,103.5661663,Jack MunroNot Likely,Not Likely,"Detroit, MI",42.4263°N,83.1262°W,RECIDENCE
Josh Whalen,"Toronto, Canada",43.6532° N,79.3832° W,103.5661663,Josh WhalenNot Likely,Not Likely,"Detroit, MI",42.4263°N,83.1262°W,RECIDENCE
Hugo Bernard,"Quebec City, Canada",,,,Hugo BernardNot Likely,Not Likely,"Detroit, MI",42.4263°N,83.1262°W,RECIDENCE
Etienne Brault,"Toronto, Canada",43.6532° N,79.3832° W,103.5661663,Etienne BraultNot Likely,Not Likely,"Detroit, MI",42.4263°N,83.1262°W,RECIDENCE
Robbie Greenwell,"Toronto, Canada",43.6532° N,79.3832° W,103.5661663,Robbie GreenwellNot Likely,Not Likely,"Detroit, MI",42.4263°N,83.1262°W,RECIDENCE
Luke Schniederjans,"Dallas, Texas",32.7767° N,96.7970° W,499.9730235,Luke SchniederjansNot Likely,Not Likely,"Detroit, MI",42.4263°N,83.1262°W,RECIDENCE
Pep Angles,"Barcelona, Spain",41.3851° N,2.1734° E,2092.424405,Pep AnglesNot Likely,Not Likely,"Detroit, MI",42.4263°N,83.1262°W,RECIDENCE
Braden Bailey,"Waco, Texas",31.5493° N,97.1467° W,537.9593312,Braden BaileyNot Likely,Not Likely,"Detroit, MI",42.4263°N,83.1262°W,RECIDENCE
Chris Crawford,"Jacksonville, Florida",30.3322° N,81.6557° W,419.7930572,Chris CrawfordNot Likely,Not Likely,"Detroit, MI",42.4263°N,83.1262°W,RECIDENCE
Jonathan Keppler,"Toronto, Canada",43.6532° N,79.3832° W,103.5661663,Jonathan KepplerNot Likely,Not Likely,"Detroit, MI",42.4263°N,83.1262°W,RECIDENCE
P.J. Maybank,"Cheboygan, Michigan",45.6469° N,84.4745° W,116.1871179,P.J. MaybankNot Likely,Not Likely,"Detroit, MI",42.4263°N,83.1262°W,RECIDENCE
Martin Piller,"Dallas, Texas",32.7767° N,96.7970° W,499.9730235,Martin PillerNot Likely,Not Likely,"Detroit, MI",42.4263°N,83.1262°W,RECIDENCE
James Piot,"Canton, Michigan",42.3086° N,83.4821° W,9.952736731,James PiotExtremely Likely,Extremely Likely,"Detroit, MI",42.4263°N,83.1262°W,RECIDENCE
Scott Stevens,"Toronto, Canada",43.6532° N,79.3832° W,103.5661663,Scott StevensNot Likely,Not Likely,"Detroit, MI",42.4263°N,83.1262°W,RECIDENCE
John Pak,"Scotch Plains, New Jersey",40.6554° N,74.3899° W,233.9178679,John PakNot Likely,Not Likely,"Detroit, MI",42.4263°N,83.1262°W,RECIDENCE
Ryan Davis,"Toronto, Canada",43.6532° N,79.3832° W,103.5661663,Ryan DavisNot Likely,Not Likely,"Detroit, MI",42.4263°N,83.1262°W,RECIDENCE
Ryan Elmore,"Toronto, Canada",43.6532° N,79.3832° W,103.5661663,Ryan ElmoreNot Likely,Not Likely,"Detroit, MI",42.4263°N,83.1262°W,RECIDENCE
Taylor Funk,"Ponte Vedra Beach, Florida",30.2397° N,81.3853° W,423.7622046,Taylor FunkNot Likely,Not Likely,"Detroit, MI",42.4263°N,83.1262°W,RECIDENCE
Albin Choi,"Toronto, Canada",43.6532° N,79.3832° W,103.5661663,Albin ChoiNot Likely,Not Likely,"Detroit, MI",42.4263°N,83.1262°W,RECIDENCE
Trevor Simsby,"Calgary, Canada",51.0447° N,114.0719° W,783.6514693,Trevor SimsbyNot Likely,Not Likely,"Detroit, MI",42.4263°N,83.1262°W,RECIDENCE
Derek Barron,"Toronto, Canada",43.6532° N,79.3832° W,103.5661663,Derek BarronNot Likely,Not Likely,"Detroit, MI",42.4263°N,83.1262°W,RECIDENCE
Brendan Leonard,"Toronto, Canada",43.6532° N,79.3832° W,103.5661663,Brendan LeonardNot Likely,Not Likely,"Detroit, MI",42.4263°N,83.1262°W,RECIDENCE
Mark Hubbard,"The Woodlands, Texas",30.1658° N,95.4613° W,544.0834729,Mark HubbardNot Likely,Not Likely,"Detroit, MI",42.4263°N,83.1262°W,RECIDENCE
Will Thomson,"Toronto, Canada",43.6532° N,79.3832° W,103.5661663,Will ThomsonNot Likely,Not Likely,"Detroit, MI",42.4263°N,83.1262°W,RECIDENCE
Brad Miller,"Richmond, Virginia",37.5407° N,77.4360° W,226.10875,Brad MillerNot Likely,Not Likely,"Detroit, MI",42.4263°N,83.1262°W,RECIDENCE
Jake Scott,"Toronto, Canada",43.6532° N,79.3832° W,103.5661663,Jake ScottNot Likely,Not Likely,"Detroit, MI",42.4263°N,83.1262°W,RECIDENCE
Wes Homan,"Cincinnati, Ohio",39.1031° N,84.5120° W,120.3918789,Wes HomanNot Likely,Not Likely,"Detroit, MI",42.4263°N,83.1262°W,RECIDENCE
Jimmy Jones,"Toronto, Canada",43.6532° N,79.3832° W,103.5661663,Jimmy JonesNot Likely,Not Likely,"Detroit, MI",42.4263°N,83.1262°W,RECIDENCE
Dawson Armstrong,"Brentwood, Tennessee",36.0331° N,86.7828° W,241.5077741,Dawson ArmstrongNot Likely,Not Likely,"Detroit, MI",42.4263°N,83.1262°W,RECIDENCE
Andrew McCain,"Toronto, Canada",43.6532° N,79.3832° W,103.5661663,Andrew McCainNot Likely,Not Likely,"Detroit, MI",42.4263°N,83.1262°W,RECIDENCE
Chris Francoeur,"Toronto, Canada",43.6532° N,79.3832° W,103.5661663,Chris FrancoeurNot Likely,Not Likely,"Detroit, MI",42.4263°N,83.1262°W,RECIDENCE
Evan Stinson,"Toronto, Canada",43.6532° N,79.3832° W,103.5661663,Evan StinsonNot Likely,Not Likely,"Detroit, MI",42.4263°N,83.1262°W,RECIDENCE
Garrett May,"Waco, Texas",31.5493° N,97.1467° W,537.9593312,Garrett MayNot Likely,Not Likely,"Detroit, MI",42.4263°N,83.1262°W,RECIDENCE
Evan Thornton,"Toronto, Canada",43.6532° N,79.3832° W,103.5661663,Evan ThorntonNot Likely,Not Likely,"Detroit, MI",42.4263°N,83.1262°W,RECIDENCE
Andrew McAuley,"Toronto, Canada",43.6532° N,79.3832° W,103.5661663,Andrew McAuleyNot Likely,Not Likely,"Detroit, MI",42.4263°N,83.1262°W,RECIDENCE
Kyle Hogan,"Dallas, Texas",32.7767° N,96.7970° W,499.9730235,Kyle HoganNot Likely,Not Likely,"Detroit, MI",42.4263°N,83.1262°W,RECIDENCE
Matt Oshrine,"Wellington, Florida",26.6618° N,80.2684° W,550.5623641,Matt OshrineNot Likely,Not Likely,"Detroit, MI",42.4263°N,83.1262°W,RECIDENCE
Jon Mayer,"Toronto, Canada",43.6532° N,79.3832° W,103.5661663,Jon MayerNot Likely,Not Likely,"Detroit, MI",42.4263°N,83.1262°W,RECIDENCE
Brad Hopfinger,"Lake Forest, Illinois",42.2586° N,87.8406° W,120.5052233,Brad HopfingerNot Likely,Not Likely,"Detroit, MI",42.4263°N,83.1262°W,RECIDENCE
David Snyder,"Toronto, Canada",43.6532° N,79.3832° W,103.5661663,David SnyderNot Likely,Not Likely,"Detroit, MI",42.4263°N,83.1262°W,RECIDENCE
Jaime Gomez,"Toronto, Canada",43.6532° N,79.3832° W,103.5661663,Jaime GomezNot Likely,Not Likely,"Detroit, MI",42.4263°N,83.1262°W,RECIDENCE
Max Sear,"Toronto, Canada",43.6532° N,79.3832° W,103.5661663,Max SearNot Likely,Not Likely,"Detroit, MI",42.4263°N,83.1262°W,RECIDENCE
Chris Wilson,"Toronto, Canada",43.6532° N,79.3832° W,103.5661663,Chris WilsonNot Likely,Not Likely,"Detroit, MI",42.4263°N,83.1262°W,RECIDENCE
Danny Walker,"Bradenton, Florida",27.4989° N,82.5748° W,515.9305254,Danny WalkerNot Likely,Not Likely,"Detroit, MI",42.4263°N,83.1262°W,RECIDENCE
Zack Fischer,"San Antonio, Texas",29.4241° N,98.4936° W,619.8079488,Zack FischerNot Likely,Not Likely,"Detroit, MI",42.4263°N,83.1262°W,RECIDENCE
Trevor Ranton,"Toronto, Canada",43.6532° N,79.3832° W,103.5661663,Trevor RantonNot Likely,Not Likely,"Detroit, MI",42.4263°N,83.1262°W,RECIDENCE
Tim Ritter,"Toronto, Canada",43.6532° N,79.3832° W,103.5661663,Tim RitterNot Likely,Not Likely,"Detroit, MI",42.4263°N,83.1262°W,RECIDENCE
Derek Gillespie,"Oshawa, Canada",,,,Derek GillespieNot Likely,Not Likely,"Detroit, MI",42.4263°N,83.1262°W,RECIDENCE
Adam Cornelson,"Toronto, Canada",43.6532° N,79.3832° W,103.5661663,Adam CornelsonNot Likely,Not Likely,"Detroit, MI",42.4263°N,83.1262°W,RECIDENCE
Andrew Harrison,"Toronto, Canada",43.6532° N,79.3832° W,103.5661663,Andrew HarrisonNot Likely,Not Likely,"Detroit, MI",42.4263°N,83.1262°W,RECIDENCE
John Sand,"Toronto, Canada",43.6532° N,79.3832° W,103.5661663,John SandNot Likely,Not Likely,"Detroit, MI",42.4263°N,83.1262°W,RECIDENCE
Will Barnett,"Toronto, Canada",43.6532° N,79.3832° W,103.5661663,Will BarnettNot Likely,Not Likely,"Detroit, MI",42.4263°N,83.1262°W,RECIDENCE
Garrett Rank,"Elmira, Canada",,,,Garrett RankNot Likely,Not Likely,"Detroit, MI",42.4263°N,83.1262°W,RECIDENCE
John Duthie,"Toronto, Canada",43.6532° N,79.3832° W,103.5661663,John DuthieNot Likely,Not Likely,"Detroit, MI",42.4263°N,83.1262°W,RECIDENCE
Tyler Ota,"Toronto, Canada",43.6532° N,79.3832° W,103.5661663,Tyler OtaNot Likely,Not Likely,"Detroit, MI",42.4263°N,83.1262°W,RECIDENCE
Evan DeGrazia,"Toronto, Canada",43.6532° N,79.3832° W,103.5661663,Evan DeGraziaNot Likely,Not Likely,"Detroit, MI",42.4263°N,83.1262°W,RECIDENCE
Derek Meinhart,"Toronto, Canada",43.6532° N,79.3832° W,103.5661663,Derek MeinhartNot Likely,Not Likely,"Detroit, MI",42.4263°N,83.1262°W,RECIDENCE
Michael Blair,"Toronto, Canada",43.6532° N,79.3832° W,103.5661663,Michael BlairNot Likely,Not Likely,"Detroit, MI",42.4263°N,83.1262°W,RECIDENCE
,,,,,Not Likely,Not Likely,"Detroit, MI",42.4263°N,83.1262°W,RECIDENCE
Chris Hemmerich,"Toronto, Canada",43.6532° N,79.3832° W,103.5661663,Chris HemmerichNot Likely,Not Likely,"Detroit, MI",42.4263°N,83.1262°W,RECIDENCE
Jesse Smith,"Toronto, Canada",43.6532° N,79.3832° W,103.5661663,Jesse SmithNot Likely,Not Likely,"Detroit, MI",42.4263°N,83.1262°W,RECIDENCE
Mike Van Sickle,"Pittsburgh, Pennsylvania",40.4406° N,79.9959° W,106.1912053,Mike Van SickleNot Likely,Not Likely,"Detroit, MI",42.4263°N,83.1262°W,RECIDENCE
Andrew Jensen,"Toronto, Canada",43.6532° N,79.3832° W,103.5661663,Andrew JensenNot Likely,Not Likely,"Detroit, MI",42.4263°N,83.1262°W,RECIDENCE
Matt Williams,"Houston, Texas",29.7604° N,95.3698° W,553.9822431,Matt WilliamsNot Likely,Not Likely,"Detroit, MI",42.4263°N,83.1262°W,RECIDENCE
Jimmy Beck,"Toronto, Canada",43.6532° N,79.3832° W,103.5661663,Jimmy BeckNot Likely,Not Likely,"Detroit, MI",42.4263°N,83.1262°W,RECIDENCE
Russell Budd,"Toronto, Canada",43.6532° N,79.3832° W,103.5661663,Russell BuddNot Likely,Not Likely,"Detroit, MI",42.4263°N,83.1262°W,RECIDENCE
Jake Goodman,"Toronto, Canada",43.6532° N,79.3832° W,103.5661663,Jake GoodmanNot Likely,Not Likely,"Detroit, MI",42.4263°N,83.1262°W,RECIDENCE
Blair Bursey,"Toronto, Canada",43.6532° N,79.3832° W,103.5661663,Blair BurseyNot Likely,Not Likely,"Detroit, MI",42.4263°N,83.1262°W,RECIDENCE
Clark Rustand,"Toronto, Canada",43.6532° N,79.3832° W,103.5661663,Clark RustandNot Likely,Not Likely,"Detroit, MI",42.4263°N,83.1262°W,RECIDENCE
Kelvin Day,"Toronto, Canada",43.6532° N,79.3832° W,103.5661663,Kelvin DayNot Likely,Not Likely,"Detroit, MI",42.4263°N,83.1262°W,RECIDENCE
Jake Knapp,"Costa Mesa, California",33.6411° N,117.9187° W,986.2963629,Jake KnappNot Likely,Not Likely,"Detroit, MI",42.4263°N,83.1262°W,RECIDENCE
Jon Mills,"Toronto, Canada",43.6532° N,79.3832° W,103.5661663,Jon MillsNot Likely,Not Likely,"Detroit, MI",42.4263°N,83.1262°W,RECIDENCE
Brian Dwyer,"Toronto, Canada",43.6532° N,79.3832° W,103.5661663,Brian DwyerNot Likely,Not Likely,"Detroit, MI",42.4263°N,83.1262°W,RECIDENCE
Tyler Wateska,"Toronto, Canada",43.6532° N,79.3832° W,103.5661663,Tyler WateskaNot Likely,Not Likely,"Detroit, MI",42.4263°N,83.1262°W,RECIDENCE
Chris Ross,"Toronto, Canada",43.6532° N,79.3832° W,103.5661663,Chris RossNot Likely,Not Likely,"Detroit, MI",42.4263°N,83.1262°W,RECIDENCE
Marc-Etienne Bussieres,"Quebec City, Canada",,,,Marc-Etienne BussieresNot Likely,Not Likely,"Detroit, MI",42.4263°N,83.1262°W,RECIDENCE
Hayden Shieh,"San Jose, California",37.3382° N,121.8863° W,1033.285205,Hayden ShiehNot Likely,Not Likely,"Detroit, MI",42.4263°N,83.1262°W,RECIDENCE
Michael Karoly,"Toronto, Canada",43.6532° N,79.3832° W,103.5661663,Michael KarolyNot Likely,Not Likely,"Detroit, MI",42.4263°N,83.1262°W,RECIDENCE
Chris Wilson,"Toronto, Canada",43.6532° N,79.3832° W,103.5661663,Chris WilsonNot Likely,Not Likely,"Detroit, MI",42.4263°N,83.1262°W,RECIDENCE
Andrew McCain,"Toronto, Canada",43.6532° N,79.3832° W,103.5661663,Andrew McCainNot Likely,Not Likely,"Detroit, MI",42.4263°N,83.1262°W,RECIDENCE
Evan Holmes,"Toronto, Canada",43.6532° N,79.3832° W,103.5661663,Evan HolmesNot Likely,Not Likely,"Detroit, MI",42.4263°N,83.1262°W,RECIDENCE
David Holzinger,"Toronto, Canada",43.6532° N,79.3832° W,103.5661663,David HolzingerNot Likely,Not Likely,"Detroit, MI",42.4263°N,83.1262°W,RECIDENCE
Jake Kevorkian,"Toronto, Canada",43.6532° N,79.3832° W,103.5661663,Jake KevorkianNot Likely,Not Likely,"Detroit, MI",42.4263°N,83.1262°W,RECIDENCE
David Timberlake,"Toronto, Canada",43.6532° N,79.3832° W,103.5661663,David TimberlakeNot Likely,Not Likely,"Detroit, MI",42.4263°N,83.1262°W,RECIDENCE
David French,"Toronto, Canada",43.6532° N,79.3832° W,103.5661663,David FrenchNot Likely,Not Likely,"Detroit, MI",42.4263°N,83.1262°W,RECIDENCE
Luke Moser,"Toronto, Canada",43.6532° N,79.3832° W,103.5661663,Luke MoserNot Likely,Not Likely,"Detroit, MI",42.4263°N,83.1262°W,RECIDENCE
Russell Whatford,"Toronto, Canada",43.6532° N,79.3832° W,103.5661663,Russell WhatfordNot Likely,Not Likely,"Detroit, MI",42.4263°N,83.1262°W,RECIDENCE
Chris Crisologo,"Vancouver, Canada",,,,Chris CrisologoNot Likely,Not Likely,"Detroit, MI",42.4263°N,83.1262°W,RECIDENCE
Chris Wilson,"Toronto, Canada",43.6532° N,79.3832° W,103.5661663,Chris WilsonNot Likely,Not Likely,"Detroit, MI",42.4263°N,83.1262°W,RECIDENCE
Evan DeGrazia,"Toronto, Canada",43.6532° N,79.3832° W,103.5661663,Evan DeGraziaNot Likely,Not Likely,"Detroit, MI",42.4263°N,83.1262°W,RECIDENCE
Jimmy Jones,"Toronto, Canada",43.6532° N,79.3832° W,103.5661663,Jimmy JonesNot Likely,Not Likely,"Detroit, MI",42.4263°N,83.1262°W,RECIDENCE
Jon Mills,"Toronto, Canada",43.6532° N,79.3832° W,103.5661663,Jon MillsNot Likely,Not Likely,"Detroit, MI",42.4263°N,83.1262°W,RECIDENCE
Kelvin Day,"Toronto, Canada",43.6532° N,79.3832° W,103.5661663,Kelvin DayNot Likely,Not Likely,"Detroit, MI",42.4263°N,83.1262°W,RECIDENCE
Marc-Etienne Bussieres,"Quebec City, Canada",,,,Marc-Etienne BussieresNot Likely,Not Likely,"Detroit, MI",42.4263°N,83.1262°W,RECIDENCE
Michael Karoly,"Toronto, Canada",43.6532° N,79.3832° W,103.5661663,Michael KarolyNot Likely,Not Likely,"Detroit, MI",42.4263°N,83.1262°W,RECIDENCE
Russell Budd,"Toronto, Canada",43.6532° N,79.3832° W,103.5661663,Russell BuddNot Likely,Not Likely,"Detroit, MI",42.4263°N,83.1262°W,RECIDENCE
David Timberlake,"Toronto, Canada",43.6532° N,79.3832° W,103.5661663,David TimberlakeNot Likely,Not Likely,"Detroit, MI",42.4263°N,83.1262°W,RECIDENCE
Jake Goodman,"Toronto, Canada",43.6532° N,79.3832° W,103.5661663,Jake GoodmanNot Likely,Not Likely,"Detroit, MI",42.4263°N,83.1262°W,RECIDENCE
Jimmy Beck,"Toronto, Canada",43.6532° N,79.3832° W,103.5661663,Jimmy BeckNot Likely,Not Likely,"Detroit, MI",42.4263°N,83.1262°W,RECIDENCE
Blair Bursey,"Toronto, Canada",43.6532° N,79.3832° W,103.5661663,Blair BurseyNot Likely,Not Likely,"Detroit, MI",42.4263°N,83.1262°W,RECIDENCE
Clark Rustand,"Toronto, Canada",43.6532° N,79.3832° W,103.5661663,Clark RustandNot Likely,Not Likely,"Detroit, MI",42.4263°N,83.1262°W,RECIDENCE
Brian Dwyer,"Toronto, Canada",43.6532° N,79.3832° W,103.5661663,Brian DwyerNot Likely,Not Likely,"Detroit, MI",42.4263°N,83.1262°W,RECIDENCE
Tyler Wateska,"Toronto, Canada",43.6532° N,79.3832° W,103.5661663,Tyler WateskaNot Likely,Not Likely,"Detroit, MI",42.4263°N,83.1262°W,RECIDENCE
Chris Ross,"Toronto, Canada",43.6532° N,79.3832° W,103.5661663,Chris RossNot Likely,Not Likely,"Detroit, MI",42.4263°N,83.1262°W,RECIDENCE
Hayden Shieh,"San Jose, California",37.3382° N,121.8863° W,1033.285205,Hayden ShiehNot Likely,Not Likely,"Detroit, MI",42.4263°N,83.1262°W,RECIDENCE
David Holzinger,"Toronto, Canada",43.6532° N,79.3832° W,103.5661663,David HolzingerNot Likely,Not Likely,"Detroit, MI",42.4263°N,83.1262°W,RECIDENCE
Jake Kevorkian,"Toronto, Canada",43.6532° N,79.3832° W,103.5661663,Jake KevorkianNot Likely,Not Likely,"Detroit, MI",42.4263°N,83.1262°W,RECIDENCE
David French,"Toronto, Canada",43.6532° N,79.3832° W,103.5661663,David FrenchNot Likely,Not Likely,"Detroit, MI",42.4263°N,83.1262°W,RECIDENCE
Luke Moser,"Toronto, Canada",43.6532° N,79.3832° W,103.5661663,Luke MoserNot Likely,Not Likely,"Detroit, MI",42.4263°N,83.1262°W,RECIDENCE
Russell Whatford,"Toronto, Canada",43.6532° N,79.3832° W,103.5661663,Russell WhatfordNot Likely,Not Likely,"Detroit, MI",42.4263°N,83.1262°W,RECIDENCE
Chris Wilson,"Toronto, Canada",43.6532° N,79.3832° W,103.5661663,Chris WilsonNot Likely,Not Likely,"Detroit, MI",42.4263°N,83.1262°W,RECIDENCE
Evan DeGrazia,"Toronto, Canada",43.6532° N,79.3832° W,103.5661663,Evan DeGraziaNot Likely,Not Likely,"Detroit, MI",42.4263°N,83.1262°W,RECIDENCE
Jimmy Jones,"Toronto, Canada",43.6532° N,79.3832° W,103.5661663,Jimmy JonesNot Likely,Not Likely,"Detroit, MI",42.4263°N,83.1262°W,RECIDENCE
Andrew McCain,"Toronto, Canada",43.6532° N,79.3832° W,103.5661663,Andrew McCainNot Likely,Not Likely,"Detroit, MI",42.4263°N,83.1262°W,RECIDENCE
Chris Francoeur,"Toronto, Canada",43.6532° N,79.3832° W,103.5661663,Chris FrancoeurNot Likely,Not Likely,"Detroit, MI",42.4263°N,83.1262°W,RECIDENCE
Evan Stinson,"Toronto, Canada",43.6532° N,79.3832° W,103.5661663,Evan StinsonNot Likely,Not Likely,"Detroit, MI",42.4263°N,83.1262°W,RECIDENCE
Evan Thornton,"Toronto, Canada",43.6532° N,79.3832° W,103.5661663,Evan ThorntonNot Likely,Not Likely,"Detroit, MI",42.4263°N,83.1262°W,RECIDENCE
Andrew McAuley,"Toronto, Canada",43.6532° N,79.3832° W,103.5661663,Andrew McAuleyNot Likely,Not Likely,"Detroit, MI",42.4263°N,83.1262°W,RECIDENCE
Derek Barron,"Toronto, Canada",43.6532° N,79.3832° W,103.5661663,Derek BarronNot Likely,Not Likely,"Detroit, MI",42.4263°N,83.1262°W,RECIDENCE
Brendan Leonard,"Toronto, Canada",43.6532° N,79.3832° W,103.5661663,Brendan LeonardNot Likely,Not Likely,"Detroit, MI",42.4263°N,83.1262°W,RECIDENCE
Will Thomson,"Toronto, Canada",43.6532° N,79.3832° W,103.5661663,Will ThomsonNot Likely,Not Likely,"Detroit, MI",42.4263°N,83.1262°W,RECIDENCE
Jake Scott,"Toronto, Canada",43.6532° N,79.3832° W,103.5661663,Jake ScottNot Likely,Not Likely,"Detroit, MI",42.4263°N,83.1262°W,RECIDENCE
Brad Miller,"Richmond, Virginia",37.5407° N,77.4360° W,226.10875,Brad MillerNot Likely,Not Likely,"Detroit, MI",42.4263°N,83.1262°W,RECIDENCE
Wes Homan,"Cincinnati, Ohio",39.1031° N,84.5120° W,120.3918789,Wes HomanNot Likely,Not Likely,"Detroit, MI",42.4263°N,83.1262°W,RECIDENCE
Dawson Armstrong,"Brentwood, Tennessee",36.0331° N,86.7828° W,241.5077741,Dawson ArmstrongNot Likely,Not Likely,"Detroit, MI",42.4263°N,83.1262°W,RECIDENCE
Garrett May,"Waco, Texas",31.5493° N,97.1467° W,537.9593312,Garrett MayNot Likely,Not Likely,"Detroit, MI",42.4263°N,83.1262°W,RECIDENCE
Danny Walker,"Bradenton, Florida",27.4989° N,82.5748° W,515.9305254,Danny WalkerNot Likely,Not Likely,"Detroit, MI",42.4263°N,83.1262°W,RECIDENCE
Zack Fischer,"San Antonio, Texas",29.4241° N,98.4936° W,619.8079488,Zack FischerNot Likely,Not Likely,"Detroit, MI",42.4263°N,83.1262°W,RECIDENCE
Kyle Hogan,"Dallas, Texas",32.7767° N,96.7970° W,499.9730235,Kyle HoganNot Likely,Not Likely,"Detroit, MI",42.4263°N,83.1262°W,RECIDENCE
Matt Oshrine,"Wellington, Florida",26.6618° N,80.2684° W,550.5623641,Matt OshrineNot Likely,Not Likely,"Detroit, MI",42.4263°N,83.1262°W,RECIDENCE
Brad Hopfinger,"Lake Forest, Illinois",42.2586° N,87.8406° W,120.5052233,Brad HopfingerNot Likely,Not Likely,"Detroit, MI",42.4263°N,83.1262°W,RECIDENCE
,,,,,Not Likely,Not Likely,"Detroit, MI",42.4263°N,83.1262°W,RECIDENCE
Mike Van Sickle,"Pittsburgh, Pennsylvania",40.4406° N,79.9959° W,106.1912053,Mike Van SickleNot Likely,Not Likely,"Detroit, MI",42.4263°N,83.1262°W,RECIDENCE
Matt Williams,"Houston, Texas",29.7604° N,95.3698° W,553.9822431,Matt WilliamsNot Likely,Not Likely,"Detroit, MI",42.4263°N,83.1262°W,RECIDENCE
Hayden Shieh,"San Jose, California",37.3382° N,121.8863° W,1033.285205,Hayden ShiehNot Likely,Not Likely,"Detroit, MI",42.4263°N,83.1262°W,RECIDENCE
Chris Crawford,"Jacksonville, Florida",30.3322° N,81.6557° W,419.7930572,Chris CrawfordNot Likely,Not Likely,"Detroit, MI",42.4263°N,83.1262°W,RECIDENCE
Braden Bailey,"Waco, TX",,,,Braden BaileyNot Likely,Not Likely,"Detroit, MI",42.4263°N,83.1262°W,RECIDENCE
Pep Angles,"Barcelona, Spain",41.3851° N,2.1734° E,2092.424405,Pep AnglesNot Likely,Not Likely,"Detroit, MI",42.4263°N,83.1262°W,RECIDENCE
Luke Schniederjans,"Dallas, Texas",32.7767° N,96.7970° W,499.9730235,Luke SchniederjansNot Likely,Not Likely,"Detroit, MI",42.4263°N,83.1262°W,RECIDENCE
Albin Choi,"Toronto, Canada",43.6532° N,79.3832° W,103.5661663,Albin ChoiNot Likely,Not Likely,"Detroit, MI",42.4263°N,83.1262°W,RECIDENCE
Trevor Simsby,"Calgary, Canada",51.0447° N,114.0719° W,783.6514693,Trevor SimsbyNot Likely,Not Likely,"Detroit, MI",42.4263°N,83.1262°W,RECIDENCE
Martin Piller,"Dallas, Texas",32.7767° N,96.7970° W,499.9730235,Martin PillerNot Likely,Not Likely,"Detroit, MI",42.4263°N,83.1262°W,RECIDENCE
James Piot,"Canton, Michigan",42.3086° N,83.4821° W,9.952736731,James PiotExtremely Likely,Extremely Likely,"Detroit, MI",42.4263°N,83.1262°W,RECIDENCE
P.J. Maybank,"Cheboygan, Michigan",45.6469° N,84.4745° W,116.1871179,P.J. MaybankNot Likely,Not Likely,"Detroit, MI",42.4263°N,83.1262°W,RECIDENCE
John Pak,"Scotch Plains, New Jersey",40.6554° N,74.3899° W,233.9178679,John PakNot Likely,Not Likely,"Detroit, MI",42.4263°N,83.1262°W,RECIDENCE
Scott Stevens,"Toronto, Canada",43.6532° N,79.3832° W,103.5661663,Scott StevensNot Likely,Not Likely,"Detroit, MI",42.4263°N,83.1262°W,RECIDENCE
Tyler McCumber,"Ponte Vedra Beach, Florida",30.2397° N,81.3853° W,423.7622046,Tyler McCumberNot Likely,Not Likely,"Detroit, MI",42.4263°N,83.1262°W,RECIDENCE
Chris Naegel,"Chesterfield, Missouri",38.6631° N,90.5771° W,234.7247739,Chris NaegelNot Likely,Not Likely,"Detroit, MI",42.4263°N,83.1262°W,RECIDENCE
Brent Grant,"Sacramento, California",38.5816° N,121.4944° W,1007.912474,Brent GrantNot Likely,Not Likely,"Detroit, MI",42.4263°N,83.1262°W,RECIDENCE
Brian Stuard,"Jackson, Michigan",42.2459° N,84.4013° W,33.15345796,Brian StuardLikely,Likely,"Detroit, MI",42.4263°N,83.1262°W,RECIDENCE
Michael Sims,"Toronto, Canada",43.6532° N,79.3832° W,103.5661663,Michael SimsNot Likely,Not Likely,"Detroit, MI",42.4263°N,83.1262°W,RECIDENCE
Aaron Beverly,"Sacramento, California",38.5816° N,121.4944° W,1007.912474,Aaron BeverlyNot Likely,Not Likely,"Detroit, MI",42.4263°N,83.1262°W,RECIDENCE
Matt Marshall,"Toronto, Canada",43.6532° N,79.3832° W,103.5661663,Matt MarshallNot Likely,Not Likely,"Detroit, MI",42.4263°N,83.1262°W,RECIDENCE
Johnny Ruiz,"Toronto, Canada",43.6532° N,79.3832° W,103.5661663,Johnny RuizNot Likely,Not Likely,"Detroit, MI",42.4263°N,83.1262°W,RECIDENCE
Anders Albertson,"Woodstock, Georgia",34.1015° N,84.5194° W,290.0570488,Anders AlbertsonNot Likely,Not Likely,"Detroit, MI",42.4263°N,83.1262°W,RECIDENCE
Danielle Kang,"Las Vegas, Nevada",36.1699° N,115.1398° W,877.0873629,Danielle KangNot Likely,Not Likely,"Detroit, MI",42.4263°N,83.1262°W,RECIDENCE
Evan Bowser,"Toronto, Canada",43.6532° N,79.3832° W,103.5661663,Evan BowserNot Likely,Not Likely,"Detroit, MI",42.4263°N,83.1262°W,RECIDENCE
Zac Oakley,"Toronto, Canada",43.6532° N,79.3832° W,103.5661663,Zac OakleyNot Likely,Not Likely,"Detroit, MI",42.4263°N,83.1262°W,RECIDENCE
Tim Wilkinson,"Jacksonville, Florida",30.3322° N,81.6557° W,419.7930572,Tim WilkinsonNot Likely,Not Likely,"Detroit, MI",42.4263°N,83.1262°W,RECIDENCE
Charlie Reiter,"Palm Desert, California",33.7222° N,116.3745° W,945.8730323,Charlie ReiterNot Likely,Not Likely,"Detroit, MI",42.4263°N,83.1262°W,RECIDENCE
Andrew Kozan,"Palm Beach Gardens, Florida",26.8234° N,80.1387° W,545.5836831,Andrew KozanNot Likely,Not Likely,"Detroit, MI",42.4263°N,83.1262°W,RECIDENCE
Matt Parziale,"Brockton, Massachusetts",42.0834° N,71.0184° W,309.5651848,Matt ParzialeNot Likely,Not Likely,"Detroit, MI",42.4263°N,83.1262°W,RECIDENCE
Mark Anguiano,"El Paso, Texas",31.7619° N,106.4850° W,738.0375788,Mark AnguianoNot Likely,Not Likely,"Detroit, MI",42.4263°N,83.1262°W,RECIDENCE
Taylor Montgomery,"Las Vegas, Nevada",36.1699° N,115.1398° W,877.0873629,Taylor MontgomeryNot Likely,Not Likely,"Detroit, MI",42.4263°N,83.1262°W,RECIDENCE
Evan Brown,"Toronto, Canada",43.6532° N,79.3832° W,103.5661663,Evan BrownNot Likely,Not Likely,"Detroit, MI",42.4263°N,83.1262°W,RECIDENCE
Ben Silverman,"Jupiter, Florida",26.9342° N,80.0942° W,541.9910478,Ben SilvermanNot Likely,Not Likely,"Detroit, MI",42.4263°N,83.1262°W,RECIDENCE
Michael Feagles,"Hinsdale, Illinois",41.8009° N,87.9370° W,125.1498382,Michael FeaglesNot Likely,Not Likely,"Detroit, MI",42.4263°N,83.1262°W,RECIDENCE
Jack Munro,"Toronto, Canada",43.6532° N,79.3832° W,103.5661663,Jack MunroNot Likely,Not Likely,"Detroit, MI",42.4263°N,83.1262°W,RECIDENCE
Josh Whalen,"Toronto, Canada",43.6532° N,79.3832° W,103.5661663,Josh WhalenNot Likely,Not Likely,"Detroit, MI",42.4263°N,83.1262°W,RECIDENCE
Hugo Bernard,"Quebec City, Canada",,,,Hugo BernardNot Likely,Not Likely,"Detroit, MI",42.4263°N,83.1262°W,RECIDENCE
Etienne Brault,"Toronto, Canada",43.6532° N,79.3832° W,103.5661663,Etienne BraultNot Likely,Not Likely,"Detroit, MI",42.4263°N,83.1262°W,RECIDENCE
Robbie Greenwell,"Toronto, Canada",43.6532° N,79.3832° W,103.5661663,Robbie GreenwellNot Likely,Not Likely,"Detroit, MI",42.4263°N,83.1262°W,RECIDENCE
Chris Crawford,"Jacksonville, Florida",30.3322° N,81.6557° W,419.7930572,Chris CrawfordNot Likely,Not Likely,"Detroit, MI",42.4263°N,83.1262°W,RECIDENCE
Braden Bailey,"Waco, Texas",31.5493° N,97.1467° W,537.9593312,Braden BaileyNot Likely,Not Likely,"Detroit, MI",42.4263°N,83.1262°W,RECIDENCE
Pep Angles,"Barcelona, Spain",41.3851° N,2.1734° E,2092.424405,Pep AnglesNot Likely,Not Likely,"Detroit, MI",42.4263°N,83.1262°W,RECIDENCE
Luke Schniederjans,"Dallas, Texas",32.7767° N,96.7970° W,499.9730235,Luke SchniederjansNot Likely,Not Likely,"Detroit, MI",42.4263°N,83.1262°W,RECIDENCE
Albin Choi,"Toronto, Canada",43.6532° N,79.3832° W,103.5661663,Albin ChoiNot Likely,Not Likely,"Detroit, MI",42.4263°N,83.1262°W,RECIDENCE
Trevor Simsby,"Calgary, Canada",51.0447° N,114.0719° W,783.6514693,Trevor SimsbyNot Likely,Not Likely,"Detroit, MI",42.4263°N,83.1262°W,RECIDENCE
Martin Piller,"Dallas, Texas",32.7767° N,96.7970° W,499.9730235,Martin PillerNot Likely,Not Likely,"Detroit, MI",42.4263°N,83.1262°W,RECIDENCE
James Piot,"Canton, Michigan",42.3086° N,83.4821° W,9.952736731,James PiotExtremely Likely,Extremely Likely,"Detroit, MI",42.4263°N,83.1262°W,RECIDENCE
P.J. Maybank,"Cheboygan, Michigan",45.6469° N,84.4745° W,116.1871179,P.J. MaybankNot Likely,Not Likely,"Detroit, MI",42.4263°N,83.1262°W,RECIDENCE
John Pak,"Scotch Plains, New Jersey",40.6554° N,74.3899° W,233.9178679,John PakNot Likely,Not Likely,"Detroit, MI",42.4263°N,83.1262°W,RECIDENCE
Scott Stevens,"Toronto, Canada",43.6532° N,79.3832° W,103.5661663,Scott StevensNot Likely,Not Likely,"Detroit, MI",42.4263°N,83.1262°W,RECIDENCE
Tyler McCumber,"Ponte Vedra Beach, Florida",30.2397° N,81.3853° W,423.7622046,Tyler McCumberNot Likely,Not Likely,"Detroit, MI",42.4263°N,83.1262°W,RECIDENCE
Chris Naegel,"Chesterfield, Missouri",38.6631° N,90.5771° W,234.7247739,Chris NaegelNot Likely,Not Likely,"Detroit, MI",42.4263°N,83.1262°W,RECIDENCE
Brent Grant,"Sacramento, California",38.5816° N,121.4944° W,1007.912474,Brent GrantNot Likely,Not Likely,"Detroit, MI",42.4263°N,83.1262°W,RECIDENCE
Brian Stuard,"Jackson, Michigan",42.2459° N,84.4013° W,33.15345796,Brian StuardLikely,Likely,"Detroit, MI",42.4263°N,83.1262°W,RECIDENCE
Michael Sims,"Toronto, Canada",43.6532° N,79.3832° W,103.5661663,Michael SimsNot Likely,Not Likely,"Detroit, MI",42.4263°N,83.1262°W,RECIDENCE
Aaron Beverly,"Sacramento, California",38.5816° N,121.4944° W,1007.912474,Aaron BeverlyNot Likely,Not Likely,"Detroit, MI",42.4263°N,83.1262°W,RECIDENCE
Matt Marshall,"Toronto, Canada",43.6532° N,79.3832° W,103.5661663,Matt MarshallNot Likely,Not Likely,"Detroit, MI",42.4263°N,83.1262°W,RECIDENCE
Johnny Ruiz,"Toronto, Canada",43.6532° N,79.3832° W,103.5661663,Johnny RuizNot Likely,Not Likely,"Detroit, MI",42.4263°N,83.1262°W,RECIDENCE
Anders Albertson,"Woodstock, Georgia",34.1015° N,84.5194° W,290.0570488,Anders AlbertsonNot Likely,Not Likely,"Detroit, MI",42.4263°N,83.1262°W,RECIDENCE
Danielle Kang,"Las Vegas, Nevada",36.1699° N,115.1398° W,877.0873629,Danielle KangNot Likely,Not Likely,"Detroit, MI",42.4263°N,83.1262°W,RECIDENCE
Evan Bowser,"Toronto, Canada",43.6532° N,79.3832° W,103.5661663,Evan BowserNot Likely,Not Likely,"Detroit, MI",42.4263°N,83.1262°W,RECIDENCE
Zac Oakley,"Toronto, Canada",43.6532° N,79.3832° W,103.5661663,Zac OakleyNot Likely,Not Likely,"Detroit, MI",42.4263°N,83.1262°W,RECIDENCE
Tim Wilkinson,"Jacksonville, Florida",30.3322° N,81.6557° W,419.7930572,Tim WilkinsonNot Likely,Not Likely,"Detroit, MI",42.4263°N,83.1262°W,RECIDENCE
Charlie Reiter,"Palm Desert, California",33.7222° N,116.3745° W,945.8730323,Charlie ReiterNot Likely,Not Likely,"Detroit, MI",42.4263°N,83.1262°W,RECIDENCE
Andrew Kozan,"Palm Beach Gardens, Florida",26.8234° N,80.1387° W,545.5836831,Andrew KozanNot Likely,Not Likely,"Detroit, MI",42.4263°N,83.1262°W,RECIDENCE
Matt Parziale,"Brockton, Massachusetts",42.0834° N,71.0184° W,309.5651848,Matt ParzialeNot Likely,Not Likely,"Detroit, MI",42.4263°N,83.1262°W,RECIDENCE
Mark Anguiano,"El Paso, Texas",31.7619° N,106.4850° W,738.0375788,Mark AnguianoNot Likely,Not Likely,"Detroit, MI",42.4263°N,83.1262°W,RECIDENCE
Taylor Montgomery,"Las Vegas, Nevada",36.1699° N,115.1398° W,877.0873629,Taylor MontgomeryNot Likely,Not Likely,"Detroit, MI",42.4263°N,83.1262°W,RECIDENCE
Evan Brown,"Toronto, Canada",43.6532° N,79.3832° W,103.5661663,Evan BrownNot Likely,Not Likely,"Detroit, MI",42.4263°N,83.1262°W,RECIDENCE
Ben Silverman,"Jupiter, Florida",26.9342° N,80.0942° W,541.9910478,Ben SilvermanNot Likely,Not Likely,"Detroit, MI",42.4263°N,83.1262°W,RECIDENCE
Michael Feagles,"Hinsdale, Illinois",41.8009° N,87.9370° W,125.1498382,Michael FeaglesNot Likely,Not Likely,"Detroit, MI",42.4263°N,83.1262°W,RECIDENCE
Jack Munro,"Toronto, Canada",43.6532° N,79.3832° W,103.5661663,Jack MunroNot Likely,Not Likely,"Detroit, MI",42.4263°N,83.1262°W,RECIDENCE
Josh Whalen,"Toronto, Canada",43.6532° N,79.3832° W,103.5661663,Josh WhalenNot Likely,Not Likely,"Detroit, MI",42.4263°N,83.1262°W,RECIDENCE
Hugo Bernard,"Quebec City, Canada",,,,Hugo BernardNot Likely,Not Likely,"Detroit, MI",42.4263°N,83.1262°W,RECIDENCE
Etienne Brault,"Toronto, Canada",43.6532° N,79.3832° W,103.5661663,Etienne BraultNot Likely,Not Likely,"Detroit, MI",42.4263°N,83.1262°W,RECIDENCE
Robbie Greenwell,"Toronto, Canada",43.6532° N,79.3832° W,103.5661663,Robbie GreenwellNot Likely,Not Likely,"Detroit, MI",42.4263°N,83.1262°W,RECIDENCE
Chris Crawford,"Jacksonville, Florida",30.3322° N,81.6557° W,419.7930572,Chris CrawfordNot Likely,Not Likely,"Detroit, MI",42.4263°N,83.1262°W,RECIDENCE
Braden Bailey,"Waco, Texas",31.5493° N,97.1467° W,537.9593312,Braden BaileyNot Likely,Not Likely,"Detroit, MI",42.4263°N,83.1262°W,RECIDENCE
Pep Angles,"Barcelona, Spain",41.3851° N,2.1734° E,2092.424405,Pep AnglesNot Likely,Not Likely,"Detroit, MI",42.4263°N,83.1262°W,RECIDENCE
Luke Schniederjans,"Dallas, Texas",32.7767° N,96.7970° W,499.9730235,Luke SchniederjansNot Likely,Not Likely,"Detroit, MI",42.4263°N,83.1262°W,RECIDENCE
Albin Choi,"Toronto, Canada",43.6532° N,79.3832° W,103.5661663,Albin ChoiNot Likely,Not Likely,"Detroit, MI",42.4263°N,83.1262°W,RECIDENCE
Trevor Simsby,"Calgary, Canada",51.0447° N,114.0719° W,783.6514693,Trevor SimsbyNot Likely,Not Likely,"Detroit, MI",42.4263°N,83.1262°W,RECIDENCE
Martin Piller,"Dallas, Texas",32.7767° N,96.7970° W,499.9730235,Martin PillerNot Likely,Not Likely,"Detroit, MI",42.4263°N,83.1262°W,RECIDENCE
,,,,,Not Likely,Not Likely,"Detroit, MI",42.4263°N,83.1262°W,RECIDENCE
James Piot,"Canton, Michigan",42.3086° N,83.4821° W,9.952736731,James PiotExtremely Likely,Extremely Likely,"Detroit, MI",42.4263°N,83.1262°W,RECIDENCE
P.J. Maybank,"Cheboygan, Michigan",45.6469° N,84.4745° W,116.1871179,P.J. MaybankNot Likely,Not Likely,"Detroit, MI",42.4263°N,83.1262°W,RECIDENCE
John Pak,"Scotch Plains, New Jersey",40.6554° N,74.3899° W,233.9178679,John PakNot Likely,Not Likely,"Detroit, MI",42.4263°N,83.1262°W,RECIDENCE
Scott Stevens,"Toronto, Canada",43.6532° N,79.3832° W,103.5661663,Scott StevensNot Likely,Not Likely,"Detroit, MI",42.4263°N,83.1262°W,RECIDENCE
Tyler McCumber,"Ponte Vedra Beach, Florida",30.2397° N,81.3853° W,423.7622046,Tyler McCumberNot Likely,Not Likely,"Detroit, MI",42.4263°N,83.1262°W,RECIDENCE
Chris Naegel,"Chesterfield, Missouri",38.6631° N,90.5771° W,234.7247739,Chris NaegelNot Likely,Not Likely,"Detroit, MI",42.4263°N,83.1262°W,RECIDENCE
Brent Grant,"Sacramento, California",38.5816° N,121.4944° W,1007.912474,Brent GrantNot Likely,Not Likely,"Detroit, MI",42.4263°N,83.1262°W,RECIDENCE
Brian Stuard,"Jackson, Michigan",42.2459° N,84.4013° W,33.15345796,Brian StuardLikely,Likely,"Detroit, MI",42.4263°N,83.1262°W,RECIDENCE
Michael Sims,"Toronto, Canada",43.6532° N,79.3832° W,103.5661663,Michael SimsNot Likely,Not Likely,"Detroit, MI",42.4263°N,83.1262°W,RECIDENCE
Aaron Beverly,"Sacramento, California",38.5816° N,121.4944° W,1007.912474,Aaron BeverlyNot Likely,Not Likely,"Detroit, MI",42.4263°N,83.1262°W,RECIDENCE
Matt Marshall,"Toronto, Canada",43.6532° N,79.3832° W,103.5661663,Matt MarshallNot Likely,Not Likely,"Detroit, MI",42.4263°N,83.1262°W,RECIDENCE
Johnny Ruiz,"Toronto, Canada",43.6532° N,79.3832° W,103.5661663,Johnny RuizNot Likely,Not Likely,"Detroit, MI",42.4263°N,83.1262°W,RECIDENCE
Anders Albertson,"Woodstock, Georgia",34.1015° N,84.5194° W,290.0570488,Anders AlbertsonNot Likely,Not Likely,"Detroit, MI",42.4263°N,83.1262°W,RECIDENCE
Danielle Kang,"Las Vegas, Nevada",36.1699° N,115.1398° W,877.0873629,Danielle KangNot Likely,Not Likely,"Detroit, MI",42.4263°N,83.1262°W,RECIDENCE
Evan Bowser,"Toronto, Canada",43.6532° N,79.3832° W,103.5661663,Evan BowserNot Likely,Not Likely,"Detroit, MI",42.4263°N,83.1262°W,RECIDENCE
Zac Oakley,"Toronto, Canada",43.6532° N,79.3832° W,103.5661663,Zac OakleyNot Likely,Not Likely,"Detroit, MI",42.4263°N,83.1262°W,RECIDENCE
Tim Wilkinson,"Jacksonville, Florida",30.3322° N,81.6557° W,419.7930572,Tim WilkinsonNot Likely,Not Likely,"Detroit, MI",42.4263°N,83.1262°W,RECIDENCE
Charlie Reiter,"Palm Desert, California",33.7222° N,116.3745° W,945.8730323,Charlie ReiterNot Likely,Not Likely,"Detroit, MI",42.4263°N,83.1262°W,RECIDENCE
Andrew Kozan,"Palm Beach Gardens, Florida",26.8234° N,80.1387° W,545.5836831,Andrew KozanNot Likely,Not Likely,"Detroit, MI",42.4263°N,83.1262°W,RECIDENCE
Matt Parziale,"Brockton, Massachusetts",42.0834° N,71.0184° W,309.5651848,Matt ParzialeNot Likely,Not Likely,"Detroit, MI",42.4263°N,83.1262°W,RECIDENCE
Mark Anguiano,"El Paso, Texas",31.7619° N,106.4850° W,738.0375788,Mark AnguianoNot Likely,Not Likely,"Detroit, MI",42.4263°N,83.1262°W,RECIDENCE
Taylor Montgomery,"Las Vegas, Nevada",36.1699° N,115.1398° W,877.0873629,Taylor MontgomeryNot Likely,Not Likely,"Detroit, MI",42.4263°N,83.1262°W,RECIDENCE
Evan Brown,"Toronto, Canada",43.6532° N,79.3832° W,103.5661663,Evan BrownNot Likely,Not Likely,"Detroit, MI",42.4263°N,83.1262°W,RECIDENCE
Ben Silverman,"Jupiter, Florida",26.9342° N,80.0942° W,541.9910478,Ben SilvermanNot Likely,Not Likely,"Detroit, MI",42.4263°N,83.1262°W,RECIDENCE
Michael Feagles,"Hinsdale, Illinois",41.8009° N,87.9370° W,125.1498382,Michael FeaglesNot Likely,Not Likely,"Detroit, MI",42.4263°N,83.1262°W,RECIDENCE
Jack Munro,"Toronto, Canada",43.6532° N,79.3832° W,103.5661663,Jack MunroNot Likely,Not Likely,"Detroit, MI",42.4263°N,83.1262°W,RECIDENCE
Josh Whalen,"Toronto, Canada",43.6532° N,79.3832° W,103.5661663,Josh WhalenNot Likely,Not Likely,"Detroit, MI",42.4263°N,83.1262°W,RECIDENCE
Hugo Bernard,"Quebec City, Canada",,,,Hugo BernardNot Likely,Not Likely,"Detroit, MI",42.4263°N,83.1262°W,RECIDENCE
Etienne Brault,"Toronto, Canada",43.6532° N,79.3832° W,103.5661663,Etienne BraultNot Likely,Not Likely,"Detroit, MI",42.4263°N,83.1262°W,RECIDENCE
Robbie Greenwell,"Toronto, Canada",43.6532° N,79.3832° W,103.5661663,Robbie GreenwellNot Likely,Not Likely,"Detroit, MI",42.4263°N,83.1262°W,RECIDENCE
Chris Crawford,"Jacksonville, Florida",30.3322° N,81.6557° W,419.7930572,Chris CrawfordNot Likely,Not Likely,"Detroit, MI",42.4263°N,83.1262°W,RECIDENCE
Braden Bailey,"Waco, Texas",31.5493° N,97.1467° W,537.9593312,Braden BaileyNot Likely,Not Likely,"Detroit, MI",42.4263°N,83.1262°W,RECIDENCE
Pep Angles,"Barcelona, Spain",41.3851° N,2.1734° E,2092.424405,Pep AnglesNot Likely,Not Likely,"Detroit, MI",42.4263°N,83.1262°W,RECIDENCE
Luke Schniederjans,"Dallas, Texas",32.7767° N,96.7970° W,499.9730235,Luke SchniederjansNot Likely,Not Likely,"Detroit, MI",42.4263°N,83.1262°W,RECIDENCE
Albin Choi,"Toronto, Canada",43.6532° N,79.3832° W,103.5661663,Albin ChoiNot Likely,Not Likely,"Detroit, MI",42.4263°N,83.1262°W,RECIDENCE
Trevor Simsby,"Calgary, Canada",51.0447° N,114.0719° W,783.6514693,Trevor SimsbyNot Likely,Not Likely,"Detroit, MI",42.4263°N,83.1262°W,RECIDENCE
Martin Piller,"Dallas, Texas",32.7767° N,96.7970° W,499.9730235,Martin PillerNot Likely,Not Likely,"Detroit, MI",42.4263°N,83.1262°W,RECIDENCE
James Piot,"Canton, Michigan",42.3086° N,83.4821° W,9.952736731,James PiotExtremely Likely,Extremely Likely,"Detroit, MI",42.4263°N,83.1262°W,RECIDENCE
P.J. Maybank,"Cheboygan, Michigan",45.6469° N,84.4745° W,116.1871179,P.J. MaybankNot Likely,Not Likely,"Detroit, MI",42.4263°N,83.1262°W,RECIDENCE
John Pak,"Scotch Plains, New Jersey",40.6554° N,74.3899° W,233.9178679,John PakNot Likely,Not Likely,"Detroit, MI",42.4263°N,83.1262°W,RECIDENCE
Scott Stevens,"Toronto, Canada",43.6532° N,79.3832° W,103.5661663,Scott StevensNot Likely,Not Likely,"Detroit, MI",42.4263°N,83.1262°W,RECIDENCE
Tyler McCumber,"Ponte Vedra Beach, Florida",30.2397° N,81.3853° W,423.7622046,Tyler McCumberNot Likely,Not Likely,"Detroit, MI",42.4263°N,83.1262°W,RECIDENCE
Chris Naegel,"Chesterfield, Missouri",38.6631° N,90.5771° W,234.7247739,Chris NaegelNot Likely,Not Likely,"Detroit, MI",42.4263°N,83.1262°W,RECIDENCE
Brent Grant,"Sacramento, California",38.5816° N,121.4944° W,1007.912474,Brent GrantNot Likely,Not Likely,"Detroit, MI",42.4263°N,83.1262°W,RECIDENCE
Brian Stuard,"Jackson, Michigan",42.2459° N,84.4013° W,33.15345796,Brian StuardLikely,Likely,"Detroit, MI",42.4263°N,83.1262°W,RECIDENCE
Michael Sims,"Toronto, Canada",43.6532° N,79.3832° W,103.5661663,Michael SimsNot Likely,Not Likely,"Detroit, MI",42.4263°N,83.1262°W,RECIDENCE
Aaron Beverly,"Sacramento, California",38.5816° N,121.4944° W,1007.912474,Aaron BeverlyNot Likely,Not Likely,"Detroit, MI",42.4263°N,83.1262°W,RECIDENCE
Matt Marshall,"Toronto, Canada",43.6532° N,79.3832° W,103.5661663,Matt MarshallNot Likely,Not Likely,"Detroit, MI",42.4263°N,83.1262°W,RECIDENCE
Johnny Ruiz,"Toronto, Canada",43.6532° N,79.3832° W,103.5661663,Johnny RuizNot Likely,Not Likely,"Detroit, MI",42.4263°N,83.1262°W,RECIDENCE
Anders Albertson,"Woodstock, Georgia",34.1015° N,84.5194° W,290.0570488,Anders AlbertsonNot Likely,Not Likely,"Detroit, MI",42.4263°N,83.1262°W,RECIDENCE
Danielle Kang,"Las Vegas, Nevada",36.1699° N,115.1398° W,877.0873629,Danielle KangNot Likely,Not Likely,"Detroit, MI",42.4263°N,83.1262°W,RECIDENCE
Evan Bowser,"Toronto, Canada",43.6532° N,79.3832° W,103.5661663,Evan BowserNot Likely,Not Likely,"Detroit, MI",42.4263°N,83.1262°W,RECIDENCE
Zac Oakley,"Toronto, Canada",43.6532° N,79.3832° W,103.5661663,Zac OakleyNot Likely,Not Likely,"Detroit, MI",42.4263°N,83.1262°W,RECIDENCE
Tim Wilkinson,"Jacksonville, Florida",30.3322° N,81.6557° W,419.7930572,Tim WilkinsonNot Likely,Not Likely,"Detroit, MI",42.4263°N,83.1262°W,RECIDENCE
Charlie Reiter,"Palm Desert, California",33.7222° N,116.3745° W,945.8730323,Charlie ReiterNot Likely,Not Likely,"Detroit, MI",42.4263°N,83.1262°W,RECIDENCE
Andrew Kozan,"Palm Beach Gardens, Florida",26.8234° N,80.1387° W,545.5836831,Andrew KozanNot Likely,Not Likely,"Detroit, MI",42.4263°N,83.1262°W,RECIDENCE
Matt Parziale,"Brockton, Massachusetts",42.0834° N,71.0184° W,309.5651848,Matt ParzialeNot Likely,Not Likely,"Detroit, MI",42.4263°N,83.1262°W,RECIDENCE
Mark Anguiano,"El Paso, Texas",31.7619° N,106.4850° W,738.0375788,Mark AnguianoNot Likely,Not Likely,"Detroit, MI",42.4263°N,83.1262°W,RECIDENCE
Taylor Montgomery,"Las Vegas, Nevada",36.1699° N,115.1398° W,877.0873629,Taylor MontgomeryNot Likely,Not Likely,"Detroit, MI",42.4263°N,83.1262°W,RECIDENCE
Evan Brown,"Toronto, Canada",43.6532° N,79.3832° W,103.5661663,Evan BrownNot Likely,Not Likely,"Detroit, MI",42.4263°N,83.1262°W,RECIDENCE
Ben Silverman,"Jupiter, Florida",26.9342° N,80.0942° W,541.9910478,Ben SilvermanNot Likely,Not Likely,"Detroit, MI",42.4263°N,83.1262°W,RECIDENCE
Michael Feagles,"Hinsdale, Illinois",41.8009° N,87.9370° W,125.1498382,Michael FeaglesNot Likely,Not Likely,"Detroit, MI",42.4263°N,83.1262°W,RECIDENCE
Jack Munro,"Toronto, Canada",43.6532° N,79.3832° W,103.5661663,Jack MunroNot Likely,Not Likely,"Detroit, MI",42.4263°N,83.1262°W,RECIDENCE
Josh Whalen,"Toronto, Canada",43.6532° N,79.3832° W,103.5661663,Josh WhalenNot Likely,Not Likely,"Detroit, MI",42.4263°N,83.1262°W,RECIDENCE
Hugo Bernard,"Quebec City, Canada",,,,Hugo BernardNot Likely,Not Likely,"Detroit, MI",42.4263°N,83.1262°W,RECIDENCE
Etienne Brault,"Toronto, Canada",43.6532° N,79.3832° W,103.5661663,Etienne BraultNot Likely,Not Likely,"Detroit, MI",42.4263°N,83.1262°W,RECIDENCE
Robbie Greenwell,"Toronto, Canada",43.6532° N,79.3832° W,103.5661663,Robbie GreenwellNot Likely,Not Likely,"Detroit, MI",42.4263°N,83.1262°W,RECIDENCE
Chris Crawford,"Jacksonville, Florida",30.3322° N,81.6557° W,419.7930572,Chris CrawfordNot Likely,Not Likely,"Detroit, MI",42.4263°N,83.1262°W,RECIDENCE
Braden Bailey,"Waco, Texas",31.5493° N,97.1467° W,537.9593312,Braden BaileyNot Likely,Not Likely,"Detroit, MI",42.4263°N,83.1262°W,RECIDENCE
Pep Angles,"Barcelona, Spain",41.3851° N,2.1734° E,2092.424405,Pep AnglesNot Likely,Not Likely,"Detroit, MI",42.4263°N,83.1262°W,RECIDENCE
Luke Schniederjans,"Dallas, Texas",32.7767° N,96.7970° W,499.9730235,Luke SchniederjansNot Likely,Not Likely,"Detroit, MI",42.4263°N,83.1262°W,RECIDENCE
Albin Choi,"Toronto, Canada",43.6532° N,79.3832° W,103.5661663,Albin ChoiNot Likely,Not Likely,"Detroit, MI",42.4263°N,83.1262°W,RECIDENCE
Trevor Simsby,"Calgary, Canada",51.0447° N,114.0719° W,783.6514693,Trevor SimsbyNot Likely,Not Likely,"Detroit, MI",42.4263°N,83.1262°W,RECIDENCE
Martin Piller,"Dallas, Texas",32.7767° N,96.7970° W,499.9730235,Martin PillerNot Likely,Not Likely,"Detroit, MI",42.4263°N,83.1262°W,RECIDENCE
James Piot,"Canton, Michigan",42.3086° N,83.4821° W,9.952736731,James PiotExtremely Likely,Extremely Likely,"Detroit, MI",42.4263°N,83.1262°W,RECIDENCE
P.J. Maybank,"Cheboygan, Michigan",45.6469° N,84.4745° W,116.1871179,P.J. MaybankNot Likely,Not Likely,"Detroit, MI",42.4263°N,83.1262°W,RECIDENCE
John Pak,"Scotch Plains, New Jersey",40.6554° N,74.3899° W,233.9178679,John PakNot Likely,Not Likely,"Detroit, MI",42.4263°N,83.1262°W,RECIDENCE
Scott Stevens,"Toronto, Canada",43.6532° N,79.3832° W,103.5661663,Scott StevensNot Likely,Not Likely,"Detroit, MI",42.4263°N,83.1262°W,RECIDENCE
Tyler McCumber,"Ponte Vedra Beach, Florida",30.2397° N,81.3853° W,423.7622046,Tyler McCumberNot Likely,Not Likely,"Detroit, MI",42.4263°N,83.1262°W,RECIDENCE
Chris Naegel,"Chesterfield, Missouri",38.6631° N,90.5771° W,234.7247739,Chris NaegelNot Likely,Not Likely,"Detroit, MI",42.4263°N,83.1262°W,RECIDENCE
Brent Grant,"Sacramento, California",38.5816° N,121.4944° W,1007.912474,Brent GrantNot Likely,Not Likely,"Detroit, MI",42.4263°N,83.1262°W,RECIDENCE
Brian Stuard,"Jackson, Michigan",42.2459° N,84.4013° W,33.15345796,Brian StuardLikely,Likely,"Detroit, MI",42.4263°N,83.1262°W,RECIDENCE
Michael Sims,"Toronto, Canada",43.6532° N,79.3832° W,103.5661663,Michael SimsNot Likely,Not Likely,"Detroit, MI",42.4263°N,83.1262°W,RECIDENCE
Aaron Beverly,"Sacramento, California",38.5816° N,121.4944° W,1007.912474,Aaron BeverlyNot Likely,Not Likely,"Detroit, MI",42.4263°N,83.1262°W,RECIDENCE
Matt Marshall,"Toronto, Canada",43.6532° N,79.3832° W,103.5661663,Matt MarshallNot Likely,Not Likely,"Detroit, MI",42.4263°N,83.1262°W,RECIDENCE
Johnny Ruiz,"Toronto, Canada",43.6532° N,79.3832° W,103.5661663,Johnny RuizNot Likely,Not Likely,"Detroit, MI",42.4263°N,83.1262°W,RECIDENCE
Anders Albertson,"Woodstock, Georgia",34.1015° N,84.5194° W,290.0570488,Anders AlbertsonNot Likely,Not Likely,"Detroit, MI",42.4263°N,83.1262°W,RECIDENCE
Danielle Kang,"Las Vegas, Nevada",36.1699° N,115.1398° W,877.0873629,Danielle KangNot Likely,Not Likely,"Detroit, MI",42.4263°N,83.1262°W,RECIDENCE
Evan Bowser,"Toronto, Canada",43.6532° N,79.3832° W,103.5661663,Evan BowserNot Likely,Not Likely,"Detroit, MI",42.4263°N,83.1262°W,RECIDENCE
Zac Oakley,"Toronto, Canada",43.6532° N,79.3832° W,103.5661663,Zac OakleyNot Likely,Not Likely,"Detroit, MI",42.4263°N,83.1262°W,RECIDENCE
Tim Wilkinson,"Jacksonville, Florida",30.3322° N,81.6557° W,419.7930572,Tim WilkinsonNot Likely,Not Likely,"Detroit, MI",42.4263°N,83.1262°W,RECIDENCE
Charlie Reiter,"Palm Desert, California",33.7222° N,116.3745° W,945.8730323,Charlie ReiterNot Likely,Not Likely,"Detroit, MI",42.4263°N,83.1262°W,RECIDENCE
Andrew Kozan,"Palm Beach Gardens, Florida",26.8234° N,80.1387° W,545.5836831,Andrew KozanNot Likely,Not Likely,"Detroit, MI",42.4263°N,83.1262°W,RECIDENCE
Matt Parziale,"Brockton, Massachusetts",42.0834° N,71.0184° W,309.5651848,Matt ParzialeNot Likely,Not Likely,"Detroit, MI",42.4263°N,83.1262°W,RECIDENCE
Mark Anguiano,"El Paso, Texas",31.7619° N,106.4850° W,738.0375788,Mark AnguianoNot Likely,Not Likely,"Detroit, MI",42.4263°N,83.1262°W,RECIDENCE
Taylor Montgomery,"Las Vegas, Nevada",36.1699° N,115.1398° W,877.0873629,Taylor MontgomeryNot Likely,Not Likely,"Detroit, MI",42.4263°N,83.1262°W,RECIDENCE
,,,,,Not Likely,Not Likely,"Detroit, MI",42.4263°N,83.1262°W,RECIDENCE
Ben Warian,"Hill City, Minnesota",46.9933° N,93.5985° W,301.2841486,Ben WarianNot Likely,Not Likely,"Detroit, MI",42.4263°N,83.1262°W,RECIDENCE
Alejandro Tosti,"Rosario, Argentina",32.9587° S,60.6930° W,2699.643069,Alejandro TostiNot Likely,Not Likely,"Detroit, MI",42.4263°N,83.1262°W,RECIDENCE
Tim Widing,"Stockholm, Sweden",59.3293° N,18.0686° E,2056.403992,Tim WidingNot Likely,Not Likely,"Detroit, MI",42.4263°N,83.1262°W,RECIDENCE
Evan Beck,"Wilmington, North Carolina",34.2257° N,77.9447° W,316.0392427,Evan BeckNot Likely,Not Likely,"Detroit, MI",42.4263°N,83.1262°W,RECIDENCE
Matt McCarty,"Scottsdale, Arizona",33.4942° N,111.9261° W,837.9126407,Matt McCartyNot Likely,Not Likely,"Detroit, MI",42.4263°N,83.1262°W,RECIDENCE
Rafael Campos,"San Juan, Puerto Rico",18.4655° N,66.1057° W,966.4325132,Rafael CamposNot Likely,Not Likely,"Detroit, MI",42.4263°N,83.1262°W,RECIDENCE
Pontus Widegren,"Stockholm, Sweden",59.3293° N,18.0686° E,2056.403992,Pontus WidegrenNot Likely,Not Likely,"Detroit, MI",42.4263°N,83.1262°W,RECIDENCE
Matt Gilchrest,"Raleigh, North Carolina",35.7796° N,78.6382° W,259.1376517,Matt GilchrestNot Likely,Not Likely,"Detroit, MI",42.4263°N,83.1262°W,RECIDENCE
Chase Seiffert,"Panama City, Florida",30.1588° N,85.6602° W,429.5810456,Chase SeiffertNot Likely,Not Likely,"Detroit, MI",42.4263°N,83.1262°W,RECIDENCE
David Gazzolo,"Crystal Lake, Illinois",42.2411° N,88.3162° W,132.677843,David GazzoloNot Likely,Not Likely,"Detroit, MI",42.4263°N,83.1262°W,RECIDENCE
Julien Brun,"Nice, France",43.7102° N,7.2620° E,2157.358052,Julien BrunNot Likely,Not Likely,"Detroit, MI",42.4263°N,83.1262°W,RECIDENCE
Turk Pettit,"Conway, South Carolina",33.8360° N,79.0478° W,316.6822493,Turk PettitNot Likely,Not Likely,"Detroit, MI",42.4263°N,83.1262°W,RECIDENCE
Gregor Main,"Dublin, California",37.7022° N,121.9358° W,1029.881089,Gregor MainNot Likely,Not Likely,"Detroit, MI",42.4263°N,83.1262°W,RECIDENCE
Joey Lane,"Nashville, Tennessee",36.1627° N,86.7816° W,237.3720848,Joey LaneNot Likely,Not Likely,"Detroit, MI",42.4263°N,83.1262°W,RECIDENCE
Hugo Townsend,"Stockholm, Sweden",59.3293° N,18.0686° E,2056.403992,Hugo TownsendNot Likely,Not Likely,"Detroit, MI",42.4263°N,83.1262°W,RECIDENCE
Will Zalatoris,"Dallas, Texas",32.7767° N,96.7970° W,499.9730235,Will ZalatorisNot Likely,Not Likely,"Detroit, MI",42.4263°N,83.1262°W,RECIDENCE
Pedro Figueiredo,"Lisbon, Portugal",38.7223° N,9.1393° W,1882.375721,Pedro FigueiredoNot Likely,Not Likely,"Detroit, MI",42.4263°N,83.1262°W,RECIDENCE
Cole Miller,"Allentown, Pennsylvania",40.6023° N,75.4714° W,207.714206,Cole MillerNot Likely,Not Likely,"Detroit, MI",42.4263°N,83.1262°W,RECIDENCE
Tom Lovelady,"Birmingham, Alabama",33.5207° N,86.8025° W,323.4518885,Tom LoveladyNot Likely,Not Likely,"Detroit, MI",42.4263°N,83.1262°W,RECIDENCE
Greyson Sigg,"Augusta, Georgia",33.4735° N,82.0105° W,310.7740371,Greyson SiggNot Likely,Not Likely,"Detroit, MI",42.4263°N,83.1262°W,RECIDENCE
Will Grimmer,"Cincinnati, Ohio",39.1031° N,84.5120° W,120.3918789,Will GrimmerNot Likely,Not Likely,"Detroit, MI",42.4263°N,83.1262°W,RECIDENCE
Hugo Bernard,"Montreal, Canada",,,,Hugo BernardNot Likely,Not Likely,"Detroit, MI",42.4263°N,83.1262°W,RECIDENCE
Ben Griffin,"Chapel Hill, North Carolina",35.9132° N,79.0558° W,249.9475621,Ben GriffinNot Likely,Not Likely,"Detroit, MI",42.4263°N,83.1262°W,RECIDENCE
Kevin Dougherty,"Tulsa, Oklahoma",36.1540° N,95.9928° W,405.8942492,Kevin DoughertyNot Likely,Not Likely,"Detroit, MI",42.4263°N,83.1262°W,RECIDENCE
Scott Gutschewski,"Omaha, Nebraska",41.2565° N,95.9345° W,331.7963529,Scott GutschewskiNot Likely,Not Likely,"Detroit, MI",42.4263°N,83.1262°W,RECIDENCE
Dylan Meyer,"Evansville, Indiana",37.9716° N,87.5711° W,193.4327786,Dylan MeyerNot Likely,Not Likely,"Detroit, MI",42.4263°N,83.1262°W,RECIDENCE
Michael Perras,"Houston, Texas",29.7604° N,95.3698° W,553.9822431,Michael PerrasNot Likely,Not Likely,"Detroit, MI",42.4263°N,83.1262°W,RECIDENCE
Ben Taylor,"Leatherhead, England",51.2967° N,0.3290° W,1873.916412,Ben TaylorNot Likely,Not Likely,"Detroit, MI",42.4263°N,83.1262°W,RECIDENCE
Ryan Ruffels,"Melbourne, Australia",37.8136° S,144.9631° E,4955.121986,Ryan RuffelsNot Likely,Not Likely,"Detroit, MI",42.4263°N,83.1262°W,RECIDENCE
Will Cannon,"Birmingham, Alabama",33.5207° N,86.8025° W,323.4518885,Will CannonNot Likely,Not Likely,"Detroit, MI",42.4263°N,83.1262°W,RECIDENCE
Nick Voke,"Auckland, New Zealand",36.8485° S,174.7633° E,4211.444978,Nick VokeNot Likely,Not Likely,"Detroit, MI",42.4263°N,83.1262°W,RECIDENCE
Austin Squires,"Cincinnati, Ohio",39.1031° N,84.5120° W,120.3918789,Austin SquiresNot Likely,Not Likely,"Detroit, MI",42.4263°N,83.1262°W,RECIDENCE
Evan Katz,"Durham, North Carolina",35.9940° N,78.8986° W,249.2871173,Evan KatzNot Likely,Not Likely,"Detroit, MI",42.4263°N,83.1262°W,RECIDENCE
Derek Ernst,"Clovis, California",36.8252° N,119.7029° W,984.4083439,Derek ErnstNot Likely,Not Likely,"Detroit, MI",42.4263°N,83.1262°W,RECIDENCE
Jonathan Byrd,"Sea Island, Georgia",31.1836° N,81.3498° W,391.4712913,Jonathan ByrdNot Likely,Not Likely,"Detroit, MI",42.4263°N,83.1262°W,RECIDENCE
George Cunningham,"Tucson, Arizona",32.2226° N,110.9747° W,837.27907,George CunninghamNot Likely,Not Likely,"Detroit, MI",42.4263°N,83.1262°W,RECIDENCE
Josh Hart,"Richmond, Virginia",37.5407° N,77.4360° W,226.10875,Josh HartNot Likely,Not Likely,"Detroit, MI",42.4263°N,83.1262°W,RECIDENCE
Matt Hill,"Brighton, Michigan",42.5295° N,83.7802° W,17.04084237,Matt HillVery Likely,Very Likely,"Detroit, MI",42.4263°N,83.1262°W,RECIDENCE
Ryan Sullivan,"Winston-Salem, North Carolina",36.0999° N,80.2442° W,231.7145804,Ryan SullivanNot Likely,Not Likely,"Detroit, MI",42.4263°N,83.1262°W,RECIDENCE
Sean Kelly,"Bradenton, Florida",27.4989° N,82.5748° W,515.9305254,Sean KellyNot Likely,Not Likely,"Detroit, MI",42.4263°N,83.1262°W,RECIDENCE
Eric Cole,"Tequesta, Florida",26.9683° N,80.1287° W,540.672517,Eric ColeNot Likely,Not Likely,"Detroit, MI",42.4263°N,83.1262°W,RECIDENCE
Brandon Matthews,"Pittston, Pennsylvania",41.3259° N,75.7894° W,192.4519722,Brandon MatthewsNot Likely,Not Likely,"Detroit, MI",42.4263°N,83.1262°W,RECIDENCE
Tom Whitney,"Fort Collins, Colorado",40.5853° N,105.0844° W,570.0390718,Tom WhitneyNot Likely,Not Likely,"Detroit, MI",42.4263°N,83.1262°W,RECIDENCE
Scott Harrington,"Scottsdale, Arizona",33.4942° N,111.9261° W,837.9126407,Scott HarringtonNot Likely,Not Likely,"Detroit, MI",42.4263°N,83.1262°W,RECIDENCE
Michael Visacki,"Sarasota, Florida",27.3364° N,82.5307° W,521.5806978,Michael VisackiNot Likely,Not Likely,"Detroit, MI",42.4263°N,83.1262°W,RECIDENCE
Jim Knous,"Denver, Colorado",39.7392° N,104.9903° W,575.2117297,Jim KnousNot Likely,Not Likely,"Detroit, MI",42.4263°N,83.1262°W,RECIDENCE
Andy Zhang,"Winter Garden, Florida",,,,Andy ZhangNot Likely,Not Likely,"Detroit, MI",42.4263°N,83.1262°W,RECIDENCE
Cameron Young,"Jupiter, Florida",26.9342° N,80.0942° W,541.9910478,Cameron YoungNot Likely,Not Likely,"Detroit, MI",42.4263°N,83.1262°W,RECIDENCE
Michael Gellerman,"Tucson, Arizona",32.2226° N,110.9747° W,837.27907,Michael GellermanNot Likely,Not Likely,"Detroit, MI",42.4263°N,83.1262°W,RECIDENCE
Ben Cole,"San Diego, California",32.7157° N,117.1611° W,982.6493117,Ben ColeNot Likely,Not Likely,"Detroit, MI",42.4263°N,83.1262°W,RECIDENCE
Ryan McCormick,"Middletown, New Jersey",40.4043° N,74.1171° W,243.4971218,Ryan McCormickNot Likely,Not Likely,"Detroit, MI",42.4263°N,83.1262°W,RECIDENCE
Erik Barnes,"Austin, Texas",30.2672° N,97.7431° W,583.0323671,Erik BarnesNot Likely,Not Likely,"Detroit, MI",42.4263°N,83.1262°W,RECIDENCE
Conrad Shindler,"Dallas, Texas",32.7767° N,96.7970° W,499.9730235,Conrad ShindlerNot Likely,Not Likely,"Detroit, MI",42.4263°N,83.1262°W,RECIDENCE
Matt Atkins,"Oviedo, Florida",28.6700° N,81.2081° W,478.2508392,Matt AtkinsNot Likely,Not Likely,"Detroit, MI",42.4263°N,83.1262°W,RECIDENCE
Ben Wolcott,"Knoxville, Tennessee",35.9606° N,83.9207° W,224.3782639,Ben WolcottNot Likely,Not Likely,"Detroit, MI",42.4263°N,83.1262°W,RECIDENCE
Chris Baker,"Jacksonville, Florida",30.3322° N,81.6557° W,419.7930572,Chris BakerNot Likely,Not Likely,"Detroit, MI",42.4263°N,83.1262°W,RECIDENCE
Ryan Brehm,"Mount Pleasant, Michigan",43.5978° N,84.7675° W,57.93726423,Ryan BrehmLikely,Likely,"Detroit, MI",42.4263°N,83.1262°W,RECIDENCE
Dominic Bozzelli,"Pittsford, New York",43.0906° N,77.5150° W,144.1389569,Dominic BozzelliNot Likely,Not Likely,"Detroit, MI",42.4263°N,83.1262°W,RECIDENCE
Taylor Pendrith,Bahamas,,,,Taylor PendrithNot Likely,Not Likely,"Detroit, MI",42.4263°N,83.1262°W,RECIDENCE
Brady Schnell,"Omaha, Nebraska",41.2565° N,95.9345° W,331.7963529,Brady SchnellNot Likely,Not Likely,"Detroit, MI",42.4263°N,83.1262°W,RECIDENCE
Ryan Hall,"Knoxville, Tennessee",35.9606° N,83.9207° W,224.3782639,Ryan HallNot Likely,Not Likely,"Detroit, MI",42.4263°N,83.1262°W,RECIDENCE
Mike Ballo Jr.,"Stamford, Connecticut",41.0534° N,73.5387° W,251.5125946,Mike Ballo Jr.Not Likely,Not Likely,"Detroit, MI",42.4263°N,83.1262°W,RECIDENCE
Brett Drewitt,"Inverell, Australia",29.7760° S,151.1120° E,4670.462283,Brett DrewittNot Likely,Not Likely,"Detroit, MI",42.4263°N,83.1262°W,RECIDENCE
,,,,,Not Likely,Not Likely,"Detroit, MI",42.4263°N,83.1262°W,RECIDENCE
Ashton Van Horne,"Columbus, Georgia",32.4609° N,84.9877° W,348.0145081,Ashton Van HorneNot Likely,Not Likely,"Detroit, MI",42.4263°N,83.1262°W,RECIDENCE
Mason Nome,"Honolulu, Hawaii",21.3069° N,157.8583° W,2237.659068,Mason NomeNot Likely,Not Likely,"Detroit, MI",42.4263°N,83.1262°W,RECIDENCE
Jack Heath,"Charlotte, North Carolina",35.2271° N,80.8431° W,256.1602722,Jack HeathNot Likely,Not Likely,"Detroit, MI",42.4263°N,83.1262°W,RECIDENCE
Luke Schniederjans,"Alpharetta, Georgia",34.0754° N,84.2941° W,290.224874,Luke SchniederjansNot Likely,Not Likely,"Detroit, MI",42.4263°N,83.1262°W,RECIDENCE
Timmy Crawford,"San Antonio, Texas",29.4241° N,98.4936° W,619.8079488,Timmy CrawfordNot Likely,Not Likely,"Detroit, MI",42.4263°N,83.1262°W,RECIDENCE
Jesper Kennegard,"Gothenburg, Sweden",57.7089° N,11.9746° E,1991.273364,Jesper KennegardNot Likely,Not Likely,"Detroit, MI",42.4263°N,83.1262°W,RECIDENCE
Ryan Linton,"Tulsa, Oklahoma",36.1540° N,95.9928° W,405.8942492,Ryan LintonNot Likely,Not Likely,"Detroit, MI",42.4263°N,83.1262°W,RECIDENCE
Matt Naumec,"Boston, Massachusetts",42.3601° N,71.0589° W,307.6369054,Matt NaumecNot Likely,Not Likely,"Detroit, MI",42.4263°N,83.1262°W,RECIDENCE
Brandon Pierce,"Memphis, Tennessee",35.1495° N,90.0490° W,312.7240337,Brandon PierceNot Likely,Not Likely,"Detroit, MI",42.4263°N,83.1262°W,RECIDENCE
David Kim,"Seoul, South Korea",37.5665° N,126.9780° E,3297.267117,David KimNot Likely,Not Likely,"Detroit, MI",42.4263°N,83.1262°W,RECIDENCE
Tyler Collier,"Ocala, Florida",29.1872° N,82.1401° W,458.1959753,Tyler CollierNot Likely,Not Likely,"Detroit, MI",42.4263°N,83.1262°W,RECIDENCE
Zach Murray,"Melbourne, Australia",37.8136° S,144.9631° E,4955.121986,Zach MurrayNot Likely,Not Likely,"Detroit, MI",42.4263°N,83.1262°W,RECIDENCE
Andrew Novak,"Raleigh, North Carolina",35.7796° N,78.6382° W,259.1376517,Andrew NovakNot Likely,Not Likely,"Detroit, MI",42.4263°N,83.1262°W,RECIDENCE
Sam Saunders,"Orlando, Florida",28.5383° N,81.3792° W,482.2687471,Sam SaundersNot Likely,Not Likely,"Detroit, MI",42.4263°N,83.1262°W,RECIDENCE
Ross Steelman,"Columbia, Missouri",38.9517° N,92.3341° W,269.2191128,Ross SteelmanNot Likely,Not Likely,"Detroit, MI",42.4263°N,83.1262°W,RECIDENCE
Parker Coody,"Plano, Texas",33.0198° N,96.6989° W,491.9894817,Parker CoodyNot Likely,Not Likely,"Detroit, MI",42.4263°N,83.1262°W,RECIDENCE
Pierceson Coody,"Plano, Texas",33.0198° N,96.6989° W,491.9894817,Pierceson CoodyNot Likely,Not Likely,"Detroit, MI",42.4263°N,83.1262°W,RECIDENCE
David Ford,"Peachtree Corners, Georgia",33.9701° N,84.2219° W,293.6395892,David FordNot Likely,Not Likely,"Detroit, MI",42.4263°N,83.1262°W,RECIDENCE
Maxwell Moldovan,"Uniontown, Ohio",40.9759° N,81.4084° W,66.88446723,Maxwell MoldovanPossible,Possible,"Detroit, MI",42.4263°N,83.1262°W,RECIDENCE
Preston Summerhays,"Scottsdale, Arizona",33.4942° N,111.9261° W,837.9126407,Preston SummerhaysNot Likely,Not Likely,"Detroit, MI",42.4263°N,83.1262°W,RECIDENCE
Fred Biondi,"Sao Paulo, Brazil",23.5489° S,46.6388° W,2558.831646,Fred BiondiNot Likely,Not Likely,"Detroit, MI",42.4263°N,83.1262°W,RECIDENCE
Yuxin Lin,"Beijing, China",39.9042° N,116.4074° E,3309.233958,Yuxin LinNot Likely,Not Likely,"Detroit, MI",42.4263°N,83.1262°W,RECIDENCE
Karl Vilips,"Perth, Australia",31.9505° S,115.8605° E,5585.191653,Karl VilipsNot Likely,Not Likely,"Detroit, MI",42.4263°N,83.1262°W,RECIDENCE
Michael Brennan,"Washington, D.C.",38.9072° N,77.0369° W,200.5139501,Michael BrennanNot Likely,Not Likely,"Detroit, MI",42.4263°N,83.1262°W,RECIDENCE
Caleb Surratt,"Indian Trail, North Carolina",35.0768° N,80.6691° W,262.3575197,Caleb SurrattNot Likely,Not Likely,"Detroit, MI",42.4263°N,83.1262°W,RECIDENCE
Nick Gabrelcik,"Trinity, Florida",28.1808° N,82.6818° W,492.2973632,Nick GabrelcikNot Likely,Not Likely,"Detroit, MI",42.4263°N,83.1262°W,RECIDENCE
Jackson Van Paris,"Pinehurst, North Carolina",35.1954° N,79.4695° W,268.428615,Jackson Van ParisNot Likely,Not Likely,"Detroit, MI",42.4263°N,83.1262°W,RECIDENCE
Benjamin James,"Milford, Connecticut",41.2223° N,73.0568° W,262.3820113,Benjamin JamesNot Likely,Not Likely,"Detroit, MI",42.4263°N,83.1262°W,RECIDENCE
Gordon Sargent,"Birmingham, Alabama",33.5207° N,86.8025° W,323.4518885,Gordon SargentNot Likely,Not Likely,"Detroit, MI",42.4263°N,83.1262°W,RECIDENCE
Sampson Zheng,"Shanghai, China",31.2304° N,121.4737° E,3556.625352,Sampson ZhengNot Likely,Not Likely,"Detroit, MI",42.4263°N,83.1262°W,RECIDENCE
Bastian Amat,"Mexico City, Mexico",19.4326° N,99.1332° W,921.5802977,Bastian AmatNot Likely,Not Likely,"Detroit, MI",42.4263°N,83.1262°W,RECIDENCE
Luke Clanton,"Hialeah, Florida",25.8576° N,80.2781° W,578.0676134,Luke ClantonNot Likely,Not Likely,"Detroit, MI",42.4263°N,83.1262°W,RECIDENCE
Ethan Ng,"New York, New York",40.7128° N,74.0060° W,242.9085392,Ethan NgNot Likely,Not Likely,"Detroit, MI",42.4263°N,83.1262°W,RECIDENCE
Jake Beber-Frankel,"Miami, Florida",25.7617° N,80.1918° W,581.6990609,Jake Beber-FrankelNot Likely,Not Likely,"Detroit, MI",42.4263°N,83.1262°W,RECIDENCE
Barclay Brown,"San Jose, California",37.3382° N,121.8863° W,1033.285205,Barclay BrownNot Likely,Not Likely,"Detroit, MI",42.4263°N,83.1262°W,RECIDENCE
Nathan Petronzio,"Round Rock, Texas",30.5083° N,97.6789° W,575.4299506,Nathan PetronzioNot Likely,Not Likely,"Detroit, MI",42.4263°N,83.1262°W,RECIDENCE
Michael Thorbjornsen,"Wellesley, Massachusetts",42.2965° N,71.2924° W,301.8718635,Michael ThorbjornsenNot Likely,Not Likely,"Detroit, MI",42.4263°N,83.1262°W,RECIDENCE
Calum Scott,"Nairn, Scotland",57.5860° N,3.8697° W,1726.058789,Calum ScottNot Likely,Not Likely,"Detroit, MI",42.4263°N,83.1262°W,RECIDENCE
Jonas Blixt,"Jacksonville, Florida",30.3322° N,81.6557° W,419.7930572,Jonas BlixtNot Likely,Not Likely,"Detroit, MI",42.4263°N,83.1262°W,RECIDENCE
Daniel Hillier,"Wellington, New Zealand",41.2865° S,174.7762° E,4289.08113,Daniel HillierNot Likely,Not Likely,"Detroit, MI",42.4263°N,83.1262°W,RECIDENCE
Aaron Jarvis,"George Town, Cayman Islands",19.2869° N,81.3744° W,801.0365389,Aaron JarvisNot Likely,Not Likely,"Detroit, MI",42.4263°N,83.1262°W,RECIDENCE
Hunter Wolcott,"Knoxville, Tennessee",35.9606° N,83.9207° W,224.3782639,Hunter WolcottNot Likely,Not Likely,"Detroit, MI",42.4263°N,83.1262°W,RECIDENCE
Bryan Lee,"Fairfax, Virginia",38.8462° N,77.3064° W,196.3242314,Bryan LeeNot Likely,Not Likely,"Detroit, MI",42.4263°N,83.1262°W,RECIDENCE
Drew Goodman,"Oklahoma City, Oklahoma",35.4676° N,97.5164° W,454.3425769,Drew GoodmanNot Likely,Not Likely,"Detroit, MI",42.4263°N,83.1262°W,RECIDENCE
Chris Gotterup,"Jupiter, Florida",26.9342° N,80.0942° W,541.9910478,Chris GotterupNot Likely,Not Likely,"Detroit, MI",42.4263°N,83.1262°W,RECIDENCE
Jacob Bridgeman,"Inman, South Carolina",35.0470° N,82.0901° W,256.4512343,Jacob BridgemanNot Likely,Not Likely,"Detroit, MI",42.4263°N,83.1262°W,RECIDENCE
Austen Truslow,"Charleston, South Carolina",32.7765° N,79.9311° W,344.5776961,Austen TruslowNot Likely,Not Likely,"Detroit, MI",42.4263°N,83.1262°W,RECIDENCE
Evan Grenus,"Philadelphia, Pennsylvania",39.9526° N,75.1652° W,223.8027783,Evan GrenusNot Likely,Not Likely,"Detroit, MI",42.4263°N,83.1262°W,RECIDENCE
Matt Sharpstene,"Asheville, North Carolina",35.5951° N,82.5515° W,236.499722,Matt SharpsteneNot Likely,Not Likely,"Detroit, MI",42.4263°N,83.1262°W,RECIDENCE
Ricardo Celia,"Barranquilla, Colombia",10.9685° N,74.7813° W,1115.534405,Ricardo CeliaNot Likely,Not Likely,"Detroit, MI",42.4263°N,83.1262°W,RECIDENCE
Daniel Gale,"Sydney, Australia",33.8688° S,151.2093° E,4738.642087,Daniel GaleNot Likely,Not Likely,"Detroit, MI",42.4263°N,83.1262°W,RECIDENCE
Drew Nesbitt,"Toronto, Canada",43.6532° N,79.3832° W,103.5661663,Drew NesbittNot Likely,Not Likely,"Detroit, MI",42.4263°N,83.1262°W,RECIDENCE
Torey Edwards,"Toronto, Canada",43.6532° N,79.3832° W,103.5661663,Torey EdwardsNot Likely,Not Likely,"Detroit, MI",42.4263°N,83.1262°W,RECIDENCE
Michael Block,"Mission Viejo, California",33.6000° N,117.6720° W,980.7169932,Michael BlockNot Likely,Not Likely,"Detroit, MI",42.4263°N,83.1262°W,RECIDENCE
Thomas Longbella,"Chippewa Falls, Wisconsin",44.9369° N,91.3929° W,223.8724694,Thomas LongbellaNot Likely,Not Likely,"Detroit, MI",42.4263°N,83.1262°W,RECIDENCE
Myles Lewis,"New Orleans, Louisiana",29.9511° N,90.0715° W,472.0613767,Myles LewisNot Likely,Not Likely,"Detroit, MI",42.4263°N,83.1262°W,RECIDENCE
Jack Wall,"Ponte Vedra Beach, Florida",30.2397° N,81.3853° W,423.7622046,Jack WallNot Likely,Not Likely,"Detroit, MI",42.4263°N,83.1262°W,RECIDENCE
Aaron Cockerill,"Winnipeg, Canada",49.8951° N,97.1384° W,421.9341013,Aaron CockerillNot Likely,Not Likely,"Detroit, MI",42.4263°N,83.1262°W,RECIDENCE
Martin Simonsen,"Copenhagen, Denmark",55.6761° N,12.5683° E,2036.371671,Martin SimonsenNot Likely,Not Likely,"Detroit, MI",42.4263°N,83.1262°W,RECIDENCE
Ben Carr,"Columbus, Georgia",32.4609° N,84.9877° W,348.0145081,Ben CarrNot Likely,Not Likely,"Detroit, MI",42.4263°N,83.1262°W,RECIDENCE
Josh Hill,"Warrington, England",53.3890° N,2.5969° W,1800.689436,Josh HillNot Likely,Not Likely,"Detroit, MI",42.4263°N,83.1262°W,RECIDENCE
M.J. Daffue,"Houston, Texas",29.7604° N,95.3698° W,553.9822431,M.J. DaffueNot Likely,Not Likely,"Detroit, MI",42.4263°N,83.1262°W,RECIDENCE
Evan Russell,"Toronto, Canada",43.6532° N,79.3832° W,103.5661663,Evan RussellNot Likely,Not Likely,"Detroit, MI",42.4263°N,83.1262°W,RECIDENCE
David Hearn,"Brantford, Canada",43.1394° N,80.2644° W,76.62469271,David HearnPossible,Possible,"Detroit, MI",42.4263°N,83.1262°W,RECIDENCE
Matt Every,"Jacksonville Beach, Florida",30.2947° N,81.3931° W,421.8481658,Matt EveryNot Likely,Not Likely,"Detroit, MI",42.4263°N,83.1262°W,RECIDENCE
Matt Short,"Toronto, Canada",43.6532° N,79.3832° W,103.5661663,Matt ShortNot Likely,Not Likely,"Detroit, MI",42.4263°N,83.1262°W,RECIDENCE
Jack Trent,"Brisbane, Australia",27.4705° S,153.0260° E,4578.55419,Jack TrentNot Likely,Not Likely,"Detroit, MI",42.4263°N,83.1262°W,RECIDENCE
Steven Alker,"Hamilton, New Zealand",37.7870° S,175.2793° E,4216.366014,Steven AlkerNot Likely,Not Likely,"Detroit, MI",42.4263°N,83.1262°W,RECIDENCE
Dawie van der Walt,"Paarl, South Africa",33.7342° S,18.9752° E,4153.303694,Dawie van der WaltNot Likely,Not Likely,"Detroit, MI",42.4263°N,83.1262°W,RECIDENCE
Jarryd Felton,"Perth, Australia",31.9505° S,115.8605° E,5585.191653,Jarryd FeltonNot Likely,Not Likely,"Detroit, MI",42.4263°N,83.1262°W,RECIDENCE
Thomas Power Horan,"Dublin, Ireland",53.3498° N,6.2603° W,1730.977298,Thomas Power HoranNot Likely,Not Likely,"Detroit, MI",42.4263°N,83.1262°W,RECIDENCE
Chase Hanna,"Dallas, Texas",32.7767° N,96.7970° W,499.9730235,Chase HannaNot Likely,Not Likely,"Detroit, MI",42.4263°N,83.1262°W,RECIDENCE
Matt Saulez,"Durban, South Africa",29.8587° S,31.0218° E,4377.457493,Matt SaulezNot Likely,Not Likely,"Detroit, MI",42.4263°N,83.1262°W,RECIDENCE
Ashton Turner,"York, England",53.9600° N,1.0873° W,1821.425287,Ashton TurnerNot Likely,Not Likely,"Detroit, MI",42.4263°N,83.1262°W,RECIDENCE
David Nyfjäll,"Stockholm, Sweden",59.3293° N,18.0686° E,2056.403992,David NyfjällNot Likely,Not Likely,"Detroit, MI",42.4263°N,83.1262°W,RECIDENCE
Cameron Percy,"Raleigh, North Carolina",35.7796° N,78.6382° W,259.1376517,Cameron PercyNot Likely,Not Likely,"Detroit, MI",42.4263°N,83.1262°W,RECIDENCE
Ben Eccles,"Melbourne, Australia",37.8136° S,144.9631° E,4955.121986,Ben EcclesNot Likely,Not Likely,"Detroit, MI",42.4263°N,83.1262°W,RECIDENCE
Blair Hamilton,"Toronto, Canada",43.6532° N,79.3832° W,103.5661663,Blair HamiltonNot Likely,Not Likely,"Detroit, MI",42.4263°N,83.1262°W,RECIDENCE
James Allenby,"Sydney, Australia",33.8688° S,151.2093° E,4738.642087,James AllenbyNot Likely,Not Likely,"Detroit, MI",42.4263°N,83.1262°W,RECIDENCE
Rhein Gibson,"Edmond, Oklahoma",35.6528° N,97.4781° W,449.7131585,Rhein GibsonNot Likely,Not Likely,"Detroit, MI",42.4263°N,83.1262°W,RECIDENCE
George Bryan IV,"Columbia, South Carolina",34.0007° N,81.0348° W,296.5354676,George Bryan IVNot Likely,Not Likely,"Detroit, MI",42.4263°N,83.1262°W,RECIDENCE
Jack Singh Brar,"Harrow, England",51.5806° N,0.3420° W,1869.452883,Jack Singh BrarNot Likely,Not Likely,"Detroit, MI",42.4263°N,83.1262°W,RECIDENCE
Matt Ryan,"Toronto, Canada",43.6532° N,79.3832° W,103.5661663,Matt RyanNot Likely,Not Likely,"Detroit, MI",42.4263°N,83.1262°W,RECIDENCE
Trevor Sluman,"Orlando, Florida",28.5383° N,81.3792° W,482.2687471,Trevor SlumanNot Likely,Not Likely,"Detroit, MI",42.4263°N,83.1262°W,RECIDENCE
,,,,,Not Likely,Not Likely,"Detroit, MI",42.4263°N,83.1262°W,RECIDENCE
,,,,,Not Likely,Not Likely,"Detroit, MI",42.4263°N,83.1262°W,RECIDENCE
,,,,,Not Likely,Not Likely,"Detroit, MI",42.4263°N,83.1262°W,RECIDENCE
,,,,,Not Likely,Not Likely,"Detroit, MI",42.4263°N,83.1262°W,RECIDENCE
,,,,,Not Likely,Not Likely,"Detroit, MI",42.4263°N,83.1262°W,RECIDENCE
,,,,,Not Likely,Not Likely,"Detroit, MI",42.4263°N,83.1262°W,RECIDENCE
,,,,,Not Likely,Not Likely,"Detroit, MI",42.4263°N,83.1262°W,RECIDENCE
,,,,,Not Likely,Not Likely,"Detroit, MI",42.4263°N,83.1262°W,RECIDENCE
,,,,,Not Likely,Not Likely,"Detroit, MI",42.4263°N,83.1262°W,RECIDENCE
,,,,,Not Likely,Not Likely,"Detroit, MI",42.4263°N,83.1262°W,RECIDENCE
,,,,,Not Likely,Not Likely,"Detroit, MI",42.4263°N,83.1262°W,RECIDENCE
,,,,,Not Likely,Not Likely,"Detroit, MI",42.4263°N,83.1262°W,RECIDENCE
,,,,,Not Likely,Not Likely,"Detroit, MI",42.4263°N,83.1262°W,RECIDENCE
,,,,,Not Likely,Not Likely,"Detroit, MI",42.4263°N,83.1262°W,RECIDENCE
,,,,,Not Likely,Not Likely,"Detroit, MI",42.4263°N,83.1262°W,RECIDENCE
,,,,,Not Likely,Not Likely,"Detroit, MI",42.4263°N,83.1262°W,RECIDENCE
,,,,,Not Likely,Not Likely,"Detroit, MI",42.4263°N,83.1262°W,RECIDENCE
,,,,,Not Likely,Not Likely,"Detroit, MI",42.4263°N,83.1262°W,RECIDENCE
,,,,,Not Likely,Not Likely,"Detroit, MI",42.4263°N,83.1262°W,RECIDENCE
,,,,,Not Likely,Not Likely,"Detroit, MI",42.4263°N,83.1262°W,RECIDENCE
,,,,,Not Likely,Not Likely,"Detroit, MI",42.4263°N,83.1262°W,RECIDENCE
,,,,,Not Likely,Not Likely,"Detroit, MI",42.4263°N,83.1262°W,RECIDENCE
,,,,,Not Likely,Not Likely,"Detroit, MI",42.4263°N,83.1262°W,RECIDENCE
,,,,,Not Likely,Not Likely,"Detroit, MI",42.4263°N,83.1262°W,RECIDENCE
,,,,,Not Likely,Not Likely,"Detroit, MI",42.4263°N,83.1262°W,RECIDENCE
,,,,,Not Likely,Not Likely,"Detroit, MI",42.4263°N,83.1262°W,RECIDENCE
,,,,,Not Likely,Not Likely,"Detroit, MI",42.4263°N,83.1262°W,RECIDENCE
,,,,,Not Likely,Not Likely,"Detroit, MI",42.4263°N,83.1262°W,RECIDENCE
,,,,,Not Likely,Not Likely,"Detroit, MI",42.4263°N,83.1262°W,RECIDENCE
,,,,,Not Likely,Not Likely,"Detroit, MI",42.4263°N,83.1262°W,RECIDENCE
,,,,,Not Likely,Not Likely,"Detroit, MI",42.4263°N,83.1262°W,RECIDENCE
,,,,,Not Likely,Not Likely,"Detroit, MI",42.4263°N,83.1262°W,RECIDENCE
,,,,,Not Likely,Not Likely,"Detroit, MI",42.4263°N,83.1262°W,RECIDENCE
,,,,,Not Likely,Not Likely,"Detroit, MI",42.4263°N,83.1262°W,RECIDENCE
,,,,,Not Likely,Not Likely,"Detroit, MI",42.4263°N,83.1262°W,RECIDENCE
,,,,,Not Likely,Not Likely,"Detroit, MI",42.4263°N,83.1262°W,RECIDENCE
,,,,,Not Likely,Not Likely,"Detroit, MI",42.4263°N,83.1262°W,RECIDENCE
,,,,,Not Likely,Not Likely,"Detroit, MI",42.4263°N,83.1262°W,RECIDENCE
,,,,,Not Likely,Not Likely,"Detroit, MI",42.4263°N,83.1262°W,RECIDENCE
,,,,,Not Likely,Not Likely,"Detroit, MI",42.4263°N,83.1262°W,RECIDENCE
,,,,,Not Likely,Not Likely,"Detroit, MI",42.4263°N,83.1262°W,RECIDENCE
,,,,,Not Likely,Not Likely,"Detroit, MI",42.4263°N,83.1262°W,RECIDENCE
,,,,,Not Likely,Not Likely,"Detroit, MI",42.4263°N,83.1262°W,RECIDENCE
,,,,,Not Likely,Not Likely,"Detroit, MI",42.4263°N,83.1262°W,RECIDENCE
,,,,,Not Likely,Not Likely,"Detroit, MI",42.4263°N,83.1262°W,RECIDENCE
,,,,,Not Likely,Not Likely,"Detroit, MI",42.4263°N,83.1262°W,RECIDENCE
,,,,,Not Likely,Not Likely,"Detroit, MI",42.4263°N,83.1262°W,RECIDENCE
,,,,,Not Likely,Not Likely,"Detroit, MI",42.4263°N,83.1262°W,RECIDENCE
,,,,,Not Likely,Not Likely,"Detroit, MI",42.4263°N,83.1262°W,RECIDENCE
,,,,,Not Likely,Not Likely,"Detroit, MI",42.4263°N,83.1262°W,RECIDENCE
,,,,,Not Likely,Not Likely,"Detroit, MI",42.4263°N,83.1262°W,RECIDENCE
,,,,,Not Likely,Not Likely,"Detroit, MI",42.4263°N,83.1262°W,RECIDENCE
,,,,,Not Likely,Not Likely,"Detroit, MI",42.4263°N,83.1262°W,RECIDENCE
,,,,,Not Likely,Not Likely,"Detroit, MI",42.4263°N,83.1262°W,RECIDENCE
,,,,,Not Likely,Not Likely,"Detroit, MI",42.4263°N,83.1262°W,RECIDENCE
,,,,,Not Likely,Not Likely,"Detroit, MI",42.4263°N,83.1262°W,RECIDENCE
,,,,,Not Likely,Not Likely,"Detroit, MI",42.4263°N,83.1262°W,RECIDENCE
,,,,,Not Likely,Not Likely,"Detroit, MI",42.4263°N,83.1262°W,RECIDENCE
,,,,,Not Likely,Not Likely,"Detroit, MI",42.4263°N,83.1262°W,RECIDENCE
,,,,,Not Likely,Not Likely,"Detroit, MI",42.4263°N,83.1262°W,RECIDENCE
,,,,,Not Likely,Not Likely,"Detroit, MI",42.4263°N,83.1262°W,RECIDENCE
,,,,,Not Likely,Not Likely,"Detroit, MI",42.4263°N,83.1262°W,RECIDENCE
,,,,,Not Likely,Not Likely,"Detroit, MI",42.4263°N,83.1262°W,RECIDENCE
,,,,,Not Likely,Not Likely,"Detroit, MI",42.4263°N,83.1262°W,RECIDENCE
,,,,,Not Likely,Not Likely,"Detroit, MI",42.4263°N,83.1262°W,RECIDENCE
,,,,,Not Likely,Not Likely,"Detroit, MI",42.4263°N,83.1262°W,RECIDENCE
,,,,,Not Likely,Not Likely,"Detroit, MI",42.4263°N,83.1262°W,RECIDENCE
,,,,,Not Likely,Not Likely,"Detroit, MI",42.4263°N,83.1262°W,RECIDENCE
,,,,,Not Likely,Not Likely,"Detroit, MI",42.4263°N,83.1262°W,RECIDENCE
,,,,,Not Likely,Not Likely,"Detroit, MI",42.4263°N,83.1262°W,RECIDENCE
,,,,,Not Likely,Not Likely,"Detroit, MI",42.4263°N,83.1262°W,RECIDENCE
,,,,,Not Likely,Not Likely,"Detroit, MI",42.4263°N,83.1262°W,RECIDENCE
,,,,,Not Likely,Not Likely,"Detroit, MI",42.4263°N,83.1262°W,RECIDENCE
,,,,,Not Likely,Not Likely,"Detroit, MI",42.4263°N,83.1262°W,RECIDENCE
,,,,,Not Likely,Not Likely,"Detroit, MI",42.4263°N,83.1262°W,RECIDENCE
,,,,,Not Likely,Not Likely,"Detroit, MI",42.4263°N,83.1262°W,RECIDENCE
,,,,,Not Likely,Not Likely,"Detroit, MI",42.4263°N,83.1262°W,RECIDENCE
,,,,,Not Likely,Not Likely,"Detroit, MI",42.4263°N,83.1262°W,RECIDENCE
,,,,,Not Likely,Not Likely,"Detroit, MI",42.4263°N,83.1262°W,RECIDENCE
,,,,,Not Likely,Not Likely,"Detroit, MI",42.4263°N,83.1262°W,RECIDENCE
,,,,,Not Likely,Not Likely,"Detroit, MI",42.4263°N,83.1262°W,RECIDENCE
,,,,,Not Likely,Not Likely,"Detroit, MI",42.4263°N,83.1262°W,RECIDENCE
,,,,,Not Likely,Not Likely,"Detroit, MI",42.4263°N,83.1262°W,RECIDENCE
,,,,,Not Likely,Not Likely,"Detroit, MI",42.4263°N,83.1262°W,RECIDENCE
,,,,,Not Likely,Not Likely,"Detroit, MI",42.4263°N,83.1262°W,RECIDENCE
,,,,,Not Likely,Not Likely,"Detroit, MI",42.4263°N,83.1262°W,RECIDENCE
,,,,,Not Likely,Not Likely,"Detroit, MI",42.4263°N,83.1262°W,RECIDENCE
,,,,,Not Likely,Not Likely,"Detroit, MI",42.4263°N,83.1262°W,RECIDENCE
,,,,,Not Likely,Not Likely,"Detroit, MI",42.4263°N,83.1262°W,RECIDENCE
,,,,,Not Likely,Not Likely,"Detroit, MI",42.4263°N,83.1262°W,RECIDENCE
,,,,,Not Likely,Not Likely,"Detroit, MI",42.4263°N,83.1262°W,RECIDENCE
,,,,,Not Likely,Not Likely,"Detroit, MI",42.4263°N,83.1262°W,RECIDENCE
,,,,,Not Likely,Not Likely,"Detroit, MI",42.4263°N,83.1262°W,RECIDENCE
,,,,,Not Likely,Not Likely,"Detroit, MI",42.4263°N,83.1262°W,RECIDENCE
,,,,,Not Likely,Not Likely,"Detroit, MI",42.4263°N,83.1262°W,RECIDENCE
,,,,,Not Likely,Not Likely,"Detroit, MI",42.4263°N,83.1262°W,RECIDENCE
,,,,,Not Likely,Not Likely,"Detroit, MI",42.4263°N,83.1262°W,RECIDENCE
,,,,,Not Likely,Not Likely,"Detroit, MI",42.4263°N,83.1262°W,RECIDENCE
,,,,,Not Likely,Not Likely,"Detroit, MI",42.4263°N,83.1262°W,RECIDENCE
,,,,,Not Likely,Not Likely,"Detroit, MI",42.4263°N,83.1262°W,RECIDENCE
,,,,,Not Likely,Not Likely,"Detroit, MI",42.4263°N,83.1262°W,RECIDENCE
,,,,,Not Likely,Not Likely,"Detroit, MI",42.4263°N,83.1262°W,RECIDENCE
,,,,,Not Likely,Not Likely,"Detroit, MI",42.4263°N,83.1262°W,RECIDENCE
,,,,,Not Likely,Not Likely,"Detroit, MI",42.4263°N,83.1262°W,RECIDENCE
,,,,,Not Likely,Not Likely,"Detroit, MI",42.4263°N,83.1262°W,RECIDENCE
,,,,,Not Likely,Not Likely,"Detroit, MI",42.4263°N,83.1262°W,RECIDENCE
,,,,,Not Likely,Not Likely,"Detroit, MI",42.4263°N,83.1262°W,RECIDENCE
,,,,,Not Likely,Not Likely,"Detroit, MI",42.4263°N,83.1262°W,RECIDENCE
,,,,,Not Likely,Not Likely,"Detroit, MI",42.4263°N,83.1262°W,RECIDENCE
,,,,,Not Likely,Not Likely,"Detroit, MI",42.4263°N,83.1262°W,RECIDENCE
,,,,,Not Likely,Not Likely,"Detroit, MI",42.4263°N,83.1262°W,RECIDENCE
,,,,,Not Likely,Not Likely,"Detroit, MI",42.4263°N,83.1262°W,RECIDENCE
,,,,,Not Likely,Not Likely,"Detroit, MI",42.4263°N,83.1262°W,RECIDENCE
,,,,,Not Likely,Not Likely,"Detroit, MI",42.4263°N,83.1262°W,RECIDENCE
,,,,,Not Likely,Not Likely,"Detroit, MI",42.4263°N,83.1262°W,RECIDENCE
,,,,,Not Likely,Not Likely,"Detroit, MI",42.4263°N,83.1262°W,RECIDENCE
,,,,,Not Likely,Not Likely,"Detroit, MI",42.4263°N,83.1262°W,RECIDENCE
,,,,,Not Likely,Not Likely,"Detroit, MI",42.4263°N,83.1262°W,RECIDENCE
,,,,,Not Likely,Not Likely,"Detroit, MI",42.4263°N,83.1262°W,RECIDENCE
,,,,,Not Likely,Not Likely,"Detroit, MI",42.4263°N,83.1262°W,RECIDENCE
,,,,,Not Likely,Not Likely,"Detroit, MI",42.4263°N,83.1262°W,RECIDENCE
,,,,,Not Likely,Not Likely,"Detroit, MI",42.4263°N,83.1262°W,RECIDENCE
,,,,,Not Likely,Not Likely,"Detroit, MI",42.4263°N,83.1262°W,RECIDENCE
,,,,,Not Likely,Not Likely,"Detroit, MI",42.4263°N,83.1262°W,RECIDENCE
,,,,,Not Likely,Not Likely,"Detroit, MI",42.4263°N,83.1262°W,RECIDENCE
,,,,,Not Likely,Not Likely,"Detroit, MI",42.4263°N,83.1262°W,RECIDENCE
,,,,,Not Likely,Not Likely,"Detroit, MI",42.4263°N,83.1262°W,RECIDENCE
,,,,,Not Likely,Not Likely,"Detroit, MI",42.4263°N,83.1262°W,RECIDENCE
,,,,,Not Likely,Not Likely,"Detroit, MI",42.4263°N,83.1262°W,RECIDENCE
,,,,,Not Likely,Not Likely,"Detroit, MI",42.4263°N,83.1262°W,RECIDENCE
,,,,,Not Likely,Not Likely,"Detroit, MI",42.4263°N,83.1262°W,RECIDENCE
,,,,,Not Likely,Not Likely,"Detroit, MI",42.4263°N,83.1262°W,RECIDENCE
,,,,,Not Likely,Not Likely,"Detroit, MI",42.4263°N,83.1262°W,RECIDENCE
,,,,,Not Likely,Not Likely,"Detroit, MI",42.4263°N,83.1262°W,RECIDENCE
,,,,,Not Likely,Not Likely,"Detroit, MI",42.4263°N,83.1262°W,RECIDENCE
,,,,,Not Likely,Not Likely,"Detroit, MI",42.4263°N,83.1262°W,RECIDENCE
,,,,,Not Likely,Not Likely,"Detroit, MI",42.4263°N,83.1262°W,RECIDENCE
,,,,,Not Likely,Not Likely,"Detroit, MI",42.4263°N,83.1262°W,RECIDENCE
,,,,,Not Likely,Not Likely,"Detroit, MI",42.4263°N,83.1262°W,RECIDENCE
,,,,,Not Likely,Not Likely,"Detroit, MI",42.4263°N,83.1262°W,RECIDENCE
,,,,,Not Likely,Not Likely,"Detroit, MI",42.4263°N,83.1262°W,RECIDENCE
,,,,,Not Likely,Not Likely,"Detroit, MI",42.4263°N,83.1262°W,RECIDENCE
,,,,,Not Likely,Not Likely,"Detroit, MI",42.4263°N,83.1262°W,RECIDENCE
,,,,,Not Likely,Not Likely,"Detroit, MI",42.4263°N,83.1262°W,RECIDENCE
Scottie Scheffler,"Austin, Texas",30.2672° N,97.7431° W,583.0323671,Scottie SchefflerNot Likely,Not Likely,"Detroit, MI",42.4263°N,83.1262°W,COLLEGE
Xander Schauffele,"San Diego, California",32.7157° N,117.1611° W,982.6493117,Xander SchauffeleNot Likely,Not Likely,"Detroit, MI",42.4263°N,83.1262°W,COLLEGE
Rory McIlroy,N/A,,,,Rory McIlroyNot Likely,Not Likely,"Detroit, MI",42.4263°N,83.1262°W,COLLEGE
Ludvig Aberg,"Lubbock, Texas",33.5779° N,101.8552° W,592.4917628,Ludvig AbergNot Likely,Not Likely,"Detroit, MI",42.4263°N,83.1262°W,COLLEGE
Collin Morikawa,"Berkeley, California",37.8719° N,122.2585° W,1035.951455,Collin MorikawaNot Likely,Not Likely,"Detroit, MI",42.4263°N,83.1262°W,COLLEGE
Hideki Matsuyama,"Sendai, Japan",38.2688° N,140.8694° E,3107.390602,Hideki MatsuyamaNot Likely,Not Likely,"Detroit, MI",42.4263°N,83.1262°W,COLLEGE
Wyndham Clark,"Eugene, Oregon",44.0459° N,123.0746° W,997.1231233,Wyndham ClarkNot Likely,Not Likely,"Detroit, MI",42.4263°N,83.1262°W,COLLEGE
Tyrrell Hatton,N/A,,,,Tyrrell HattonNot Likely,Not Likely,"Detroit, MI",42.4263°N,83.1262°W,COLLEGE
Justin Thomas,"Tuscaloosa, Alabama",33.2098° N,87.5692° W,340.5742503,Justin ThomasNot Likely,Not Likely,"Detroit, MI",42.4263°N,83.1262°W,COLLEGE
Tommy Fleetwood,N/A,,,,Tommy FleetwoodNot Likely,Not Likely,"Detroit, MI",42.4263°N,83.1262°W,COLLEGE
Bryson DeChambeau,"Dallas, Texas",32.7767° N,96.7970° W,499.9730235,Bryson DeChambeauNot Likely,Not Likely,"Detroit, MI",42.4263°N,83.1262°W,COLLEGE
Patrick Cantlay,"Los Angeles, California",34.0522° N,118.2437° W,987.9094537,Patrick CantlayNot Likely,Not Likely,"Detroit, MI",42.4263°N,83.1262°W,COLLEGE
Maverick McNealy,"Stanford, California",37.4241° N,122.1661° W,1039.294738,Maverick McNealyNot Likely,Not Likely,"Detroit, MI",42.4263°N,83.1262°W,COLLEGE
Viktor Hovland,"Stillwater, Oklahoma",36.1230° N,97.0583° W,430.7549232,Viktor HovlandNot Likely,Not Likely,"Detroit, MI",42.4263°N,83.1262°W,COLLEGE
Keegan Bradley,"Queens, New York",40.7227° N,73.8601° W,246.4625009,Keegan BradleyNot Likely,Not Likely,"Detroit, MI",42.4263°N,83.1262°W,COLLEGE
Robert MacIntyre,N/A,,,,Robert MacIntyreNot Likely,Not Likely,"Detroit, MI",42.4263°N,83.1262°W,COLLEGE
Russell Henley,"Athens, Georgia",33.9519° N,83.3576° W,292.8325618,Russell HenleyNot Likely,Not Likely,"Detroit, MI",42.4263°N,83.1262°W,COLLEGE
Shane Lowry,N/A,,,,Shane LowryNot Likely,Not Likely,"Detroit, MI",42.4263°N,83.1262°W,COLLEGE
Sepp Straka,"Athens, Georgia",33.9519° N,83.3576° W,292.8325618,Sepp StrakaNot Likely,Not Likely,"Detroit, MI",42.4263°N,83.1262°W,COLLEGE
Billy Horschel,"Gainesville, Florida",29.6516° N,82.3248° W,441.8895238,Billy HorschelNot Likely,Not Likely,"Detroit, MI",42.4263°N,83.1262°W,COLLEGE
Sahith Theegala,"Malibu, California",34.0250° N,118.7795° W,1001.952615,Sahith TheegalaNot Likely,Not Likely,"Detroit, MI",42.4263°N,83.1262°W,COLLEGE
Sungjae Im,N/A,,,,Sungjae ImNot Likely,Not Likely,"Detroit, MI",42.4263°N,83.1262°W,COLLEGE
Thomas Detry,"Urbana-Champaign, Illinois",40.1097° N,88.2272° W,154.7149879,Thomas DetryNot Likely,Not Likely,"Detroit, MI",42.4263°N,83.1262°W,COLLEGE
Aaron Rai,N/A,,,,Aaron RaiNot Likely,Not Likely,"Detroit, MI",42.4263°N,83.1262°W,COLLEGE
Tom Kim,N/A,,,,Tom KimNot Likely,Not Likely,"Detroit, MI",42.4263°N,83.1262°W,COLLEGE
Adam Scott,"Las Vegas, Nevada",36.1699° N,115.1398° W,877.0873629,Adam ScottNot Likely,Not Likely,"Detroit, MI",42.4263°N,83.1262°W,COLLEGE
Tony Finau,N/A,,,,Tony FinauNot Likely,Not Likely,"Detroit, MI",42.4263°N,83.1262°W,COLLEGE
Sam Burns,"Baton Rouge, Louisiana",30.4515° N,91.1871° W,469.9173256,Sam BurnsNot Likely,Not Likely,"Detroit, MI",42.4263°N,83.1262°W,COLLEGE
Akshay Bhatia,N/A,,,,Akshay BhatiaNot Likely,Not Likely,"Detroit, MI",42.4263°N,83.1262°W,COLLEGE
Nick Taylor,"Seattle, Washington",47.6062° N,122.3321° W,963.3814057,Nick TaylorNot Likely,Not Likely,"Detroit, MI",42.4263°N,83.1262°W,COLLEGE
Nick Dunlap,"Tuscaloosa, Alabama",33.2098° N,87.5692° W,340.5742503,Nick DunlapNot Likely,Not Likely,"Detroit, MI",42.4263°N,83.1262°W,COLLEGE
Byeong Hun An,N/A,,,,Byeong Hun AnNot Likely,Not Likely,"Detroit, MI",42.4263°N,83.1262°W,COLLEGE
Jason Day,N/A,,,,Jason DayNot Likely,Not Likely,"Detroit, MI",42.4263°N,83.1262°W,COLLEGE
Harris English,"Athens, Georgia",33.9519° N,83.3576° W,292.8325618,Harris EnglishNot Likely,Not Likely,"Detroit, MI",42.4263°N,83.1262°W,COLLEGE
Max Greyserman,"Durham, North Carolina",35.9940° N,78.8986° W,249.2871173,Max GreysermanNot Likely,Not Likely,"Detroit, MI",42.4263°N,83.1262°W,COLLEGE
Denny McCarthy,"Charlottesville, Virginia",38.0339° N,78.5090° W,194.5003989,Denny McCarthyNot Likely,Not Likely,"Detroit, MI",42.4263°N,83.1262°W,COLLEGE
Brian Harman,"Athens, Georgia",33.9519° N,83.3576° W,292.8325618,Brian HarmanNot Likely,Not Likely,"Detroit, MI",42.4263°N,83.1262°W,COLLEGE
Justin Rose,N/A,,,,Justin RoseNot Likely,Not Likely,"Detroit, MI",42.4263°N,83.1262°W,COLLEGE
J.T. Poston,"Cullowhee, North Carolina",35.3090° N,83.1835° W,245.8865114,J.T. PostonNot Likely,Not Likely,"Detroit, MI",42.4263°N,83.1262°W,COLLEGE
Taylor Pendrith,"Kent, Ohio",41.1523° N,81.3582° W,63.33030493,Taylor PendrithPossible,Possible,"Detroit, MI",42.4263°N,83.1262°W,COLLEGE
Lucas Glover,"Clemson, South Carolina",34.6786° N,82.8385° W,267.7724948,Lucas GloverNot Likely,Not Likely,"Detroit, MI",42.4263°N,83.1262°W,COLLEGE
Stephan Jaeger,"Chattanooga, Tennessee",35.0456° N,85.3097° W,261.6554255,Stephan JaegerNot Likely,Not Likely,"Detroit, MI",42.4263°N,83.1262°W,COLLEGE
Matthieu Pavon,N/A,,,,Matthieu PavonNot Likely,Not Likely,"Detroit, MI",42.4263°N,83.1262°W,COLLEGE
Austin Eckroat,"Stillwater, Oklahoma",36.1230° N,97.0583° W,430.7549232,Austin EckroatNot Likely,Not Likely,"Detroit, MI",42.4263°N,83.1262°W,COLLEGE
Rasmus Højgaard,N/A,,,,Rasmus HøjgaardNot Likely,Not Likely,"Detroit, MI",42.4263°N,83.1262°W,COLLEGE
Nico Echavarria,"Fayetteville, Arkansas",36.0626° N,94.1574° W,367.5104198,Nico EchavarriaNot Likely,Not Likely,"Detroit, MI",42.4263°N,83.1262°W,COLLEGE
Cameron Young,"Winston-Salem, North Carolina",36.0999° N,80.2442° W,231.7145804,Cameron YoungNot Likely,Not Likely,"Detroit, MI",42.4263°N,83.1262°W,COLLEGE
Davis Thompson,"Athens, Georgia",33.9519° N,83.3576° W,292.8325618,Davis ThompsonNot Likely,Not Likely,"Detroit, MI",42.4263°N,83.1262°W,COLLEGE
Cam Davis,N/A,,,,Cam DavisNot Likely,Not Likely,"Detroit, MI",42.4263°N,83.1262°W,COLLEGE
Corey Conners,"Kent, Ohio",41.1523° N,81.3582° W,63.33030493,Corey ConnersPossible,Possible,"Detroit, MI",42.4263°N,83.1262°W,COLLEGE
Christiaan Bezuidenhout,N/A,,,,Christiaan BezuidenhoutNot Likely,Not Likely,"Detroit, MI",42.4263°N,83.1262°W,COLLEGE
Daniel Berger,"Tallahassee, Florida",30.4383° N,84.2807° W,415.3793751,Daniel BergerNot Likely,Not Likely,"Detroit, MI",42.4263°N,83.1262°W,COLLEGE
Laurie Canter,N/A,,,,Laurie CanterNot Likely,Not Likely,"Detroit, MI",42.4263°N,83.1262°W,COLLEGE
Jon Rahm,"Tempe, Arizona",33.4255° N,111.9400° W,839.4496643,Jon RahmNot Likely,Not Likely,"Detroit, MI",42.4263°N,83.1262°W,COLLEGE
Min Woo Lee,N/A,,,,Min Woo LeeNot Likely,Not Likely,"Detroit, MI",42.4263°N,83.1262°W,COLLEGE
Matt McCarty,"Santa Clara, California",37.3505° N,121.9394° W,1034.477347,Matt McCartyNot Likely,Not Likely,"Detroit, MI",42.4263°N,83.1262°W,COLLEGE
Ben Griffin,"Chapel Hill, North Carolina",35.9132° N,79.0558° W,249.9475621,Ben GriffinNot Likely,Not Likely,"Detroit, MI",42.4263°N,83.1262°W,COLLEGE
Eric Cole,"Fort Lauderdale, Florida",26.1224° N,80.1373° W,569.5739032,Eric ColeNot Likely,Not Likely,"Detroit, MI",42.4263°N,83.1262°W,COLLEGE
Thriston Lawrence,N/A,,,,Thriston LawrenceNot Likely,Not Likely,"Detroit, MI",42.4263°N,83.1262°W,COLLEGE
Matt Fitzpatrick,"Evanston, Illinois",42.0565° N,87.6753° W,117.0319153,Matt FitzpatrickNot Likely,Not Likely,"Detroit, MI",42.4263°N,83.1262°W,COLLEGE
Alex Noren,N/A,,,,Alex NorenNot Likely,Not Likely,"Detroit, MI",42.4263°N,83.1262°W,COLLEGE
Jhonattan Vegas,"Austin, Texas",30.2672° N,97.7431° W,583.0323671,Jhonattan VegasNot Likely,Not Likely,"Detroit, MI",42.4263°N,83.1262°W,COLLEGE
Max Homa,"Berkeley, California",37.8719° N,122.2585° W,1035.951455,Max HomaNot Likely,Not Likely,"Detroit, MI",42.4263°N,83.1262°W,COLLEGE
Mackenzie Hughes,"Kent, Ohio",41.1523° N,81.3582° W,63.33030493,Mackenzie HughesPossible,Possible,"Detroit, MI",42.4263°N,83.1262°W,COLLEGE
Si Woo Kim,N/A,,,,Si Woo KimNot Likely,Not Likely,"Detroit, MI",42.4263°N,83.1262°W,COLLEGE
Will Zalatoris,"Winston-Salem, North Carolina",36.0999° N,80.2442° W,231.7145804,Will ZalatorisNot Likely,Not Likely,"Detroit, MI",42.4263°N,83.1262°W,COLLEGE
Tom Hoge,"Fort Worth, Texas",32.7555° N,97.3308° W,511.4035986,Tom HogeNot Likely,Not Likely,"Detroit, MI",42.4263°N,83.1262°W,COLLEGE
Nicolai Højgaard,N/A,,,,Nicolai HøjgaardNot Likely,Not Likely,"Detroit, MI",42.4263°N,83.1262°W,COLLEGE
Adam Hadwin,"Louisville, Kentucky",38.2527° N,85.7585° W,159.9593139,Adam HadwinNot Likely,Not Likely,"Detroit, MI",42.4263°N,83.1262°W,COLLEGE
Jordan Spieth,"Austin, Texas",30.2672° N,97.7431° W,583.0323671,Jordan SpiethNot Likely,Not Likely,"Detroit, MI",42.4263°N,83.1262°W,COLLEGE
Kevin Yu,"Tempe, Arizona",33.4255° N,111.9400° W,839.4496643,Kevin YuNot Likely,Not Likely,"Detroit, MI",42.4263°N,83.1262°W,COLLEGE
Chris Kirk,"Athens, Georgia",33.9519° N,83.3576° W,292.8325618,Chris KirkNot Likely,Not Likely,"Detroit, MI",42.4263°N,83.1262°W,COLLEGE
Patrick Rodgers,"Stanford, California",37.4241° N,122.1661° W,1039.294738,Patrick RodgersNot Likely,Not Likely,"Detroit, MI",42.4263°N,83.1262°W,COLLEGE
Joaquin Niemann,N/A,,,,Joaquin NiemannNot Likely,Not Likely,"Detroit, MI",42.4263°N,83.1262°W,COLLEGE
Matt Wallace,N/A,,,,Matt WallaceNot Likely,Not Likely,"Detroit, MI",42.4263°N,83.1262°W,COLLEGE
Sam Stevens,"Stillwater, Oklahoma",36.1230° N,97.0583° W,430.7549232,Sam StevensNot Likely,Not Likely,"Detroit, MI",42.4263°N,83.1262°W,COLLEGE
Andrew Novak,"Spartanburg, South Carolina",34.9496° N,81.9320° W,260.2892927,Andrew NovakNot Likely,Not Likely,"Detroit, MI",42.4263°N,83.1262°W,COLLEGE
Taylor Moore,"Fayetteville, Arkansas",36.0626° N,94.1574° W,367.5104198,Taylor MooreNot Likely,Not Likely,"Detroit, MI",42.4263°N,83.1262°W,COLLEGE
Michael Kim,"Berkeley, California",37.8719° N,122.2585° W,1035.951455,Michael KimNot Likely,Not Likely,"Detroit, MI",42.4263°N,83.1262°W,COLLEGE
Thorbjørn Olesen,N/A,,,,Thorbjørn OlesenNot Likely,Not Likely,"Detroit, MI",42.4263°N,83.1262°W,COLLEGE
J.J. Spaun,"San Diego, California",32.7157° N,117.1611° W,982.6493117,J.J. SpaunNot Likely,Not Likely,"Detroit, MI",42.4263°N,83.1262°W,COLLEGE
Beau Hossler,"Austin, Texas",30.2672° N,97.7431° W,583.0323671,Beau HosslerNot Likely,Not Likely,"Detroit, MI",42.4263°N,83.1262°W,COLLEGE
David Puig,"Tempe, Arizona",33.4255° N,111.9400° W,839.4496643,David PuigNot Likely,Not Likely,"Detroit, MI",42.4263°N,83.1262°W,COLLEGE
Justin Lower,"Canton, Ohio",40.7987° N,81.3784° W,72.10514061,Justin LowerPossible,Possible,"Detroit, MI",42.4263°N,83.1262°W,COLLEGE
Rasmus Neergaard-Petersen,"Stillwater, Oklahoma",36.1230° N,97.0583° W,430.7549232,Rasmus Neergaard-PetersenNot Likely,Not Likely,"Detroit, MI",42.4263°N,83.1262°W,COLLEGE
Lee Hodges,"Tuscaloosa, Alabama",33.2098° N,87.5692° W,340.5742503,Lee HodgesNot Likely,Not Likely,"Detroit, MI",42.4263°N,83.1262°W,COLLEGE
Erik van Rooyen,"Minneapolis, Minnesota",44.9778° N,93.2650° W,267.902179,Erik van RooyenNot Likely,Not Likely,"Detroit, MI",42.4263°N,83.1262°W,COLLEGE
Harry Hall,"Las Vegas, Nevada",36.1699° N,115.1398° W,877.0873629,Harry HallNot Likely,Not Likely,"Detroit, MI",42.4263°N,83.1262°W,COLLEGE
Kurt Kitayama,"Las Vegas, Nevada",36.1699° N,115.1398° W,877.0873629,Kurt KitayamaNot Likely,Not Likely,"Detroit, MI",42.4263°N,83.1262°W,COLLEGE
Niklas Nørgaard,N/A,,,,Niklas NørgaardNot Likely,Not Likely,"Detroit, MI",42.4263°N,83.1262°W,COLLEGE
John Parry,N/A,,,,John ParryNot Likely,Not Likely,"Detroit, MI",42.4263°N,83.1262°W,COLLEGE
Romain Langasque,N/A,,,,Romain LangasqueNot Likely,Not Likely,"Detroit, MI",42.4263°N,83.1262°W,COLLEGE
Max McGreevy,"Edmond, Oklahoma",35.6528° N,97.4781° W,449.7131585,Max McGreevyNot Likely,Not Likely,"Detroit, MI",42.4263°N,83.1262°W,COLLEGE
Luke Clanton,"Tallahassee, Florida",30.4383° N,84.2807° W,415.3793751,Luke ClantonNot Likely,Not Likely,"Detroit, MI",42.4263°N,83.1262°W,COLLEGE
Rickie Fowler,"Stillwater, Oklahoma",36.1230° N,97.0583° W,430.7549232,Rickie FowlerNot Likely,Not Likely,"Detroit, MI",42.4263°N,83.1262°W,COLLEGE
Victor Perez,"Albuquerque, New Mexico",35.0845° N,106.6511° W,679.8240738,Victor PerezNot Likely,Not Likely,"Detroit, MI",42.4263°N,83.1262°W,COLLEGE
Brian Campbell,"Urbana-Champaign, Illinois",40.1097° N,88.2272° W,154.7149879,Brian CampbellNot Likely,Not Likely,"Detroit, MI",42.4263°N,83.1262°W,COLLEGE
Cameron Smith,N/A,,,,Cameron SmithNot Likely,Not Likely,"Detroit, MI",42.4263°N,83.1262°W,COLLEGE
Jake Knapp,"Los Angeles, California",34.0522° N,118.2437° W,987.9094537,Jake KnappNot Likely,Not Likely,"Detroit, MI",42.4263°N,83.1262°W,COLLEGE
Keith Mitchell,"Athens, Georgia",33.9519° N,83.3576° W,292.8325618,Keith MitchellNot Likely,Not Likely,"Detroit, MI",42.4263°N,83.1262°W,COLLEGE
Charley Hoffman,"Las Vegas, Nevada",36.1699° N,115.1398° W,877.0873629,Charley HoffmanNot Likely,Not Likely,"Detroit, MI",42.4263°N,83.1262°W,COLLEGE
Matteo Manassero,N/A,,,,Matteo ManasseroNot Likely,Not Likely,"Detroit, MI",42.4263°N,83.1262°W,COLLEGE
Ryan Fox,N/A,,,,Ryan FoxNot Likely,Not Likely,"Detroit, MI",42.4263°N,83.1262°W,COLLEGE
Jordan Smith,N/A,,,,Jordan SmithNot Likely,Not Likely,"Detroit, MI",42.4263°N,83.1262°W,COLLEGE
Doug Ghim,"Austin, Texas",30.2672° N,97.7431° W,583.0323671,Doug GhimNot Likely,Not Likely,"Detroit, MI",42.4263°N,83.1262°W,COLLEGE
Shaun Norris,N/A,,,,Shaun NorrisNot Likely,Not Likely,"Detroit, MI",42.4263°N,83.1262°W,COLLEGE
Kensei Hirata,N/A,,,,Kensei HirataNot Likely,Not Likely,"Detroit, MI",42.4263°N,83.1262°W,COLLEGE
Jesper Svensson,N/A,,,,Jesper SvenssonNot Likely,Not Likely,"Detroit, MI",42.4263°N,83.1262°W,COLLEGE
Aldrich Potgieter,N/A,,,,Aldrich PotgieterNot Likely,Not Likely,"Detroit, MI",42.4263°N,83.1262°W,COLLEGE
Ryo Hisatsune,N/A,,,,Ryo HisatsuneNot Likely,Not Likely,"Detroit, MI",42.4263°N,83.1262°W,COLLEGE
Adam Schenk,"West Lafayette, Indiana",40.4259° N,86.9081° W,119.8679099,Adam SchenkNot Likely,Not Likely,"Detroit, MI",42.4263°N,83.1262°W,COLLEGE
Mark Hubbard,"San Jose, California",37.3382° N,121.8863° W,1033.285205,Mark HubbardNot Likely,Not Likely,"Detroit, MI",42.4263°N,83.1262°W,COLLEGE
Patrick Fishburn,"Provo, Utah",40.2483° N,111.6492° W,740.1717491,Patrick FishburnNot Likely,Not Likely,"Detroit, MI",42.4263°N,83.1262°W,COLLEGE
Paul Waring,N/A,,,,Paul WaringNot Likely,Not Likely,"Detroit, MI",42.4263°N,83.1262°W,COLLEGE
Tom McKibbin,N/A,,,,Tom McKibbinNot Likely,Not Likely,"Detroit, MI",42.4263°N,83.1262°W,COLLEGE
Jorge Campillo,"Bloomington, Indiana",39.1653° N,86.5264° W,143.4991431,Jorge CampilloNot Likely,Not Likely,"Detroit, MI",42.4263°N,83.1262°W,COLLEGE
C.T. Pan,"Seattle, Washington",47.6062° N,122.3321° W,963.3814057,C.T. PanNot Likely,Not Likely,"Detroit, MI",42.4263°N,83.1262°W,COLLEGE
Matti Schmid,"Louisville, Kentucky",38.2527° N,85.7585° W,159.9593139,Matti SchmidNot Likely,Not Likely,"Detroit, MI",42.4263°N,83.1262°W,COLLEGE
Seamus Power,"Johnson City, Tennessee",36.3134° N,82.3535° W,212.1856677,Seamus PowerNot Likely,Not Likely,"Detroit, MI",42.4263°N,83.1262°W,COLLEGE
Patrick Reed,"Augusta, Georgia",33.4735° N,82.0105° W,310.7740371,Patrick ReedNot Likely,Not Likely,"Detroit, MI",42.4263°N,83.1262°W,COLLEGE
Patton Kizzire,"Auburn, Alabama",32.6099° N,85.4808° W,345.1692758,Patton KizzireNot Likely,Not Likely,"Detroit, MI",42.4263°N,83.1262°W,COLLEGE
Julien Guerrier,N/A,,,,Julien GuerrierNot Likely,Not Likely,"Detroit, MI",42.4263°N,83.1262°W,COLLEGE
Matthew Jordan,N/A,,,,Matthew JordanNot Likely,Not Likely,"Detroit, MI",42.4263°N,83.1262°W,COLLEGE
Daniel Brown,N/A,,,,Daniel BrownNot Likely,Not Likely,"Detroit, MI",42.4263°N,83.1262°W,COLLEGE
Sebastian Soderberg,"Conway, South Carolina",33.8360° N,79.0478° W,316.6822493,Sebastian SoderbergNot Likely,Not Likely,"Detroit, MI",42.4263°N,83.1262°W,COLLEGE
Vince Whaley,"Atlanta, Georgia",33.7490° N,84.3880° W,301.72143,Vince WhaleyNot Likely,Not Likely,"Detroit, MI",42.4263°N,83.1262°W,COLLEGE
Johannes Veerman,"College Station, Texas",30.6192° N,96.3361° W,547.18245,Johannes VeermanNot Likely,Not Likely,"Detroit, MI",42.4263°N,83.1262°W,COLLEGE
Emiliano Grillo,N/A,,,,Emiliano GrilloNot Likely,Not Likely,"Detroit, MI",42.4263°N,83.1262°W,COLLEGE
Matt Kuchar,"Atlanta, Georgia",33.7490° N,84.3880° W,301.72143,Matt KucharNot Likely,Not Likely,"Detroit, MI",42.4263°N,83.1262°W,COLLEGE
Antoine Rozner,N/A,,,,Antoine RoznerNot Likely,Not Likely,"Detroit, MI",42.4263°N,83.1262°W,COLLEGE
John Catlin,"Albuquerque, New Mexico",35.0845° N,106.6511° W,679.8240738,John CatlinNot Likely,Not Likely,"Detroit, MI",42.4263°N,83.1262°W,COLLEGE
Dean Burmester,N/A,,,,Dean BurmesterNot Likely,Not Likely,"Detroit, MI",42.4263°N,83.1262°W,COLLEGE
Brendon Todd,"Athens, Georgia",33.9519° N,83.3576° W,292.8325618,Brendon ToddNot Likely,Not Likely,"Detroit, MI",42.4263°N,83.1262°W,COLLEGE
Rico Hoey,"Los Angeles, California",34.0522° N,118.2437° W,987.9094537,Rico HoeyNot Likely,Not Likely,"Detroit, MI",42.4263°N,83.1262°W,COLLEGE
Joseph Dean,N/A,,,,Joseph DeanNot Likely,Not Likely,"Detroit, MI",42.4263°N,83.1262°W,COLLEGE
Keita Nakajima,N/A,,,,Keita NakajimaNot Likely,Not Likely,"Detroit, MI",42.4263°N,83.1262°W,COLLEGE
Alex Smalley,"Durham, North Carolina",35.9940° N,78.8986° W,249.2871173,Alex SmalleyNot Likely,Not Likely,"Detroit, MI",42.4263°N,83.1262°W,COLLEGE
Daniel Hillier,N/A,,,,Daniel HillierNot Likely,Not Likely,"Detroit, MI",42.4263°N,83.1262°W,COLLEGE
Guido Migliozzi,N/A,,,,Guido MigliozziNot Likely,Not Likely,"Detroit, MI",42.4263°N,83.1262°W,COLLEGE
Luke List,"Nashville, Tennessee",36.1627° N,86.7816° W,237.3720848,Luke ListNot Likely,Not Likely,"Detroit, MI",42.4263°N,83.1262°W,COLLEGE
Ben Kohles,"Charlottesville, Virginia",38.0339° N,78.5090° W,194.5003989,Ben KohlesNot Likely,Not Likely,"Detroit, MI",42.4263°N,83.1262°W,COLLEGE
Davis Riley,"Tuscaloosa, Alabama",33.2098° N,87.5692° W,340.5742503,Davis RileyNot Likely,Not Likely,"Detroit, MI",42.4263°N,83.1262°W,COLLEGE
Frankie Capan III,"Tuscaloosa, Alabama",33.2098° N,87.5692° W,340.5742503,Frankie Capan IIINot Likely,Not Likely,"Detroit, MI",42.4263°N,83.1262°W,COLLEGE
Peter Uihlein,"Stillwater, Oklahoma",36.1230° N,97.0583° W,430.7549232,Peter UihleinNot Likely,Not Likely,"Detroit, MI",42.4263°N,83.1262°W,COLLEGE
Adam Svensson,"Miami Shores, Florida",25.8620° N,80.1939° W,578.2552118,Adam SvenssonNot Likely,Not Likely,"Detroit, MI",42.4263°N,83.1262°W,COLLEGE
Andrew Putnam,"Malibu, California",34.0250° N,118.7795° W,1001.952615,Andrew PutnamNot Likely,Not Likely,"Detroit, MI",42.4263°N,83.1262°W,COLLEGE
Peter Malnati,"Columbia, Missouri",38.9517° N,92.3341° W,269.2191128,Peter MalnatiNot Likely,Not Likely,"Detroit, MI",42.4263°N,83.1262°W,COLLEGE
Jang Yu Bin,N/A,,,,Jang Yu BinNot Likely,Not Likely,"Detroit, MI",42.4263°N,83.1262°W,COLLEGE
Ben Campbell,N/A,,,,Ben CampbellNot Likely,Not Likely,"Detroit, MI",42.4263°N,83.1262°W,COLLEGE
Hayden Springer,"Fort Worth, Texas",32.7555° N,97.3308° W,511.4035986,Hayden SpringerNot Likely,Not Likely,"Detroit, MI",42.4263°N,83.1262°W,COLLEGE
Ewen Ferguson,N/A,,,,Ewen FergusonNot Likely,Not Likely,"Detroit, MI",42.4263°N,83.1262°W,COLLEGE
Carson Young,"Clemson, South Carolina",34.6786° N,82.8385° W,267.7724948,Carson YoungNot Likely,Not Likely,"Detroit, MI",42.4263°N,83.1262°W,COLLEGE
Haotong Li,N/A,,,,Haotong LiNot Likely,Not Likely,"Detroit, MI",42.4263°N,83.1262°W,COLLEGE
Mac Meissner,"Dallas, Texas",32.7767° N,96.7970° W,499.9730235,Mac MeissnerNot Likely,Not Likely,"Detroit, MI",42.4263°N,83.1262°W,COLLEGE
Takumi Kanaya,N/A,,,,Takumi KanayaNot Likely,Not Likely,"Detroit, MI",42.4263°N,83.1262°W,COLLEGE
Brooks Koepka,"Tallahassee, Florida",30.4383° N,84.2807° W,415.3793751,Brooks KoepkaNot Likely,Not Likely,"Detroit, MI",42.4263°N,83.1262°W,COLLEGE
K.H. Lee,N/A,,,,K.H. LeeNot Likely,Not Likely,"Detroit, MI",42.4263°N,83.1262°W,COLLEGE
Alejandro Del Rey,"Tempe, Arizona",33.4255° N,111.9400° W,839.4496643,Alejandro Del ReyNot Likely,Not Likely,"Detroit, MI",42.4263°N,83.1262°W,COLLEGE
Chandler Phillips,"College Station, Texas",30.6192° N,96.3361° W,547.18245,Chandler PhillipsNot Likely,Not Likely,"Detroit, MI",42.4263°N,83.1262°W,COLLEGE
Ben Silverman,"Boca Raton, Florida",,,,Ben SilvermanNot Likely,Not Likely,"Detroit, MI",42.4263°N,83.1262°W,COLLEGE
Johnny Keefer,"Waco, Texas",31.5493° N,97.1467° W,537.9593312,Johnny KeeferNot Likely,Not Likely,"Detroit, MI",42.4263°N,83.1262°W,COLLEGE
Greyson Sigg,"Athens, Georgia",33.9519° N,83.3576° W,292.8325618,Greyson SiggNot Likely,Not Likely,"Detroit, MI",42.4263°N,83.1262°W,COLLEGE
Daniel van Tonder,N/A,,,,Daniel van TonderNot Likely,Not Likely,"Detroit, MI",42.4263°N,83.1262°W,COLLEGE
David Lipsky,"Evanston, Illinois",42.0565° N,87.6753° W,117.0319153,David LipskyNot Likely,Not Likely,"Detroit, MI",42.4263°N,83.1262°W,COLLEGE
Chan Kim,N/A,,,,Chan KimNot Likely,Not Likely,"Detroit, MI",42.4263°N,83.1262°W,COLLEGE
Pierceson Coody,"Austin, Texas",30.2672° N,97.7431° W,583.0323671,Pierceson CoodyNot Likely,Not Likely,"Detroit, MI",42.4263°N,83.1262°W,COLLEGE
S.H. Kim,N/A,,,,S.H. KimNot Likely,Not Likely,"Detroit, MI",42.4263°N,83.1262°W,COLLEGE
Rikuya Hoshino,N/A,,,,Rikuya HoshinoNot Likely,Not Likely,"Detroit, MI",42.4263°N,83.1262°W,COLLEGE
Sami Valimaki,N/A,,,,Sami ValimakiNot Likely,Not Likely,"Detroit, MI",42.4263°N,83.1262°W,COLLEGE
Joe Highsmith,"Malibu, California",34.0250° N,118.7795° W,1001.952615,Joe HighsmithNot Likely,Not Likely,"Detroit, MI",42.4263°N,83.1262°W,COLLEGE
Steven Fisk,"Statesboro, Georgia",,,,Steven FiskNot Likely,Not Likely,"Detroit, MI",42.4263°N,83.1262°W,COLLEGE
Adrian Meronk,"Johnson City, Tennessee",36.3134° N,82.3535° W,212.1856677,Adrian MeronkNot Likely,Not Likely,"Detroit, MI",42.4263°N,83.1262°W,COLLEGE
Harry Higgs,"Dallas, Texas",32.7767° N,96.7970° W,499.9730235,Harry HiggsNot Likely,Not Likely,"Detroit, MI",42.4263°N,83.1262°W,COLLEGE
Gary Woodland,"Lawrence, Kansas",,,,Gary WoodlandNot Likely,Not Likely,"Detroit, MI",42.4263°N,83.1262°W,COLLEGE
Frederic LaCroix,N/A,,,,Frederic LaCroixNot Likely,Not Likely,"Detroit, MI",42.4263°N,83.1262°W,COLLEGE
Tim Widing,"San Francisco, California",37.7749° N,122.4194° W,1041.260269,Tim WidingNot Likely,Not Likely,"Detroit, MI",42.4263°N,83.1262°W,COLLEGE
Dan Bradbury,N/A,,,,Dan BradburyNot Likely,Not Likely,"Detroit, MI",42.4263°N,83.1262°W,COLLEGE
Angel Ayora,N/A,,,,Angel AyoraNot Likely,Not Likely,"Detroit, MI",42.4263°N,83.1262°W,COLLEGE
Isaiah Salinda,"Stanford, California",37.4241° N,122.1661° W,1039.294738,Isaiah SalindaNot Likely,Not Likely,"Detroit, MI",42.4263°N,83.1262°W,COLLEGE
Rafael Campos,"Richmond, Virginia",37.5407° N,77.4360° W,226.10875,Rafael CamposNot Likely,Not Likely,"Detroit, MI",42.4263°N,83.1262°W,COLLEGE
Zac Blair,"Provo, Utah",40.2483° N,111.6492° W,740.1717491,Zac BlairNot Likely,Not Likely,"Detroit, MI",42.4263°N,83.1262°W,COLLEGE
Joel Dahmen,"Seattle, Washington",47.6062° N,122.3321° W,963.3814057,Joel DahmenNot Likely,Not Likely,"Detroit, MI",42.4263°N,83.1262°W,COLLEGE
David Ravetto,"Fort Worth, Texas",32.7555° N,97.3308° W,511.4035986,David RavettoNot Likely,Not Likely,"Detroit, MI",42.4263°N,83.1262°W,COLLEGE
Sam Bairstow,N/A,,,,Sam BairstowNot Likely,Not Likely,"Detroit, MI",42.4263°N,83.1262°W,COLLEGE
Alex Fitzpatrick,"Winston-Salem, North Carolina",36.0999° N,80.2442° W,231.7145804,Alex FitzpatrickNot Likely,Not Likely,"Detroit, MI",42.4263°N,83.1262°W,COLLEGE
Angel Hidalgo Jordan,N/A,,,,Angel Hidalgo JordanNot Likely,Not Likely,"Detroit, MI",42.4263°N,83.1262°W,COLLEGE
William Mouw,"Malibu, California",34.0250° N,118.7795° W,1001.952615,William MouwNot Likely,Not Likely,"Detroit, MI",42.4263°N,83.1262°W,COLLEGE
Brice Garnett,"St. Joseph, Missouri",,,,Brice GarnettNot Likely,Not Likely,"Detroit, MI",42.4263°N,83.1262°W,COLLEGE
Ryan Gerard,"Chapel Hill, North Carolina",35.9132° N,79.0558° W,249.9475621,Ryan GerardNot Likely,Not Likely,"Detroit, MI",42.4263°N,83.1262°W,COLLEGE
Alejandro Tosti,"Gainesville, Florida",29.6516° N,82.3248° W,441.8895238,Alejandro TostiNot Likely,Not Likely,"Detroit, MI",42.4263°N,83.1262°W,COLLEGE
Kris Ventura,"Norman, Oklahoma",35.1966° N,97.4458° W,458.3549788,Kris VenturaNot Likely,Not Likely,"Detroit, MI",42.4263°N,83.1262°W,COLLEGE
Yuta Sugiura,N/A,,,,Yuta SugiuraNot Likely,Not Likely,"Detroit, MI",42.4263°N,83.1262°W,COLLEGE
Nacho Elvira,N/A,,,,Nacho ElviraNot Likely,Not Likely,"Detroit, MI",42.4263°N,83.1262°W,COLLEGE
Sam Ryder,"DeLand, Florida",,,,Sam RyderNot Likely,Not Likely,"Detroit, MI",42.4263°N,83.1262°W,COLLEGE
Taylor Dickson,N/A,,,,Taylor DicksonNot Likely,Not Likely,"Detroit, MI",42.4263°N,83.1262°W,COLLEGE
Alexander Björk,N/A,,,,Alexander BjörkNot Likely,Not Likely,"Detroit, MI",42.4263°N,83.1262°W,COLLEGE
David Micheluzzi,N/A,,,,David MicheluzziNot Likely,Not Likely,"Detroit, MI",42.4263°N,83.1262°W,COLLEGE
Henrik Norlander,"Augusta, Georgia",33.4735° N,82.0105° W,310.7740371,Henrik NorlanderNot Likely,Not Likely,"Detroit, MI",42.4263°N,83.1262°W,COLLEGE
Michael Thorbjornsen,"Stanford, California",37.4241° N,122.1661° W,1039.294738,Michael ThorbjornsenNot Likely,Not Likely,"Detroit, MI",42.4263°N,83.1262°W,COLLEGE
Brandon R-Thompson,N/A,,,,Brandon R-ThompsonNot Likely,Not Likely,"Detroit, MI",42.4263°N,83.1262°W,COLLEGE
Connor Syme,N/A,,,,Connor SymeNot Likely,Not Likely,"Detroit, MI",42.4263°N,83.1262°W,COLLEGE
Jackson Suber,"Oxford, Mississippi",34.3668° N,89.5190° W,327.6116953,Jackson SuberNot Likely,Not Likely,"Detroit, MI",42.4263°N,83.1262°W,COLLEGE
Thomas Rosenmueller,"Denton, Texas",33.2148° N,97.1331° W,496.2092876,Thomas RosenmuellerNot Likely,Not Likely,"Detroit, MI",42.4263°N,83.1262°W,COLLEGE
Kevin Roy,"Long Beach, California",33.7701° N,118.1937° W,991.1727327,Kevin RoyNot Likely,Not Likely,"Detroit, MI",42.4263°N,83.1262°W,COLLEGE
Jacob Bridgeman,"Clemson, South Carolina",34.6786° N,82.8385° W,267.7724948,Jacob BridgemanNot Likely,Not Likely,"Detroit, MI",42.4263°N,83.1262°W,COLLEGE
Andy Sullivan,N/A,,,,Andy SullivanNot Likely,Not Likely,"Detroit, MI",42.4263°N,83.1262°W,COLLEGE
Elvis Smylie,N/A,,,,Elvis SmylieNot Likely,Not Likely,"Detroit, MI",42.4263°N,83.1262°W,COLLEGE
Adrian Otaegui,N/A,,,,Adrian OtaeguiNot Likely,Not Likely,"Detroit, MI",42.4263°N,83.1262°W,COLLEGE
Marcel Siem,N/A,,,,Marcel SiemNot Likely,Not Likely,"Detroit, MI",42.4263°N,83.1262°W,COLLEGE
Nicolas Colsaerts,N/A,,,,Nicolas ColsaertsNot Likely,Not Likely,"Detroit, MI",42.4263°N,83.1262°W,COLLEGE
Yannik Paul,"Boulder, Colorado",40.0070° N,105.2639° W,579.6449171,Yannik PaulNot Likely,Not Likely,"Detroit, MI",42.4263°N,83.1262°W,COLLEGE
Marcus Armitage,N/A,,,,Marcus ArmitageNot Likely,Not Likely,"Detroit, MI",42.4263°N,83.1262°W,COLLEGE
Chris Gotterup,"New Brunswick, New Jersey",,,,Chris GotterupNot Likely,Not Likely,"Detroit, MI",42.4263°N,83.1262°W,COLLEGE
Kevin Streelman,"Durham, North Carolina",35.9940° N,78.8986° W,249.2871173,Kevin StreelmanNot Likely,Not Likely,"Detroit, MI",42.4263°N,83.1262°W,COLLEGE
Adrien Saddier,N/A,,,,Adrien SaddierNot Likely,Not Likely,"Detroit, MI",42.4263°N,83.1262°W,COLLEGE
Jacques Kruyswijk,N/A,,,,Jacques KruyswijkNot Likely,Not Likely,"Detroit, MI",42.4263°N,83.1262°W,COLLEGE
Pablo Larrazabal,N/A,,,,Pablo LarrazabalNot Likely,Not Likely,"Detroit, MI",42.4263°N,83.1262°W,COLLEGE
Adrien Dumont de Chassart,"Urbana-Champaign, Illinois",40.1097° N,88.2272° W,154.7149879,Adrien Dumont de ChassartNot Likely,Not Likely,"Detroit, MI",42.4263°N,83.1262°W,COLLEGE
Alistair Docherty,N/A,,,,Alistair DochertyNot Likely,Not Likely,"Detroit, MI",42.4263°N,83.1262°W,COLLEGE
Nate Lashley,"Tucson, Arizona",32.2226° N,110.9747° W,837.27907,Nate LashleyNot Likely,Not Likely,"Detroit, MI",42.4263°N,83.1262°W,COLLEGE
Ugo Coussaud,N/A,,,,Ugo CoussaudNot Likely,Not Likely,"Detroit, MI",42.4263°N,83.1262°W,COLLEGE
Wesley Bryan,"Columbia, South Carolina",34.0007° N,81.0348° W,296.5354676,Wesley BryanNot Likely,Not Likely,"Detroit, MI",42.4263°N,83.1262°W,COLLEGE
Bernd Wiesberger,N/A,,,,Bernd WiesbergerNot Likely,Not Likely,"Detroit, MI",42.4263°N,83.1262°W,COLLEGE
Ryo Ishikawa,N/A,,,,Ryo IshikawaNot Likely,Not Likely,"Detroit, MI",42.4263°N,83.1262°W,COLLEGE
Robin Williams,N/A,,,,Robin WilliamsNot Likely,Not Likely,"Detroit, MI",42.4263°N,83.1262°W,COLLEGE
Jayden Schaper,N/A,,,,Jayden SchaperNot Likely,Not Likely,"Detroit, MI",42.4263°N,83.1262°W,COLLEGE
Paul Peterson,N/A,,,,Paul PetersonNot Likely,Not Likely,"Detroit, MI",42.4263°N,83.1262°W,COLLEGE
Grant Forrest,N/A,,,,Grant ForrestNot Likely,Not Likely,"Detroit, MI",42.4263°N,83.1262°W,COLLEGE
Shugo Imahira,N/A,,,,Shugo ImahiraNot Likely,Not Likely,"Detroit, MI",42.4263°N,83.1262°W,COLLEGE
Dylan Wu,"Evanston, Illinois",42.0565° N,87.6753° W,117.0319153,Dylan WuNot Likely,Not Likely,"Detroit, MI",42.4263°N,83.1262°W,COLLEGE
Neal Shipley,"Columbus, Ohio",39.9612° N,82.9988° W,85.22626857,Neal ShipleyPossible,Possible,"Detroit, MI",42.4263°N,83.1262°W,COLLEGE
Richard Lee,N/A,,,,Richard LeeNot Likely,Not Likely,"Detroit, MI",42.4263°N,83.1262°W,COLLEGE
Joost Luiten,N/A,,,,Joost LuitenNot Likely,Not Likely,"Detroit, MI",42.4263°N,83.1262°W,COLLEGE
Louis Oosthuizen,N/A,,,,Louis OosthuizenNot Likely,Not Likely,"Detroit, MI",42.4263°N,83.1262°W,COLLEGE
Jeff Winther,N/A,,,,Jeff WintherNot Likely,Not Likely,"Detroit, MI",42.4263°N,83.1262°W,COLLEGE
John Pak,"Tallahassee, Florida",30.4383° N,84.2807° W,415.3793751,John PakNot Likely,Not Likely,"Detroit, MI",42.4263°N,83.1262°W,COLLEGE
Hank Lebioda,"Tallahassee, Florida",30.4383° N,84.2807° W,415.3793751,Hank LebiodaNot Likely,Not Likely,"Detroit, MI",42.4263°N,83.1262°W,COLLEGE
Francesco Laporta,N/A,,,,Francesco LaportaNot Likely,Not Likely,"Detroit, MI",42.4263°N,83.1262°W,COLLEGE
Vincent Norrman,"Tallahassee, Florida",30.4383° N,84.2807° W,415.3793751,Vincent NorrmanNot Likely,Not Likely,"Detroit, MI",42.4263°N,83.1262°W,COLLEGE
MK Kim,N/A,,,,MK KimNot Likely,Not Likely,"Detroit, MI",42.4263°N,83.1262°W,COLLEGE
Takahiro Hataji,N/A,,,,Takahiro HatajiNot Likely,Not Likely,"Detroit, MI",42.4263°N,83.1262°W,COLLEGE
Hamish Brown,N/A,,,,Hamish BrownNot Likely,Not Likely,"Detroit, MI",42.4263°N,83.1262°W,COLLEGE
Suteepat Prateeptienchai,N/A,,,,Suteepat PrateeptienchaiNot Likely,Not Likely,"Detroit, MI",42.4263°N,83.1262°W,COLLEGE
Ricky Castillo,"Gainesville, Florida",29.6516° N,82.3248° W,441.8895238,Ricky CastilloNot Likely,Not Likely,"Detroit, MI",42.4263°N,83.1262°W,COLLEGE
Joakim Lagergren,N/A,,,,Joakim LagergrenNot Likely,Not Likely,"Detroit, MI",42.4263°N,83.1262°W,COLLEGE
Camilo Villegas,"Gainesville, Florida",29.6516° N,82.3248° W,441.8895238,Camilo VillegasNot Likely,Not Likely,"Detroit, MI",42.4263°N,83.1262°W,COLLEGE
Lanto Griffin,"Richmond, Virginia",37.5407° N,77.4360° W,226.10875,Lanto GriffinNot Likely,Not Likely,"Detroit, MI",42.4263°N,83.1262°W,COLLEGE
Taylor Montgomery,"Las Vegas, Nevada",36.1699° N,115.1398° W,877.0873629,Taylor MontgomeryNot Likely,Not Likely,"Detroit, MI",42.4263°N,83.1262°W,COLLEGE
Richard Mansell,N/A,,,,Richard MansellNot Likely,Not Likely,"Detroit, MI",42.4263°N,83.1262°W,COLLEGE
Cristobal Del Solar,"Tallahassee, Florida",30.4383° N,84.2807° W,415.3793751,Cristobal Del SolarNot Likely,Not Likely,"Detroit, MI",42.4263°N,83.1262°W,COLLEGE
Bud Cauley,"Tuscaloosa, Alabama",33.2098° N,87.5692° W,340.5742503,Bud CauleyNot Likely,Not Likely,"Detroit, MI",42.4263°N,83.1262°W,COLLEGE
David Skinns,"Knoxville, Tennessee",35.9606° N,83.9207° W,224.3782639,David SkinnsNot Likely,Not Likely,"Detroit, MI",42.4263°N,83.1262°W,COLLEGE
Kyle Westmoreland,"Colorado Springs, Colorado",38.9972° N,104.8605° W,579.6468198,Kyle WestmorelandNot Likely,Not Likely,"Detroit, MI",42.4263°N,83.1262°W,COLLEGE
Frederik Kjettrup,"Tallahassee, Florida",30.4383° N,84.2807° W,415.3793751,Frederik KjettrupNot Likely,Not Likely,"Detroit, MI",42.4263°N,83.1262°W,COLLEGE
Shubhankar Sharma,N/A,,,,Shubhankar SharmaNot Likely,Not Likely,"Detroit, MI",42.4263°N,83.1262°W,COLLEGE
Trace Crowe,"Auburn, Alabama",32.6099° N,85.4808° W,345.1692758,Trace CroweNot Likely,Not Likely,"Detroit, MI",42.4263°N,83.1262°W,COLLEGE
Quade Cummins,"Norman, Oklahoma",35.1966° N,97.4458° W,458.3549788,Quade CumminsNot Likely,Not Likely,"Detroit, MI",42.4263°N,83.1262°W,COLLEGE
Karl Vilips,"Stanford, California",37.4241° N,122.1661° W,1039.294738,Karl VilipsNot Likely,Not Likely,"Detroit, MI",42.4263°N,83.1262°W,COLLEGE
Ivan Cantero Gutierrez,N/A,,,,Ivan Cantero GutierrezNot Likely,Not Likely,"Detroit, MI",42.4263°N,83.1262°W,COLLEGE
Robby Shelton,"Tuscaloosa, Alabama",33.2098° N,87.5692° W,340.5742503,Robby SheltonNot Likely,Not Likely,"Detroit, MI",42.4263°N,83.1262°W,COLLEGE
Marcus Kinhult,N/A,,,,Marcus KinhultNot Likely,Not Likely,"Detroit, MI",42.4263°N,83.1262°W,COLLEGE
Austin Smotherman,"Dallas, Texas",32.7767° N,96.7970° W,499.9730235,Austin SmothermanNot Likely,Not Likely,"Detroit, MI",42.4263°N,83.1262°W,COLLEGE
Darius Van Driel,N/A,,,,Darius Van DrielNot Likely,Not Likely,"Detroit, MI",42.4263°N,83.1262°W,COLLEGE
Sean Crocker,"Los Angeles, California",34.0522° N,118.2437° W,987.9094537,Sean CrockerNot Likely,Not Likely,"Detroit, MI",42.4263°N,83.1262°W,COLLEGE
Lucas Herbert,N/A,,,,Lucas HerbertNot Likely,Not Likely,"Detroit, MI",42.4263°N,83.1262°W,COLLEGE
Zander Lombard,N/A,,,,Zander LombardNot Likely,Not Likely,"Detroit, MI",42.4263°N,83.1262°W,COLLEGE
Ollie Schniederjans,"Atlanta, Georgia",33.7490° N,84.3880° W,301.72143,Ollie SchniederjansNot Likely,Not Likely,"Detroit, MI",42.4263°N,83.1262°W,COLLEGE
Yuto Katsuragawa,N/A,,,,Yuto KatsuragawaNot Likely,Not Likely,"Detroit, MI",42.4263°N,83.1262°W,COLLEGE
Trav Smyth,N/A,,,,Trav SmythNot Likely,Not Likely,"Detroit, MI",42.4263°N,83.1262°W,COLLEGE
Martin Couvra,N/A,,,,Martin CouvraNot Likely,Not Likely,"Detroit, MI",42.4263°N,83.1262°W,COLLEGE
Danny Walker,"Charlottesville, Virginia",38.0339° N,78.5090° W,194.5003989,Danny WalkerNot Likely,Not Likely,"Detroit, MI",42.4263°N,83.1262°W,COLLEGE
Brandon Stone,"Austin, Texas",30.2672° N,97.7431° W,583.0323671,Brandon StoneNot Likely,Not Likely,"Detroit, MI",42.4263°N,83.1262°W,COLLEGE
Braden Thornberry,"Oxford, Mississippi",34.3668° N,89.5190° W,327.6116953,Braden ThornberryNot Likely,Not Likely,"Detroit, MI",42.4263°N,83.1262°W,COLLEGE
Kevin Tway,"Stillwater, Oklahoma",36.1230° N,97.0583° W,430.7549232,Kevin TwayNot Likely,Not Likely,"Detroit, MI",42.4263°N,83.1262°W,COLLEGE
Carl Yuan,"Seattle, Washington",47.6062° N,122.3321° W,963.3814057,Carl YuanNot Likely,Not Likely,"Detroit, MI",42.4263°N,83.1262°W,COLLEGE
Calum Hill,N/A,,,,Calum HillNot Likely,Not Likely,"Detroit, MI",42.4263°N,83.1262°W,COLLEGE
Martin Laird,"Fort Collins, Colorado",40.5853° N,105.0844° W,570.0390718,Martin LairdNot Likely,Not Likely,"Detroit, MI",42.4263°N,83.1262°W,COLLEGE
Matt NeSmith,"Columbia, South Carolina",34.0007° N,81.0348° W,296.5354676,Matt NeSmithNot Likely,Not Likely,"Detroit, MI",42.4263°N,83.1262°W,COLLEGE
Ryosuke Kinoshita,N/A,,,,Ryosuke KinoshitaNot Likely,Not Likely,"Detroit, MI",42.4263°N,83.1262°W,COLLEGE
Jason Scrivener,N/A,,,,Jason ScrivenerNot Likely,Not Likely,"Detroit, MI",42.4263°N,83.1262°W,COLLEGE
Sudarshan Yellamaraju,N/A,,,,Sudarshan YellamarajuNot Likely,Not Likely,"Detroit, MI",42.4263°N,83.1262°W,COLLEGE
Barend Botha,N/A,,,,Barend BothaNot Likely,Not Likely,"Detroit, MI",42.4263°N,83.1262°W,COLLEGE
Taiga Semikawa,N/A,,,,Taiga SemikawaNot Likely,Not Likely,"Detroit, MI",42.4263°N,83.1262°W,COLLEGE
Justin Suh,"Los Angeles, California",34.0522° N,118.2437° W,987.9094537,Justin SuhNot Likely,Not Likely,"Detroit, MI",42.4263°N,83.1262°W,COLLEGE
Miguel Tabuena,N/A,,,,Miguel TabuenaNot Likely,Not Likely,"Detroit, MI",42.4263°N,83.1262°W,COLLEGE
Wilco Nienaber,N/A,,,,Wilco NienaberNot Likely,Not Likely,"Detroit, MI",42.4263°N,83.1262°W,COLLEGE
Ryan Moore,"Las Vegas, Nevada",36.1699° N,115.1398° W,877.0873629,Ryan MooreNot Likely,Not Likely,"Detroit, MI",42.4263°N,83.1262°W,COLLEGE
Zach Bauchou,"Stillwater, Oklahoma",36.1230° N,97.0583° W,430.7549232,Zach BauchouNot Likely,Not Likely,"Detroit, MI",42.4263°N,83.1262°W,COLLEGE
Scott Jamieson,"Augusta, Georgia",33.4735° N,82.0105° W,310.7740371,Scott JamiesonNot Likely,Not Likely,"Detroit, MI",42.4263°N,83.1262°W,COLLEGE
Eugenio Chacarra,"Stillwater, Oklahoma",36.1230° N,97.0583° W,430.7549232,Eugenio ChacarraNot Likely,Not Likely,"Detroit, MI",42.4263°N,83.1262°W,COLLEGE
Jamie Rutherford,N/A,,,,Jamie RutherfordNot Likely,Not Likely,"Detroit, MI",42.4263°N,83.1262°W,COLLEGE
Taisei Shimizu,N/A,,,,Taisei ShimizuNot Likely,Not Likely,"Detroit, MI",42.4263°N,83.1262°W,COLLEGE
Andrea Pavan,"College Station, Texas",30.6192° N,96.3361° W,547.18245,Andrea PavanNot Likely,Not Likely,"Detroit, MI",42.4263°N,83.1262°W,COLLEGE
Ryggs Johnston,"Tempe, Arizona",33.4255° N,111.9400° W,839.4496643,Ryggs JohnstonNot Likely,Not Likely,"Detroit, MI",42.4263°N,83.1262°W,COLLEGE
Sam Bennett,"College Station, Texas",30.6192° N,96.3361° W,547.18245,Sam BennettNot Likely,Not Likely,"Detroit, MI",42.4263°N,83.1262°W,COLLEGE
Chad Ramey,"Starkville, Mississippi",33.4504° N,88.8184° W,346.5012596,Chad RameyNot Likely,Not Likely,"Detroit, MI",42.4263°N,83.1262°W,COLLEGE
Hiroshi Iwata,N/A,,,,Hiroshi IwataNot Likely,Not Likely,"Detroit, MI",42.4263°N,83.1262°W,COLLEGE
Casey Jarvis,N/A,,,,Casey JarvisNot Likely,Not Likely,"Detroit, MI",42.4263°N,83.1262°W,COLLEGE
Will Chandler,N/A,,,,Will ChandlerNot Likely,Not Likely,"Detroit, MI",42.4263°N,83.1262°W,COLLEGE
Ryan van Velzen,N/A,,,,Ryan van VelzenNot Likely,Not Likely,"Detroit, MI",42.4263°N,83.1262°W,COLLEGE
Conor Purcell,N/A,,,,Conor PurcellNot Likely,Not Likely,"Detroit, MI",42.4263°N,83.1262°W,COLLEGE
Todd Clements,N/A,,,,Todd ClementsNot Likely,Not Likely,"Detroit, MI",42.4263°N,83.1262°W,COLLEGE
Kiradech Aphibarnrat,N/A,,,,Kiradech AphibarnratNot Likely,Not Likely,"Detroit, MI",42.4263°N,83.1262°W,COLLEGE
Kazuki Higa,N/A,,,,Kazuki HigaNot Likely,Not Likely,"Detroit, MI",42.4263°N,83.1262°W,COLLEGE
Aaron Cockerill,N/A,,,,Aaron CockerillNot Likely,Not Likely,"Detroit, MI",42.4263°N,83.1262°W,COLLEGE
Nick Hardy,"Urbana-Champaign, Illinois",40.1097° N,88.2272° W,154.7149879,Nick HardyNot Likely,Not Likely,"Detroit, MI",42.4263°N,83.1262°W,COLLEGE
Fabrizio Zanotti,N/A,,,,Fabrizio ZanottiNot Likely,Not Likely,"Detroit, MI",42.4263°N,83.1262°W,COLLEGE
Oliver Lindell,N/A,,,,Oliver LindellNot Likely,Not Likely,"Detroit, MI",42.4263°N,83.1262°W,COLLEGE
S.Y. Noh,N/A,,,,S.Y. NohNot Likely,Not Likely,"Detroit, MI",42.4263°N,83.1262°W,COLLEGE
Caleb Surratt,"Knoxville, Tennessee",35.9606° N,83.9207° W,224.3782639,Caleb SurrattNot Likely,Not Likely,"Detroit, MI",42.4263°N,83.1262°W,COLLEGE
Josh Teater,"Morehead, Kentucky",,,,Josh TeaterNot Likely,Not Likely,"Detroit, MI",42.4263°N,83.1262°W,COLLEGE
Joseph Bramlett,"Stanford, California",37.4241° N,122.1661° W,1039.294738,Joseph BramlettNot Likely,Not Likely,"Detroit, MI",42.4263°N,83.1262°W,COLLEGE
Deon Germishuys,N/A,,,,Deon GermishuysNot Likely,Not Likely,"Detroit, MI",42.4263°N,83.1262°W,COLLEGE
Garrick Higgo,N/A,,,,Garrick HiggoNot Likely,Not Likely,"Detroit, MI",42.4263°N,83.1262°W,COLLEGE
Alfredo Garcia-Heredia,N/A,,,,Alfredo Garcia-HerediaNot Likely,Not Likely,"Detroit, MI",42.4263°N,83.1262°W,COLLEGE
Marcel Schneider,N/A,,,,Marcel SchneiderNot Likely,Not Likely,"Detroit, MI",42.4263°N,83.1262°W,COLLEGE
Sadom Kaewkanjana,N/A,,,,Sadom KaewkanjanaNot Likely,Not Likely,"Detroit, MI",42.4263°N,83.1262°W,COLLEGE
Young-han Song,N/A,,,,Young-han SongNot Likely,Not Likely,"Detroit, MI",42.4263°N,83.1262°W,COLLEGE
Ren Yonezawa,N/A,,,,Ren YonezawaNot Likely,Not Likely,"Detroit, MI",42.4263°N,83.1262°W,COLLEGE
Ben Martin,"Clemson, South Carolina",34.6786° N,82.8385° W,267.7724948,Ben MartinNot Likely,Not Likely,"Detroit, MI",42.4263°N,83.1262°W,COLLEGE
Mitchell Meissner,"Houston, Texas",29.7604° N,95.3698° W,553.9822431,Mitchell MeissnerNot Likely,Not Likely,"Detroit, MI",42.4263°N,83.1262°W,COLLEGE
Will Gordon,"Nashville, Tennessee",36.1627° N,86.7816° W,237.3720848,Will GordonNot Likely,Not Likely,"Detroit, MI",42.4263°N,83.1262°W,COLLEGE
Chesson Hadley,"Atlanta, Georgia",33.7490° N,84.3880° W,301.72143,Chesson HadleyNot Likely,Not Likely,"Detroit, MI",42.4263°N,83.1262°W,COLLEGE
Joel Moscatel Nachsh,N/A,,,,Joel Moscatel NachshNot Likely,Not Likely,"Detroit, MI",42.4263°N,83.1262°W,COLLEGE
Tom Vaillant,N/A,,,,Tom VaillantNot Likely,Not Likely,"Detroit, MI",42.4263°N,83.1262°W,COLLEGE
Kevin Chappell,"Los Angeles, California",34.0522° N,118.2437° W,987.9094537,Kevin ChappellNot Likely,Not Likely,"Detroit, MI",42.4263°N,83.1262°W,COLLEGE
Davis Chatfield,"Notre Dame, Indiana",41.7047° N,86.2387° W,83.62244382,Davis ChatfieldPossible,Possible,"Detroit, MI",42.4263°N,83.1262°W,COLLEGE
Kevin Velo,"Denver, Colorado",39.7392° N,104.9903° W,575.2117297,Kevin VeloNot Likely,Not Likely,"Detroit, MI",42.4263°N,83.1262°W,COLLEGE
Brandon Wu,"Stanford, California",37.4241° N,122.1661° W,1039.294738,Brandon WuNot Likely,Not Likely,"Detroit, MI",42.4263°N,83.1262°W,COLLEGE
Hayden Buckley,"Columbia, Missouri",38.9517° N,92.3341° W,269.2191128,Hayden BuckleyNot Likely,Not Likely,"Detroit, MI",42.4263°N,83.1262°W,COLLEGE
Dylan Frittelli,"Austin, Texas",30.2672° N,97.7431° W,583.0323671,Dylan FrittelliNot Likely,Not Likely,"Detroit, MI",42.4263°N,83.1262°W,COLLEGE
Jeremy Paul,"Boulder, Colorado",40.0070° N,105.2639° W,579.6449171,Jeremy PaulNot Likely,Not Likely,"Detroit, MI",42.4263°N,83.1262°W,COLLEGE
Curtis Luck,N/A,,,,Curtis LuckNot Likely,Not Likely,"Detroit, MI",42.4263°N,83.1262°W,COLLEGE
Zach Johnson,"Des Moines, Iowa",41.6005° N,93.6091° W,270.4083787,Zach JohnsonNot Likely,Not Likely,"Detroit, MI",42.4263°N,83.1262°W,COLLEGE
MJ Maguire,"Jacksonville, Florida",30.3322° N,81.6557° W,419.7930572,MJ MaguireNot Likely,Not Likely,"Detroit, MI",42.4263°N,83.1262°W,COLLEGE
Matthew Southgate,N/A,,,,Matthew SouthgateNot Likely,Not Likely,"Detroit, MI",42.4263°N,83.1262°W,COLLEGE
Tyler Duncan,"West Lafayette, Indiana",40.4259° N,86.9081° W,119.8679099,Tyler DuncanNot Likely,Not Likely,"Detroit, MI",42.4263°N,83.1262°W,COLLEGE
Trey Winstead,"Baton Rouge, Louisiana",30.4515° N,91.1871° W,469.9173256,Trey WinsteadNot Likely,Not Likely,"Detroit, MI",42.4263°N,83.1262°W,COLLEGE
Gavin Green,"Albuquerque, New Mexico",35.0845° N,106.6511° W,679.8240738,Gavin GreenNot Likely,Not Likely,"Detroit, MI",42.4263°N,83.1262°W,COLLEGE
Davis Shore,"Tuscaloosa, Alabama",33.2098° N,87.5692° W,340.5742503,Davis ShoreNot Likely,Not Likely,"Detroit, MI",42.4263°N,83.1262°W,COLLEGE
Chez Reavie,"Tempe, Arizona",33.4255° N,111.9400° W,839.4496643,Chez ReavieNot Likely,Not Likely,"Detroit, MI",42.4263°N,83.1262°W,COLLEGE
Aaron Baddeley,N/A,,,,Aaron BaddeleyNot Likely,Not Likely,"Detroit, MI",42.4263°N,83.1262°W,COLLEGE
Webb Simpson,"Winston-Salem, North Carolina",36.0999° N,80.2442° W,231.7145804,Webb SimpsonNot Likely,Not Likely,"Detroit, MI",42.4263°N,83.1262°W,COLLEGE
Ricardo Gouveia,"Orlando, Florida",28.5383° N,81.3792° W,482.2687471,Ricardo GouveiaNot Likely,Not Likely,"Detroit, MI",42.4263°N,83.1262°W,COLLEGE
Peter Kuest,"Provo, Utah",40.2483° N,111.6492° W,740.1717491,Peter KuestNot Likely,Not Likely,"Detroit, MI",42.4263°N,83.1262°W,COLLEGE
Jimmy Stanger,"Charlottesville, Virginia",38.0339° N,78.5090° W,194.5003989,Jimmy StangerNot Likely,Not Likely,"Detroit, MI",42.4263°N,83.1262°W,COLLEGE
Jens Dantorp,N/A,,,,Jens DantorpNot Likely,Not Likely,"Detroit, MI",42.4263°N,83.1262°W,COLLEGE
Carter Jenkins,N/A,,,,Carter JenkinsNot Likely,Not Likely,"Detroit, MI",42.4263°N,83.1262°W,COLLEGE
Phachara Khongwatmai,N/A,,,,Phachara KhongwatmaiNot Likely,Not Likely,"Detroit, MI",42.4263°N,83.1262°W,COLLEGE
Seungtaek Lee,N/A,,,,Seungtaek LeeNot Likely,Not Likely,"Detroit, MI",42.4263°N,83.1262°W,COLLEGE
Hur In-hoi,N/A,,,,Hur In-hoiNot Likely,Not Likely,"Detroit, MI",42.4263°N,83.1262°W,COLLEGE
Guntaek Koh,N/A,,,,Guntaek KohNot Likely,Not Likely,"Detroit, MI",42.4263°N,83.1262°W,COLLEGE
Lee Jung-hwan,N/A,,,,Lee Jung-hwanNot Likely,Not Likely,"Detroit, MI",42.4263°N,83.1262°W,COLLEGE
Mason Andersen,"Tempe, Arizona",33.4255° N,111.9400° W,839.4496643,Mason AndersenNot Likely,Not Likely,"Detroit, MI",42.4263°N,83.1262°W,COLLEGE
Jeong Weon Ko,N/A,,,,Jeong Weon KoNot Likely,Not Likely,"Detroit, MI",42.4263°N,83.1262°W,COLLEGE
Kazuma Kobori,N/A,,,,Kazuma KoboriNot Likely,Not Likely,"Detroit, MI",42.4263°N,83.1262°W,COLLEGE
Max Kieffer,N/A,,,,Max KiefferNot Likely,Not Likely,"Detroit, MI",42.4263°N,83.1262°W,COLLEGE
Troy Merritt,"Boise, Idaho",43.6013° N,116.2028° W,830.9824273,Troy MerrittNot Likely,Not Likely,"Detroit, MI",42.4263°N,83.1262°W,COLLEGE
Daniel Summerhays,"Provo, Utah",40.2483° N,111.6492° W,740.1717491,Daniel SummerhaysNot Likely,Not Likely,"Detroit, MI",42.4263°N,83.1262°W,COLLEGE
Noah Goodwin,"Dallas, Texas",32.7767° N,96.7970° W,499.9730235,Noah GoodwinNot Likely,Not Likely,"Detroit, MI",42.4263°N,83.1262°W,COLLEGE
Takashi Ogiso,N/A,,,,Takashi OgisoNot Likely,Not Likely,"Detroit, MI",42.4263°N,83.1262°W,COLLEGE
Emilio Gonzalez,N/A,,,,Emilio GonzalezNot Likely,Not Likely,"Detroit, MI",42.4263°N,83.1262°W,COLLEGE
Kristoffer Reitan,N/A,,,,Kristoffer ReitanNot Likely,Not Likely,"Detroit, MI",42.4263°N,83.1262°W,COLLEGE
Kaito Onishi,N/A,,,,Kaito OnishiNot Likely,Not Likely,"Detroit, MI",42.4263°N,83.1262°W,COLLEGE
Freddy Schott,N/A,,,,Freddy SchottNot Likely,Not Likely,"Detroit, MI",42.4263°N,83.1262°W,COLLEGE
Russell Knox,"Jacksonville, Florida",30.3322° N,81.6557° W,419.7930572,Russell KnoxNot Likely,Not Likely,"Detroit, MI",42.4263°N,83.1262°W,COLLEGE
Roger Sloan,"El Paso, Texas",31.7619° N,106.4850° W,738.0375788,Roger SloanNot Likely,Not Likely,"Detroit, MI",42.4263°N,83.1262°W,COLLEGE
Gaganjeet Bhullar,N/A,,,,Gaganjeet BhullarNot Likely,Not Likely,"Detroit, MI",42.4263°N,83.1262°W,COLLEGE
Yuta Kaneko,N/A,,,,Yuta KanekoNot Likely,Not Likely,"Detroit, MI",42.4263°N,83.1262°W,COLLEGE
Wooyoung Cho,N/A,,,,Wooyoung ChoNot Likely,Not Likely,"Detroit, MI",42.4263°N,83.1262°W,COLLEGE
Padraig Harrington,N/A,,,,Padraig HarringtonNot Likely,Not Likely,"Detroit, MI",42.4263°N,83.1262°W,COLLEGE
Jonathan Broomhead,N/A,,,,Jonathan BroomheadNot Likely,Not Likely,"Detroit, MI",42.4263°N,83.1262°W,COLLEGE
Matt Atkins,"Aiken, South Carolina",33.5604° N,81.7196° W,308.6620011,Matt AtkinsNot Likely,Not Likely,"Detroit, MI",42.4263°N,83.1262°W,COLLEGE
Carlos Ortiz,"Denton, Texas",33.2148° N,97.1331° W,496.2092876,Carlos OrtizNot Likely,Not Likely,"Detroit, MI",42.4263°N,83.1262°W,COLLEGE
Stewart Cink,"Atlanta, Georgia",33.7490° N,84.3880° W,301.72143,Stewart CinkNot Likely,Not Likely,"Detroit, MI",42.4263°N,83.1262°W,COLLEGE
Norman Xiong,"Eugene, Oregon",44.0459° N,123.0746° W,997.1231233,Norman XiongNot Likely,Not Likely,"Detroit, MI",42.4263°N,83.1262°W,COLLEGE
Myles Creighton,N/A,,,,Myles CreightonNot Likely,Not Likely,"Detroit, MI",42.4263°N,83.1262°W,COLLEGE
Kieran Vincent,"Lynchburg, Virginia",37.3543° N,79.1737° W,204.0968778,Kieran VincentNot Likely,Not Likely,"Detroit, MI",42.4263°N,83.1262°W,COLLEGE
Andrew Wilson,N/A,,,,Andrew WilsonNot Likely,Not Likely,"Detroit, MI",42.4263°N,83.1262°W,COLLEGE
Brandon Crick,N/A,,,,Brandon CrickNot Likely,Not Likely,"Detroit, MI",42.4263°N,83.1262°W,COLLEGE
Trevor Cone,"Blacksburg, Virginia",37.2286° N,80.4227° W,193.3318285,Trevor ConeNot Likely,Not Likely,"Detroit, MI",42.4263°N,83.1262°W,COLLEGE
Eddie Pepperell,N/A,,,,Eddie PepperellNot Likely,Not Likely,"Detroit, MI",42.4263°N,83.1262°W,COLLEGE
Parker Coody,"Austin, Texas",30.2672° N,97.7431° W,583.0323671,Parker CoodyNot Likely,Not Likely,"Detroit, MI",42.4263°N,83.1262°W,COLLEGE
Doc Redman,"Clemson, South Carolina",34.6786° N,82.8385° W,267.7724948,Doc RedmanNot Likely,Not Likely,"Detroit, MI",42.4263°N,83.1262°W,COLLEGE
Yuki Inamori,N/A,,,,Yuki InamoriNot Likely,Not Likely,"Detroit, MI",42.4263°N,83.1262°W,COLLEGE
Thanapath Pichaikul,N/A,,,,Thanapath PichaikulNot Likely,Not Likely,"Detroit, MI",42.4263°N,83.1262°W,COLLEGE
Seth Reeves,"Atlanta, Georgia",33.7490° N,84.3880° W,301.72143,Seth ReevesNot Likely,Not Likely,"Detroit, MI",42.4263°N,83.1262°W,COLLEGE
Thomas Pieters,"Urbana-Champaign, Illinois",40.1097° N,88.2272° W,154.7149879,Thomas PietersNot Likely,Not Likely,"Detroit, MI",42.4263°N,83.1262°W,COLLEGE
Ross Steelman,"Athens, Georgia",33.9519° N,83.3576° W,292.8325618,Ross SteelmanNot Likely,Not Likely,"Detroit, MI",42.4263°N,83.1262°W,COLLEGE
Benjamin Hebert,N/A,,,,Benjamin HebertNot Likely,Not Likely,"Detroit, MI",42.4263°N,83.1262°W,COLLEGE
Santiago Tarrio,N/A,,,,Santiago TarrioNot Likely,Not Likely,"Detroit, MI",42.4263°N,83.1262°W,COLLEGE
Mike Lorenzo-Vera,N/A,,,,Mike Lorenzo-VeraNot Likely,Not Likely,"Detroit, MI",42.4263°N,83.1262°W,COLLEGE
Tom Lewis,N/A,,,,Tom LewisNot Likely,Not Likely,"Detroit, MI",42.4263°N,83.1262°W,COLLEGE
Tomoyo Ikemura,N/A,,,,Tomoyo IkemuraNot Likely,Not Likely,"Detroit, MI",42.4263°N,83.1262°W,COLLEGE
Ryan McCormick,"Queens, New York",40.7227° N,73.8601° W,246.4625009,Ryan McCormickNot Likely,Not Likely,"Detroit, MI",42.4263°N,83.1262°W,COLLEGE
Tom Murray,N/A,,,,Tom MurrayNot Likely,Not Likely,"Detroit, MI",42.4263°N,83.1262°W,COLLEGE
Mikko Korhonen,N/A,,,,Mikko KorhonenNot Likely,Not Likely,"Detroit, MI",42.4263°N,83.1262°W,COLLEGE
Renato Paratore,N/A,,,,Renato ParatoreNot Likely,Not Likely,"Detroit, MI",42.4263°N,83.1262°W,COLLEGE
Scott Vincent,"Blacksburg, Virginia",37.2286° N,80.4227° W,193.3318285,Scott VincentNot Likely,Not Likely,"Detroit, MI",42.4263°N,83.1262°W,COLLEGE
Daan Huizing,N/A,,,,Daan HuizingNot Likely,Not Likely,"Detroit, MI",42.4263°N,83.1262°W,COLLEGE
Michael Lorenzo-Vera,N/A,,,,Michael Lorenzo-VeraNot Likely,Not Likely,"Detroit, MI",42.4263°N,83.1262°W,COLLEGE
Nick Gabrelcik,"Jacksonville, Florida",30.3322° N,81.6557° W,419.7930572,Nick GabrelcikNot Likely,Not Likely,"Detroit, MI",42.4263°N,83.1262°W,COLLEGE
James Morrison,N/A,,,,James MorrisonNot Likely,Not Likely,"Detroit, MI",42.4263°N,83.1262°W,COLLEGE
Sung Kang,N/A,,,,Sung KangNot Likely,Not Likely,"Detroit, MI",42.4263°N,83.1262°W,COLLEGE
Jack Singh Brar,N/A,,,,Jack Singh BrarNot Likely,Not Likely,"Detroit, MI",42.4263°N,83.1262°W,COLLEGE
Merrick Bremner,N/A,,,,Merrick BremnerNot Likely,Not Likely,"Detroit, MI",42.4263°N,83.1262°W,COLLEGE
Ryan Palmer,"College Station, Texas",30.6192° N,96.3361° W,547.18245,Ryan PalmerNot Likely,Not Likely,"Detroit, MI",42.4263°N,83.1262°W,COLLEGE
D.J. Trahan,"Clemson, South Carolina",34.6786° N,82.8385° W,267.7724948,D.J. TrahanNot Likely,Not Likely,"Detroit, MI",42.4263°N,83.1262°W,COLLEGE
Jack Senior,N/A,,,,Jack SeniorNot Likely,Not Likely,"Detroit, MI",42.4263°N,83.1262°W,COLLEGE
Jonas Blixt,"Tallahassee, Florida",30.4383° N,84.2807° W,415.3793751,Jonas BlixtNot Likely,Not Likely,"Detroit, MI",42.4263°N,83.1262°W,COLLEGE
Espen Kofstad,"Denver, Colorado",39.7392° N,104.9903° W,575.2117297,Espen KofstadNot Likely,Not Likely,"Detroit, MI",42.4263°N,83.1262°W,COLLEGE
Michael Hendry,N/A,,,,Michael HendryNot Likely,Not Likely,"Detroit, MI",42.4263°N,83.1262°W,COLLEGE
Matthew Baldwin,N/A,,,,Matthew BaldwinNot Likely,Not Likely,"Detroit, MI",42.4263°N,83.1262°W,COLLEGE
Evan Harmeling,"Princeton, New Jersey",40.3573° N,74.6672° W,230.4724801,Evan HarmelingNot Likely,Not Likely,"Detroit, MI",42.4263°N,83.1262°W,COLLEGE
Ross Fisher,N/A,,,,Ross FisherNot Likely,Not Likely,"Detroit, MI",42.4263°N,83.1262°W,COLLEGE
Søren Kjeldsen,N/A,,,,Søren KjeldsenNot Likely,Not Likely,"Detroit, MI",42.4263°N,83.1262°W,COLLEGE
Andy Ogletree,"Atlanta, Georgia",33.7490° N,84.3880° W,301.72143,Andy OgletreeNot Likely,Not Likely,"Detroit, MI",42.4263°N,83.1262°W,COLLEGE
Matt Sharpstene,N/A,,,,Matt SharpsteneNot Likely,Not Likely,"Detroit, MI",42.4263°N,83.1262°W,COLLEGE
Chase Hanna,"Lawrence, Kansas",,,,Chase HannaNot Likely,Not Likely,"Detroit, MI",42.4263°N,83.1262°W,COLLEGE
Richy Werenski,"Atlanta, Georgia",33.7490° N,84.3880° W,301.72143,Richy WerenskiNot Likely,Not Likely,"Detroit, MI",42.4263°N,83.1262°W,COLLEGE
Chase Seiffert,"Tallahassee, Florida",30.4383° N,84.2807° W,415.3793751,Chase SeiffertNot Likely,Not Likely,"Detroit, MI",42.4263°N,83.1262°W,COLLEGE
Simon Forsström,N/A,,,,Simon ForsströmNot Likely,Not Likely,"Detroit, MI",42.4263°N,83.1262°W,COLLEGE
Robert Streb,"Manhattan, Kansas",,,,Robert StrebNot Likely,Not Likely,"Detroit, MI",42.4263°N,83.1262°W,COLLEGE
Chris Baker,"Ames, Iowa",,,,Chris BakerNot Likely,Not Likely,"Detroit, MI",42.4263°N,83.1262°W,COLLEGE
Matt Every,"Gainesville, Florida",29.6516° N,82.3248° W,441.8895238,Matt EveryNot Likely,Not Likely,"Detroit, MI",42.4263°N,83.1262°W,COLLEGE
Gordon Sargent,"Nashville, Tennessee",36.1627° N,86.7816° W,237.3720848,Gordon SargentNot Likely,Not Likely,"Detroit, MI",42.4263°N,83.1262°W,COLLEGE
Clement Sordet,"Lubbock, Texas",33.5779° N,101.8552° W,592.4917628,Clement SordetNot Likely,Not Likely,"Detroit, MI",42.4263°N,83.1262°W,COLLEGE
Kevin Dougherty,"Stillwater, Oklahoma",36.1230° N,97.0583° W,430.7549232,Kevin DoughertyNot Likely,Not Likely,"Detroit, MI",42.4263°N,83.1262°W,COLLEGE
Scott Gutschewski,"Lincoln, Nebraska",40.8136° N,96.7026° W,354.6291135,Scott GutschewskiNot Likely,Not Likely,"Detroit, MI",42.4263°N,83.1262°W,COLLEGE
Scott Hend,N/A,,,,Scott HendNot Likely,Not Likely,"Detroit, MI",42.4263°N,83.1262°W,COLLEGE
Grayson Murray,"Greenville, North Carolina",,,,Grayson MurrayNot Likely,Not Likely,"Detroit, MI",42.4263°N,83.1262°W,COLLEGE
Tapio Pulkkanen,N/A,,,,Tapio PulkkanenNot Likely,Not Likely,"Detroit, MI",42.4263°N,83.1262°W,COLLEGE
Pep Angles,N/A,,,,Pep AnglesNot Likely,Not Likely,"Detroit, MI",42.4263°N,83.1262°W,COLLEGE
Sangmoon Bae,N/A,,,,Sangmoon BaeNot Likely,Not Likely,"Detroit, MI",42.4263°N,83.1262°W,COLLEGE
Scott Gutschewski,"Lincoln, Nebraska",40.8136° N,96.7026° W,354.6291135,Scott GutschewskiNot Likely,Not Likely,"Detroit, MI",42.4263°N,83.1262°W,COLLEGE
Gonzalo Fernandez-Castaño,N/A,,,,Gonzalo Fernandez-CastañoNot Likely,Not Likely,"Detroit, MI",42.4263°N,83.1262°W,COLLEGE
Anders Albertson,"Atlanta, Georgia",33.7490° N,84.3880° W,301.72143,Anders AlbertsonNot Likely,Not Likely,"Detroit, MI",42.4263°N,83.1262°W,COLLEGE
Aaron Wise,"Eugene, Oregon",44.0459° N,123.0746° W,997.1231233,Aaron WiseNot Likely,Not Likely,"Detroit, MI",42.4263°N,83.1262°W,COLLEGE
Dawie van der Walt,"Beaumont, Texas",,,,Dawie van der WaltNot Likely,Not Likely,"Detroit, MI",42.4263°N,83.1262°W,COLLEGE
Jbe Kruger,N/A,,,,Jbe KrugerNot Likely,Not Likely,"Detroit, MI",42.4263°N,83.1262°W,COLLEGE
Erik Barnes,"Austin, Texas",30.2672° N,97.7431° W,583.0323671,Erik BarnesNot Likely,Not Likely,"Detroit, MI",42.4263°N,83.1262°W,COLLEGE
Cameron Percy,N/A,,,,Cameron PercyNot Likely,Not Likely,"Detroit, MI",42.4263°N,83.1262°W,COLLEGE
Michael Johnson,"Auburn, Alabama",32.6099° N,85.4808° W,345.1692758,Michael JohnsonNot Likely,Not Likely,"Detroit, MI",42.4263°N,83.1262°W,COLLEGE
Wenyi Ding,"Tempe, Arizona",33.4255° N,111.9400° W,839.4496643,Wenyi DingNot Likely,Not Likely,"Detroit, MI",42.4263°N,83.1262°W,COLLEGE
Wil Bateman,"San Diego, California",32.7157° N,117.1611° W,982.6493117,Wil BatemanNot Likely,Not Likely,"Detroit, MI",42.4263°N,83.1262°W,COLLEGE
Denzel Ieremia,"Ames, Iowa",,,,Denzel IeremiaNot Likely,Not Likely,"Detroit, MI",42.4263°N,83.1262°W,COLLEGE
Renato Paratore,N/A,,,,Renato ParatoreNot Likely,Not Likely,"Detroit, MI",42.4263°N,83.1262°W,COLLEGE
Alexander Levy,N/A,,,,Alexander LevyNot Likely,Not Likely,"Detroit, MI",42.4263°N,83.1262°W,COLLEGE
Hunter Stewart,"Nashville, Tennessee",36.1627° N,86.7816° W,237.3720848,Hunter StewartNot Likely,Not Likely,"Detroit, MI",42.4263°N,83.1262°W,COLLEGE
Chris Baker,"Ames, Iowa",,,,Chris BakerNot Likely,Not Likely,"Detroit, MI",42.4263°N,83.1262°W,COLLEGE
David Hearn,"Laramie, Wyoming",,,,David HearnNot Likely,Not Likely,"Detroit, MI",42.4263°N,83.1262°W,COLLEGE
Jediah Morgan,N/A,,,,Jediah MorganNot Likely,Not Likely,"Detroit, MI",42.4263°N,83.1262°W,COLLEGE
Matthew Anderson,N/A,,,,Matthew AndersonNot Likely,Not Likely,"Detroit, MI",42.4263°N,83.1262°W,COLLEGE
Paul Barjon,"Fort Worth, Texas",32.7555° N,97.3308° W,511.4035986,Paul BarjonNot Likely,Not Likely,"Detroit, MI",42.4263°N,83.1262°W,COLLEGE
Scott Brown,"Columbia, South Carolina",34.0007° N,81.0348° W,296.5354676,Scott BrownNot Likely,Not Likely,"Detroit, MI",42.4263°N,83.1262°W,COLLEGE
Ross Fisher,N/A,,,,Ross FisherNot Likely,Not Likely,"Detroit, MI",42.4263°N,83.1262°W,COLLEGE
James Morrison,N/A,,,,James MorrisonNot Likely,Not Likely,"Detroit, MI",42.4263°N,83.1262°W,COLLEGE
Chris Kirkpatrick,N/A,,,,Chris KirkpatrickNot Likely,Not Likely,"Detroit, MI",42.4263°N,83.1262°W,COLLEGE
Jack Senior,N/A,,,,Jack SeniorNot Likely,Not Likely,"Detroit, MI",42.4263°N,83.1262°W,COLLEGE
Christo Lamprecht,"Atlanta, Georgia",33.7490° N,84.3880° W,301.72143,Christo LamprechtNot Likely,Not Likely,"Detroit, MI",42.4263°N,83.1262°W,COLLEGE
Michael Lorenzo-Vera,N/A,,,,Michael Lorenzo-VeraNot Likely,Not Likely,"Detroit, MI",42.4263°N,83.1262°W,COLLEGE
Tom Adrounie,N/A,,,,Tom AdrounieNot Likely,Not Likely,"Detroit, MI",42.4263°N,83.1262°W,COLLEGE
Matthew McCarty,"Santa Clara, California",37.3505° N,121.9394° W,1034.477347,Matthew McCartyNot Likely,Not Likely,"Detroit, MI",42.4263°N,83.1262°W,COLLEGE
Julian Suri,"Durham, North Carolina",35.9940° N,78.8986° W,249.2871173,Julian SuriNot Likely,Not Likely,"Detroit, MI",42.4263°N,83.1262°W,COLLEGE
Javier Sainz,N/A,,,,Javier SainzNot Likely,Not Likely,"Detroit, MI",42.4263°N,83.1262°W,COLLEGE
Tjaart van der Walt,N/A,,,,Tjaart van der WaltNot Likely,Not Likely,"Detroit, MI",42.4263°N,83.1262°W,COLLEGE
Chase Seiffert,"Tallahassee, Florida",30.4383° N,84.2807° W,415.3793751,Chase SeiffertNot Likely,Not Likely,"Detroit, MI",42.4263°N,83.1262°W,COLLEGE
Stephen Stallings Jr.,"Lexington, Kentucky",38.0406° N,84.5037° W,155.8011514,Stephen Stallings Jr.Not Likely,Not Likely,"Detroit, MI",42.4263°N,83.1262°W,COLLEGE
Bryson Nimmer,"Clemson, South Carolina",34.6786° N,82.8385° W,267.7724948,Bryson NimmerNot Likely,Not Likely,"Detroit, MI",42.4263°N,83.1262°W,COLLEGE
Chris Stroud,"Beaumont, Texas",,,,Chris StroudNot Likely,Not Likely,"Detroit, MI",42.4263°N,83.1262°W,COLLEGE
Robert Streb,"Manhattan, Kansas",,,,Robert StrebNot Likely,Not Likely,"Detroit, MI",42.4263°N,83.1262°W,COLLEGE
Michael Gligic,N/A,,,,Michael GligicNot Likely,Not Likely,"Detroit, MI",42.4263°N,83.1262°W,COLLEGE
Harrison Endycott,N/A,,,,Harrison EndycottNot Likely,Not Likely,"Detroit, MI",42.4263°N,83.1262°W,COLLEGE
Sean O'Hair,N/A,,,,Sean O'HairNot Likely,Not Likely,"Detroit, MI",42.4263°N,83.1262°W,COLLEGE
Mike Weir,"Provo, Utah",40.2483° N,111.6492° W,740.1717491,Mike WeirNot Likely,Not Likely,"Detroit, MI",42.4263°N,83.1262°W,COLLEGE
Tomoharu Otsuki,N/A,,,,Tomoharu OtsukiNot Likely,Not Likely,"Detroit, MI",42.4263°N,83.1262°W,COLLEGE
Chris Naegel,N/A,,,,Chris NaegelNot Likely,Not Likely,"Detroit, MI",42.4263°N,83.1262°W,COLLEGE
Maximilian Kieffer,N/A,,,,Maximilian KiefferNot Likely,Not Likely,"Detroit, MI",42.4263°N,83.1262°W,COLLEGE
Dylan Meyer,"Urbana-Champaign, Illinois",40.1097° N,88.2272° W,154.7149879,Dylan MeyerNot Likely,Not Likely,"Detroit, MI",42.4263°N,83.1262°W,COLLEGE
Adam Long,"Durham, North Carolina",35.9940° N,78.8986° W,249.2871173,Adam LongNot Likely,Not Likely,"Detroit, MI",42.4263°N,83.1262°W,COLLEGE
Dominic Bozzelli,"Auburn, Alabama",32.6099° N,85.4808° W,345.1692758,Dominic BozzelliNot Likely,Not Likely,"Detroit, MI",42.4263°N,83.1262°W,COLLEGE
Thomas Bjørn,N/A,,,,Thomas BjørnNot Likely,Not Likely,"Detroit, MI",42.4263°N,83.1262°W,COLLEGE
Keoninh Lee,N/A,,,,Keoninh LeeNot Likely,Not Likely,"Detroit, MI",42.4263°N,83.1262°W,COLLEGE
Rafa Cabrera Bello,N/A,,,,Rafa Cabrera BelloNot Likely,Not Likely,"Detroit, MI",42.4263°N,83.1262°W,COLLEGE
Matt Short,N/A,,,,Matt ShortNot Likely,Not Likely,"Detroit, MI",42.4263°N,83.1262°W,COLLEGE
Jesper Kennegard,N/A,,,,Jesper KennegardNot Likely,Not Likely,"Detroit, MI",42.4263°N,83.1262°W,COLLEGE
Maverick Antcliff,N/A,,,,Maverick AntcliffNot Likely,Not Likely,"Detroit, MI",42.4263°N,83.1262°W,COLLEGE
James Hahn,"Berkeley, California",37.8719° N,122.2585° W,1035.951455,James HahnNot Likely,Not Likely,"Detroit, MI",42.4263°N,83.1262°W,COLLEGE
Michael Block,"St. Louis, Missouri",38.6270° N,90.1994° W,227.3045033,Michael BlockNot Likely,Not Likely,"Detroit, MI",42.4263°N,83.1262°W,COLLEGE
Jaime Lopez Rivarola,"Athens, Georgia",33.9519° N,83.3576° W,292.8325618,Jaime Lopez RivarolaNot Likely,Not Likely,"Detroit, MI",42.4263°N,83.1262°W,COLLEGE
Nick Voke,"Ames, Iowa",,,,Nick VokeNot Likely,Not Likely,"Detroit, MI",42.4263°N,83.1262°W,COLLEGE
Billy Kennerly,"Clemson, South Carolina",34.6786° N,82.8385° W,267.7724948,Billy KennerlyNot Likely,Not Likely,"Detroit, MI",42.4263°N,83.1262°W,COLLEGE
Michael Sweeney,N/A,,,,Michael SweeneyNot Likely,Not Likely,"Detroit, MI",42.4263°N,83.1262°W,COLLEGE
Jack McDonald,N/A,,,,Jack McDonaldNot Likely,Not Likely,"Detroit, MI",42.4263°N,83.1262°W,COLLEGE
Kevin Dougherty,"Stillwater, Oklahoma",36.1230° N,97.0583° W,430.7549232,Kevin DoughertyNot Likely,Not Likely,"Detroit, MI",42.4263°N,83.1262°W,COLLEGE
Sam Jones,N/A,,,,Sam JonesNot Likely,Not Likely,"Detroit, MI",42.4263°N,83.1262°W,COLLEGE
Chris Paisley,"Knoxville, Tennessee",35.9606° N,83.9207° W,224.3782639,Chris PaisleyNot Likely,Not Likely,"Detroit, MI",42.4263°N,83.1262°W,COLLEGE
Morten Ørum Madsen,N/A,,,,Morten Ørum MadsenNot Likely,Not Likely,"Detroit, MI",42.4263°N,83.1262°W,COLLEGE
Simon Forsström,N/A,,,,Simon ForsströmNot Likely,Not Likely,"Detroit, MI",42.4263°N,83.1262°W,COLLEGE
Alvaro Quiros,N/A,,,,Alvaro QuirosNot Likely,Not Likely,"Detroit, MI",42.4263°N,83.1262°W,COLLEGE
Brandon Matthews,"Philadelphia, Pennsylvania",39.9526° N,75.1652° W,223.8027783,Brandon MatthewsNot Likely,Not Likely,"Detroit, MI",42.4263°N,83.1262°W,COLLEGE
Chris Williams,"Seattle, Washington",47.6062° N,122.3321° W,963.3814057,Chris WilliamsNot Likely,Not Likely,"Detroit, MI",42.4263°N,83.1262°W,COLLEGE
Dimi Papadatos,N/A,,,,Dimi PapadatosNot Likely,Not Likely,"Detroit, MI",42.4263°N,83.1262°W,COLLEGE
Laurie Lewis,N/A,,,,Laurie LewisNot Likely,Not Likely,"Detroit, MI",42.4263°N,83.1262°W,COLLEGE
Pontus Nyholm,N/A,,,,Pontus NyholmNot Likely,Not Likely,"Detroit, MI",42.4263°N,83.1262°W,COLLEGE
David Law,N/A,,,,David LawNot Likely,Not Likely,"Detroit, MI",42.4263°N,83.1262°W,COLLEGE
Jaco Prinsloo,N/A,,,,Jaco PrinslooNot Likely,Not Likely,"Detroit, MI",42.4263°N,83.1262°W,COLLEGE
Brent Grant,N/A,,,,Brent GrantNot Likely,Not Likely,"Detroit, MI",42.4263°N,83.1262°W,COLLEGE
Haydn Porteous,N/A,,,,Haydn PorteousNot Likely,Not Likely,"Detroit, MI",42.4263°N,83.1262°W,COLLEGE
Korn Ferry,N/A,,,,Korn FerryNot Likely,Not Likely,"Detroit, MI",42.4263°N,83.1262°W,COLLEGE
Matt Every,"Gainesville, Florida",29.6516° N,82.3248° W,441.8895238,Matt EveryNot Likely,Not Likely,"Detroit, MI",42.4263°N,83.1262°W,COLLEGE
Paul Haley II,"Atlanta, Georgia",33.7490° N,84.3880° W,301.72143,Paul Haley IINot Likely,Not Likely,"Detroit, MI",42.4263°N,83.1262°W,COLLEGE
Nick Watney,"Fresno, California",36.7378° N,119.7871° W,987.7280125,Nick WatneyNot Likely,Not Likely,"Detroit, MI",42.4263°N,83.1262°W,COLLEGE
Martin Trainer,"Los Angeles, California",34.0522° N,118.2437° W,987.9094537,Martin TrainerNot Likely,Not Likely,"Detroit, MI",42.4263°N,83.1262°W,COLLEGE
Martin Kaymer,N/A,,,,Martin KaymerNot Likely,Not Likely,"Detroit, MI",42.4263°N,83.1262°W,COLLEGE
Austin Cook,"Fayetteville, Arkansas",36.0626° N,94.1574° W,367.5104198,Austin CookNot Likely,Not Likely,"Detroit, MI",42.4263°N,83.1262°W,COLLEGE
David Lingmerth,"Fayetteville, Arkansas",36.0626° N,94.1574° W,367.5104198,David LingmerthNot Likely,Not Likely,"Detroit, MI",42.4263°N,83.1262°W,COLLEGE
Jasper Stubbs,N/A,,,,Jasper StubbsNot Likely,Not Likely,"Detroit, MI",42.4263°N,83.1262°W,COLLEGE
M.J. Daffue,"Beaumont, Texas",,,,M.J. DaffueNot Likely,Not Likely,"Detroit, MI",42.4263°N,83.1262°W,COLLEGE
Nicholas Lindheim,N/A,,,,Nicholas LindheimNot Likely,Not Likely,"Detroit, MI",42.4263°N,83.1262°W,COLLEGE
Jarryd Felton,N/A,,,,Jarryd FeltonNot Likely,Not Likely,"Detroit, MI",42.4263°N,83.1262°W,COLLEGE
Rafael Becker,N/A,,,,Rafael BeckerNot Likely,Not Likely,"Detroit, MI",42.4263°N,83.1262°W,COLLEGE
James Nicholas,"New Haven, Connecticut",,,,James NicholasNot Likely,Not Likely,"Detroit, MI",42.4263°N,83.1262°W,COLLEGE
Ryan Brehm,"East Lansing, Michigan",42.7370° N,84.4824° W,36.12907942,Ryan BrehmLikely,Likely,"Detroit, MI",42.4263°N,83.1262°W,COLLEGE
Michael Feagles,"Urbana-Champaign, Illinois",40.1097° N,88.2272° W,154.7149879,Michael FeaglesNot Likely,Not Likely,"Detroit, MI",42.4263°N,83.1262°W,COLLEGE
,,,,,Not Likely,Not Likely,"Detroit, MI",42.4263°N,83.1262°W,COLLEGE
,,,,,Not Likely,Not Likely,"Detroit, MI",42.4263°N,83.1262°W,COLLEGE
Scottie Scheffler,"Austin, Texas",30.2672° N,97.7431° W,583.0323671,Scottie SchefflerNot Likely,Not Likely,"Detroit, MI",42.4263°N,83.1262°W,COLLEGE
Xander Schauffele,"San Diego, California",32.7157° N,117.1611° W,982.6493117,Xander SchauffeleNot Likely,Not Likely,"Detroit, MI",42.4263°N,83.1262°W,COLLEGE
Rory McIlroy,N/A,,,,Rory McIlroyNot Likely,Not Likely,"Detroit, MI",42.4263°N,83.1262°W,COLLEGE
Ludvig Aberg,"Lubbock, Texas",33.5779° N,101.8552° W,592.4917628,Ludvig AbergNot Likely,Not Likely,"Detroit, MI",42.4263°N,83.1262°W,COLLEGE
Collin Morikawa,"Berkeley, California",37.8719° N,122.2585° W,1035.951455,Collin MorikawaNot Likely,Not Likely,"Detroit, MI",42.4263°N,83.1262°W,COLLEGE
Hideki Matsuyama,"Sendai, Japan",38.2688° N,140.8694° E,3107.390602,Hideki MatsuyamaNot Likely,Not Likely,"Detroit, MI",42.4263°N,83.1262°W,COLLEGE
Wyndham Clark,"Eugene, Oregon",44.0459° N,123.0746° W,997.1231233,Wyndham ClarkNot Likely,Not Likely,"Detroit, MI",42.4263°N,83.1262°W,COLLEGE
Tyrrell Hatton,N/A,,,,Tyrrell HattonNot Likely,Not Likely,"Detroit, MI",42.4263°N,83.1262°W,COLLEGE
Justin Thomas,"Tuscaloosa, Alabama",33.2098° N,87.5692° W,340.5742503,Justin ThomasNot Likely,Not Likely,"Detroit, MI",42.4263°N,83.1262°W,COLLEGE
Tommy Fleetwood,N/A,,,,Tommy FleetwoodNot Likely,Not Likely,"Detroit, MI",42.4263°N,83.1262°W,COLLEGE
Bryson DeChambeau,"Dallas, Texas",32.7767° N,96.7970° W,499.9730235,Bryson DeChambeauNot Likely,Not Likely,"Detroit, MI",42.4263°N,83.1262°W,COLLEGE
Patrick Cantlay,"Los Angeles, California",34.0522° N,118.2437° W,987.9094537,Patrick CantlayNot Likely,Not Likely,"Detroit, MI",42.4263°N,83.1262°W,COLLEGE
Maverick McNealy,"Palo Alto, California",37.4419° N,122.1430° W,1038.477217,Maverick McNealyNot Likely,Not Likely,"Detroit, MI",42.4263°N,83.1262°W,COLLEGE
Viktor Hovland,"Stillwater, Oklahoma",36.1230° N,97.0583° W,430.7549232,Viktor HovlandNot Likely,Not Likely,"Detroit, MI",42.4263°N,83.1262°W,COLLEGE
Keegan Bradley,"Queens, New York",40.7227° N,73.8601° W,246.4625009,Keegan BradleyNot Likely,Not Likely,"Detroit, MI",42.4263°N,83.1262°W,COLLEGE
Robert MacIntyre,N/A,,,,Robert MacIntyreNot Likely,Not Likely,"Detroit, MI",42.4263°N,83.1262°W,COLLEGE
Russell Henley,"Athens, Georgia",33.9519° N,83.3576° W,292.8325618,Russell HenleyNot Likely,Not Likely,"Detroit, MI",42.4263°N,83.1262°W,COLLEGE
Shane Lowry,N/A,,,,Shane LowryNot Likely,Not Likely,"Detroit, MI",42.4263°N,83.1262°W,COLLEGE
Sepp Straka,"Athens, Georgia",33.9519° N,83.3576° W,292.8325618,Sepp StrakaNot Likely,Not Likely,"Detroit, MI",42.4263°N,83.1262°W,COLLEGE
Billy Horschel,"Gainesville, Florida",29.6516° N,82.3248° W,441.8895238,Billy HorschelNot Likely,Not Likely,"Detroit, MI",42.4263°N,83.1262°W,COLLEGE
Sahith Theegala,"Malibu, California",34.0250° N,118.7795° W,1001.952615,Sahith TheegalaNot Likely,Not Likely,"Detroit, MI",42.4263°N,83.1262°W,COLLEGE
Sungjae Im,N/A,,,,Sungjae ImNot Likely,Not Likely,"Detroit, MI",42.4263°N,83.1262°W,COLLEGE
Thomas Detry,"Urbana-Champaign, Illinois",40.1097° N,88.2272° W,154.7149879,Thomas DetryNot Likely,Not Likely,"Detroit, MI",42.4263°N,83.1262°W,COLLEGE
Aaron Rai,N/A,,,,Aaron RaiNot Likely,Not Likely,"Detroit, MI",42.4263°N,83.1262°W,COLLEGE
Tom Kim,N/A,,,,Tom KimNot Likely,Not Likely,"Detroit, MI",42.4263°N,83.1262°W,COLLEGE
Adam Scott,"Las Vegas, Nevada",36.1699° N,115.1398° W,877.0873629,Adam ScottNot Likely,Not Likely,"Detroit, MI",42.4263°N,83.1262°W,COLLEGE
Tony Finau,N/A,,,,Tony FinauNot Likely,Not Likely,"Detroit, MI",42.4263°N,83.1262°W,COLLEGE
Sam Burns,"Baton Rouge, Louisiana",30.4515° N,91.1871° W,469.9173256,Sam BurnsNot Likely,Not Likely,"Detroit, MI",42.4263°N,83.1262°W,COLLEGE
Akshay Bhatia,N/A,,,,Akshay BhatiaNot Likely,Not Likely,"Detroit, MI",42.4263°N,83.1262°W,COLLEGE
Nick Taylor,"Seattle, Washington",47.6062° N,122.3321° W,963.3814057,Nick TaylorNot Likely,Not Likely,"Detroit, MI",42.4263°N,83.1262°W,COLLEGE
Nick Dunlap,"Tuscaloosa, Alabama",33.2098° N,87.5692° W,340.5742503,Nick DunlapNot Likely,Not Likely,"Detroit, MI",42.4263°N,83.1262°W,COLLEGE
Byeong Hun An,N/A,,,,Byeong Hun AnNot Likely,Not Likely,"Detroit, MI",42.4263°N,83.1262°W,COLLEGE
Jason Day,N/A,,,,Jason DayNot Likely,Not Likely,"Detroit, MI",42.4263°N,83.1262°W,COLLEGE
Harris English,"Athens, Georgia",33.9519° N,83.3576° W,292.8325618,Harris EnglishNot Likely,Not Likely,"Detroit, MI",42.4263°N,83.1262°W,COLLEGE
Max Greyserman,"Durham, North Carolina",35.9940° N,78.8986° W,249.2871173,Max GreysermanNot Likely,Not Likely,"Detroit, MI",42.4263°N,83.1262°W,COLLEGE
Denny McCarthy,"Charlottesville, Virginia",38.0339° N,78.5090° W,194.5003989,Denny McCarthyNot Likely,Not Likely,"Detroit, MI",42.4263°N,83.1262°W,COLLEGE
Brian Harman,"Athens, Georgia",33.9519° N,83.3576° W,292.8325618,Brian HarmanNot Likely,Not Likely,"Detroit, MI",42.4263°N,83.1262°W,COLLEGE
Justin Rose,N/A,,,,Justin RoseNot Likely,Not Likely,"Detroit, MI",42.4263°N,83.1262°W,COLLEGE
J.T. Poston,"Cullowhee, North Carolina",35.3090° N,83.1835° W,245.8865114,J.T. PostonNot Likely,Not Likely,"Detroit, MI",42.4263°N,83.1262°W,COLLEGE
Taylor Pendrith,"Kent, Ohio",41.1523° N,81.3582° W,63.33030493,Taylor PendrithPossible,Possible,"Detroit, MI",42.4263°N,83.1262°W,COLLEGE
Lucas Glover,"Clemson, South Carolina",34.6786° N,82.8385° W,267.7724948,Lucas GloverNot Likely,Not Likely,"Detroit, MI",42.4263°N,83.1262°W,COLLEGE
Stephan Jaeger,"Chattanooga, Tennessee",35.0456° N,85.3097° W,261.6554255,Stephan JaegerNot Likely,Not Likely,"Detroit, MI",42.4263°N,83.1262°W,COLLEGE
Matthieu Pavon,N/A,,,,Matthieu PavonNot Likely,Not Likely,"Detroit, MI",42.4263°N,83.1262°W,COLLEGE
Austin Eckroat,"Stillwater, Oklahoma",36.1230° N,97.0583° W,430.7549232,Austin EckroatNot Likely,Not Likely,"Detroit, MI",42.4263°N,83.1262°W,COLLEGE
Rasmus Højgaard,N/A,,,,Rasmus HøjgaardNot Likely,Not Likely,"Detroit, MI",42.4263°N,83.1262°W,COLLEGE
Nico Echavarria,"Fayetteville, Arkansas",36.0626° N,94.1574° W,367.5104198,Nico EchavarriaNot Likely,Not Likely,"Detroit, MI",42.4263°N,83.1262°W,COLLEGE
Cameron Young,"Winston-Salem, North Carolina",36.0999° N,80.2442° W,231.7145804,Cameron YoungNot Likely,Not Likely,"Detroit, MI",42.4263°N,83.1262°W,COLLEGE
Davis Thompson,"Athens, Georgia",33.9519° N,83.3576° W,292.8325618,Davis ThompsonNot Likely,Not Likely,"Detroit, MI",42.4263°N,83.1262°W,COLLEGE
Cam Davis,N/A,,,,Cam DavisNot Likely,Not Likely,"Detroit, MI",42.4263°N,83.1262°W,COLLEGE
Corey Conners,"Kent, Ohio",41.1523° N,81.3582° W,63.33030493,Corey ConnersPossible,Possible,"Detroit, MI",42.4263°N,83.1262°W,COLLEGE
Christiaan Bezuidenhout,N/A,,,,Christiaan BezuidenhoutNot Likely,Not Likely,"Detroit, MI",42.4263°N,83.1262°W,COLLEGE
Daniel Berger,"Tallahassee, Florida",30.4383° N,84.2807° W,415.3793751,Daniel BergerNot Likely,Not Likely,"Detroit, MI",42.4263°N,83.1262°W,COLLEGE
Laurie Canter,N/A,,,,Laurie CanterNot Likely,Not Likely,"Detroit, MI",42.4263°N,83.1262°W,COLLEGE
Jon Rahm,"Tempe, Arizona",33.4255° N,111.9400° W,839.4496643,Jon RahmNot Likely,Not Likely,"Detroit, MI",42.4263°N,83.1262°W,COLLEGE
Min Woo Lee,N/A,,,,Min Woo LeeNot Likely,Not Likely,"Detroit, MI",42.4263°N,83.1262°W,COLLEGE
Matt McCarty,"Eugene, Oregon",44.0459° N,123.0746° W,997.1231233,Matt McCartyNot Likely,Not Likely,"Detroit, MI",42.4263°N,83.1262°W,COLLEGE
Ben Griffin,"Chapel Hill, North Carolina",35.9132° N,79.0558° W,249.9475621,Ben GriffinNot Likely,Not Likely,"Detroit, MI",42.4263°N,83.1262°W,COLLEGE
Eric Cole,"Fort Lauderdale, Florida",26.1224° N,80.1373° W,569.5739032,Eric ColeNot Likely,Not Likely,"Detroit, MI",42.4263°N,83.1262°W,COLLEGE
Thriston Lawrence,N/A,,,,Thriston LawrenceNot Likely,Not Likely,"Detroit, MI",42.4263°N,83.1262°W,COLLEGE
Matt Fitzpatrick,"Evanston, Illinois",42.0565° N,87.6753° W,117.0319153,Matt FitzpatrickNot Likely,Not Likely,"Detroit, MI",42.4263°N,83.1262°W,COLLEGE
Alex Noren,"Stillwater, Oklahoma",36.1230° N,97.0583° W,430.7549232,Alex NorenNot Likely,Not Likely,"Detroit, MI",42.4263°N,83.1262°W,COLLEGE
Jhonattan Vegas,"Austin, Texas",30.2672° N,97.7431° W,583.0323671,Jhonattan VegasNot Likely,Not Likely,"Detroit, MI",42.4263°N,83.1262°W,COLLEGE
Max Homa,"Berkeley, California",37.8719° N,122.2585° W,1035.951455,Max HomaNot Likely,Not Likely,"Detroit, MI",42.4263°N,83.1262°W,COLLEGE
Mackenzie Hughes,"Kent, Ohio",41.1523° N,81.3582° W,63.33030493,Mackenzie HughesPossible,Possible,"Detroit, MI",42.4263°N,83.1262°W,COLLEGE
Si Woo Kim,N/A,,,,Si Woo KimNot Likely,Not Likely,"Detroit, MI",42.4263°N,83.1262°W,COLLEGE
Will Zalatoris,"Winston-Salem, North Carolina",36.0999° N,80.2442° W,231.7145804,Will ZalatorisNot Likely,Not Likely,"Detroit, MI",42.4263°N,83.1262°W,COLLEGE
Tom Hoge,"Fort Worth, Texas",32.7555° N,97.3308° W,511.4035986,Tom HogeNot Likely,Not Likely,"Detroit, MI",42.4263°N,83.1262°W,COLLEGE
Nicolai Højgaard,N/A,,,,Nicolai HøjgaardNot Likely,Not Likely,"Detroit, MI",42.4263°N,83.1262°W,COLLEGE
Adam Hadwin,"Louisville, Kentucky",38.2527° N,85.7585° W,159.9593139,Adam HadwinNot Likely,Not Likely,"Detroit, MI",42.4263°N,83.1262°W,COLLEGE
Jordan Spieth,"Austin, Texas",30.2672° N,97.7431° W,583.0323671,Jordan SpiethNot Likely,Not Likely,"Detroit, MI",42.4263°N,83.1262°W,COLLEGE
Kevin Yu,"Tempe, Arizona",33.4255° N,111.9400° W,839.4496643,Kevin YuNot Likely,Not Likely,"Detroit, MI",42.4263°N,83.1262°W,COLLEGE
Chris Kirk,"Athens, Georgia",33.9519° N,83.3576° W,292.8325618,Chris KirkNot Likely,Not Likely,"Detroit, MI",42.4263°N,83.1262°W,COLLEGE
Patrick Rodgers,"Palo Alto, California",37.4419° N,122.1430° W,1038.477217,Patrick RodgersNot Likely,Not Likely,"Detroit, MI",42.4263°N,83.1262°W,COLLEGE
Joaquin Niemann,N/A,,,,Joaquin NiemannNot Likely,Not Likely,"Detroit, MI",42.4263°N,83.1262°W,COLLEGE
Matt Wallace,"Jacksonville, Alabama",33.8315° N,85.7616° W,305.3945771,Matt WallaceNot Likely,Not Likely,"Detroit, MI",42.4263°N,83.1262°W,COLLEGE
Sam Stevens,"Stillwater, Oklahoma",36.1230° N,97.0583° W,430.7549232,Sam StevensNot Likely,Not Likely,"Detroit, MI",42.4263°N,83.1262°W,COLLEGE
Andrew Novak,"Spartanburg, South Carolina",34.9496° N,81.9320° W,260.2892927,Andrew NovakNot Likely,Not Likely,"Detroit, MI",42.4263°N,83.1262°W,COLLEGE
Taylor Moore,"Fayetteville, Arkansas",36.0626° N,94.1574° W,367.5104198,Taylor MooreNot Likely,Not Likely,"Detroit, MI",42.4263°N,83.1262°W,COLLEGE
Michael Kim,"Berkeley, California",37.8719° N,122.2585° W,1035.951455,Michael KimNot Likely,Not Likely,"Detroit, MI",42.4263°N,83.1262°W,COLLEGE
Thorbjørn Olesen,N/A,,,,Thorbjørn OlesenNot Likely,Not Likely,"Detroit, MI",42.4263°N,83.1262°W,COLLEGE
J.J. Spaun,"San Diego, California",32.7157° N,117.1611° W,982.6493117,J.J. SpaunNot Likely,Not Likely,"Detroit, MI",42.4263°N,83.1262°W,COLLEGE
Beau Hossler,"Austin, Texas",30.2672° N,97.7431° W,583.0323671,Beau HosslerNot Likely,Not Likely,"Detroit, MI",42.4263°N,83.1262°W,COLLEGE
David Puig,"Tempe, Arizona",33.4255° N,111.9400° W,839.4496643,David PuigNot Likely,Not Likely,"Detroit, MI",42.4263°N,83.1262°W,COLLEGE
Justin Lower,"Canton, Ohio",40.7987° N,81.3784° W,72.10514061,Justin LowerPossible,Possible,"Detroit, MI",42.4263°N,83.1262°W,COLLEGE
Rasmus Neergaard-Petersen,"Stillwater, Oklahoma",36.1230° N,97.0583° W,430.7549232,Rasmus Neergaard-PetersenNot Likely,Not Likely,"Detroit, MI",42.4263°N,83.1262°W,COLLEGE
Lee Hodges,"Tuscaloosa, Alabama",33.2098° N,87.5692° W,340.5742503,Lee HodgesNot Likely,Not Likely,"Detroit, MI",42.4263°N,83.1262°W,COLLEGE
Erik van Rooyen,"Minneapolis, Minnesota",44.9778° N,93.2650° W,267.902179,Erik van RooyenNot Likely,Not Likely,"Detroit, MI",42.4263°N,83.1262°W,COLLEGE
Harry Hall,"Las Vegas, Nevada",36.1699° N,115.1398° W,877.0873629,Harry HallNot Likely,Not Likely,"Detroit, MI",42.4263°N,83.1262°W,COLLEGE
Kurt Kitayama,"Las Vegas, Nevada",36.1699° N,115.1398° W,877.0873629,Kurt KitayamaNot Likely,Not Likely,"Detroit, MI",42.4263°N,83.1262°W,COLLEGE
Niklas Nørgaard,N/A,,,,Niklas NørgaardNot Likely,Not Likely,"Detroit, MI",42.4263°N,83.1262°W,COLLEGE
John Parry,N/A,,,,John ParryNot Likely,Not Likely,"Detroit, MI",42.4263°N,83.1262°W,COLLEGE
Romain Langasque,N/A,,,,Romain LangasqueNot Likely,Not Likely,"Detroit, MI",42.4263°N,83.1262°W,COLLEGE
Max McGreevy,"Norman, Oklahoma",35.1966° N,97.4458° W,458.3549788,Max McGreevyNot Likely,Not Likely,"Detroit, MI",42.4263°N,83.1262°W,COLLEGE
Luke Clanton,"Tallahassee, Florida",30.4383° N,84.2807° W,415.3793751,Luke ClantonNot Likely,Not Likely,"Detroit, MI",42.4263°N,83.1262°W,COLLEGE
Rickie Fowler,"Stillwater, Oklahoma",36.1230° N,97.0583° W,430.7549232,Rickie FowlerNot Likely,Not Likely,"Detroit, MI",42.4263°N,83.1262°W,COLLEGE
Victor Perez,"Albuquerque, New Mexico",35.0845° N,106.6511° W,679.8240738,Victor PerezNot Likely,Not Likely,"Detroit, MI",42.4263°N,83.1262°W,COLLEGE
Brian Campbell,"Urbana-Champaign, Illinois",40.1097° N,88.2272° W,154.7149879,Brian CampbellNot Likely,Not Likely,"Detroit, MI",42.4263°N,83.1262°W,COLLEGE
Cameron Smith,N/A,,,,Cameron SmithNot Likely,Not Likely,"Detroit, MI",42.4263°N,83.1262°W,COLLEGE
Jake Knapp,"Los Angeles, California",34.0522° N,118.2437° W,987.9094537,Jake KnappNot Likely,Not Likely,"Detroit, MI",42.4263°N,83.1262°W,COLLEGE
Keith Mitchell,"Athens, Georgia",33.9519° N,83.3576° W,292.8325618,Keith MitchellNot Likely,Not Likely,"Detroit, MI",42.4263°N,83.1262°W,COLLEGE
Charley Hoffman,"Las Vegas, Nevada",36.1699° N,115.1398° W,877.0873629,Charley HoffmanNot Likely,Not Likely,"Detroit, MI",42.4263°N,83.1262°W,COLLEGE
Matteo Manassero,N/A,,,,Matteo ManasseroNot Likely,Not Likely,"Detroit, MI",42.4263°N,83.1262°W,COLLEGE
Ryan Fox,N/A,,,,Ryan FoxNot Likely,Not Likely,"Detroit, MI",42.4263°N,83.1262°W,COLLEGE
Jordan Smith,N/A,,,,Jordan SmithNot Likely,Not Likely,"Detroit, MI",42.4263°N,83.1262°W,COLLEGE
Doug Ghim,"Austin, Texas",30.2672° N,97.7431° W,583.0323671,Doug GhimNot Likely,Not Likely,"Detroit, MI",42.4263°N,83.1262°W,COLLEGE
Shaun Norris,N/A,,,,Shaun NorrisNot Likely,Not Likely,"Detroit, MI",42.4263°N,83.1262°W,COLLEGE
Kensei Hirata,N/A,,,,Kensei HirataNot Likely,Not Likely,"Detroit, MI",42.4263°N,83.1262°W,COLLEGE
Jesper Svensson,N/A,,,,Jesper SvenssonNot Likely,Not Likely,"Detroit, MI",42.4263°N,83.1262°W,COLLEGE
Aldrich Potgieter,N/A,,,,Aldrich PotgieterNot Likely,Not Likely,"Detroit, MI",42.4263°N,83.1262°W,COLLEGE
Ryo Hisatsune,N/A,,,,Ryo HisatsuneNot Likely,Not Likely,"Detroit, MI",42.4263°N,83.1262°W,COLLEGE
Adam Schenk,"West Lafayette, Indiana",40.4259° N,86.9081° W,119.8679099,Adam SchenkNot Likely,Not Likely,"Detroit, MI",42.4263°N,83.1262°W,COLLEGE
Mark Hubbard,"San Jose, California",37.3382° N,121.8863° W,1033.285205,Mark HubbardNot Likely,Not Likely,"Detroit, MI",42.4263°N,83.1262°W,COLLEGE
Patrick Fishburn,"Provo, Utah",40.2483° N,111.6492° W,740.1717491,Patrick FishburnNot Likely,Not Likely,"Detroit, MI",42.4263°N,83.1262°W,COLLEGE
Paul Waring,N/A,,,,Paul WaringNot Likely,Not Likely,"Detroit, MI",42.4263°N,83.1262°W,COLLEGE
Tom McKibbin,N/A,,,,Tom McKibbinNot Likely,Not Likely,"Detroit, MI",42.4263°N,83.1262°W,COLLEGE
Jorge Campillo,N/A,,,,Jorge CampilloNot Likely,Not Likely,"Detroit, MI",42.4263°N,83.1262°W,COLLEGE
C.T. Pan,"Seattle, Washington",47.6062° N,122.3321° W,963.3814057,C.T. PanNot Likely,Not Likely,"Detroit, MI",42.4263°N,83.1262°W,COLLEGE
Matti Schmid,"Louisville, Kentucky",38.2527° N,85.7585° W,159.9593139,Matti SchmidNot Likely,Not Likely,"Detroit, MI",42.4263°N,83.1262°W,COLLEGE
Seamus Power,"Johnson City, Tennessee",36.3134° N,82.3535° W,212.1856677,Seamus PowerNot Likely,Not Likely,"Detroit, MI",42.4263°N,83.1262°W,COLLEGE
Patrick Reed,"Augusta, Georgia",33.4735° N,82.0105° W,310.7740371,Patrick ReedNot Likely,Not Likely,"Detroit, MI",42.4263°N,83.1262°W,COLLEGE
Patton Kizzire,"Auburn, Alabama",32.6099° N,85.4808° W,345.1692758,Patton KizzireNot Likely,Not Likely,"Detroit, MI",42.4263°N,83.1262°W,COLLEGE
Julien Guerrier,N/A,,,,Julien GuerrierNot Likely,Not Likely,"Detroit, MI",42.4263°N,83.1262°W,COLLEGE
Matthew Jordan,N/A,,,,Matthew JordanNot Likely,Not Likely,"Detroit, MI",42.4263°N,83.1262°W,COLLEGE
Daniel Brown,N/A,,,,Daniel BrownNot Likely,Not Likely,"Detroit, MI",42.4263°N,83.1262°W,COLLEGE
Sebastian Soderberg,"Conway, South Carolina",33.8360° N,79.0478° W,316.6822493,Sebastian SoderbergNot Likely,Not Likely,"Detroit, MI",42.4263°N,83.1262°W,COLLEGE
Vince Whaley,"Atlanta, Georgia",33.7490° N,84.3880° W,301.72143,Vince WhaleyNot Likely,Not Likely,"Detroit, MI",42.4263°N,83.1262°W,COLLEGE
Johannes Veerman,"College Station, Texas",30.6192° N,96.3361° W,547.18245,Johannes VeermanNot Likely,Not Likely,"Detroit, MI",42.4263°N,83.1262°W,COLLEGE
Emiliano Grillo,N/A,,,,Emiliano GrilloNot Likely,Not Likely,"Detroit, MI",42.4263°N,83.1262°W,COLLEGE
Matt Kuchar,"Atlanta, Georgia",33.7490° N,84.3880° W,301.72143,Matt KucharNot Likely,Not Likely,"Detroit, MI",42.4263°N,83.1262°W,COLLEGE
Antoine Rozner,N/A,,,,Antoine RoznerNot Likely,Not Likely,"Detroit, MI",42.4263°N,83.1262°W,COLLEGE
John Catlin,"Albuquerque, New Mexico",35.0845° N,106.6511° W,679.8240738,John CatlinNot Likely,Not Likely,"Detroit, MI",42.4263°N,83.1262°W,COLLEGE
Dean Burmester,N/A,,,,Dean BurmesterNot Likely,Not Likely,"Detroit, MI",42.4263°N,83.1262°W,COLLEGE
Brendon Todd,"Athens, Georgia",33.9519° N,83.3576° W,292.8325618,Brendon ToddNot Likely,Not Likely,"Detroit, MI",42.4263°N,83.1262°W,COLLEGE
Rico Hoey,"Los Angeles, California",34.0522° N,118.2437° W,987.9094537,Rico HoeyNot Likely,Not Likely,"Detroit, MI",42.4263°N,83.1262°W,COLLEGE
Joseph Dean,N/A,,,,Joseph DeanNot Likely,Not Likely,"Detroit, MI",42.4263°N,83.1262°W,COLLEGE
Keita Nakajima,N/A,,,,Keita NakajimaNot Likely,Not Likely,"Detroit, MI",42.4263°N,83.1262°W,COLLEGE
Alex Smalley,"Durham, North Carolina",35.9940° N,78.8986° W,249.2871173,Alex SmalleyNot Likely,Not Likely,"Detroit, MI",42.4263°N,83.1262°W,COLLEGE
Daniel Hillier,N/A,,,,Daniel HillierNot Likely,Not Likely,"Detroit, MI",42.4263°N,83.1262°W,COLLEGE
Guido Migliozzi,N/A,,,,Guido MigliozziNot Likely,Not Likely,"Detroit, MI",42.4263°N,83.1262°W,COLLEGE
Luke List,"Nashville, Tennessee",36.1627° N,86.7816° W,237.3720848,Luke ListNot Likely,Not Likely,"Detroit, MI",42.4263°N,83.1262°W,COLLEGE
Ben Kohles,"Charlottesville, Virginia",38.0339° N,78.5090° W,194.5003989,Ben KohlesNot Likely,Not Likely,"Detroit, MI",42.4263°N,83.1262°W,COLLEGE
Davis Riley,"Tuscaloosa, Alabama",33.2098° N,87.5692° W,340.5742503,Davis RileyNot Likely,Not Likely,"Detroit, MI",42.4263°N,83.1262°W,COLLEGE
Frankie Capan III,"Fort Myers, Florida",26.6406° N,81.8723° W,546.4977116,Frankie Capan IIINot Likely,Not Likely,"Detroit, MI",42.4263°N,83.1262°W,COLLEGE
Peter Uihlein,"Stillwater, Oklahoma",36.1230° N,97.0583° W,430.7549232,Peter UihleinNot Likely,Not Likely,"Detroit, MI",42.4263°N,83.1262°W,COLLEGE
Adam Svensson,"Miami Shores, Florida",25.8620° N,80.1939° W,578.2552118,Adam SvenssonNot Likely,Not Likely,"Detroit, MI",42.4263°N,83.1262°W,COLLEGE
Andrew Putnam,"Malibu, California",34.0250° N,118.7795° W,1001.952615,Andrew PutnamNot Likely,Not Likely,"Detroit, MI",42.4263°N,83.1262°W,COLLEGE
Peter Malnati,"Columbia, Missouri",38.9517° N,92.3341° W,269.2191128,Peter MalnatiNot Likely,Not Likely,"Detroit, MI",42.4263°N,83.1262°W,COLLEGE
Jang Yu Bin,N/A,,,,Jang Yu BinNot Likely,Not Likely,"Detroit, MI",42.4263°N,83.1262°W,COLLEGE
Ben Campbell,N/A,,,,Ben CampbellNot Likely,Not Likely,"Detroit, MI",42.4263°N,83.1262°W,COLLEGE
Hayden Springer,"Fort Worth, Texas",32.7555° N,97.3308° W,511.4035986,Hayden SpringerNot Likely,Not Likely,"Detroit, MI",42.4263°N,83.1262°W,COLLEGE
Ewen Ferguson,N/A,,,,Ewen FergusonNot Likely,Not Likely,"Detroit, MI",42.4263°N,83.1262°W,COLLEGE
Carson Young,"Clemson, South Carolina",34.6786° N,82.8385° W,267.7724948,Carson YoungNot Likely,Not Likely,"Detroit, MI",42.4263°N,83.1262°W,COLLEGE
Haotong Li,N/A,,,,Haotong LiNot Likely,Not Likely,"Detroit, MI",42.4263°N,83.1262°W,COLLEGE
Mac Meissner,"Dallas, Texas",32.7767° N,96.7970° W,499.9730235,Mac MeissnerNot Likely,Not Likely,"Detroit, MI",42.4263°N,83.1262°W,COLLEGE
Takumi Kanaya,N/A,,,,Takumi KanayaNot Likely,Not Likely,"Detroit, MI",42.4263°N,83.1262°W,COLLEGE
Brooks Koepka,"Tallahassee, Florida",30.4383° N,84.2807° W,415.3793751,Brooks KoepkaNot Likely,Not Likely,"Detroit, MI",42.4263°N,83.1262°W,COLLEGE
K.H. Lee,"Seoul, South Korea",37.5665° N,126.9780° E,3297.267117,K.H. LeeNot Likely,Not Likely,"Detroit, MI",42.4263°N,83.1262°W,COLLEGE
Alejandro Del Rey,N/A,,,,Alejandro Del ReyNot Likely,Not Likely,"Detroit, MI",42.4263°N,83.1262°W,COLLEGE
Chandler Phillips,"College Station, Texas",30.6192° N,96.3361° W,547.18245,Chandler PhillipsNot Likely,Not Likely,"Detroit, MI",42.4263°N,83.1262°W,COLLEGE
Ben Silverman,"Boca Raton, Florida",,,,Ben SilvermanNot Likely,Not Likely,"Detroit, MI",42.4263°N,83.1262°W,COLLEGE
Johnny Keefer,"Waco, Texas",31.5493° N,97.1467° W,537.9593312,Johnny KeeferNot Likely,Not Likely,"Detroit, MI",42.4263°N,83.1262°W,COLLEGE
Greyson Sigg,"Athens, Georgia",33.9519° N,83.3576° W,292.8325618,Greyson SiggNot Likely,Not Likely,"Detroit, MI",42.4263°N,83.1262°W,COLLEGE
Daniel van Tonder,N/A,,,,Daniel van TonderNot Likely,Not Likely,"Detroit, MI",42.4263°N,83.1262°W,COLLEGE
David Lipsky,"Evanston, Illinois",42.0565° N,87.6753° W,117.0319153,David LipskyNot Likely,Not Likely,"Detroit, MI",42.4263°N,83.1262°W,COLLEGE
Chan Kim,"College Station, Texas",30.6192° N,96.3361° W,547.18245,Chan KimNot Likely,Not Likely,"Detroit, MI",42.4263°N,83.1262°W,COLLEGE
Pierceson Coody,"Austin, Texas",30.2672° N,97.7431° W,583.0323671,Pierceson CoodyNot Likely,Not Likely,"Detroit, MI",42.4263°N,83.1262°W,COLLEGE
S.H. Kim,N/A,,,,S.H. KimNot Likely,Not Likely,"Detroit, MI",42.4263°N,83.1262°W,COLLEGE
Rikuya Hoshino,N/A,,,,Rikuya HoshinoNot Likely,Not Likely,"Detroit, MI",42.4263°N,83.1262°W,COLLEGE
Sami Valimaki,N/A,,,,Sami ValimakiNot Likely,Not Likely,"Detroit, MI",42.4263°N,83.1262°W,COLLEGE
Joe Highsmith,"Malibu, California",34.0250° N,118.7795° W,1001.952615,Joe HighsmithNot Likely,Not Likely,"Detroit, MI",42.4263°N,83.1262°W,COLLEGE
Steven Fisk,"Statesboro, Georgia",,,,Steven FiskNot Likely,Not Likely,"Detroit, MI",42.4263°N,83.1262°W,COLLEGE
Adrian Meronk,"Johnson City, Tennessee",36.3134° N,82.3535° W,212.1856677,Adrian MeronkNot Likely,Not Likely,"Detroit, MI",42.4263°N,83.1262°W,COLLEGE
Harry Higgs,"Dallas, Texas",32.7767° N,96.7970° W,499.9730235,Harry HiggsNot Likely,Not Likely,"Detroit, MI",42.4263°N,83.1262°W,COLLEGE
Gary Woodland,"Lawrence, Kansas",,,,Gary WoodlandNot Likely,Not Likely,"Detroit, MI",42.4263°N,83.1262°W,COLLEGE
Frederic LaCroix,N/A,,,,Frederic LaCroixNot Likely,Not Likely,"Detroit, MI",42.4263°N,83.1262°W,COLLEGE
Tim Widing,"San Francisco, California",37.7749° N,122.4194° W,1041.260269,Tim WidingNot Likely,Not Likely,"Detroit, MI",42.4263°N,83.1262°W,COLLEGE
Dan Bradbury,N/A,,,,Dan BradburyNot Likely,Not Likely,"Detroit, MI",42.4263°N,83.1262°W,COLLEGE
Angel Ayora,N/A,,,,Angel AyoraNot Likely,Not Likely,"Detroit, MI",42.4263°N,83.1262°W,COLLEGE
Isaiah Salinda,"Palo Alto, California",37.4419° N,122.1430° W,1038.477217,Isaiah SalindaNot Likely,Not Likely,"Detroit, MI",42.4263°N,83.1262°W,COLLEGE
Rafael Campos,"Richmond, Virginia",37.5407° N,77.4360° W,226.10875,Rafael CamposNot Likely,Not Likely,"Detroit, MI",42.4263°N,83.1262°W,COLLEGE
Zac Blair,"Provo, Utah",40.2483° N,111.6492° W,740.1717491,Zac BlairNot Likely,Not Likely,"Detroit, MI",42.4263°N,83.1262°W,COLLEGE
Joel Dahmen,"Seattle, Washington",47.6062° N,122.3321° W,963.3814057,Joel DahmenNot Likely,Not Likely,"Detroit, MI",42.4263°N,83.1262°W,COLLEGE
David Ravetto,N/A,,,,David RavettoNot Likely,Not Likely,"Detroit, MI",42.4263°N,83.1262°W,COLLEGE
Sam Bairstow,N/A,,,,Sam BairstowNot Likely,Not Likely,"Detroit, MI",42.4263°N,83.1262°W,COLLEGE
Alex Fitzpatrick,"Winston-Salem, North Carolina",36.0999° N,80.2442° W,231.7145804,Alex FitzpatrickNot Likely,Not Likely,"Detroit, MI",42.4263°N,83.1262°W,COLLEGE
Angel Hidalgo Jordan,N/A,,,,Angel Hidalgo JordanNot Likely,Not Likely,"Detroit, MI",42.4263°N,83.1262°W,COLLEGE
William Mouw,"Malibu, California",34.0250° N,118.7795° W,1001.952615,William MouwNot Likely,Not Likely,"Detroit, MI",42.4263°N,83.1262°W,COLLEGE
Brice Garnett,"St. Joseph, Missouri",,,,Brice GarnettNot Likely,Not Likely,"Detroit, MI",42.4263°N,83.1262°W,COLLEGE
Ryan Gerard,"Chapel Hill, North Carolina",35.9132° N,79.0558° W,249.9475621,Ryan GerardNot Likely,Not Likely,"Detroit, MI",42.4263°N,83.1262°W,COLLEGE
Alejandro Tosti,"Gainesville, Florida",29.6516° N,82.3248° W,441.8895238,Alejandro TostiNot Likely,Not Likely,"Detroit, MI",42.4263°N,83.1262°W,COLLEGE
Kris Ventura,"Stillwater, Oklahoma",36.1230° N,97.0583° W,430.7549232,Kris VenturaNot Likely,Not Likely,"Detroit, MI",42.4263°N,83.1262°W,COLLEGE
Yuta Sugiura,N/A,,,,Yuta SugiuraNot Likely,Not Likely,"Detroit, MI",42.4263°N,83.1262°W,COLLEGE
Nacho Elvira,N/A,,,,Nacho ElviraNot Likely,Not Likely,"Detroit, MI",42.4263°N,83.1262°W,COLLEGE
Sam Ryder,"DeLand, Florida",,,,Sam RyderNot Likely,Not Likely,"Detroit, MI",42.4263°N,83.1262°W,COLLEGE
Taylor Dickson,N/A,,,,Taylor DicksonNot Likely,Not Likely,"Detroit, MI",42.4263°N,83.1262°W,COLLEGE
Alexander Björk,N/A,,,,Alexander BjörkNot Likely,Not Likely,"Detroit, MI",42.4263°N,83.1262°W,COLLEGE
David Micheluzzi,N/A,,,,David MicheluzziNot Likely,Not Likely,"Detroit, MI",42.4263°N,83.1262°W,COLLEGE
Henrik Norlander,"Augusta, Georgia",33.4735° N,82.0105° W,310.7740371,Henrik NorlanderNot Likely,Not Likely,"Detroit, MI",42.4263°N,83.1262°W,COLLEGE
Michael Thorbjornsen,"Palo Alto, California",37.4419° N,122.1430° W,1038.477217,Michael ThorbjornsenNot Likely,Not Likely,"Detroit, MI",42.4263°N,83.1262°W,COLLEGE
Brandon R-Thompson,"Austin, Texas",30.2672° N,97.7431° W,583.0323671,Brandon R-ThompsonNot Likely,Not Likely,"Detroit, MI",42.4263°N,83.1262°W,COLLEGE
Connor Syme,N/A,,,,Connor SymeNot Likely,Not Likely,"Detroit, MI",42.4263°N,83.1262°W,COLLEGE
Jackson Suber,"Oxford, Mississippi",34.3668° N,89.5190° W,327.6116953,Jackson SuberNot Likely,Not Likely,"Detroit, MI",42.4263°N,83.1262°W,COLLEGE
Thomas Rosenmueller,"Denton, Texas",33.2148° N,97.1331° W,496.2092876,Thomas RosenmuellerNot Likely,Not Likely,"Detroit, MI",42.4263°N,83.1262°W,COLLEGE
Kevin Roy,"Long Beach, California",33.7701° N,118.1937° W,991.1727327,Kevin RoyNot Likely,Not Likely,"Detroit, MI",42.4263°N,83.1262°W,COLLEGE
Jacob Bridgeman,"Clemson, South Carolina",34.6786° N,82.8385° W,267.7724948,Jacob BridgemanNot Likely,Not Likely,"Detroit, MI",42.4263°N,83.1262°W,COLLEGE
Andy Sullivan,N/A,,,,Andy SullivanNot Likely,Not Likely,"Detroit, MI",42.4263°N,83.1262°W,COLLEGE
Elvis Smylie,N/A,,,,Elvis SmylieNot Likely,Not Likely,"Detroit, MI",42.4263°N,83.1262°W,COLLEGE
Adrian Otaegui,N/A,,,,Adrian OtaeguiNot Likely,Not Likely,"Detroit, MI",42.4263°N,83.1262°W,COLLEGE
Marcel Siem,N/A,,,,Marcel SiemNot Likely,Not Likely,"Detroit, MI",42.4263°N,83.1262°W,COLLEGE
Nicolas Colsaerts,N/A,,,,Nicolas ColsaertsNot Likely,Not Likely,"Detroit, MI",42.4263°N,83.1262°W,COLLEGE
Yannik Paul,"Boulder, Colorado",40.0070° N,105.2639° W,579.6449171,Yannik PaulNot Likely,Not Likely,"Detroit, MI",42.4263°N,83.1262°W,COLLEGE
Marcus Armitage,N/A,,,,Marcus ArmitageNot Likely,Not Likely,"Detroit, MI",42.4263°N,83.1262°W,COLLEGE
Chris Gotterup,"Norman, Oklahoma",35.1966° N,97.4458° W,458.3549788,Chris GotterupNot Likely,Not Likely,"Detroit, MI",42.4263°N,83.1262°W,COLLEGE
Kevin Streelman,"Durham, North Carolina",35.9940° N,78.8986° W,249.2871173,Kevin StreelmanNot Likely,Not Likely,"Detroit, MI",42.4263°N,83.1262°W,COLLEGE
Adrien Saddier,N/A,,,,Adrien SaddierNot Likely,Not Likely,"Detroit, MI",42.4263°N,83.1262°W,COLLEGE
Jacques Kruyswijk,N/A,,,,Jacques KruyswijkNot Likely,Not Likely,"Detroit, MI",42.4263°N,83.1262°W,COLLEGE
Pablo Larrazabal,N/A,,,,Pablo LarrazabalNot Likely,Not Likely,"Detroit, MI",42.4263°N,83.1262°W,COLLEGE
Adrien Dumont de Chassart,"Urbana-Champaign, Illinois",40.1097° N,88.2272° W,154.7149879,Adrien Dumont de ChassartNot Likely,Not Likely,"Detroit, MI",42.4263°N,83.1262°W,COLLEGE
Alistair Docherty,"Chico, California",39.7285° N,121.8375° W,1003.685701,Alistair DochertyNot Likely,Not Likely,"Detroit, MI",42.4263°N,83.1262°W,COLLEGE
Nate Lashley,"Tucson, Arizona",32.2226° N,110.9747° W,837.27907,Nate LashleyNot Likely,Not Likely,"Detroit, MI",42.4263°N,83.1262°W,COLLEGE
Ugo Coussaud,N/A,,,,Ugo CoussaudNot Likely,Not Likely,"Detroit, MI",42.4263°N,83.1262°W,COLLEGE
Wesley Bryan,"Columbia, South Carolina",34.0007° N,81.0348° W,296.5354676,Wesley BryanNot Likely,Not Likely,"Detroit, MI",42.4263°N,83.1262°W,COLLEGE
Bernd Wiesberger,N/A,,,,Bernd WiesbergerNot Likely,Not Likely,"Detroit, MI",42.4263°N,83.1262°W,COLLEGE
Ryo Ishikawa,N/A,,,,Ryo IshikawaNot Likely,Not Likely,"Detroit, MI",42.4263°N,83.1262°W,COLLEGE
Robin Williams,N/A,,,,Robin WilliamsNot Likely,Not Likely,"Detroit, MI",42.4263°N,83.1262°W,COLLEGE
Jayden Schaper,N/A,,,,Jayden SchaperNot Likely,Not Likely,"Detroit, MI",42.4263°N,83.1262°W,COLLEGE
Paul Peterson,"Corvallis, Oregon",44.5646° N,123.2620° W,998.4105444,Paul PetersonNot Likely,Not Likely,"Detroit, MI",42.4263°N,83.1262°W,COLLEGE
Grant Forrest,N/A,,,,Grant ForrestNot Likely,Not Likely,"Detroit, MI",42.4263°N,83.1262°W,COLLEGE
Shugo Imahira,N/A,,,,Shugo ImahiraNot Likely,Not Likely,"Detroit, MI",42.4263°N,83.1262°W,COLLEGE
Dylan Wu,"Evanston, Illinois",42.0565° N,87.6753° W,117.0319153,Dylan WuNot Likely,Not Likely,"Detroit, MI",42.4263°N,83.1262°W,COLLEGE
Neal Shipley,"Harrisonburg, Virginia",38.4333° N,78.8689° W,177.6080903,Neal ShipleyNot Likely,Not Likely,"Detroit, MI",42.4263°N,83.1262°W,COLLEGE
Richard Lee,N/A,,,,Richard LeeNot Likely,Not Likely,"Detroit, MI",42.4263°N,83.1262°W,COLLEGE
Joost Luiten,N/A,,,,Joost LuitenNot Likely,Not Likely,"Detroit, MI",42.4263°N,83.1262°W,COLLEGE
Louis Oosthuizen,N/A,,,,Louis OosthuizenNot Likely,Not Likely,"Detroit, MI",42.4263°N,83.1262°W,COLLEGE
Jeff Winther,N/A,,,,Jeff WintherNot Likely,Not Likely,"Detroit, MI",42.4263°N,83.1262°W,COLLEGE
John Pak,"Tallahassee, Florida",30.4383° N,84.2807° W,415.3793751,John PakNot Likely,Not Likely,"Detroit, MI",42.4263°N,83.1262°W,COLLEGE
Hank Lebioda,"Tallahassee, Florida",30.4383° N,84.2807° W,415.3793751,Hank LebiodaNot Likely,Not Likely,"Detroit, MI",42.4263°N,83.1262°W,COLLEGE
Francesco Laporta,N/A,,,,Francesco LaportaNot Likely,Not Likely,"Detroit, MI",42.4263°N,83.1262°W,COLLEGE
Vincent Norrman,"Tallahassee, Florida",30.4383° N,84.2807° W,415.3793751,Vincent NorrmanNot Likely,Not Likely,"Detroit, MI",42.4263°N,83.1262°W,COLLEGE
MK Kim,N/A,,,,MK KimNot Likely,Not Likely,"Detroit, MI",42.4263°N,83.1262°W,COLLEGE
Takahiro Hataji,N/A,,,,Takahiro HatajiNot Likely,Not Likely,"Detroit, MI",42.4263°N,83.1262°W,COLLEGE
Hamish Brown,N/A,,,,Hamish BrownNot Likely,Not Likely,"Detroit, MI",42.4263°N,83.1262°W,COLLEGE
Suteepat Prateeptienchai,N/A,,,,Suteepat PrateeptienchaiNot Likely,Not Likely,"Detroit, MI",42.4263°N,83.1262°W,COLLEGE
Ricky Castillo,"Gainesville, Florida",29.6516° N,82.3248° W,441.8895238,Ricky CastilloNot Likely,Not Likely,"Detroit, MI",42.4263°N,83.1262°W,COLLEGE
Joakim Lagergren,N/A,,,,Joakim LagergrenNot Likely,Not Likely,"Detroit, MI",42.4263°N,83.1262°W,COLLEGE
Camilo Villegas,"Gainesville, Florida",29.6516° N,82.3248° W,441.8895238,Camilo VillegasNot Likely,Not Likely,"Detroit, MI",42.4263°N,83.1262°W,COLLEGE
Lanto Griffin,"Richmond, Virginia",37.5407° N,77.4360° W,226.10875,Lanto GriffinNot Likely,Not Likely,"Detroit, MI",42.4263°N,83.1262°W,COLLEGE
Taylor Montgomery,"Las Vegas, Nevada",36.1699° N,115.1398° W,877.0873629,Taylor MontgomeryNot Likely,Not Likely,"Detroit, MI",42.4263°N,83.1262°W,COLLEGE
Chiehpo Lee,N/A,,,,Chiehpo LeeNot Likely,Not Likely,"Detroit, MI",42.4263°N,83.1262°W,COLLEGE
Christo Lamprecht,"Atlanta, Georgia",33.7490° N,84.3880° W,301.72143,Christo LamprechtNot Likely,Not Likely,"Detroit, MI",42.4263°N,83.1262°W,COLLEGE
Richard Mansell,N/A,,,,Richard MansellNot Likely,Not Likely,"Detroit, MI",42.4263°N,83.1262°W,COLLEGE
Cristobal Del Solar,"Tallahassee, Florida",30.4383° N,84.2807° W,415.3793751,Cristobal Del SolarNot Likely,Not Likely,"Detroit, MI",42.4263°N,83.1262°W,COLLEGE
Bud Cauley,"Tuscaloosa, Alabama",33.2098° N,87.5692° W,340.5742503,Bud CauleyNot Likely,Not Likely,"Detroit, MI",42.4263°N,83.1262°W,COLLEGE
David Skinns,"Knoxville, Tennessee",35.9606° N,83.9207° W,224.3782639,David SkinnsNot Likely,Not Likely,"Detroit, MI",42.4263°N,83.1262°W,COLLEGE
Kyle Westmoreland,"Colorado Springs, Colorado",38.9972° N,104.8605° W,579.6468198,Kyle WestmorelandNot Likely,Not Likely,"Detroit, MI",42.4263°N,83.1262°W,COLLEGE
Frederik Kjettrup,"Tallahassee, Florida",30.4383° N,84.2807° W,415.3793751,Frederik KjettrupNot Likely,Not Likely,"Detroit, MI",42.4263°N,83.1262°W,COLLEGE
Shubhankar Sharma,N/A,,,,Shubhankar SharmaNot Likely,Not Likely,"Detroit, MI",42.4263°N,83.1262°W,COLLEGE
Trace Crowe,"Auburn, Alabama",32.6099° N,85.4808° W,345.1692758,Trace CroweNot Likely,Not Likely,"Detroit, MI",42.4263°N,83.1262°W,COLLEGE
Quade Cummins,"Norman, Oklahoma",35.1966° N,97.4458° W,458.3549788,Quade CumminsNot Likely,Not Likely,"Detroit, MI",42.4263°N,83.1262°W,COLLEGE
Karl Vilips,"Palo Alto, California",37.4419° N,122.1430° W,1038.477217,Karl VilipsNot Likely,Not Likely,"Detroit, MI",42.4263°N,83.1262°W,COLLEGE
Ivan Cantero Gutierrez,N/A,,,,Ivan Cantero GutierrezNot Likely,Not Likely,"Detroit, MI",42.4263°N,83.1262°W,COLLEGE
Robby Shelton,"Tuscaloosa, Alabama",33.2098° N,87.5692° W,340.5742503,Robby SheltonNot Likely,Not Likely,"Detroit, MI",42.4263°N,83.1262°W,COLLEGE
Marcus Kinhult,N/A,,,,Marcus KinhultNot Likely,Not Likely,"Detroit, MI",42.4263°N,83.1262°W,COLLEGE
Austin Smotherman,"Dallas, Texas",32.7767° N,96.7970° W,499.9730235,Austin SmothermanNot Likely,Not Likely,"Detroit, MI",42.4263°N,83.1262°W,COLLEGE
Darius Van Driel,N/A,,,,Darius Van DrielNot Likely,Not Likely,"Detroit, MI",42.4263°N,83.1262°W,COLLEGE
Sean Crocker,"Los Angeles, California",34.0522° N,118.2437° W,987.9094537,Sean CrockerNot Likely,Not Likely,"Detroit, MI",42.4263°N,83.1262°W,COLLEGE
Lucas Herbert,N/A,,,,Lucas HerbertNot Likely,Not Likely,"Detroit, MI",42.4263°N,83.1262°W,COLLEGE
Zander Lombard,N/A,,,,Zander LombardNot Likely,Not Likely,"Detroit, MI",42.4263°N,83.1262°W,COLLEGE
Ollie Schniederjans,"Atlanta, Georgia",33.7490° N,84.3880° W,301.72143,Ollie SchniederjansNot Likely,Not Likely,"Detroit, MI",42.4263°N,83.1262°W,COLLEGE
Richie Ramsay,N/A,,,,Richie RamsayNot Likely,Not Likely,"Detroit, MI",42.4263°N,83.1262°W,COLLEGE
Yuto Katsuragawa,N/A,,,,Yuto KatsuragawaNot Likely,Not Likely,"Detroit, MI",42.4263°N,83.1262°W,COLLEGE
Trav Smyth,N/A,,,,Trav SmythNot Likely,Not Likely,"Detroit, MI",42.4263°N,83.1262°W,COLLEGE
Martin Couvra,N/A,,,,Martin CouvraNot Likely,Not Likely,"Detroit, MI",42.4263°N,83.1262°W,COLLEGE
Danny Walker,"Charlottesville, Virginia",38.0339° N,78.5090° W,194.5003989,Danny WalkerNot Likely,Not Likely,"Detroit, MI",42.4263°N,83.1262°W,COLLEGE
Brandon Stone,"Austin, Texas",30.2672° N,97.7431° W,583.0323671,Brandon StoneNot Likely,Not Likely,"Detroit, MI",42.4263°N,83.1262°W,COLLEGE
Braden Thornberry,"Oxford, Mississippi",34.3668° N,89.5190° W,327.6116953,Braden ThornberryNot Likely,Not Likely,"Detroit, MI",42.4263°N,83.1262°W,COLLEGE
Kevin Tway,"Stillwater, Oklahoma",36.1230° N,97.0583° W,430.7549232,Kevin TwayNot Likely,Not Likely,"Detroit, MI",42.4263°N,83.1262°W,COLLEGE
Carl Yuan,"Seattle, Washington",47.6062° N,122.3321° W,963.3814057,Carl YuanNot Likely,Not Likely,"Detroit, MI",42.4263°N,83.1262°W,COLLEGE
Calum Hill,N/A,,,,Calum HillNot Likely,Not Likely,"Detroit, MI",42.4263°N,83.1262°W,COLLEGE
Martin Laird,"Fort Collins, Colorado",40.5853° N,105.0844° W,570.0390718,Martin LairdNot Likely,Not Likely,"Detroit, MI",42.4263°N,83.1262°W,COLLEGE
Matt NeSmith,"Columbia, South Carolina",34.0007° N,81.0348° W,296.5354676,Matt NeSmithNot Likely,Not Likely,"Detroit, MI",42.4263°N,83.1262°W,COLLEGE
Ryosuke Kinoshita,N/A,,,,Ryosuke KinoshitaNot Likely,Not Likely,"Detroit, MI",42.4263°N,83.1262°W,COLLEGE
Jason Scrivener,N/A,,,,Jason ScrivenerNot Likely,Not Likely,"Detroit, MI",42.4263°N,83.1262°W,COLLEGE
Sudarshan Yellamaraju,N/A,,,,Sudarshan YellamarajuNot Likely,Not Likely,"Detroit, MI",42.4263°N,83.1262°W,COLLEGE
Barend Botha,N/A,,,,Barend BothaNot Likely,Not Likely,"Detroit, MI",42.4263°N,83.1262°W,COLLEGE
Taiga Semikawa,N/A,,,,Taiga SemikawaNot Likely,Not Likely,"Detroit, MI",42.4263°N,83.1262°W,COLLEGE
Justin Suh,"Los Angeles, California",34.0522° N,118.2437° W,987.9094537,Justin SuhNot Likely,Not Likely,"Detroit, MI",42.4263°N,83.1262°W,COLLEGE
Miguel Tabuena,N/A,,,,Miguel TabuenaNot Likely,Not Likely,"Detroit, MI",42.4263°N,83.1262°W,COLLEGE
Wilco Nienaber,N/A,,,,Wilco NienaberNot Likely,Not Likely,"Detroit, MI",42.4263°N,83.1262°W,COLLEGE
Ryan Moore,"Las Vegas, Nevada",36.1699° N,115.1398° W,877.0873629,Ryan MooreNot Likely,Not Likely,"Detroit, MI",42.4263°N,83.1262°W,COLLEGE
Zach Bauchou,"Stillwater, Oklahoma",36.1230° N,97.0583° W,430.7549232,Zach BauchouNot Likely,Not Likely,"Detroit, MI",42.4263°N,83.1262°W,COLLEGE
Scott Jamieson,N/A,,,,Scott JamiesonNot Likely,Not Likely,"Detroit, MI",42.4263°N,83.1262°W,COLLEGE
Eugenio Chacarra,"Stillwater, Oklahoma",36.1230° N,97.0583° W,430.7549232,Eugenio ChacarraNot Likely,Not Likely,"Detroit, MI",42.4263°N,83.1262°W,COLLEGE
Jamie Rutherford,N/A,,,,Jamie RutherfordNot Likely,Not Likely,"Detroit, MI",42.4263°N,83.1262°W,COLLEGE
Taisei Shimizu,N/A,,,,Taisei ShimizuNot Likely,Not Likely,"Detroit, MI",42.4263°N,83.1262°W,COLLEGE
Andrea Pavan,"College Station, Texas",30.6192° N,96.3361° W,547.18245,Andrea PavanNot Likely,Not Likely,"Detroit, MI",42.4263°N,83.1262°W,COLLEGE
Ryggs Johnston,"Tempe, Arizona",33.4255° N,111.9400° W,839.4496643,Ryggs JohnstonNot Likely,Not Likely,"Detroit, MI",42.4263°N,83.1262°W,COLLEGE
Sam Bennett,"College Station, Texas",30.6192° N,96.3361° W,547.18245,Sam BennettNot Likely,Not Likely,"Detroit, MI",42.4263°N,83.1262°W,COLLEGE
Chad Ramey,"Starkville, Mississippi",33.4504° N,88.8184° W,346.5012596,Chad RameyNot Likely,Not Likely,"Detroit, MI",42.4263°N,83.1262°W,COLLEGE
Hiroshi Iwata,N/A,,,,Hiroshi IwataNot Likely,Not Likely,"Detroit, MI",42.4263°N,83.1262°W,COLLEGE
Casey Jarvis,N/A,,,,Casey JarvisNot Likely,Not Likely,"Detroit, MI",42.4263°N,83.1262°W,COLLEGE
Will Chandler,N/A,,,,Will ChandlerNot Likely,Not Likely,"Detroit, MI",42.4263°N,83.1262°W,COLLEGE
Ryan van Velzen,N/A,,,,Ryan van VelzenNot Likely,Not Likely,"Detroit, MI",42.4263°N,83.1262°W,COLLEGE
Conor Purcell,N/A,,,,Conor PurcellNot Likely,Not Likely,"Detroit, MI",42.4263°N,83.1262°W,COLLEGE
Todd Clements,N/A,,,,Todd ClementsNot Likely,Not Likely,"Detroit, MI",42.4263°N,83.1262°W,COLLEGE
Kiradech Aphibarnrat,N/A,,,,Kiradech AphibarnratNot Likely,Not Likely,"Detroit, MI",42.4263°N,83.1262°W,COLLEGE
Kazuki Higa,N/A,,,,Kazuki HigaNot Likely,Not Likely,"Detroit, MI",42.4263°N,83.1262°W,COLLEGE
Aaron Cockerill,N/A,,,,Aaron CockerillNot Likely,Not Likely,"Detroit, MI",42.4263°N,83.1262°W,COLLEGE
Nick Hardy,"Urbana-Champaign, Illinois",40.1097° N,88.2272° W,154.7149879,Nick HardyNot Likely,Not Likely,"Detroit, MI",42.4263°N,83.1262°W,COLLEGE
Fabrizio Zanotti,N/A,,,,Fabrizio ZanottiNot Likely,Not Likely,"Detroit, MI",42.4263°N,83.1262°W,COLLEGE
Oliver Lindell,N/A,,,,Oliver LindellNot Likely,Not Likely,"Detroit, MI",42.4263°N,83.1262°W,COLLEGE
S.Y. Noh,N/A,,,,S.Y. NohNot Likely,Not Likely,"Detroit, MI",42.4263°N,83.1262°W,COLLEGE
Caleb Surratt,"Knoxville, Tennessee",35.9606° N,83.9207° W,224.3782639,Caleb SurrattNot Likely,Not Likely,"Detroit, MI",42.4263°N,83.1262°W,COLLEGE
Josh Teater,"Morehead, Kentucky",,,,Josh TeaterNot Likely,Not Likely,"Detroit, MI",42.4263°N,83.1262°W,COLLEGE
Joseph Bramlett,"Palo Alto, California",37.4419° N,122.1430° W,1038.477217,Joseph BramlettNot Likely,Not Likely,"Detroit, MI",42.4263°N,83.1262°W,COLLEGE
Deon Germishuys,N/A,,,,Deon GermishuysNot Likely,Not Likely,"Detroit, MI",42.4263°N,83.1262°W,COLLEGE
Garrick Higgo,"Las Vegas, Nevada",36.1699° N,115.1398° W,877.0873629,Garrick HiggoNot Likely,Not Likely,"Detroit, MI",42.4263°N,83.1262°W,COLLEGE
Alfredo Garcia-Heredia,N/A,,,,Alfredo Garcia-HerediaNot Likely,Not Likely,"Detroit, MI",42.4263°N,83.1262°W,COLLEGE
Marcel Schneider,N/A,,,,Marcel SchneiderNot Likely,Not Likely,"Detroit, MI",42.4263°N,83.1262°W,COLLEGE
Sadom Kaewkanjana,N/A,,,,Sadom KaewkanjanaNot Likely,Not Likely,"Detroit, MI",42.4263°N,83.1262°W,COLLEGE
Young-han Song,N/A,,,,Young-han SongNot Likely,Not Likely,"Detroit, MI",42.4263°N,83.1262°W,COLLEGE
Ren Yonezawa,N/A,,,,Ren YonezawaNot Likely,Not Likely,"Detroit, MI",42.4263°N,83.1262°W,COLLEGE
Ben Martin,"Clemson, South Carolina",34.6786° N,82.8385° W,267.7724948,Ben MartinNot Likely,Not Likely,"Detroit, MI",42.4263°N,83.1262°W,COLLEGE
Mitchell Meissner,"Houston, Texas",29.7604° N,95.3698° W,553.9822431,Mitchell MeissnerNot Likely,Not Likely,"Detroit, MI",42.4263°N,83.1262°W,COLLEGE
Will Gordon,"Nashville, Tennessee",36.1627° N,86.7816° W,237.3720848,Will GordonNot Likely,Not Likely,"Detroit, MI",42.4263°N,83.1262°W,COLLEGE
Chesson Hadley,"Atlanta, Georgia",33.7490° N,84.3880° W,301.72143,Chesson HadleyNot Likely,Not Likely,"Detroit, MI",42.4263°N,83.1262°W,COLLEGE
Joel Moscatel Nachsh,N/A,,,,Joel Moscatel NachshNot Likely,Not Likely,"Detroit, MI",42.4263°N,83.1262°W,COLLEGE
Tom Vaillant,N/A,,,,Tom VaillantNot Likely,Not Likely,"Detroit, MI",42.4263°N,83.1262°W,COLLEGE
Kevin Chappell,"Los Angeles, California",34.0522° N,118.2437° W,987.9094537,Kevin ChappellNot Likely,Not Likely,"Detroit, MI",42.4263°N,83.1262°W,COLLEGE
Davis Chatfield,"Notre Dame, Indiana",41.7047° N,86.2387° W,83.62244382,Davis ChatfieldPossible,Possible,"Detroit, MI",42.4263°N,83.1262°W,COLLEGE
Kevin Velo,"San Diego, California",32.7157° N,117.1611° W,982.6493117,Kevin VeloNot Likely,Not Likely,"Detroit, MI",42.4263°N,83.1262°W,COLLEGE
Brandon Wu,"Palo Alto, California",37.4419° N,122.1430° W,1038.477217,Brandon WuNot Likely,Not Likely,"Detroit, MI",42.4263°N,83.1262°W,COLLEGE
Hayden Buckley,"Columbia, Missouri",38.9517° N,92.3341° W,269.2191128,Hayden BuckleyNot Likely,Not Likely,"Detroit, MI",42.4263°N,83.1262°W,COLLEGE
Dylan Frittelli,"Austin, Texas",30.2672° N,97.7431° W,583.0323671,Dylan FrittelliNot Likely,Not Likely,"Detroit, MI",42.4263°N,83.1262°W,COLLEGE
Jeremy Paul,"Boulder, Colorado",40.0070° N,105.2639° W,579.6449171,Jeremy PaulNot Likely,Not Likely,"Detroit, MI",42.4263°N,83.1262°W,COLLEGE
Curtis Luck,N/A,,,,Curtis LuckNot Likely,Not Likely,"Detroit, MI",42.4263°N,83.1262°W,COLLEGE
Zach Johnson,"Des Moines, Iowa",41.6005° N,93.6091° W,270.4083787,Zach JohnsonNot Likely,Not Likely,"Detroit, MI",42.4263°N,83.1262°W,COLLEGE
MJ Maguire,"Denton, Texas",33.2148° N,97.1331° W,496.2092876,MJ MaguireNot Likely,Not Likely,"Detroit, MI",42.4263°N,83.1262°W,COLLEGE
Matthew Southgate,N/A,,,,Matthew SouthgateNot Likely,Not Likely,"Detroit, MI",42.4263°N,83.1262°W,COLLEGE
Tyler Duncan,"West Lafayette, Indiana",40.4259° N,86.9081° W,119.8679099,Tyler DuncanNot Likely,Not Likely,"Detroit, MI",42.4263°N,83.1262°W,COLLEGE
Trey Winstead,"Baton Rouge, Louisiana",30.4515° N,91.1871° W,469.9173256,Trey WinsteadNot Likely,Not Likely,"Detroit, MI",42.4263°N,83.1262°W,COLLEGE
Gavin Green,"Albuquerque, New Mexico",35.0845° N,106.6511° W,679.8240738,Gavin GreenNot Likely,Not Likely,"Detroit, MI",42.4263°N,83.1262°W,COLLEGE
Davis Shore,"Tuscaloosa, Alabama",33.2098° N,87.5692° W,340.5742503,Davis ShoreNot Likely,Not Likely,"Detroit, MI",42.4263°N,83.1262°W,COLLEGE
Chez Reavie,"Tempe, Arizona",33.4255° N,111.9400° W,839.4496643,Chez ReavieNot Likely,Not Likely,"Detroit, MI",42.4263°N,83.1262°W,COLLEGE
Aaron Baddeley,N/A,,,,Aaron BaddeleyNot Likely,Not Likely,"Detroit, MI",42.4263°N,83.1262°W,COLLEGE
Webb Simpson,"Winston-Salem, North Carolina",36.0999° N,80.2442° W,231.7145804,Webb SimpsonNot Likely,Not Likely,"Detroit, MI",42.4263°N,83.1262°W,COLLEGE
Ricardo Gouveia,"Orlando, Florida",28.5383° N,81.3792° W,482.2687471,Ricardo GouveiaNot Likely,Not Likely,"Detroit, MI",42.4263°N,83.1262°W,COLLEGE
Peter Kuest,"Provo, Utah",40.2483° N,111.6492° W,740.1717491,Peter KuestNot Likely,Not Likely,"Detroit, MI",42.4263°N,83.1262°W,COLLEGE
Jimmy Stanger,"Charlottesville, Virginia",38.0339° N,78.5090° W,194.5003989,Jimmy StangerNot Likely,Not Likely,"Detroit, MI",42.4263°N,83.1262°W,COLLEGE
Jens Dantorp,N/A,,,,Jens DantorpNot Likely,Not Likely,"Detroit, MI",42.4263°N,83.1262°W,COLLEGE
Carter Jenkins,"Chapel Hill, North Carolina",35.9132° N,79.0558° W,249.9475621,Carter JenkinsNot Likely,Not Likely,"Detroit, MI",42.4263°N,83.1262°W,COLLEGE
Matthew Baldwin,N/A,,,,Matthew BaldwinNot Likely,Not Likely,"Detroit, MI",42.4263°N,83.1262°W,COLLEGE
Phachara Khongwatmai,N/A,,,,Phachara KhongwatmaiNot Likely,Not Likely,"Detroit, MI",42.4263°N,83.1262°W,COLLEGE
Seungtaek Lee,N/A,,,,Seungtaek LeeNot Likely,Not Likely,"Detroit, MI",42.4263°N,83.1262°W,COLLEGE
Hur In-hoi,N/A,,,,Hur In-hoiNot Likely,Not Likely,"Detroit, MI",42.4263°N,83.1262°W,COLLEGE
Guntaek Koh,N/A,,,,Guntaek KohNot Likely,Not Likely,"Detroit, MI",42.4263°N,83.1262°W,COLLEGE
Lee Jung-hwan,N/A,,,,Lee Jung-hwanNot Likely,Not Likely,"Detroit, MI",42.4263°N,83.1262°W,COLLEGE
Mason Andersen,"Tucson, Arizona",32.2226° N,110.9747° W,837.27907,Mason AndersenNot Likely,Not Likely,"Detroit, MI",42.4263°N,83.1262°W,COLLEGE
Jeong Weon Ko,N/A,,,,Jeong Weon KoNot Likely,Not Likely,"Detroit, MI",42.4263°N,83.1262°W,COLLEGE
Kazuma Kobori,N/A,,,,Kazuma KoboriNot Likely,Not Likely,"Detroit, MI",42.4263°N,83.1262°W,COLLEGE
Max Kieffer,N/A,,,,Max KiefferNot Likely,Not Likely,"Detroit, MI",42.4263°N,83.1262°W,COLLEGE
Troy Merritt,"Boise, Idaho",43.6013° N,116.2028° W,830.9824273,Troy MerrittNot Likely,Not Likely,"Detroit, MI",42.4263°N,83.1262°W,COLLEGE
Daniel Summerhays,"Provo, Utah",40.2483° N,111.6492° W,740.1717491,Daniel SummerhaysNot Likely,Not Likely,"Detroit, MI",42.4263°N,83.1262°W,COLLEGE
Noah Goodwin,"Dallas, Texas",32.7767° N,96.7970° W,499.9730235,Noah GoodwinNot Likely,Not Likely,"Detroit, MI",42.4263°N,83.1262°W,COLLEGE
Takashi Ogiso,N/A,,,,Takashi OgisoNot Likely,Not Likely,"Detroit, MI",42.4263°N,83.1262°W,COLLEGE
Emilio Gonzalez,N/A,,,,Emilio GonzalezNot Likely,Not Likely,"Detroit, MI",42.4263°N,83.1262°W,COLLEGE
Kristoffer Reitan,N/A,,,,Kristoffer ReitanNot Likely,Not Likely,"Detroit, MI",42.4263°N,83.1262°W,COLLEGE
Kaito Onishi,N/A,,,,Kaito OnishiNot Likely,Not Likely,"Detroit, MI",42.4263°N,83.1262°W,COLLEGE
Freddy Schott,N/A,,,,Freddy SchottNot Likely,Not Likely,"Detroit, MI",42.4263°N,83.1262°W,COLLEGE
Russell Knox,"Jacksonville, Florida",30.3322° N,81.6557° W,419.7930572,Russell KnoxNot Likely,Not Likely,"Detroit, MI",42.4263°N,83.1262°W,COLLEGE
Roger Sloan,"El Paso, Texas",31.7619° N,106.4850° W,738.0375788,Roger SloanNot Likely,Not Likely,"Detroit, MI",42.4263°N,83.1262°W,COLLEGE
Gaganjeet Bhullar,N/A,,,,Gaganjeet BhullarNot Likely,Not Likely,"Detroit, MI",42.4263°N,83.1262°W,COLLEGE
Yuta Kaneko,N/A,,,,Yuta KanekoNot Likely,Not Likely,"Detroit, MI",42.4263°N,83.1262°W,COLLEGE
Wooyoung Cho,N/A,,,,Wooyoung ChoNot Likely,Not Likely,"Detroit, MI",42.4263°N,83.1262°W,COLLEGE
Padraig Harrington,N/A,,,,Padraig HarringtonNot Likely,Not Likely,"Detroit, MI",42.4263°N,83.1262°W,COLLEGE
Jonathan Broomhead,N/A,,,,Jonathan BroomheadNot Likely,Not Likely,"Detroit, MI",42.4263°N,83.1262°W,COLLEGE
Matt Atkins,"Aiken, South Carolina",33.5604° N,81.7196° W,308.6620011,Matt AtkinsNot Likely,Not Likely,"Detroit, MI",42.4263°N,83.1262°W,COLLEGE
Carlos Ortiz,"Denton, Texas",33.2148° N,97.1331° W,496.2092876,Carlos OrtizNot Likely,Not Likely,"Detroit, MI",42.4263°N,83.1262°W,COLLEGE
Stewart Cink,"Atlanta, Georgia",33.7490° N,84.3880° W,301.72143,Stewart CinkNot Likely,Not Likely,"Detroit, MI",42.4263°N,83.1262°W,COLLEGE
Norman Xiong,N/A,,,,Norman XiongNot Likely,Not Likely,"Detroit, MI",42.4263°N,83.1262°W,COLLEGE
Myles Creighton,"Radford, Virginia",37.1324° N,80.5662° W,195.0831026,Myles CreightonNot Likely,Not Likely,"Detroit, MI",42.4263°N,83.1262°W,COLLEGE
Kieran Vincent,"Lynchburg, Virginia",37.3543° N,79.1737° W,204.0968778,Kieran VincentNot Likely,Not Likely,"Detroit, MI",42.4263°N,83.1262°W,COLLEGE
Andrew Wilson,N/A,,,,Andrew WilsonNot Likely,Not Likely,"Detroit, MI",42.4263°N,83.1262°W,COLLEGE
Brandon Crick,"Lincoln, Nebraska",40.8136° N,96.7026° W,354.6291135,Brandon CrickNot Likely,Not Likely,"Detroit, MI",42.4263°N,83.1262°W,COLLEGE
Trevor Cone,"Blacksburg, Virginia",37.2286° N,80.4227° W,193.3318285,Trevor ConeNot Likely,Not Likely,"Detroit, MI",42.4263°N,83.1262°W,COLLEGE
Eddie Pepperell,N/A,,,,Eddie PepperellNot Likely,Not Likely,"Detroit, MI",42.4263°N,83.1262°W,COLLEGE
Parker Coody,"Austin, Texas",30.2672° N,97.7431° W,583.0323671,Parker CoodyNot Likely,Not Likely,"Detroit, MI",42.4263°N,83.1262°W,COLLEGE
Doc Redman,"Clemson, South Carolina",34.6786° N,82.8385° W,267.7724948,Doc RedmanNot Likely,Not Likely,"Detroit, MI",42.4263°N,83.1262°W,COLLEGE
Yuki Inamori,N/A,,,,Yuki InamoriNot Likely,Not Likely,"Detroit, MI",42.4263°N,83.1262°W,COLLEGE
Thanapath Pichaikul,N/A,,,,Thanapath PichaikulNot Likely,Not Likely,"Detroit, MI",42.4263°N,83.1262°W,COLLEGE
Seth Reeves,"Atlanta, Georgia",33.7490° N,84.3880° W,301.72143,Seth ReevesNot Likely,Not Likely,"Detroit, MI",42.4263°N,83.1262°W,COLLEGE
Thomas Pieters,"Urbana-Champaign, Illinois",40.1097° N,88.2272° W,154.7149879,Thomas PietersNot Likely,Not Likely,"Detroit, MI",42.4263°N,83.1262°W,COLLEGE
Ross Steelman,"Athens, Georgia",33.9519° N,83.3576° W,292.8325618,Ross SteelmanNot Likely,Not Likely,"Detroit, MI",42.4263°N,83.1262°W,COLLEGE
Benjamin Hebert,N/A,,,,Benjamin HebertNot Likely,Not Likely,"Detroit, MI",42.4263°N,83.1262°W,COLLEGE
Jeunghun Wang,N/A,,,,Jeunghun WangNot Likely,Not Likely,"Detroit, MI",42.4263°N,83.1262°W,COLLEGE
Trent Phillips,"Athens, Georgia",33.9519° N,83.3576° W,292.8325618,Trent PhillipsNot Likely,Not Likely,"Detroit, MI",42.4263°N,83.1262°W,COLLEGE
Tapio Pulkkanen,N/A,,,,Tapio PulkkanenNot Likely,Not Likely,"Detroit, MI",42.4263°N,83.1262°W,COLLEGE
Brandt Snedeker,"Nashville, Tennessee",36.1627° N,86.7816° W,237.3720848,Brandt SnedekerNot Likely,Not Likely,"Detroit, MI",42.4263°N,83.1262°W,COLLEGE
Stefano Mazzoli,"Fort Worth, Texas",32.7555° N,97.3308° W,511.4035986,Stefano MazzoliNot Likely,Not Likely,"Detroit, MI",42.4263°N,83.1262°W,COLLEGE
Naoyuki Kataoka,N/A,,,,Naoyuki KataokaNot Likely,Not Likely,"Detroit, MI",42.4263°N,83.1262°W,COLLEGE
,,,,,Not Likely,Not Likely,"Detroit, MI",42.4263°N,83.1262°W,COLLEGE
Mikumu Horikawa,N/A,,,,Mikumu HorikawaNot Likely,Not Likely,"Detroit, MI",42.4263°N,83.1262°W,COLLEGE
Charl Schwartzel,N/A,,,,Charl SchwartzelNot Likely,Not Likely,"Detroit, MI",42.4263°N,83.1262°W,COLLEGE
Maximilian Steinlechner,N/A,,,,Maximilian SteinlechnerNot Likely,Not Likely,"Detroit, MI",42.4263°N,83.1262°W,COLLEGE
Thomas Aiken,N/A,,,,Thomas AikenNot Likely,Not Likely,"Detroit, MI",42.4263°N,83.1262°W,COLLEGE
Joel Girrbach,N/A,,,,Joel GirrbachNot Likely,Not Likely,"Detroit, MI",42.4263°N,83.1262°W,COLLEGE
Jaco Ahlers,N/A,,,,Jaco AhlersNot Likely,Not Likely,"Detroit, MI",42.4263°N,83.1262°W,COLLEGE
Andrew Johnston,N/A,,,,Andrew JohnstonNot Likely,Not Likely,"Detroit, MI",42.4263°N,83.1262°W,COLLEGE
Kelly Kraft,"Dallas, Texas",32.7767° N,96.7970° W,499.9730235,Kelly KraftNot Likely,Not Likely,"Detroit, MI",42.4263°N,83.1262°W,COLLEGE
Jordan Gumberg,"Tucson, Arizona",32.2226° N,110.9747° W,837.27907,Jordan GumbergNot Likely,Not Likely,"Detroit, MI",42.4263°N,83.1262°W,COLLEGE
David Law,N/A,,,,David LawNot Likely,Not Likely,"Detroit, MI",42.4263°N,83.1262°W,COLLEGE
Max Rottluff,"Tempe, Arizona",33.4255° N,111.9400° W,839.4496643,Max RottluffNot Likely,Not Likely,"Detroit, MI",42.4263°N,83.1262°W,COLLEGE
Dalton Ward,"Lawrence, Kansas",,,,Dalton WardNot Likely,Not Likely,"Detroit, MI",42.4263°N,83.1262°W,COLLEGE
Jack Senior,N/A,,,,Jack SeniorNot Likely,Not Likely,"Detroit, MI",42.4263°N,83.1262°W,COLLEGE
Tom Whitney,"Colorado Springs, Colorado",38.9972° N,104.8605° W,579.6468198,Tom WhitneyNot Likely,Not Likely,"Detroit, MI",42.4263°N,83.1262°W,COLLEGE
Ryan McCormick,"Queens, New York",40.7227° N,73.8601° W,246.4625009,Ryan McCormickNot Likely,Not Likely,"Detroit, MI",42.4263°N,83.1262°W,COLLEGE
Erik Barnes,"Austin, Texas",30.2672° N,97.7431° W,583.0323671,Erik BarnesNot Likely,Not Likely,"Detroit, MI",42.4263°N,83.1262°W,COLLEGE
Pontus Nyholm,N/A,,,,Pontus NyholmNot Likely,Not Likely,"Detroit, MI",42.4263°N,83.1262°W,COLLEGE
Lucas Bjerregaard,N/A,,,,Lucas BjerregaardNot Likely,Not Likely,"Detroit, MI",42.4263°N,83.1262°W,COLLEGE
Ryutaro Nagano,N/A,,,,Ryutaro NaganoNot Likely,Not Likely,"Detroit, MI",42.4263°N,83.1262°W,COLLEGE
Sanghyun Park,N/A,,,,Sanghyun ParkNot Likely,Not Likely,"Detroit, MI",42.4263°N,83.1262°W,COLLEGE
Scott Vincent,"Blacksburg, Virginia",37.2286° N,80.4227° W,193.3318285,Scott VincentNot Likely,Not Likely,"Detroit, MI",42.4263°N,83.1262°W,COLLEGE
Jannik De Bruyn,N/A,,,,Jannik De BruynNot Likely,Not Likely,"Detroit, MI",42.4263°N,83.1262°W,COLLEGE
Danny Willett,N/A,,,,Danny WillettNot Likely,Not Likely,"Detroit, MI",42.4263°N,83.1262°W,COLLEGE
Nicolai Von Dellingshausen,N/A,,,,Nicolai Von DellingshausenNot Likely,Not Likely,"Detroit, MI",42.4263°N,83.1262°W,COLLEGE
Matthew Anderson,N/A,,,,Matthew AndersonNot Likely,Not Likely,"Detroit, MI",42.4263°N,83.1262°W,COLLEGE
Marc Leishman,N/A,,,,Marc LeishmanNot Likely,Not Likely,"Detroit, MI",42.4263°N,83.1262°W,COLLEGE
Niklas Lemke,N/A,,,,Niklas LemkeNot Likely,Not Likely,"Detroit, MI",42.4263°N,83.1262°W,COLLEGE
Joe Weiler,"West Lafayette, Indiana",40.4259° N,86.9081° W,119.8679099,Joe WeilerNot Likely,Not Likely,"Detroit, MI",42.4263°N,83.1262°W,COLLEGE
Tyson Alexander,"Gainesville, Florida",29.6516° N,82.3248° W,441.8895238,Tyson AlexanderNot Likely,Not Likely,"Detroit, MI",42.4263°N,83.1262°W,COLLEGE
Cameron Champ,"College Station, Texas",30.6192° N,96.3361° W,547.18245,Cameron ChampNot Likely,Not Likely,"Detroit, MI",42.4263°N,83.1262°W,COLLEGE
Kyung Nam Kang,N/A,,,,Kyung Nam KangNot Likely,Not Likely,"Detroit, MI",42.4263°N,83.1262°W,COLLEGE
Manuel Elvira,N/A,,,,Manuel ElviraNot Likely,Not Likely,"Detroit, MI",42.4263°N,83.1262°W,COLLEGE
Sam Jones,N/A,,,,Sam JonesNot Likely,Not Likely,"Detroit, MI",42.4263°N,83.1262°W,COLLEGE
Taichi Nabetani,N/A,,,,Taichi NabetaniNot Likely,Not Likely,"Detroit, MI",42.4263°N,83.1262°W,COLLEGE
Alvaro Ortiz,"Fayetteville, Arkansas",36.0626° N,94.1574° W,367.5104198,Alvaro OrtizNot Likely,Not Likely,"Detroit, MI",42.4263°N,83.1262°W,COLLEGE
Tomoyo Ikemura,N/A,,,,Tomoyo IkemuraNot Likely,Not Likely,"Detroit, MI",42.4263°N,83.1262°W,COLLEGE
Hong-taek Kim,N/A,,,,Hong-taek KimNot Likely,Not Likely,"Detroit, MI",42.4263°N,83.1262°W,COLLEGE
Jeong Woo Ham,N/A,,,,Jeong Woo HamNot Likely,Not Likely,"Detroit, MI",42.4263°N,83.1262°W,COLLEGE
Austin Hitt,"Chapel Hill, North Carolina",35.9132° N,79.0558° W,249.9475621,Austin HittNot Likely,Not Likely,"Detroit, MI",42.4263°N,83.1262°W,COLLEGE
Tatsunori Shogenji,N/A,,,,Tatsunori ShogenjiNot Likely,Not Likely,"Detroit, MI",42.4263°N,83.1262°W,COLLEGE
Jinichiro Kozuma,N/A,,,,Jinichiro KozumaNot Likely,Not Likely,"Detroit, MI",42.4263°N,83.1262°W,COLLEGE
Steve Lewton,N/A,,,,Steve LewtonNot Likely,Not Likely,"Detroit, MI",42.4263°N,83.1262°W,COLLEGE
Taihei Sato,N/A,,,,Taihei SatoNot Likely,Not Likely,"Detroit, MI",42.4263°N,83.1262°W,COLLEGE
Marco Penge,N/A,,,,Marco PengeNot Likely,Not Likely,"Detroit, MI",42.4263°N,83.1262°W,COLLEGE
Callum Shinkwin,N/A,,,,Callum ShinkwinNot Likely,Not Likely,"Detroit, MI",42.4263°N,83.1262°W,COLLEGE
Lukas Nemecz,N/A,,,,Lukas NemeczNot Likely,Not Likely,"Detroit, MI",42.4263°N,83.1262°W,COLLEGE
Darren Fichardt,N/A,,,,Darren FichardtNot Likely,Not Likely,"Detroit, MI",42.4263°N,83.1262°W,COLLEGE
Stuart Macdonald,"West Lafayette, Indiana",40.4259° N,86.9081° W,119.8679099,Stuart MacdonaldNot Likely,Not Likely,"Detroit, MI",42.4263°N,83.1262°W,COLLEGE
Callum Tarren,"Radford, Virginia",37.1324° N,80.5662° W,195.0831026,Callum TarrenNot Likely,Not Likely,"Detroit, MI",42.4263°N,83.1262°W,COLLEGE
Mike Hendry,N/A,,,,Mike HendryNot Likely,Not Likely,"Detroit, MI",42.4263°N,83.1262°W,COLLEGE
Nathan Kimsey,N/A,,,,Nathan KimseyNot Likely,Not Likely,"Detroit, MI",42.4263°N,83.1262°W,COLLEGE
Zihao Jin,N/A,,,,Zihao JinNot Likely,Not Likely,"Detroit, MI",42.4263°N,83.1262°W,COLLEGE
Trey Mullinax,"Tuscaloosa, Alabama",33.2098° N,87.5692° W,340.5742503,Trey MullinaxNot Likely,Not Likely,"Detroit, MI",42.4263°N,83.1262°W,COLLEGE
Keenan Davidse,N/A,,,,Keenan DavidseNot Likely,Not Likely,"Detroit, MI",42.4263°N,83.1262°W,COLLEGE
Alexander Levy,N/A,,,,Alexander LevyNot Likely,Not Likely,"Detroit, MI",42.4263°N,83.1262°W,COLLEGE
Abraham Ancer,"Norman, Oklahoma",35.1966° N,97.4458° W,458.3549788,Abraham AncerNot Likely,Not Likely,"Detroit, MI",42.4263°N,83.1262°W,COLLEGE
Rattanon Wannasrichan,N/A,,,,Rattanon WannasrichanNot Likely,Not Likely,"Detroit, MI",42.4263°N,83.1262°W,COLLEGE
José de Jesús Rodríguez,N/A,,,,José de Jesús RodríguezNot Likely,Not Likely,"Detroit, MI",42.4263°N,83.1262°W,COLLEGE
Jack Maguire,"Tallahassee, Florida",30.4383° N,84.2807° W,415.3793751,Jack MaguireNot Likely,Not Likely,"Detroit, MI",42.4263°N,83.1262°W,COLLEGE
Nick Voke,"Ames, Iowa",,,,Nick VokeNot Likely,Not Likely,"Detroit, MI",42.4263°N,83.1262°W,COLLEGE
Andreas Halvorsen,N/A,,,,Andreas HalvorsenNot Likely,Not Likely,"Detroit, MI",42.4263°N,83.1262°W,COLLEGE
Ryan Palmer,"College Station, Texas",30.6192° N,96.3361° W,547.18245,Ryan PalmerNot Likely,Not Likely,"Detroit, MI",42.4263°N,83.1262°W,COLLEGE
Ross Fisher,N/A,,,,Ross FisherNot Likely,Not Likely,"Detroit, MI",42.4263°N,83.1262°W,COLLEGE
Louis de Jager,N/A,,,,Louis de JagerNot Likely,Not Likely,"Detroit, MI",42.4263°N,83.1262°W,COLLEGE
Dylan Naidoo,N/A,,,,Dylan NaidooNot Likely,Not Likely,"Detroit, MI",42.4263°N,83.1262°W,COLLEGE
Veer Ahlawat,N/A,,,,Veer AhlawatNot Likely,Not Likely,"Detroit, MI",42.4263°N,83.1262°W,COLLEGE
Filippo Celli,N/A,,,,Filippo CelliNot Likely,Not Likely,"Detroit, MI",42.4263°N,83.1262°W,COLLEGE
Ben Schmidt,N/A,,,,Ben SchmidtNot Likely,Not Likely,"Detroit, MI",42.4263°N,83.1262°W,COLLEGE
Rick Lamb,"Knoxville, Tennessee",35.9606° N,83.9207° W,224.3782639,Rick LambNot Likely,Not Likely,"Detroit, MI",42.4263°N,83.1262°W,COLLEGE
Julien Sale,N/A,,,,Julien SaleNot Likely,Not Likely,"Detroit, MI",42.4263°N,83.1262°W,COLLEGE
Scott Stallings,"Cookeville, Tennessee",36.1628° N,85.5014° W,225.4839179,Scott StallingsNot Likely,Not Likely,"Detroit, MI",42.4263°N,83.1262°W,COLLEGE
Jens Fahrbring,N/A,,,,Jens FahrbringNot Likely,Not Likely,"Detroit, MI",42.4263°N,83.1262°W,COLLEGE
Mikiya Akutsu,N/A,,,,Mikiya AkutsuNot Likely,Not Likely,"Detroit, MI",42.4263°N,83.1262°W,COLLEGE
Julian Suri,"Durham, North Carolina",35.9940° N,78.8986° W,249.2871173,Julian SuriNot Likely,Not Likely,"Detroit, MI",42.4263°N,83.1262°W,COLLEGE
Yurav Premlall,N/A,,,,Yurav PremlallNot Likely,Not Likely,"Detroit, MI",42.4263°N,83.1262°W,COLLEGE
Zecheng Dou,N/A,,,,Zecheng DouNot Likely,Not Likely,"Detroit, MI",42.4263°N,83.1262°W,COLLEGE
Richy Werenski,"Atlanta, Georgia",33.7490° N,84.3880° W,301.72143,Richy WerenskiNot Likely,Not Likely,"Detroit, MI",42.4263°N,83.1262°W,COLLEGE
Thomas Walsh,"Charlottesville, Virginia",38.0339° N,78.5090° W,194.5003989,Thomas WalshNot Likely,Not Likely,"Detroit, MI",42.4263°N,83.1262°W,COLLEGE
Fabián Gómez,N/A,,,,Fabián GómezNot Likely,Not Likely,"Detroit, MI",42.4263°N,83.1262°W,COLLEGE
Galam Jeon,N/A,,,,Galam JeonNot Likely,Not Likely,"Detroit, MI",42.4263°N,83.1262°W,COLLEGE
Gunn Charoenkul,N/A,,,,Gunn CharoenkulNot Likely,Not Likely,"Detroit, MI",42.4263°N,83.1262°W,COLLEGE
Bjorn Akesson,N/A,,,,Bjorn AkessonNot Likely,Not Likely,"Detroit, MI",42.4263°N,83.1262°W,COLLEGE
Lee Dai-han,N/A,,,,Lee Dai-hanNot Likely,Not Likely,"Detroit, MI",42.4263°N,83.1262°W,COLLEGE
Denwit David Boriboonsub,N/A,,,,Denwit David BoriboonsubNot Likely,Not Likely,"Detroit, MI",42.4263°N,83.1262°W,COLLEGE
Taichi Kho,N/A,,,,Taichi KhoNot Likely,Not Likely,"Detroit, MI",42.4263°N,83.1262°W,COLLEGE
Shad Tuten,"Murfreesboro, Tennessee",35.8456° N,86.3903° W,243.5355531,Shad TutenNot Likely,Not Likely,"Detroit, MI",42.4263°N,83.1262°W,COLLEGE
Taiki Yoshida,N/A,,,,Taiki YoshidaNot Likely,Not Likely,"Detroit, MI",42.4263°N,83.1262°W,COLLEGE
Sergio Garcia,N/A,,,,Sergio GarciaNot Likely,Not Likely,"Detroit, MI",42.4263°N,83.1262°W,COLLEGE
Mikael Lindberg,N/A,,,,Mikael LindbergNot Likely,Not Likely,"Detroit, MI",42.4263°N,83.1262°W,COLLEGE
Jaewoong Eom,N/A,,,,Jaewoong EomNot Likely,Not Likely,"Detroit, MI",42.4263°N,83.1262°W,COLLEGE
Maverick Antcliff,N/A,,,,Maverick AntcliffNot Likely,Not Likely,"Detroit, MI",42.4263°N,83.1262°W,COLLEGE
Ian Snyman,N/A,,,,Ian SnymanNot Likely,Not Likely,"Detroit, MI",42.4263°N,83.1262°W,COLLEGE
Wade Ormsby,N/A,,,,Wade OrmsbyNot Likely,Not Likely,"Detroit, MI",42.4263°N,83.1262°W,COLLEGE
Sarit Suwannarut,N/A,,,,Sarit SuwannarutNot Likely,Not Likely,"Detroit, MI",42.4263°N,83.1262°W,COLLEGE
Roberto Díaz,N/A,,,,Roberto DíazNot Likely,Not Likely,"Detroit, MI",42.4263°N,83.1262°W,COLLEGE
Nick Gabrelcik,"Jacksonville, Florida",30.3322° N,81.6557° W,419.7930572,Nick GabrelcikNot Likely,Not Likely,"Detroit, MI",42.4263°N,83.1262°W,COLLEGE
Taehoon Ok,N/A,,,,Taehoon OkNot Likely,Not Likely,"Detroit, MI",42.4263°N,83.1262°W,COLLEGE
Poom Saksansin,N/A,,,,Poom SaksansinNot Likely,Not Likely,"Detroit, MI",42.4263°N,83.1262°W,COLLEGE
Mike Lorenzo-Vera,N/A,,,,Mike Lorenzo-VeraNot Likely,Not Likely,"Detroit, MI",42.4263°N,83.1262°W,COLLEGE
Rob Oppenheim,"Winter Park, Florida",28.6000° N,81.3392° W,480.2614817,Rob OppenheimNot Likely,Not Likely,"Detroit, MI",42.4263°N,83.1262°W,COLLEGE
John VanDerLaan,"Lakeland, Florida",28.0395° N,81.9498° W,498.1142457,John VanDerLaanNot Likely,Not Likely,"Detroit, MI",42.4263°N,83.1262°W,COLLEGE
,,,,,Not Likely,Not Likely,"Detroit, MI",42.4263°N,83.1262°W,COLLEGE
Will Cannon,"Austin, Texas",30.2672° N,97.7431° W,583.0323671,Will CannonNot Likely,Not Likely,"Detroit, MI",42.4263°N,83.1262°W,COLLEGE
Sandy Scott,"Lubbock, Texas",33.5779° N,101.8552° W,592.4917628,Sandy ScottNot Likely,Not Likely,"Detroit, MI",42.4263°N,83.1262°W,COLLEGE
Patrick Cover,"Chapel Hill, North Carolina",35.9132° N,79.0558° W,249.9475621,Patrick CoverNot Likely,Not Likely,"Detroit, MI",42.4263°N,83.1262°W,COLLEGE
Nick Bachem,N/A,,,,Nick BachemNot Likely,Not Likely,"Detroit, MI",42.4263°N,83.1262°W,COLLEGE
Wang Wei Lun,N/A,,,,Wang Wei LunNot Likely,Not Likely,"Detroit, MI",42.4263°N,83.1262°W,COLLEGE
Wilson Furr,"Tuscaloosa, Alabama",33.2098° N,87.5692° W,340.5742503,Wilson FurrNot Likely,Not Likely,"Detroit, MI",42.4263°N,83.1262°W,COLLEGE
Nicholas Lindheim,N/A,,,,Nicholas LindheimNot Likely,Not Likely,"Detroit, MI",42.4263°N,83.1262°W,COLLEGE
Jimmy Walker,"Waco, Texas",31.5493° N,97.1467° W,537.9593312,Jimmy WalkerNot Likely,Not Likely,"Detroit, MI",42.4263°N,83.1262°W,COLLEGE
Scott Piercy,"San Diego, California",32.7157° N,117.1611° W,982.6493117,Scott PiercyNot Likely,Not Likely,"Detroit, MI",42.4263°N,83.1262°W,COLLEGE
Frank Kennedy,N/A,,,,Frank KennedyNot Likely,Not Likely,"Detroit, MI",42.4263°N,83.1262°W,COLLEGE
Euan Walker,N/A,,,,Euan WalkerNot Likely,Not Likely,"Detroit, MI",42.4263°N,83.1262°W,COLLEGE
Matt Oshrine,"Baltimore, Maryland",,,,Matt OshrineNot Likely,Not Likely,"Detroit, MI",42.4263°N,83.1262°W,COLLEGE
Matthis Besard,N/A,,,,Matthis BesardNot Likely,Not Likely,"Detroit, MI",42.4263°N,83.1262°W,COLLEGE
Wenyi Ding,N/A,,,,Wenyi DingNot Likely,Not Likely,"Detroit, MI",42.4263°N,83.1262°W,COLLEGE
Wil Bateman,"San Diego, California",32.7157° N,117.1611° W,982.6493117,Wil BatemanNot Likely,Not Likely,"Detroit, MI",42.4263°N,83.1262°W,COLLEGE
Brandon Harkins,"Chico, California",39.7285° N,121.8375° W,1003.685701,Brandon HarkinsNot Likely,Not Likely,"Detroit, MI",42.4263°N,83.1262°W,COLLEGE
Branden Grace,N/A,,,,Branden GraceNot Likely,Not Likely,"Detroit, MI",42.4263°N,83.1262°W,COLLEGE
Hendrik Du Plessis,N/A,,,,Hendrik Du PlessisNot Likely,Not Likely,"Detroit, MI",42.4263°N,83.1262°W,COLLEGE
Hurly Long,N/A,,,,Hurly LongNot Likely,Not Likely,"Detroit, MI",42.4263°N,83.1262°W,COLLEGE
Rahil Gangjee,N/A,,,,Rahil GangjeeNot Likely,Not Likely,"Detroit, MI",42.4263°N,83.1262°W,COLLEGE
Christofer Blomstrand,N/A,,,,Christofer BlomstrandNot Likely,Not Likely,"Detroit, MI",42.4263°N,83.1262°W,COLLEGE
Tomoharu Otsuki,N/A,,,,Tomoharu OtsukiNot Likely,Not Likely,"Detroit, MI",42.4263°N,83.1262°W,COLLEGE
Tano Goya,N/A,,,,Tano GoyaNot Likely,Not Likely,"Detroit, MI",42.4263°N,83.1262°W,COLLEGE
Daan Huizing,N/A,,,,Daan HuizingNot Likely,Not Likely,"Detroit, MI",42.4263°N,83.1262°W,COLLEGE
Koshiro Maeda,N/A,,,,Koshiro MaedaNot Likely,Not Likely,"Detroit, MI",42.4263°N,83.1262°W,COLLEGE
Ryan Burnett,"Chapel Hill, North Carolina",35.9132° N,79.0558° W,249.9475621,Ryan BurnettNot Likely,Not Likely,"Detroit, MI",42.4263°N,83.1262°W,COLLEGE
T.J. Vogel,"Gainesville, Florida",29.6516° N,82.3248° W,441.8895238,T.J. VogelNot Likely,Not Likely,"Detroit, MI",42.4263°N,83.1262°W,COLLEGE
Tommy Gainey,"Sumter, South Carolina",33.9204° N,80.3417° W,303.3786034,Tommy GaineyNot Likely,Not Likely,"Detroit, MI",42.4263°N,83.1262°W,COLLEGE
Tanner Gore,"Tuscaloosa, Alabama",33.2098° N,87.5692° W,340.5742503,Tanner GoreNot Likely,Not Likely,"Detroit, MI",42.4263°N,83.1262°W,COLLEGE
Pierre Pineau,N/A,,,,Pierre PineauNot Likely,Not Likely,"Detroit, MI",42.4263°N,83.1262°W,COLLEGE
Matthias Schwab,"Nashville, Tennessee",36.1627° N,86.7816° W,237.3720848,Matthias SchwabNot Likely,Not Likely,"Detroit, MI",42.4263°N,83.1262°W,COLLEGE
Jonathan Goth-Rasmussen,N/A,,,,Jonathan Goth-RasmussenNot Likely,Not Likely,"Detroit, MI",42.4263°N,83.1262°W,COLLEGE
Étienne Papineau,N/A,,,,Étienne PapineauNot Likely,Not Likely,"Detroit, MI",42.4263°N,83.1262°W,COLLEGE
Jeffrey Kang,N/A,,,,Jeffrey KangNot Likely,Not Likely,"Detroit, MI",42.4263°N,83.1262°W,COLLEGE
Dan McCarthy,"Syracuse, New York",43.0481° N,76.1474° W,178.3244901,Dan McCarthyNot Likely,Not Likely,"Detroit, MI",42.4263°N,83.1262°W,COLLEGE
Dale Whitnell,N/A,,,,Dale WhitnellNot Likely,Not Likely,"Detroit, MI",42.4263°N,83.1262°W,COLLEGE
James Morrison,N/A,,,,James MorrisonNot Likely,Not Likely,"Detroit, MI",42.4263°N,83.1262°W,COLLEGE
Yusaku Hosono,N/A,,,,Yusaku HosonoNot Likely,Not Likely,"Detroit, MI",42.4263°N,83.1262°W,COLLEGE
Ian Holt,"Kent, Ohio",41.1523° N,81.3582° W,63.33030493,Ian HoltPossible,Possible,"Detroit, MI",42.4263°N,83.1262°W,COLLEGE
JC Ritchie,N/A,,,,JC RitchieNot Likely,Not Likely,"Detroit, MI",42.4263°N,83.1262°W,COLLEGE
Simon Forsström,N/A,,,,Simon ForsströmNot Likely,Not Likely,"Detroit, MI",42.4263°N,83.1262°W,COLLEGE
Masahiro Kawamura,N/A,,,,Masahiro KawamuraNot Likely,Not Likely,"Detroit, MI",42.4263°N,83.1262°W,COLLEGE
Matthew Riedel,N/A,,,,Matthew RiedelNot Likely,Not Likely,"Detroit, MI",42.4263°N,83.1262°W,COLLEGE
Ben Taylor,"Baton Rouge, Louisiana",30.4515° N,91.1871° W,469.9173256,Ben TaylorNot Likely,Not Likely,"Detroit, MI",42.4263°N,83.1262°W,COLLEGE
Adri Arnaus,"College Station, Texas",30.6192° N,96.3361° W,547.18245,Adri ArnausNot Likely,Not Likely,"Detroit, MI",42.4263°N,83.1262°W,COLLEGE
Austin Cook,"Fayetteville, Arkansas",36.0626° N,94.1574° W,367.5104198,Austin CookNot Likely,Not Likely,"Detroit, MI",42.4263°N,83.1262°W,COLLEGE
Felix Mory,N/A,,,,Felix MoryNot Likely,Not Likely,"Detroit, MI",42.4263°N,83.1262°W,COLLEGE
Jbe' Kruger,N/A,,,,Jbe' KrugerNot Likely,Not Likely,"Detroit, MI",42.4263°N,83.1262°W,COLLEGE
Jacques Blaauw,N/A,,,,Jacques BlaauwNot Likely,Not Likely,"Detroit, MI",42.4263°N,83.1262°W,COLLEGE
Hideto Tanihara,N/A,,,,Hideto TaniharaNot Likely,Not Likely,"Detroit, MI",42.4263°N,83.1262°W,COLLEGE
Chanwoo Kim,N/A,,,,Chanwoo KimNot Likely,Not Likely,"Detroit, MI",42.4263°N,83.1262°W,COLLEGE
Pieter Moolman,N/A,,,,Pieter MoolmanNot Likely,Not Likely,"Detroit, MI",42.4263°N,83.1262°W,COLLEGE
Benjamin Follett-Smith,N/A,,,,Benjamin Follett-SmithNot Likely,Not Likely,"Detroit, MI",42.4263°N,83.1262°W,COLLEGE
Nelson Ledesma,N/A,,,,Nelson LedesmaNot Likely,Not Likely,"Detroit, MI",42.4263°N,83.1262°W,COLLEGE
Daniel Young,N/A,,,,Daniel YoungNot Likely,Not Likely,"Detroit, MI",42.4263°N,83.1262°W,COLLEGE
Patrick Welch,"Norman, Oklahoma",35.1966° N,97.4458° W,458.3549788,Patrick WelchNot Likely,Not Likely,"Detroit, MI",42.4263°N,83.1262°W,COLLEGE
Bjorn Hellgren,N/A,,,,Bjorn HellgrenNot Likely,Not Likely,"Detroit, MI",42.4263°N,83.1262°W,COLLEGE
Sang-hee Lee,N/A,,,,Sang-hee LeeNot Likely,Not Likely,"Detroit, MI",42.4263°N,83.1262°W,COLLEGE
Brad Kennedy,N/A,,,,Brad KennedyNot Likely,Not Likely,"Detroit, MI",42.4263°N,83.1262°W,COLLEGE
Riki Kawamoto,N/A,,,,Riki KawamotoNot Likely,Not Likely,"Detroit, MI",42.4263°N,83.1262°W,COLLEGE
Yuwa Kosaihira,N/A,,,,Yuwa KosaihiraNot Likely,Not Likely,"Detroit, MI",42.4263°N,83.1262°W,COLLEGE
Joey Savoie,N/A,,,,Joey SavoieNot Likely,Not Likely,"Detroit, MI",42.4263°N,83.1262°W,COLLEGE
Oliver Wilson,N/A,,,,Oliver WilsonNot Likely,Not Likely,"Detroit, MI",42.4263°N,83.1262°W,COLLEGE
Garrick Porteous,N/A,,,,Garrick PorteousNot Likely,Not Likely,"Detroit, MI",42.4263°N,83.1262°W,COLLEGE
Martin Trainer,"Los Angeles, California",34.0522° N,118.2437° W,987.9094537,Martin TrainerNot Likely,Not Likely,"Detroit, MI",42.4263°N,83.1262°W,COLLEGE
Anthony Quayle,N/A,,,,Anthony QuayleNot Likely,Not Likely,"Detroit, MI",42.4263°N,83.1262°W,COLLEGE
Jovan Rebula,"Auburn, Alabama",32.6099° N,85.4808° W,345.1692758,Jovan RebulaNot Likely,Not Likely,"Detroit, MI",42.4263°N,83.1262°W,COLLEGE
Yuvraj Sandhu,N/A,,,,Yuvraj SandhuNot Likely,Not Likely,"Detroit, MI",42.4263°N,83.1262°W,COLLEGE
Paul Barjon,"Fort Worth, Texas",32.7555° N,97.3308° W,511.4035986,Paul BarjonNot Likely,Not Likely,"Detroit, MI",42.4263°N,83.1262°W,COLLEGE
Logan McAllister,"Norman, Oklahoma",35.1966° N,97.4458° W,458.3549788,Logan McAllisterNot Likely,Not Likely,"Detroit, MI",42.4263°N,83.1262°W,COLLEGE
Santiago Tarrio,N/A,,,,Santiago TarrioNot Likely,Not Likely,"Detroit, MI",42.4263°N,83.1262°W,COLLEGE
Cooper Dossey,"Waco, Texas",31.5493° N,97.1467° W,537.9593312,Cooper DosseyNot Likely,Not Likely,"Detroit, MI",42.4263°N,83.1262°W,COLLEGE
Kosuke Suzuki,N/A,,,,Kosuke SuzukiNot Likely,Not Likely,"Detroit, MI",42.4263°N,83.1262°W,COLLEGE
Shunya Takeyasu,N/A,,,,Shunya TakeyasuNot Likely,Not Likely,"Detroit, MI",42.4263°N,83.1262°W,COLLEGE
Cedric Gugler,N/A,,,,Cedric GuglerNot Likely,Not Likely,"Detroit, MI",42.4263°N,83.1262°W,COLLEGE
Ashun Wu,N/A,,,,Ashun WuNot Likely,Not Likely,"Detroit, MI",42.4263°N,83.1262°W,COLLEGE
Eun Shin Park,N/A,,,,Eun Shin ParkNot Likely,Not Likely,"Detroit, MI",42.4263°N,83.1262°W,COLLEGE
Martin Vorster,N/A,,,,Martin VorsterNot Likely,Not Likely,"Detroit, MI",42.4263°N,83.1262°W,COLLEGE
Chandler Blanchet,"Knoxville, Tennessee",35.9606° N,83.9207° W,224.3782639,Chandler BlanchetNot Likely,Not Likely,"Detroit, MI",42.4263°N,83.1262°W,COLLEGE
Soomin Lee,N/A,,,,Soomin LeeNot Likely,Not Likely,"Detroit, MI",42.4263°N,83.1262°W,COLLEGE
Ahmad Baig,N/A,,,,Ahmad BaigNot Likely,Not Likely,"Detroit, MI",42.4263°N,83.1262°W,COLLEGE
Cho Min-jun,N/A,,,,Cho Min-junNot Likely,Not Likely,"Detroit, MI",42.4263°N,83.1262°W,COLLEGE
David Kocher,"College Park, Maryland",38.9897° N,76.9378° W,200.8073565,David KocherNot Likely,Not Likely,"Detroit, MI",42.4263°N,83.1262°W,COLLEGE
Dustin Johnson,"Conway, South Carolina",33.8360° N,79.0478° W,316.6822493,Dustin JohnsonNot Likely,Not Likely,"Detroit, MI",42.4263°N,83.1262°W,COLLEGE
Michael Johnson,"Auburn, Alabama",32.6099° N,85.4808° W,345.1692758,Michael JohnsonNot Likely,Not Likely,"Detroit, MI",42.4263°N,83.1262°W,COLLEGE
Justin Walters,"Raleigh, North Carolina",35.7796° N,78.6382° W,259.1376517,Justin WaltersNot Likely,Not Likely,"Detroit, MI",42.4263°N,83.1262°W,COLLEGE
Sam Hutsby,N/A,,,,Sam HutsbyNot Likely,Not Likely,"Detroit, MI",42.4263°N,83.1262°W,COLLEGE
Lloyd Jefferson Go,N/A,,,,Lloyd Jefferson GoNot Likely,Not Likely,"Detroit, MI",42.4263°N,83.1262°W,COLLEGE
David Horsey,N/A,,,,David HorseyNot Likely,Not Likely,"Detroit, MI",42.4263°N,83.1262°W,COLLEGE
Rafa Cabrera Bello,N/A,,,,Rafa Cabrera BelloNot Likely,Not Likely,"Detroit, MI",42.4263°N,83.1262°W,COLLEGE
Jean Hugo,N/A,,,,Jean HugoNot Likely,Not Likely,"Detroit, MI",42.4263°N,83.1262°W,COLLEGE
William McGirt,"Spartanburg, South Carolina",34.9496° N,81.9320° W,260.2892927,William McGirtNot Likely,Not Likely,"Detroit, MI",42.4263°N,83.1262°W,COLLEGE
Runchanapong Youprayong,N/A,,,,Runchanapong YouprayongNot Likely,Not Likely,"Detroit, MI",42.4263°N,83.1262°W,COLLEGE
,,,,,Not Likely,Not Likely,"Detroit, MI",42.4263°N,83.1262°W,COLLEGE
Hunter Epson,N/A,,,,Hunter EpsonNot Likely,Not Likely,"Detroit, MI",42.4263°N,83.1262°W,COLLEGE
James Nicholas,"New Haven, Connecticut",,,,James NicholasNot Likely,Not Likely,"Detroit, MI",42.4263°N,83.1262°W,COLLEGE
Paul Haley II,"Atlanta, Georgia",33.7490° N,84.3880° W,301.72143,Paul Haley IINot Likely,Not Likely,"Detroit, MI",42.4263°N,83.1262°W,COLLEGE
Tom Lewis,N/A,,,,Tom LewisNot Likely,Not Likely,"Detroit, MI",42.4263°N,83.1262°W,COLLEGE
Bryce Garnett,"Tallahassee, Florida",30.4383° N,84.2807° W,415.3793751,Bryce GarnettNot Likely,Not Likely,"Detroit, MI",42.4263°N,83.1262°W,COLLEGE
A.J. McInerney,"Las Vegas, Nevada",36.1699° N,115.1398° W,877.0873629,A.J. McInerneyNot Likely,Not Likely,"Detroit, MI",42.4263°N,83.1262°W,COLLEGE
Sebastián Muñoz,"Denton, Texas",33.2148° N,97.1331° W,496.2092876,Sebastián MuñozNot Likely,Not Likely,"Detroit, MI",42.4263°N,83.1262°W,COLLEGE
Ryan Lumsden,"Evanston, Illinois",42.0565° N,87.6753° W,117.0319153,Ryan LumsdenNot Likely,Not Likely,"Detroit, MI",42.4263°N,83.1262°W,COLLEGE
Manuel Relancio Menendez,N/A,,,,Manuel Relancio MenendezNot Likely,Not Likely,"Detroit, MI",42.4263°N,83.1262°W,COLLEGE
Evan Harmeling,"Princeton, New Jersey",40.3573° N,74.6672° W,230.4724801,Evan HarmelingNot Likely,Not Likely,"Detroit, MI",42.4263°N,83.1262°W,COLLEGE
David Lingmerth,"Fayetteville, Arkansas",36.0626° N,94.1574° W,367.5104198,David LingmerthNot Likely,Not Likely,"Detroit, MI",42.4263°N,83.1262°W,COLLEGE
Soren Kjeldsen,N/A,,,,Soren KjeldsenNot Likely,Not Likely,"Detroit, MI",42.4263°N,83.1262°W,COLLEGE
Evan Katz,"Durham, North Carolina",35.9940° N,78.8986° W,249.2871173,Evan KatzNot Likely,Not Likely,"Detroit, MI",42.4263°N,83.1262°W,COLLEGE
D.J. Trahan,"Clemson, South Carolina",34.6786° N,82.8385° W,267.7724948,D.J. TrahanNot Likely,Not Likely,"Detroit, MI",42.4263°N,83.1262°W,COLLEGE
Tom Murray,N/A,,,,Tom MurrayNot Likely,Not Likely,"Detroit, MI",42.4263°N,83.1262°W,COLLEGE
Michael Kim,"Berkeley, California",37.8719° N,122.2585° W,1035.951455,Michael KimNot Likely,Not Likely,"Detroit, MI",42.4263°N,83.1262°W,COLLEGE
David Bradshaw,N/A,,,,David BradshawNot Likely,Not Likely,"Detroit, MI",42.4263°N,83.1262°W,COLLEGE
Tom Sloman,N/A,,,,Tom SlomanNot Likely,Not Likely,"Detroit, MI",42.4263°N,83.1262°W,COLLEGE
Evan Grenus,N/A,,,,Evan GrenusNot Likely,Not Likely,"Detroit, MI",42.4263°N,83.1262°W,COLLEGE
Kornkamol Sukareekul,N/A,,,,Kornkamol SukareekulNot Likely,Not Likely,"Detroit, MI",42.4263°N,83.1262°W,COLLEGE
Aaron Wise,"Eugene, Oregon",44.0459° N,123.0746° W,997.1231233,Aaron WiseNot Likely,Not Likely,"Detroit, MI",42.4263°N,83.1262°W,COLLEGE
Arjun Atwal,N/A,,,,Arjun AtwalNot Likely,Not Likely,"Detroit, MI",42.4263°N,83.1262°W,COLLEGE
Morgan Hoffmann,"Stillwater, Oklahoma",36.1230° N,97.0583° W,430.7549232,Morgan HoffmannNot Likely,Not Likely,"Detroit, MI",42.4263°N,83.1262°W,COLLEGE
Scott Brown,"Aiken, South Carolina",33.5604° N,81.7196° W,308.6620011,Scott BrownNot Likely,Not Likely,"Detroit, MI",42.4263°N,83.1262°W,COLLEGE
Matt Sharpstene,"Chapel Hill, North Carolina",35.9132° N,79.0558° W,249.9475621,Matt SharpsteneNot Likely,Not Likely,"Detroit, MI",42.4263°N,83.1262°W,COLLEGE
Ricardo Celia,"Fort Lauderdale, Florida",26.1224° N,80.1373° W,569.5739032,Ricardo CeliaNot Likely,Not Likely,"Detroit, MI",42.4263°N,83.1262°W,COLLEGE
Daniel Gale,N/A,,,,Daniel GaleNot Likely,Not Likely,"Detroit, MI",42.4263°N,83.1262°W,COLLEGE
Jako Van Zyl,N/A,,,,Jako Van ZylNot Likely,Not Likely,"Detroit, MI",42.4263°N,83.1262°W,COLLEGE
Yoshitsugu Yuki,N/A,,,,Yoshitsugu YukiNot Likely,Not Likely,"Detroit, MI",42.4263°N,83.1262°W,COLLEGE
Sangmoon Bae,N/A,,,,Sangmoon BaeNot Likely,Not Likely,"Detroit, MI",42.4263°N,83.1262°W,COLLEGE
Drew Nesbitt,N/A,,,,Drew NesbittNot Likely,Not Likely,"Detroit, MI",42.4263°N,83.1262°W,COLLEGE
Nathan Petronzio,"Cleveland, Ohio",,,,Nathan PetronzioNot Likely,Not Likely,"Detroit, MI",42.4263°N,83.1262°W,COLLEGE
Torey Edwards,N/A,,,,Torey EdwardsNot Likely,Not Likely,"Detroit, MI",42.4263°N,83.1262°W,COLLEGE
Ryan Sullivan,"Chapel Hill, North Carolina",35.9132° N,79.0558° W,249.9475621,Ryan SullivanNot Likely,Not Likely,"Detroit, MI",42.4263°N,83.1262°W,COLLEGE
Alejandro Cañizares,"Tempe, Arizona",33.4255° N,111.9400° W,839.4496643,Alejandro CañizaresNot Likely,Not Likely,"Detroit, MI",42.4263°N,83.1262°W,COLLEGE
Marc Warren,N/A,,,,Marc WarrenNot Likely,Not Likely,"Detroit, MI",42.4263°N,83.1262°W,COLLEGE
Michael Block,"St. Louis, Missouri",38.6270° N,90.1994° W,227.3045033,Michael BlockNot Likely,Not Likely,"Detroit, MI",42.4263°N,83.1262°W,COLLEGE
Tjaart van der Walt,N/A,,,,Tjaart van der WaltNot Likely,Not Likely,"Detroit, MI",42.4263°N,83.1262°W,COLLEGE
Myles Lewis,N/A,,,,Myles LewisNot Likely,Not Likely,"Detroit, MI",42.4263°N,83.1262°W,COLLEGE
Thomas Longbella,"Minneapolis, Minnesota",44.9778° N,93.2650° W,267.902179,Thomas LongbellaNot Likely,Not Likely,"Detroit, MI",42.4263°N,83.1262°W,COLLEGE
Chris Baker,"Ames, Iowa",,,,Chris BakerNot Likely,Not Likely,"Detroit, MI",42.4263°N,83.1262°W,COLLEGE
Ryan Brehm,"East Lansing, Michigan",42.7370° N,84.4824° W,36.12907942,Ryan BrehmLikely,Likely,"Detroit, MI",42.4263°N,83.1262°W,COLLEGE
Mitch Sutton,N/A,,,,Mitch SuttonNot Likely,Not Likely,"Detroit, MI",42.4263°N,83.1262°W,COLLEGE
Jack Wall,N/A,,,,Jack WallNot Likely,Not Likely,"Detroit, MI",42.4263°N,83.1262°W,COLLEGE
Martin Simonsen,N/A,,,,Martin SimonsenNot Likely,Not Likely,"Detroit, MI",42.4263°N,83.1262°W,COLLEGE
Aaron Cockerill,N/A,,,,Aaron CockerillNot Likely,Not Likely,"Detroit, MI",42.4263°N,83.1262°W,COLLEGE
Ben Carr,"Statesboro, Georgia",,,,Ben CarrNot Likely,Not Likely,"Detroit, MI",42.4263°N,83.1262°W,COLLEGE
Josh Hill,N/A,,,,Josh HillNot Likely,Not Likely,"Detroit, MI",42.4263°N,83.1262°W,COLLEGE
M.J. Daffue,"Beaumont, Texas",,,,M.J. DaffueNot Likely,Not Likely,"Detroit, MI",42.4263°N,83.1262°W,COLLEGE
Evan Russell,N/A,,,,Evan RussellNot Likely,Not Likely,"Detroit, MI",42.4263°N,83.1262°W,COLLEGE
David Hearn,"Laramie, Wyoming",,,,David HearnNot Likely,Not Likely,"Detroit, MI",42.4263°N,83.1262°W,COLLEGE
Matt Every,"Gainesville, Florida",29.6516° N,82.3248° W,441.8895238,Matt EveryNot Likely,Not Likely,"Detroit, MI",42.4263°N,83.1262°W,COLLEGE
Matt Short,N/A,,,,Matt ShortNot Likely,Not Likely,"Detroit, MI",42.4263°N,83.1262°W,COLLEGE
Jack Trent,"Las Vegas, Nevada",36.1699° N,115.1398° W,877.0873629,Jack TrentNot Likely,Not Likely,"Detroit, MI",42.4263°N,83.1262°W,COLLEGE
Steven Alker,N/A,,,,Steven AlkerNot Likely,Not Likely,"Detroit, MI",42.4263°N,83.1262°W,COLLEGE
Dawie van der Walt,"Beaumont, Texas",,,,Dawie van der WaltNot Likely,Not Likely,"Detroit, MI",42.4263°N,83.1262°W,COLLEGE
Jarryd Felton,N/A,,,,Jarryd FeltonNot Likely,Not Likely,"Detroit, MI",42.4263°N,83.1262°W,COLLEGE
Thomas Power Horan,N/A,,,,Thomas Power HoranNot Likely,Not Likely,"Detroit, MI",42.4263°N,83.1262°W,COLLEGE
Michael Brennan,"Winston-Salem, North Carolina",36.0999° N,80.2442° W,231.7145804,Michael BrennanNot Likely,Not Likely,"Detroit, MI",42.4263°N,83.1262°W,COLLEGE
Chase Hanna,"Lawrence, Kansas",,,,Chase HannaNot Likely,Not Likely,"Detroit, MI",42.4263°N,83.1262°W,COLLEGE
Matt Saulez,N/A,,,,Matt SaulezNot Likely,Not Likely,"Detroit, MI",42.4263°N,83.1262°W,COLLEGE
Ashton Turner,N/A,,,,Ashton TurnerNot Likely,Not Likely,"Detroit, MI",42.4263°N,83.1262°W,COLLEGE
David Nyfjäll,"Evanston, Illinois",42.0565° N,87.6753° W,117.0319153,David NyfjällNot Likely,Not Likely,"Detroit, MI",42.4263°N,83.1262°W,COLLEGE
Cameron Percy,N/A,,,,Cameron PercyNot Likely,Not Likely,"Detroit, MI",42.4263°N,83.1262°W,COLLEGE
Ben Eccles,N/A,,,,Ben EcclesNot Likely,Not Likely,"Detroit, MI",42.4263°N,83.1262°W,COLLEGE
Blair Hamilton,N/A,,,,Blair HamiltonNot Likely,Not Likely,"Detroit, MI",42.4263°N,83.1262°W,COLLEGE
James Allenby,N/A,,,,James AllenbyNot Likely,Not Likely,"Detroit, MI",42.4263°N,83.1262°W,COLLEGE
Rhein Gibson,"Edmond, Oklahoma",35.6528° N,97.4781° W,449.7131585,Rhein GibsonNot Likely,Not Likely,"Detroit, MI",42.4263°N,83.1262°W,COLLEGE
George Bryan IV,"Columbia, South Carolina",34.0007° N,81.0348° W,296.5354676,George Bryan IVNot Likely,Not Likely,"Detroit, MI",42.4263°N,83.1262°W,COLLEGE
Jack Singh Brar,N/A,,,,Jack Singh BrarNot Likely,Not Likely,"Detroit, MI",42.4263°N,83.1262°W,COLLEGE
Matt Ryan,N/A,,,,Matt RyanNot Likely,Not Likely,"Detroit, MI",42.4263°N,83.1262°W,COLLEGE
Trevor Sluman,"Louisville, Kentucky",38.2527° N,85.7585° W,159.9593139,Trevor SlumanNot Likely,Not Likely,"Detroit, MI",42.4263°N,83.1262°W,COLLEGE
,,,,,Not Likely,Not Likely,"Detroit, MI",42.4263°N,83.1262°W,COLLEGE
Oihan Guillamoundeguy,N/A,,,,Oihan GuillamoundeguyNot Likely,Not Likely,"Detroit, MI",42.4263°N,83.1262°W,COLLEGE
Victor Dubuisson,N/A,,,,Victor DubuissonNot Likely,Not Likely,"Detroit, MI",42.4263°N,83.1262°W,COLLEGE
Tom Vaillant,N/A,,,,Tom VaillantNot Likely,Not Likely,"Detroit, MI",42.4263°N,83.1262°W,COLLEGE
Ollie Osborne,"Dallas, Texas",32.7767° N,96.7970° W,499.9730235,Ollie OsborneNot Likely,Not Likely,"Detroit, MI",42.4263°N,83.1262°W,COLLEGE
Laurie Owen,N/A,,,,Laurie OwenNot Likely,Not Likely,"Detroit, MI",42.4263°N,83.1262°W,COLLEGE
Manuel Quiros,N/A,,,,Manuel QuirosNot Likely,Not Likely,"Detroit, MI",42.4263°N,83.1262°W,COLLEGE
Chris Williams,"Seattle, Washington",47.6062° N,122.3321° W,963.3814057,Chris WilliamsNot Likely,Not Likely,"Detroit, MI",42.4263°N,83.1262°W,COLLEGE
Tyler Strafaci,"Atlanta, Georgia",33.7490° N,84.3880° W,301.72143,Tyler StrafaciNot Likely,Not Likely,"Detroit, MI",42.4263°N,83.1262°W,COLLEGE
David Howell,N/A,,,,David HowellNot Likely,Not Likely,"Detroit, MI",42.4263°N,83.1262°W,COLLEGE
Tom McGee,N/A,,,,Tom McGeeNot Likely,Not Likely,"Detroit, MI",42.4263°N,83.1262°W,COLLEGE
David Cooke,N/A,,,,David CookeNot Likely,Not Likely,"Detroit, MI",42.4263°N,83.1262°W,COLLEGE
Ben Campbell,N/A,,,,Ben CampbellNot Likely,Not Likely,"Detroit, MI",42.4263°N,83.1262°W,COLLEGE
Michael Gligic,N/A,,,,Michael GligicNot Likely,Not Likely,"Detroit, MI",42.4263°N,83.1262°W,COLLEGE
Drew Weaver,"Blacksburg, Virginia",37.2286° N,80.4227° W,193.3318285,Drew WeaverNot Likely,Not Likely,"Detroit, MI",42.4263°N,83.1262°W,COLLEGE
James Hahn,"Berkeley, California",37.8719° N,122.2585° W,1035.951455,James HahnNot Likely,Not Likely,"Detroit, MI",42.4263°N,83.1262°W,COLLEGE
Lee Soo-min,N/A,,,,Lee Soo-minNot Likely,Not Likely,"Detroit, MI",42.4263°N,83.1262°W,COLLEGE
Ross Munro,N/A,,,,Ross MunroNot Likely,Not Likely,"Detroit, MI",42.4263°N,83.1262°W,COLLEGE
Hunter Stewart,"Nashville, Tennessee",36.1627° N,86.7816° W,237.3720848,Hunter StewartNot Likely,Not Likely,"Detroit, MI",42.4263°N,83.1262°W,COLLEGE
Chase Parker,N/A,,,,Chase ParkerNot Likely,Not Likely,"Detroit, MI",42.4263°N,83.1262°W,COLLEGE
Matt Hill,"Raleigh, North Carolina",35.7796° N,78.6382° W,259.1376517,Matt HillNot Likely,Not Likely,"Detroit, MI",42.4263°N,83.1262°W,COLLEGE
Hugo Leon,N/A,,,,Hugo LeonNot Likely,Not Likely,"Detroit, MI",42.4263°N,83.1262°W,COLLEGE
Grayson Murray,"Greenville, North Carolina",,,,Grayson MurrayNot Likely,Not Likely,"Detroit, MI",42.4263°N,83.1262°W,COLLEGE
Mike Weir,"Provo, Utah",40.2483° N,111.6492° W,740.1717491,Mike WeirNot Likely,Not Likely,"Detroit, MI",42.4263°N,83.1262°W,COLLEGE
Chris Crisologo,"Burnaby, British Columbia",49.2277° N,122.9690° W,975.358082,Chris CrisologoNot Likely,Not Likely,"Detroit, MI",42.4263°N,83.1262°W,COLLEGE
Evan White,N/A,,,,Evan WhiteNot Likely,Not Likely,"Detroit, MI",42.4263°N,83.1262°W,COLLEGE
Jesper Sandborg,N/A,,,,Jesper SandborgNot Likely,Not Likely,"Detroit, MI",42.4263°N,83.1262°W,COLLEGE
Ben Lorenz,"Norman, Oklahoma",35.1966° N,97.4458° W,458.3549788,Ben LorenzNot Likely,Not Likely,"Detroit, MI",42.4263°N,83.1262°W,COLLEGE
Charlie Danielson,"Urbana-Champaign, Illinois",40.1097° N,88.2272° W,154.7149879,Charlie DanielsonNot Likely,Not Likely,"Detroit, MI",42.4263°N,83.1262°W,COLLEGE
David Pastore,N/A,,,,David PastoreNot Likely,Not Likely,"Detroit, MI",42.4263°N,83.1262°W,COLLEGE
Lee Detmer,N/A,,,,Lee DetmerNot Likely,Not Likely,"Detroit, MI",42.4263°N,83.1262°W,COLLEGE
Michael Sweeney,N/A,,,,Michael SweeneyNot Likely,Not Likely,"Detroit, MI",42.4263°N,83.1262°W,COLLEGE
Corey Pereira,"Seattle, Washington",47.6062° N,122.3321° W,963.3814057,Corey PereiraNot Likely,Not Likely,"Detroit, MI",42.4263°N,83.1262°W,COLLEGE
John Augenstein,"Nashville, Tennessee",36.1627° N,86.7816° W,237.3720848,John AugensteinNot Likely,Not Likely,"Detroit, MI",42.4263°N,83.1262°W,COLLEGE
Taylor Funk,"Austin, Texas",30.2672° N,97.7431° W,583.0323671,Taylor FunkNot Likely,Not Likely,"Detroit, MI",42.4263°N,83.1262°W,COLLEGE
Mark Baldwin,N/A,,,,Mark BaldwinNot Likely,Not Likely,"Detroit, MI",42.4263°N,83.1262°W,COLLEGE
Evan Holmes,N/A,,,,Evan HolmesNot Likely,Not Likely,"Detroit, MI",42.4263°N,83.1262°W,COLLEGE
Chris Korte,N/A,,,,Chris KorteNot Likely,Not Likely,"Detroit, MI",42.4263°N,83.1262°W,COLLEGE
Sebastian Szirmak,N/A,,,,Sebastian SzirmakNot Likely,Not Likely,"Detroit, MI",42.4263°N,83.1262°W,COLLEGE
Ryan Yip,"Kent, Ohio",41.1523° N,81.3582° W,63.33030493,Ryan YipPossible,Possible,"Detroit, MI",42.4263°N,83.1262°W,COLLEGE
Dominic Bozzelli,"Auburn, Alabama",32.6099° N,85.4808° W,345.1692758,Dominic BozzelliNot Likely,Not Likely,"Detroit, MI",42.4263°N,83.1262°W,COLLEGE
Taylor Pendrith,"Kent, Ohio",41.1523° N,81.3582° W,63.33030493,Taylor PendrithPossible,Possible,"Detroit, MI",42.4263°N,83.1262°W,COLLEGE
Dylan Meyer,"Urbana-Champaign, Illinois",40.1097° N,88.2272° W,154.7149879,Dylan MeyerNot Likely,Not Likely,"Detroit, MI",42.4263°N,83.1262°W,COLLEGE
Mike Ballo Jr.,N/A,,,,Mike Ballo Jr.Not Likely,Not Likely,"Detroit, MI",42.4263°N,83.1262°W,COLLEGE
Brady Schnell,"Lincoln, Nebraska",40.8136° N,96.7026° W,354.6291135,Brady SchnellNot Likely,Not Likely,"Detroit, MI",42.4263°N,83.1262°W,COLLEGE
Ryan Hall,"Columbia, South Carolina",34.0007° N,81.0348° W,296.5354676,Ryan HallNot Likely,Not Likely,"Detroit, MI",42.4263°N,83.1262°W,COLLEGE
Tyler McCumber,"Gainesville, Florida",29.6516° N,82.3248° W,441.8895238,Tyler McCumberNot Likely,Not Likely,"Detroit, MI",42.4263°N,83.1262°W,COLLEGE
Chris Naegel,"Starkville, Mississippi",33.4504° N,88.8184° W,346.5012596,Chris NaegelNot Likely,Not Likely,"Detroit, MI",42.4263°N,83.1262°W,COLLEGE
Brent Grant,N/A,,,,Brent GrantNot Likely,Not Likely,"Detroit, MI",42.4263°N,83.1262°W,COLLEGE
Brian Stuard,"Rochester, Michigan",42.6806° N,83.1338° W,8.787442859,Brian StuardExtremely Likely,Extremely Likely,"Detroit, MI",42.4263°N,83.1262°W,COLLEGE
Michael Sims,N/A,,,,Michael SimsNot Likely,Not Likely,"Detroit, MI",42.4263°N,83.1262°W,COLLEGE
Aaron Beverly,N/A,,,,Aaron BeverlyNot Likely,Not Likely,"Detroit, MI",42.4263°N,83.1262°W,COLLEGE
Matt Marshall,N/A,,,,Matt MarshallNot Likely,Not Likely,"Detroit, MI",42.4263°N,83.1262°W,COLLEGE
Brett Drewitt,N/A,,,,Brett DrewittNot Likely,Not Likely,"Detroit, MI",42.4263°N,83.1262°W,COLLEGE
Johnny Ruiz,N/A,,,,Johnny RuizNot Likely,Not Likely,"Detroit, MI",42.4263°N,83.1262°W,COLLEGE
Anders Albertson,"Atlanta, Georgia",33.7490° N,84.3880° W,301.72143,Anders AlbertsonNot Likely,Not Likely,"Detroit, MI",42.4263°N,83.1262°W,COLLEGE
Danielle Kang,"Malibu, California",34.0250° N,118.7795° W,1001.952615,Danielle KangNot Likely,Not Likely,"Detroit, MI",42.4263°N,83.1262°W,COLLEGE
Evan Bowser,N/A,,,,Evan BowserNot Likely,Not Likely,"Detroit, MI",42.4263°N,83.1262°W,COLLEGE
Zac Oakley,N/A,,,,Zac OakleyNot Likely,Not Likely,"Detroit, MI",42.4263°N,83.1262°W,COLLEGE
Tim Wilkinson,N/A,,,,Tim WilkinsonNot Likely,Not Likely,"Detroit, MI",42.4263°N,83.1262°W,COLLEGE
Charlie Reiter,"San Diego, California",32.7157° N,117.1611° W,982.6493117,Charlie ReiterNot Likely,Not Likely,"Detroit, MI",42.4263°N,83.1262°W,COLLEGE
Andrew Kozan,"Auburn, Alabama",32.6099° N,85.4808° W,345.1692758,Andrew KozanNot Likely,Not Likely,"Detroit, MI",42.4263°N,83.1262°W,COLLEGE
Matt Parziale,N/A,,,,Matt ParzialeNot Likely,Not Likely,"Detroit, MI",42.4263°N,83.1262°W,COLLEGE
Mark Anguiano,N/A,,,,Mark AnguianoNot Likely,Not Likely,"Detroit, MI",42.4263°N,83.1262°W,COLLEGE
Taylor Montgomery,"Las Vegas, Nevada",36.1699° N,115.1398° W,877.0873629,Taylor MontgomeryNot Likely,Not Likely,"Detroit, MI",42.4263°N,83.1262°W,COLLEGE
,,,,,Not Likely,Not Likely,"Detroit, MI",42.4263°N,83.1262°W,COLLEGE
Evan Brown,N/A,,,,Evan BrownNot Likely,Not Likely,"Detroit, MI",42.4263°N,83.1262°W,COLLEGE
Ben Silverman,"Boca Raton, Florida",,,,Ben SilvermanNot Likely,Not Likely,"Detroit, MI",42.4263°N,83.1262°W,COLLEGE
Michael Feagles,"Urbana-Champaign, Illinois",40.1097° N,88.2272° W,154.7149879,Michael FeaglesNot Likely,Not Likely,"Detroit, MI",42.4263°N,83.1262°W,COLLEGE
Jack Munro,N/A,,,,Jack MunroNot Likely,Not Likely,"Detroit, MI",42.4263°N,83.1262°W,COLLEGE
Josh Whalen,N/A,,,,Josh WhalenNot Likely,Not Likely,"Detroit, MI",42.4263°N,83.1262°W,COLLEGE
Hugo Bernard,N/A,,,,Hugo BernardNot Likely,Not Likely,"Detroit, MI",42.4263°N,83.1262°W,COLLEGE
Etienne Brault,N/A,,,,Etienne BraultNot Likely,Not Likely,"Detroit, MI",42.4263°N,83.1262°W,COLLEGE
Robbie Greenwell,N/A,,,,Robbie GreenwellNot Likely,Not Likely,"Detroit, MI",42.4263°N,83.1262°W,COLLEGE
Luke Schniederjans,"Atlanta, Georgia",33.7490° N,84.3880° W,301.72143,Luke SchniederjansNot Likely,Not Likely,"Detroit, MI",42.4263°N,83.1262°W,COLLEGE
Pep Angles,N/A,,,,Pep AnglesNot Likely,Not Likely,"Detroit, MI",42.4263°N,83.1262°W,COLLEGE
Braden Bailey,"Waco, Texas",31.5493° N,97.1467° W,537.9593312,Braden BaileyNot Likely,Not Likely,"Detroit, MI",42.4263°N,83.1262°W,COLLEGE
Chris Crawford,N/A,,,,Chris CrawfordNot Likely,Not Likely,"Detroit, MI",42.4263°N,83.1262°W,COLLEGE
Jonathan Keppler,N/A,,,,Jonathan KepplerNot Likely,Not Likely,"Detroit, MI",42.4263°N,83.1262°W,COLLEGE
P.J. Maybank,N/A,,,,P.J. MaybankNot Likely,Not Likely,"Detroit, MI",42.4263°N,83.1262°W,COLLEGE
Martin Piller,"College Station, Texas",30.6192° N,96.3361° W,547.18245,Martin PillerNot Likely,Not Likely,"Detroit, MI",42.4263°N,83.1262°W,COLLEGE
James Piot,"East Lansing, Michigan",42.7370° N,84.4824° W,36.12907942,James PiotLikely,Likely,"Detroit, MI",42.4263°N,83.1262°W,COLLEGE
Scott Stevens,N/A,,,,Scott StevensNot Likely,Not Likely,"Detroit, MI",42.4263°N,83.1262°W,COLLEGE
John Pak,"Tallahassee, Florida",30.4383° N,84.2807° W,415.3793751,John PakNot Likely,Not Likely,"Detroit, MI",42.4263°N,83.1262°W,COLLEGE
Ryan Davis,N/A,,,,Ryan DavisNot Likely,Not Likely,"Detroit, MI",42.4263°N,83.1262°W,COLLEGE
Ryan Elmore,N/A,,,,Ryan ElmoreNot Likely,Not Likely,"Detroit, MI",42.4263°N,83.1262°W,COLLEGE
Taylor Funk,"Austin, Texas",30.2672° N,97.7431° W,583.0323671,Taylor FunkNot Likely,Not Likely,"Detroit, MI",42.4263°N,83.1262°W,COLLEGE
Albin Choi,"Raleigh, North Carolina",35.7796° N,78.6382° W,259.1376517,Albin ChoiNot Likely,Not Likely,"Detroit, MI",42.4263°N,83.1262°W,COLLEGE
Trevor Simsby,N/A,,,,Trevor SimsbyNot Likely,Not Likely,"Detroit, MI",42.4263°N,83.1262°W,COLLEGE
Derek Barron,N/A,,,,Derek BarronNot Likely,Not Likely,"Detroit, MI",42.4263°N,83.1262°W,COLLEGE
Brendan Leonard,N/A,,,,Brendan LeonardNot Likely,Not Likely,"Detroit, MI",42.4263°N,83.1262°W,COLLEGE
Mark Hubbard,"San Jose, California",37.3382° N,121.8863° W,1033.285205,Mark HubbardNot Likely,Not Likely,"Detroit, MI",42.4263°N,83.1262°W,COLLEGE
Will Thomson,N/A,,,,Will ThomsonNot Likely,Not Likely,"Detroit, MI",42.4263°N,83.1262°W,COLLEGE
Brad Miller,N/A,,,,Brad MillerNot Likely,Not Likely,"Detroit, MI",42.4263°N,83.1262°W,COLLEGE
Jake Scott,N/A,,,,Jake ScottNot Likely,Not Likely,"Detroit, MI",42.4263°N,83.1262°W,COLLEGE
Wes Homan,N/A,,,,Wes HomanNot Likely,Not Likely,"Detroit, MI",42.4263°N,83.1262°W,COLLEGE
Jimmy Jones,N/A,,,,Jimmy JonesNot Likely,Not Likely,"Detroit, MI",42.4263°N,83.1262°W,COLLEGE
Dawson Armstrong,"Nashville, Tennessee",36.1627° N,86.7816° W,237.3720848,Dawson ArmstrongNot Likely,Not Likely,"Detroit, MI",42.4263°N,83.1262°W,COLLEGE
Andrew McCain,N/A,,,,Andrew McCainNot Likely,Not Likely,"Detroit, MI",42.4263°N,83.1262°W,COLLEGE
Chris Francoeur,N/A,,,,Chris FrancoeurNot Likely,Not Likely,"Detroit, MI",42.4263°N,83.1262°W,COLLEGE
Evan Stinson,N/A,,,,Evan StinsonNot Likely,Not Likely,"Detroit, MI",42.4263°N,83.1262°W,COLLEGE
Garrett May,"Waco, Texas",31.5493° N,97.1467° W,537.9593312,Garrett MayNot Likely,Not Likely,"Detroit, MI",42.4263°N,83.1262°W,COLLEGE
Evan Thornton,N/A,,,,Evan ThorntonNot Likely,Not Likely,"Detroit, MI",42.4263°N,83.1262°W,COLLEGE
Andrew McAuley,N/A,,,,Andrew McAuleyNot Likely,Not Likely,"Detroit, MI",42.4263°N,83.1262°W,COLLEGE
Kyle Hogan,N/A,,,,Kyle HoganNot Likely,Not Likely,"Detroit, MI",42.4263°N,83.1262°W,COLLEGE
Matt Oshrine,"Baltimore, Maryland",,,,Matt OshrineNot Likely,Not Likely,"Detroit, MI",42.4263°N,83.1262°W,COLLEGE
Jon Mayer,N/A,,,,Jon MayerNot Likely,Not Likely,"Detroit, MI",42.4263°N,83.1262°W,COLLEGE
Brad Hopfinger,"Iowa City, Iowa",41.6611° N,91.5302° W,217.1344453,Brad HopfingerNot Likely,Not Likely,"Detroit, MI",42.4263°N,83.1262°W,COLLEGE
David Snyder,N/A,,,,David SnyderNot Likely,Not Likely,"Detroit, MI",42.4263°N,83.1262°W,COLLEGE
Jaime Gomez,N/A,,,,Jaime GomezNot Likely,Not Likely,"Detroit, MI",42.4263°N,83.1262°W,COLLEGE
Max Sear,N/A,,,,Max SearNot Likely,Not Likely,"Detroit, MI",42.4263°N,83.1262°W,COLLEGE
Chris Wilson,N/A,,,,Chris WilsonNot Likely,Not Likely,"Detroit, MI",42.4263°N,83.1262°W,COLLEGE
Danny Walker,"Charlottesville, Virginia",38.0339° N,78.5090° W,194.5003989,Danny WalkerNot Likely,Not Likely,"Detroit, MI",42.4263°N,83.1262°W,COLLEGE
Zack Fischer,"Arlington, Texas",32.7357° N,97.1081° W,507.3177956,Zack FischerNot Likely,Not Likely,"Detroit, MI",42.4263°N,83.1262°W,COLLEGE
Trevor Ranton,N/A,,,,Trevor RantonNot Likely,Not Likely,"Detroit, MI",42.4263°N,83.1262°W,COLLEGE
Tim Ritter,N/A,,,,Tim RitterNot Likely,Not Likely,"Detroit, MI",42.4263°N,83.1262°W,COLLEGE
Derek Gillespie,N/A,,,,Derek GillespieNot Likely,Not Likely,"Detroit, MI",42.4263°N,83.1262°W,COLLEGE
Adam Cornelson,N/A,,,,Adam CornelsonNot Likely,Not Likely,"Detroit, MI",42.4263°N,83.1262°W,COLLEGE
Andrew Harrison,N/A,,,,Andrew HarrisonNot Likely,Not Likely,"Detroit, MI",42.4263°N,83.1262°W,COLLEGE
John Sand,N/A,,,,John SandNot Likely,Not Likely,"Detroit, MI",42.4263°N,83.1262°W,COLLEGE
Will Barnett,N/A,,,,Will BarnettNot Likely,Not Likely,"Detroit, MI",42.4263°N,83.1262°W,COLLEGE
Garrett Rank,N/A,,,,Garrett RankNot Likely,Not Likely,"Detroit, MI",42.4263°N,83.1262°W,COLLEGE
John Duthie,N/A,,,,John DuthieNot Likely,Not Likely,"Detroit, MI",42.4263°N,83.1262°W,COLLEGE
Tyler Ota,N/A,,,,Tyler OtaNot Likely,Not Likely,"Detroit, MI",42.4263°N,83.1262°W,COLLEGE
Evan DeGrazia,N/A,,,,Evan DeGraziaNot Likely,Not Likely,"Detroit, MI",42.4263°N,83.1262°W,COLLEGE
Derek Meinhart,N/A,,,,Derek MeinhartNot Likely,Not Likely,"Detroit, MI",42.4263°N,83.1262°W,COLLEGE
Michael Blair,N/A,,,,Michael BlairNot Likely,Not Likely,"Detroit, MI",42.4263°N,83.1262°W,COLLEGE
,,,,,Not Likely,Not Likely,"Detroit, MI",42.4263°N,83.1262°W,COLLEGE
Chris Hemmerich,N/A,,,,Chris HemmerichNot Likely,Not Likely,"Detroit, MI",42.4263°N,83.1262°W,COLLEGE
Jesse Smith,N/A,,,,Jesse SmithNot Likely,Not Likely,"Detroit, MI",42.4263°N,83.1262°W,COLLEGE
Mike Van Sickle,"Milwaukee, Wisconsin",43.0389° N,87.9065° W,123.1182491,Mike Van SickleNot Likely,Not Likely,"Detroit, MI",42.4263°N,83.1262°W,COLLEGE
Andrew Jensen,N/A,,,,Andrew JensenNot Likely,Not Likely,"Detroit, MI",42.4263°N,83.1262°W,COLLEGE
Matt Williams,N/A,,,,Matt WilliamsNot Likely,Not Likely,"Detroit, MI",42.4263°N,83.1262°W,COLLEGE
Jimmy Beck,N/A,,,,Jimmy BeckNot Likely,Not Likely,"Detroit, MI",42.4263°N,83.1262°W,COLLEGE
Russell Budd,N/A,,,,Russell BuddNot Likely,Not Likely,"Detroit, MI",42.4263°N,83.1262°W,COLLEGE
Jake Goodman,N/A,,,,Jake GoodmanNot Likely,Not Likely,"Detroit, MI",42.4263°N,83.1262°W,COLLEGE
Blair Bursey,N/A,,,,Blair BurseyNot Likely,Not Likely,"Detroit, MI",42.4263°N,83.1262°W,COLLEGE
Clark Rustand,N/A,,,,Clark RustandNot Likely,Not Likely,"Detroit, MI",42.4263°N,83.1262°W,COLLEGE
Kelvin Day,N/A,,,,Kelvin DayNot Likely,Not Likely,"Detroit, MI",42.4263°N,83.1262°W,COLLEGE
Jake Knapp,"Los Angeles, California",34.0522° N,118.2437° W,987.9094537,Jake KnappNot Likely,Not Likely,"Detroit, MI",42.4263°N,83.1262°W,COLLEGE
Jon Mills,N/A,,,,Jon MillsNot Likely,Not Likely,"Detroit, MI",42.4263°N,83.1262°W,COLLEGE
Brian Dwyer,N/A,,,,Brian DwyerNot Likely,Not Likely,"Detroit, MI",42.4263°N,83.1262°W,COLLEGE
Tyler Wateska,N/A,,,,Tyler WateskaNot Likely,Not Likely,"Detroit, MI",42.4263°N,83.1262°W,COLLEGE
Chris Ross,N/A,,,,Chris RossNot Likely,Not Likely,"Detroit, MI",42.4263°N,83.1262°W,COLLEGE
Marc-Etienne Bussieres,N/A,,,,Marc-Etienne BussieresNot Likely,Not Likely,"Detroit, MI",42.4263°N,83.1262°W,COLLEGE
Hayden Shieh,N/A,,,,Hayden ShiehNot Likely,Not Likely,"Detroit, MI",42.4263°N,83.1262°W,COLLEGE
Michael Karoly,N/A,,,,Michael KarolyNot Likely,Not Likely,"Detroit, MI",42.4263°N,83.1262°W,COLLEGE
Chris Wilson,N/A,,,,Chris WilsonNot Likely,Not Likely,"Detroit, MI",42.4263°N,83.1262°W,COLLEGE
Andrew McCain,N/A,,,,Andrew McCainNot Likely,Not Likely,"Detroit, MI",42.4263°N,83.1262°W,COLLEGE
Evan Holmes,N/A,,,,Evan HolmesNot Likely,Not Likely,"Detroit, MI",42.4263°N,83.1262°W,COLLEGE
David Holzinger,N/A,,,,David HolzingerNot Likely,Not Likely,"Detroit, MI",42.4263°N,83.1262°W,COLLEGE
Jake Kevorkian,N/A,,,,Jake KevorkianNot Likely,Not Likely,"Detroit, MI",42.4263°N,83.1262°W,COLLEGE
David Timberlake,N/A,,,,David TimberlakeNot Likely,Not Likely,"Detroit, MI",42.4263°N,83.1262°W,COLLEGE
David French,N/A,,,,David FrenchNot Likely,Not Likely,"Detroit, MI",42.4263°N,83.1262°W,COLLEGE
Luke Moser,N/A,,,,Luke MoserNot Likely,Not Likely,"Detroit, MI",42.4263°N,83.1262°W,COLLEGE
Russell Whatford,N/A,,,,Russell WhatfordNot Likely,Not Likely,"Detroit, MI",42.4263°N,83.1262°W,COLLEGE
Chris Crisologo,"Burnaby, British Columbia",49.2277° N,122.9690° W,975.358082,Chris CrisologoNot Likely,Not Likely,"Detroit, MI",42.4263°N,83.1262°W,COLLEGE
Chris Wilson,N/A,,,,Chris WilsonNot Likely,Not Likely,"Detroit, MI",42.4263°N,83.1262°W,COLLEGE
Evan DeGrazia,N/A,,,,Evan DeGraziaNot Likely,Not Likely,"Detroit, MI",42.4263°N,83.1262°W,COLLEGE
Jimmy Jones,N/A,,,,Jimmy JonesNot Likely,Not Likely,"Detroit, MI",42.4263°N,83.1262°W,COLLEGE
Jon Mills,N/A,,,,Jon MillsNot Likely,Not Likely,"Detroit, MI",42.4263°N,83.1262°W,COLLEGE
Kelvin Day,N/A,,,,Kelvin DayNot Likely,Not Likely,"Detroit, MI",42.4263°N,83.1262°W,COLLEGE
Marc-Etienne Bussieres,N/A,,,,Marc-Etienne BussieresNot Likely,Not Likely,"Detroit, MI",42.4263°N,83.1262°W,COLLEGE
Michael Karoly,N/A,,,,Michael KarolyNot Likely,Not Likely,"Detroit, MI",42.4263°N,83.1262°W,COLLEGE
Russell Budd,N/A,,,,Russell BuddNot Likely,Not Likely,"Detroit, MI",42.4263°N,83.1262°W,COLLEGE
David Timberlake,N/A,,,,David TimberlakeNot Likely,Not Likely,"Detroit, MI",42.4263°N,83.1262°W,COLLEGE
Jake Goodman,N/A,,,,Jake GoodmanNot Likely,Not Likely,"Detroit, MI",42.4263°N,83.1262°W,COLLEGE
Jimmy Beck,N/A,,,,Jimmy BeckNot Likely,Not Likely,"Detroit, MI",42.4263°N,83.1262°W,COLLEGE
Blair Bursey,N/A,,,,Blair BurseyNot Likely,Not Likely,"Detroit, MI",42.4263°N,83.1262°W,COLLEGE
Clark Rustand,N/A,,,,Clark RustandNot Likely,Not Likely,"Detroit, MI",42.4263°N,83.1262°W,COLLEGE
Brian Dwyer,N/A,,,,Brian DwyerNot Likely,Not Likely,"Detroit, MI",42.4263°N,83.1262°W,COLLEGE
Tyler Wateska,N/A,,,,Tyler WateskaNot Likely,Not Likely,"Detroit, MI",42.4263°N,83.1262°W,COLLEGE
Chris Ross,N/A,,,,Chris RossNot Likely,Not Likely,"Detroit, MI",42.4263°N,83.1262°W,COLLEGE
Hayden Shieh,N/A,,,,Hayden ShiehNot Likely,Not Likely,"Detroit, MI",42.4263°N,83.1262°W,COLLEGE
David Holzinger,N/A,,,,David HolzingerNot Likely,Not Likely,"Detroit, MI",42.4263°N,83.1262°W,COLLEGE
Jake Kevorkian,N/A,,,,Jake KevorkianNot Likely,Not Likely,"Detroit, MI",42.4263°N,83.1262°W,COLLEGE
David French,N/A,,,,David FrenchNot Likely,Not Likely,"Detroit, MI",42.4263°N,83.1262°W,COLLEGE
Luke Moser,N/A,,,,Luke MoserNot Likely,Not Likely,"Detroit, MI",42.4263°N,83.1262°W,COLLEGE
Russell Whatford,N/A,,,,Russell WhatfordNot Likely,Not Likely,"Detroit, MI",42.4263°N,83.1262°W,COLLEGE
Chris Wilson,N/A,,,,Chris WilsonNot Likely,Not Likely,"Detroit, MI",42.4263°N,83.1262°W,COLLEGE
Evan DeGrazia,N/A,,,,Evan DeGraziaNot Likely,Not Likely,"Detroit, MI",42.4263°N,83.1262°W,COLLEGE
Jimmy Jones,N/A,,,,Jimmy JonesNot Likely,Not Likely,"Detroit, MI",42.4263°N,83.1262°W,COLLEGE
Andrew McCain,N/A,,,,Andrew McCainNot Likely,Not Likely,"Detroit, MI",42.4263°N,83.1262°W,COLLEGE
Chris Francoeur,N/A,,,,Chris FrancoeurNot Likely,Not Likely,"Detroit, MI",42.4263°N,83.1262°W,COLLEGE
Evan Stinson,N/A,,,,Evan StinsonNot Likely,Not Likely,"Detroit, MI",42.4263°N,83.1262°W,COLLEGE
Evan Thornton,N/A,,,,Evan ThorntonNot Likely,Not Likely,"Detroit, MI",42.4263°N,83.1262°W,COLLEGE
Andrew McAuley,N/A,,,,Andrew McAuleyNot Likely,Not Likely,"Detroit, MI",42.4263°N,83.1262°W,COLLEGE
Derek Barron,N/A,,,,Derek BarronNot Likely,Not Likely,"Detroit, MI",42.4263°N,83.1262°W,COLLEGE
Brendan Leonard,N/A,,,,Brendan LeonardNot Likely,Not Likely,"Detroit, MI",42.4263°N,83.1262°W,COLLEGE
Will Thomson,N/A,,,,Will ThomsonNot Likely,Not Likely,"Detroit, MI",42.4263°N,83.1262°W,COLLEGE
Jake Scott,N/A,,,,Jake ScottNot Likely,Not Likely,"Detroit, MI",42.4263°N,83.1262°W,COLLEGE
Brad Miller,N/A,,,,Brad MillerNot Likely,Not Likely,"Detroit, MI",42.4263°N,83.1262°W,COLLEGE
Wes Homan,N/A,,,,Wes HomanNot Likely,Not Likely,"Detroit, MI",42.4263°N,83.1262°W,COLLEGE
Dawson Armstrong,"Nashville, Tennessee",36.1627° N,86.7816° W,237.3720848,Dawson ArmstrongNot Likely,Not Likely,"Detroit, MI",42.4263°N,83.1262°W,COLLEGE
Garrett May,"Waco, Texas",31.5493° N,97.1467° W,537.9593312,Garrett MayNot Likely,Not Likely,"Detroit, MI",42.4263°N,83.1262°W,COLLEGE
Danny Walker,"Charlottesville, Virginia",38.0339° N,78.5090° W,194.5003989,Danny WalkerNot Likely,Not Likely,"Detroit, MI",42.4263°N,83.1262°W,COLLEGE
Zack Fischer,"Arlington, Texas",32.7357° N,97.1081° W,507.3177956,Zack FischerNot Likely,Not Likely,"Detroit, MI",42.4263°N,83.1262°W,COLLEGE
Kyle Hogan,N/A,,,,Kyle HoganNot Likely,Not Likely,"Detroit, MI",42.4263°N,83.1262°W,COLLEGE
Matt Oshrine,"Baltimore, Maryland",,,,Matt OshrineNot Likely,Not Likely,"Detroit, MI",42.4263°N,83.1262°W,COLLEGE
Brad Hopfinger,"Iowa City, Iowa",41.6611° N,91.5302° W,217.1344453,Brad HopfingerNot Likely,Not Likely,"Detroit, MI",42.4263°N,83.1262°W,COLLEGE
,,,,,Not Likely,Not Likely,"Detroit, MI",42.4263°N,83.1262°W,COLLEGE
Mike Van Sickle,"Milwaukee, Wisconsin",43.0389° N,87.9065° W,123.1182491,Mike Van SickleNot Likely,Not Likely,"Detroit, MI",42.4263°N,83.1262°W,COLLEGE
Matt Williams,N/A,,,,Matt WilliamsNot Likely,Not Likely,"Detroit, MI",42.4263°N,83.1262°W,COLLEGE
Hayden Shieh,N/A,,,,Hayden ShiehNot Likely,Not Likely,"Detroit, MI",42.4263°N,83.1262°W,COLLEGE
Chris Crawford,N/A,,,,Chris CrawfordNot Likely,Not Likely,"Detroit, MI",42.4263°N,83.1262°W,COLLEGE
Braden Bailey,"Waco, Texas",31.5493° N,97.1467° W,537.9593312,Braden BaileyNot Likely,Not Likely,"Detroit, MI",42.4263°N,83.1262°W,COLLEGE
Pep Angles,N/A,,,,Pep AnglesNot Likely,Not Likely,"Detroit, MI",42.4263°N,83.1262°W,COLLEGE
Luke Schniederjans,"Atlanta, Georgia",33.7490° N,84.3880° W,301.72143,Luke SchniederjansNot Likely,Not Likely,"Detroit, MI",42.4263°N,83.1262°W,COLLEGE
Albin Choi,"Raleigh, North Carolina",35.7796° N,78.6382° W,259.1376517,Albin ChoiNot Likely,Not Likely,"Detroit, MI",42.4263°N,83.1262°W,COLLEGE
Trevor Simsby,N/A,,,,Trevor SimsbyNot Likely,Not Likely,"Detroit, MI",42.4263°N,83.1262°W,COLLEGE
Martin Piller,"College Station, Texas",30.6192° N,96.3361° W,547.18245,Martin PillerNot Likely,Not Likely,"Detroit, MI",42.4263°N,83.1262°W,COLLEGE
James Piot,"East Lansing, Michigan",42.7370° N,84.4824° W,36.12907942,James PiotLikely,Likely,"Detroit, MI",42.4263°N,83.1262°W,COLLEGE
P.J. Maybank,N/A,,,,P.J. MaybankNot Likely,Not Likely,"Detroit, MI",42.4263°N,83.1262°W,COLLEGE
John Pak,"Tallahassee, Florida",30.4383° N,84.2807° W,415.3793751,John PakNot Likely,Not Likely,"Detroit, MI",42.4263°N,83.1262°W,COLLEGE
Scott Stevens,N/A,,,,Scott StevensNot Likely,Not Likely,"Detroit, MI",42.4263°N,83.1262°W,COLLEGE
Tyler McCumber,"Gainesville, Florida",29.6516° N,82.3248° W,441.8895238,Tyler McCumberNot Likely,Not Likely,"Detroit, MI",42.4263°N,83.1262°W,COLLEGE
Chris Naegel,"Starkville, Mississippi",33.4504° N,88.8184° W,346.5012596,Chris NaegelNot Likely,Not Likely,"Detroit, MI",42.4263°N,83.1262°W,COLLEGE
Brent Grant,N/A,,,,Brent GrantNot Likely,Not Likely,"Detroit, MI",42.4263°N,83.1262°W,COLLEGE
Brian Stuard,"Rochester, Michigan",42.6806° N,83.1338° W,8.787442859,Brian StuardExtremely Likely,Extremely Likely,"Detroit, MI",42.4263°N,83.1262°W,COLLEGE
Michael Sims,N/A,,,,Michael SimsNot Likely,Not Likely,"Detroit, MI",42.4263°N,83.1262°W,COLLEGE
Aaron Beverly,N/A,,,,Aaron BeverlyNot Likely,Not Likely,"Detroit, MI",42.4263°N,83.1262°W,COLLEGE
Matt Marshall,N/A,,,,Matt MarshallNot Likely,Not Likely,"Detroit, MI",42.4263°N,83.1262°W,COLLEGE
Johnny Ruiz,N/A,,,,Johnny RuizNot Likely,Not Likely,"Detroit, MI",42.4263°N,83.1262°W,COLLEGE
Anders Albertson,"Atlanta, Georgia",33.7490° N,84.3880° W,301.72143,Anders AlbertsonNot Likely,Not Likely,"Detroit, MI",42.4263°N,83.1262°W,COLLEGE
Danielle Kang,"Malibu, California",34.0250° N,118.7795° W,1001.952615,Danielle KangNot Likely,Not Likely,"Detroit, MI",42.4263°N,83.1262°W,COLLEGE
Evan Bowser,N/A,,,,Evan BowserNot Likely,Not Likely,"Detroit, MI",42.4263°N,83.1262°W,COLLEGE
Zac Oakley,N/A,,,,Zac OakleyNot Likely,Not Likely,"Detroit, MI",42.4263°N,83.1262°W,COLLEGE
Tim Wilkinson,N/A,,,,Tim WilkinsonNot Likely,Not Likely,"Detroit, MI",42.4263°N,83.1262°W,COLLEGE
Charlie Reiter,"San Diego, California",32.7157° N,117.1611° W,982.6493117,Charlie ReiterNot Likely,Not Likely,"Detroit, MI",42.4263°N,83.1262°W,COLLEGE
Andrew Kozan,"Auburn, Alabama",32.6099° N,85.4808° W,345.1692758,Andrew KozanNot Likely,Not Likely,"Detroit, MI",42.4263°N,83.1262°W,COLLEGE
Matt Parziale,N/A,,,,Matt ParzialeNot Likely,Not Likely,"Detroit, MI",42.4263°N,83.1262°W,COLLEGE
Mark Anguiano,N/A,,,,Mark AnguianoNot Likely,Not Likely,"Detroit, MI",42.4263°N,83.1262°W,COLLEGE
Taylor Montgomery,"Las Vegas, Nevada",36.1699° N,115.1398° W,877.0873629,Taylor MontgomeryNot Likely,Not Likely,"Detroit, MI",42.4263°N,83.1262°W,COLLEGE
Evan Brown,N/A,,,,Evan BrownNot Likely,Not Likely,"Detroit, MI",42.4263°N,83.1262°W,COLLEGE
Ben Silverman,"Boca Raton, Florida",,,,Ben SilvermanNot Likely,Not Likely,"Detroit, MI",42.4263°N,83.1262°W,COLLEGE
Michael Feagles,"Urbana-Champaign, Illinois",40.1097° N,88.2272° W,154.7149879,Michael FeaglesNot Likely,Not Likely,"Detroit, MI",42.4263°N,83.1262°W,COLLEGE
Jack Munro,N/A,,,,Jack MunroNot Likely,Not Likely,"Detroit, MI",42.4263°N,83.1262°W,COLLEGE
Josh Whalen,N/A,,,,Josh WhalenNot Likely,Not Likely,"Detroit, MI",42.4263°N,83.1262°W,COLLEGE
Hugo Bernard,N/A,,,,Hugo BernardNot Likely,Not Likely,"Detroit, MI",42.4263°N,83.1262°W,COLLEGE
Etienne Brault,N/A,,,,Etienne BraultNot Likely,Not Likely,"Detroit, MI",42.4263°N,83.1262°W,COLLEGE
Robbie Greenwell,N/A,,,,Robbie GreenwellNot Likely,Not Likely,"Detroit, MI",42.4263°N,83.1262°W,COLLEGE
Chris Crawford,N/A,,,,Chris CrawfordNot Likely,Not Likely,"Detroit, MI",42.4263°N,83.1262°W,COLLEGE
Braden Bailey,"Waco, Texas",31.5493° N,97.1467° W,537.9593312,Braden BaileyNot Likely,Not Likely,"Detroit, MI",42.4263°N,83.1262°W,COLLEGE
Pep Angles,N/A,,,,Pep AnglesNot Likely,Not Likely,"Detroit, MI",42.4263°N,83.1262°W,COLLEGE
Luke Schniederjans,"Atlanta, Georgia",33.7490° N,84.3880° W,301.72143,Luke SchniederjansNot Likely,Not Likely,"Detroit, MI",42.4263°N,83.1262°W,COLLEGE
Albin Choi,"Raleigh, North Carolina",35.7796° N,78.6382° W,259.1376517,Albin ChoiNot Likely,Not Likely,"Detroit, MI",42.4263°N,83.1262°W,COLLEGE
Trevor Simsby,N/A,,,,Trevor SimsbyNot Likely,Not Likely,"Detroit, MI",42.4263°N,83.1262°W,COLLEGE
Martin Piller,"College Station, Texas",30.6192° N,96.3361° W,547.18245,Martin PillerNot Likely,Not Likely,"Detroit, MI",42.4263°N,83.1262°W,COLLEGE
James Piot,"East Lansing, Michigan",42.7370° N,84.4824° W,36.12907942,James PiotLikely,Likely,"Detroit, MI",42.4263°N,83.1262°W,COLLEGE
P.J. Maybank,N/A,,,,P.J. MaybankNot Likely,Not Likely,"Detroit, MI",42.4263°N,83.1262°W,COLLEGE
John Pak,"Tallahassee, Florida",30.4383° N,84.2807° W,415.3793751,John PakNot Likely,Not Likely,"Detroit, MI",42.4263°N,83.1262°W,COLLEGE
Scott Stevens,N/A,,,,Scott StevensNot Likely,Not Likely,"Detroit, MI",42.4263°N,83.1262°W,COLLEGE
Tyler McCumber,"Gainesville, Florida",29.6516° N,82.3248° W,441.8895238,Tyler McCumberNot Likely,Not Likely,"Detroit, MI",42.4263°N,83.1262°W,COLLEGE
Chris Naegel,"Starkville, Mississippi",33.4504° N,88.8184° W,346.5012596,Chris NaegelNot Likely,Not Likely,"Detroit, MI",42.4263°N,83.1262°W,COLLEGE
Brent Grant,N/A,,,,Brent GrantNot Likely,Not Likely,"Detroit, MI",42.4263°N,83.1262°W,COLLEGE
Brian Stuard,"Rochester, Michigan",42.6806° N,83.1338° W,8.787442859,Brian StuardExtremely Likely,Extremely Likely,"Detroit, MI",42.4263°N,83.1262°W,COLLEGE
Michael Sims,N/A,,,,Michael SimsNot Likely,Not Likely,"Detroit, MI",42.4263°N,83.1262°W,COLLEGE
Aaron Beverly,N/A,,,,Aaron BeverlyNot Likely,Not Likely,"Detroit, MI",42.4263°N,83.1262°W,COLLEGE
Matt Marshall,N/A,,,,Matt MarshallNot Likely,Not Likely,"Detroit, MI",42.4263°N,83.1262°W,COLLEGE
Johnny Ruiz,N/A,,,,Johnny RuizNot Likely,Not Likely,"Detroit, MI",42.4263°N,83.1262°W,COLLEGE
Anders Albertson,"Atlanta, Georgia",33.7490° N,84.3880° W,301.72143,Anders AlbertsonNot Likely,Not Likely,"Detroit, MI",42.4263°N,83.1262°W,COLLEGE
Danielle Kang,"Malibu, California",34.0250° N,118.7795° W,1001.952615,Danielle KangNot Likely,Not Likely,"Detroit, MI",42.4263°N,83.1262°W,COLLEGE
Evan Bowser,N/A,,,,Evan BowserNot Likely,Not Likely,"Detroit, MI",42.4263°N,83.1262°W,COLLEGE
Zac Oakley,N/A,,,,Zac OakleyNot Likely,Not Likely,"Detroit, MI",42.4263°N,83.1262°W,COLLEGE
Tim Wilkinson,N/A,,,,Tim WilkinsonNot Likely,Not Likely,"Detroit, MI",42.4263°N,83.1262°W,COLLEGE
Charlie Reiter,"San Diego, California",32.7157° N,117.1611° W,982.6493117,Charlie ReiterNot Likely,Not Likely,"Detroit, MI",42.4263°N,83.1262°W,COLLEGE
Andrew Kozan,"Auburn, Alabama",32.6099° N,85.4808° W,345.1692758,Andrew KozanNot Likely,Not Likely,"Detroit, MI",42.4263°N,83.1262°W,COLLEGE
Matt Parziale,N/A,,,,Matt ParzialeNot Likely,Not Likely,"Detroit, MI",42.4263°N,83.1262°W,COLLEGE
Mark Anguiano,N/A,,,,Mark AnguianoNot Likely,Not Likely,"Detroit, MI",42.4263°N,83.1262°W,COLLEGE
Taylor Montgomery,"Las Vegas, Nevada",36.1699° N,115.1398° W,877.0873629,Taylor MontgomeryNot Likely,Not Likely,"Detroit, MI",42.4263°N,83.1262°W,COLLEGE
Evan Brown,N/A,,,,Evan BrownNot Likely,Not Likely,"Detroit, MI",42.4263°N,83.1262°W,COLLEGE
Ben Silverman,"Boca Raton, Florida",,,,Ben SilvermanNot Likely,Not Likely,"Detroit, MI",42.4263°N,83.1262°W,COLLEGE
Michael Feagles,"Urbana-Champaign, Illinois",40.1097° N,88.2272° W,154.7149879,Michael FeaglesNot Likely,Not Likely,"Detroit, MI",42.4263°N,83.1262°W,COLLEGE
Jack Munro,N/A,,,,Jack MunroNot Likely,Not Likely,"Detroit, MI",42.4263°N,83.1262°W,COLLEGE
Josh Whalen,N/A,,,,Josh WhalenNot Likely,Not Likely,"Detroit, MI",42.4263°N,83.1262°W,COLLEGE
Hugo Bernard,N/A,,,,Hugo BernardNot Likely,Not Likely,"Detroit, MI",42.4263°N,83.1262°W,COLLEGE
Etienne Brault,N/A,,,,Etienne BraultNot Likely,Not Likely,"Detroit, MI",42.4263°N,83.1262°W,COLLEGE
Robbie Greenwell,N/A,,,,Robbie GreenwellNot Likely,Not Likely,"Detroit, MI",42.4263°N,83.1262°W,COLLEGE
Chris Crawford,N/A,,,,Chris CrawfordNot Likely,Not Likely,"Detroit, MI",42.4263°N,83.1262°W,COLLEGE
Braden Bailey,"Waco, Texas",31.5493° N,97.1467° W,537.9593312,Braden BaileyNot Likely,Not Likely,"Detroit, MI",42.4263°N,83.1262°W,COLLEGE
Pep Angles,N/A,,,,Pep AnglesNot Likely,Not Likely,"Detroit, MI",42.4263°N,83.1262°W,COLLEGE
Luke Schniederjans,"Atlanta, Georgia",33.7490° N,84.3880° W,301.72143,Luke SchniederjansNot Likely,Not Likely,"Detroit, MI",42.4263°N,83.1262°W,COLLEGE
Albin Choi,"Raleigh, North Carolina",35.7796° N,78.6382° W,259.1376517,Albin ChoiNot Likely,Not Likely,"Detroit, MI",42.4263°N,83.1262°W,COLLEGE
Trevor Simsby,N/A,,,,Trevor SimsbyNot Likely,Not Likely,"Detroit, MI",42.4263°N,83.1262°W,COLLEGE
Martin Piller,"College Station, Texas",30.6192° N,96.3361° W,547.18245,Martin PillerNot Likely,Not Likely,"Detroit, MI",42.4263°N,83.1262°W,COLLEGE
,,,,,Not Likely,Not Likely,"Detroit, MI",42.4263°N,83.1262°W,COLLEGE
James Piot,"East Lansing, Michigan",42.7370° N,84.4824° W,36.12907942,James PiotLikely,Likely,"Detroit, MI",42.4263°N,83.1262°W,COLLEGE
P.J. Maybank,N/A,,,,P.J. MaybankNot Likely,Not Likely,"Detroit, MI",42.4263°N,83.1262°W,COLLEGE
John Pak,"Tallahassee, Florida",30.4383° N,84.2807° W,415.3793751,John PakNot Likely,Not Likely,"Detroit, MI",42.4263°N,83.1262°W,COLLEGE
Scott Stevens,N/A,,,,Scott StevensNot Likely,Not Likely,"Detroit, MI",42.4263°N,83.1262°W,COLLEGE
Tyler McCumber,"Gainesville, Florida",29.6516° N,82.3248° W,441.8895238,Tyler McCumberNot Likely,Not Likely,"Detroit, MI",42.4263°N,83.1262°W,COLLEGE
Chris Naegel,"Starkville, Mississippi",33.4504° N,88.8184° W,346.5012596,Chris NaegelNot Likely,Not Likely,"Detroit, MI",42.4263°N,83.1262°W,COLLEGE
Brent Grant,N/A,,,,Brent GrantNot Likely,Not Likely,"Detroit, MI",42.4263°N,83.1262°W,COLLEGE
Brian Stuard,"Rochester, Michigan",42.6806° N,83.1338° W,8.787442859,Brian StuardExtremely Likely,Extremely Likely,"Detroit, MI",42.4263°N,83.1262°W,COLLEGE
Michael Sims,N/A,,,,Michael SimsNot Likely,Not Likely,"Detroit, MI",42.4263°N,83.1262°W,COLLEGE
Aaron Beverly,N/A,,,,Aaron BeverlyNot Likely,Not Likely,"Detroit, MI",42.4263°N,83.1262°W,COLLEGE
Matt Marshall,N/A,,,,Matt MarshallNot Likely,Not Likely,"Detroit, MI",42.4263°N,83.1262°W,COLLEGE
Johnny Ruiz,N/A,,,,Johnny RuizNot Likely,Not Likely,"Detroit, MI",42.4263°N,83.1262°W,COLLEGE
Anders Albertson,"Atlanta, Georgia",33.7490° N,84.3880° W,301.72143,Anders AlbertsonNot Likely,Not Likely,"Detroit, MI",42.4263°N,83.1262°W,COLLEGE
Danielle Kang,"Malibu, California",34.0250° N,118.7795° W,1001.952615,Danielle KangNot Likely,Not Likely,"Detroit, MI",42.4263°N,83.1262°W,COLLEGE
Evan Bowser,N/A,,,,Evan BowserNot Likely,Not Likely,"Detroit, MI",42.4263°N,83.1262°W,COLLEGE
Zac Oakley,N/A,,,,Zac OakleyNot Likely,Not Likely,"Detroit, MI",42.4263°N,83.1262°W,COLLEGE
Tim Wilkinson,N/A,,,,Tim WilkinsonNot Likely,Not Likely,"Detroit, MI",42.4263°N,83.1262°W,COLLEGE
Charlie Reiter,"San Diego, California",32.7157° N,117.1611° W,982.6493117,Charlie ReiterNot Likely,Not Likely,"Detroit, MI",42.4263°N,83.1262°W,COLLEGE
Andrew Kozan,"Auburn, Alabama",32.6099° N,85.4808° W,345.1692758,Andrew KozanNot Likely,Not Likely,"Detroit, MI",42.4263°N,83.1262°W,COLLEGE
Matt Parziale,N/A,,,,Matt ParzialeNot Likely,Not Likely,"Detroit, MI",42.4263°N,83.1262°W,COLLEGE
Mark Anguiano,N/A,,,,Mark AnguianoNot Likely,Not Likely,"Detroit, MI",42.4263°N,83.1262°W,COLLEGE
Taylor Montgomery,"Las Vegas, Nevada",36.1699° N,115.1398° W,877.0873629,Taylor MontgomeryNot Likely,Not Likely,"Detroit, MI",42.4263°N,83.1262°W,COLLEGE
Evan Brown,N/A,,,,Evan BrownNot Likely,Not Likely,"Detroit, MI",42.4263°N,83.1262°W,COLLEGE
Ben Silverman,"Boca Raton, Florida",,,,Ben SilvermanNot Likely,Not Likely,"Detroit, MI",42.4263°N,83.1262°W,COLLEGE
Michael Feagles,"Urbana-Champaign, Illinois",40.1097° N,88.2272° W,154.7149879,Michael FeaglesNot Likely,Not Likely,"Detroit, MI",42.4263°N,83.1262°W,COLLEGE
Jack Munro,N/A,,,,Jack MunroNot Likely,Not Likely,"Detroit, MI",42.4263°N,83.1262°W,COLLEGE
Josh Whalen,N/A,,,,Josh WhalenNot Likely,Not Likely,"Detroit, MI",42.4263°N,83.1262°W,COLLEGE
Hugo Bernard,N/A,,,,Hugo BernardNot Likely,Not Likely,"Detroit, MI",42.4263°N,83.1262°W,COLLEGE
Etienne Brault,N/A,,,,Etienne BraultNot Likely,Not Likely,"Detroit, MI",42.4263°N,83.1262°W,COLLEGE
Robbie Greenwell,N/A,,,,Robbie GreenwellNot Likely,Not Likely,"Detroit, MI",42.4263°N,83.1262°W,COLLEGE
Chris Crawford,N/A,,,,Chris CrawfordNot Likely,Not Likely,"Detroit, MI",42.4263°N,83.1262°W,COLLEGE
Braden Bailey,"Waco, Texas",31.5493° N,97.1467° W,537.9593312,Braden BaileyNot Likely,Not Likely,"Detroit, MI",42.4263°N,83.1262°W,COLLEGE
Pep Angles,N/A,,,,Pep AnglesNot Likely,Not Likely,"Detroit, MI",42.4263°N,83.1262°W,COLLEGE
Luke Schniederjans,"Atlanta, Georgia",33.7490° N,84.3880° W,301.72143,Luke SchniederjansNot Likely,Not Likely,"Detroit, MI",42.4263°N,83.1262°W,COLLEGE
Albin Choi,"Raleigh, North Carolina",35.7796° N,78.6382° W,259.1376517,Albin ChoiNot Likely,Not Likely,"Detroit, MI",42.4263°N,83.1262°W,COLLEGE
Trevor Simsby,N/A,,,,Trevor SimsbyNot Likely,Not Likely,"Detroit, MI",42.4263°N,83.1262°W,COLLEGE
Martin Piller,"College Station, Texas",30.6192° N,96.3361° W,547.18245,Martin PillerNot Likely,Not Likely,"Detroit, MI",42.4263°N,83.1262°W,COLLEGE
James Piot,"East Lansing, Michigan",42.7370° N,84.4824° W,36.12907942,James PiotLikely,Likely,"Detroit, MI",42.4263°N,83.1262°W,COLLEGE
P.J. Maybank,N/A,,,,P.J. MaybankNot Likely,Not Likely,"Detroit, MI",42.4263°N,83.1262°W,COLLEGE
John Pak,"Tallahassee, Florida",30.4383° N,84.2807° W,415.3793751,John PakNot Likely,Not Likely,"Detroit, MI",42.4263°N,83.1262°W,COLLEGE
Scott Stevens,N/A,,,,Scott StevensNot Likely,Not Likely,"Detroit, MI",42.4263°N,83.1262°W,COLLEGE
Tyler McCumber,"Gainesville, Florida",29.6516° N,82.3248° W,441.8895238,Tyler McCumberNot Likely,Not Likely,"Detroit, MI",42.4263°N,83.1262°W,COLLEGE
Chris Naegel,"Starkville, Mississippi",33.4504° N,88.8184° W,346.5012596,Chris NaegelNot Likely,Not Likely,"Detroit, MI",42.4263°N,83.1262°W,COLLEGE
Brent Grant,N/A,,,,Brent GrantNot Likely,Not Likely,"Detroit, MI",42.4263°N,83.1262°W,COLLEGE
Brian Stuard,"Rochester, Michigan",42.6806° N,83.1338° W,8.787442859,Brian StuardExtremely Likely,Extremely Likely,"Detroit, MI",42.4263°N,83.1262°W,COLLEGE
Michael Sims,N/A,,,,Michael SimsNot Likely,Not Likely,"Detroit, MI",42.4263°N,83.1262°W,COLLEGE
Aaron Beverly,N/A,,,,Aaron BeverlyNot Likely,Not Likely,"Detroit, MI",42.4263°N,83.1262°W,COLLEGE
Matt Marshall,N/A,,,,Matt MarshallNot Likely,Not Likely,"Detroit, MI",42.4263°N,83.1262°W,COLLEGE
Johnny Ruiz,N/A,,,,Johnny RuizNot Likely,Not Likely,"Detroit, MI",42.4263°N,83.1262°W,COLLEGE
Anders Albertson,"Atlanta, Georgia",33.7490° N,84.3880° W,301.72143,Anders AlbertsonNot Likely,Not Likely,"Detroit, MI",42.4263°N,83.1262°W,COLLEGE
Danielle Kang,"Malibu, California",34.0250° N,118.7795° W,1001.952615,Danielle KangNot Likely,Not Likely,"Detroit, MI",42.4263°N,83.1262°W,COLLEGE
Evan Bowser,N/A,,,,Evan BowserNot Likely,Not Likely,"Detroit, MI",42.4263°N,83.1262°W,COLLEGE
Zac Oakley,N/A,,,,Zac OakleyNot Likely,Not Likely,"Detroit, MI",42.4263°N,83.1262°W,COLLEGE
Tim Wilkinson,N/A,,,,Tim WilkinsonNot Likely,Not Likely,"Detroit, MI",42.4263°N,83.1262°W,COLLEGE
Charlie Reiter,"San Diego, California",32.7157° N,117.1611° W,982.6493117,Charlie ReiterNot Likely,Not Likely,"Detroit, MI",42.4263°N,83.1262°W,COLLEGE
Andrew Kozan,"Auburn, Alabama",32.6099° N,85.4808° W,345.1692758,Andrew KozanNot Likely,Not Likely,"Detroit, MI",42.4263°N,83.1262°W,COLLEGE
Matt Parziale,N/A,,,,Matt ParzialeNot Likely,Not Likely,"Detroit, MI",42.4263°N,83.1262°W,COLLEGE
Mark Anguiano,N/A,,,,Mark AnguianoNot Likely,Not Likely,"Detroit, MI",42.4263°N,83.1262°W,COLLEGE
Taylor Montgomery,"Las Vegas, Nevada",36.1699° N,115.1398° W,877.0873629,Taylor MontgomeryNot Likely,Not Likely,"Detroit, MI",42.4263°N,83.1262°W,COLLEGE
Evan Brown,N/A,,,,Evan BrownNot Likely,Not Likely,"Detroit, MI",42.4263°N,83.1262°W,COLLEGE
Ben Silverman,"Boca Raton, Florida",,,,Ben SilvermanNot Likely,Not Likely,"Detroit, MI",42.4263°N,83.1262°W,COLLEGE
Michael Feagles,"Urbana-Champaign, Illinois",40.1097° N,88.2272° W,154.7149879,Michael FeaglesNot Likely,Not Likely,"Detroit, MI",42.4263°N,83.1262°W,COLLEGE
Jack Munro,N/A,,,,Jack MunroNot Likely,Not Likely,"Detroit, MI",42.4263°N,83.1262°W,COLLEGE
Josh Whalen,N/A,,,,Josh WhalenNot Likely,Not Likely,"Detroit, MI",42.4263°N,83.1262°W,COLLEGE
Hugo Bernard,N/A,,,,Hugo BernardNot Likely,Not Likely,"Detroit, MI",42.4263°N,83.1262°W,COLLEGE
Etienne Brault,N/A,,,,Etienne BraultNot Likely,Not Likely,"Detroit, MI",42.4263°N,83.1262°W,COLLEGE
Robbie Greenwell,N/A,,,,Robbie GreenwellNot Likely,Not Likely,"Detroit, MI",42.4263°N,83.1262°W,COLLEGE
Chris Crawford,N/A,,,,Chris CrawfordNot Likely,Not Likely,"Detroit, MI",42.4263°N,83.1262°W,COLLEGE
Braden Bailey,"Waco, Texas",31.5493° N,97.1467° W,537.9593312,Braden BaileyNot Likely,Not Likely,"Detroit, MI",42.4263°N,83.1262°W,COLLEGE
Pep Angles,N/A,,,,Pep AnglesNot Likely,Not Likely,"Detroit, MI",42.4263°N,83.1262°W,COLLEGE
Luke Schniederjans,"Atlanta, Georgia",33.7490° N,84.3880° W,301.72143,Luke SchniederjansNot Likely,Not Likely,"Detroit, MI",42.4263°N,83.1262°W,COLLEGE
Albin Choi,"Raleigh, North Carolina",35.7796° N,78.6382° W,259.1376517,Albin ChoiNot Likely,Not Likely,"Detroit, MI",42.4263°N,83.1262°W,COLLEGE
Trevor Simsby,N/A,,,,Trevor SimsbyNot Likely,Not Likely,"Detroit, MI",42.4263°N,83.1262°W,COLLEGE
Martin Piller,"College Station, Texas",30.6192° N,96.3361° W,547.18245,Martin PillerNot Likely,Not Likely,"Detroit, MI",42.4263°N,83.1262°W,COLLEGE
James Piot,"East Lansing, Michigan",42.7370° N,84.4824° W,36.12907942,James PiotLikely,Likely,"Detroit, MI",42.4263°N,83.1262°W,COLLEGE
P.J. Maybank,N/A,,,,P.J. MaybankNot Likely,Not Likely,"Detroit, MI",42.4263°N,83.1262°W,COLLEGE
John Pak,"Tallahassee, Florida",30.4383° N,84.2807° W,415.3793751,John PakNot Likely,Not Likely,"Detroit, MI",42.4263°N,83.1262°W,COLLEGE
Scott Stevens,N/A,,,,Scott StevensNot Likely,Not Likely,"Detroit, MI",42.4263°N,83.1262°W,COLLEGE
Tyler McCumber,"Gainesville, Florida",29.6516° N,82.3248° W,441.8895238,Tyler McCumberNot Likely,Not Likely,"Detroit, MI",42.4263°N,83.1262°W,COLLEGE
Chris Naegel,"Starkville, Mississippi",33.4504° N,88.8184° W,346.5012596,Chris NaegelNot Likely,Not Likely,"Detroit, MI",42.4263°N,83.1262°W,COLLEGE
Brent Grant,N/A,,,,Brent GrantNot Likely,Not Likely,"Detroit, MI",42.4263°N,83.1262°W,COLLEGE
Brian Stuard,"Rochester, Michigan",42.6806° N,83.1338° W,8.787442859,Brian StuardExtremely Likely,Extremely Likely,"Detroit, MI",42.4263°N,83.1262°W,COLLEGE
Michael Sims,N/A,,,,Michael SimsNot Likely,Not Likely,"Detroit, MI",42.4263°N,83.1262°W,COLLEGE
Aaron Beverly,N/A,,,,Aaron BeverlyNot Likely,Not Likely,"Detroit, MI",42.4263°N,83.1262°W,COLLEGE
Matt Marshall,N/A,,,,Matt MarshallNot Likely,Not Likely,"Detroit, MI",42.4263°N,83.1262°W,COLLEGE
Johnny Ruiz,N/A,,,,Johnny RuizNot Likely,Not Likely,"Detroit, MI",42.4263°N,83.1262°W,COLLEGE
Anders Albertson,"Atlanta, Georgia",33.7490° N,84.3880° W,301.72143,Anders AlbertsonNot Likely,Not Likely,"Detroit, MI",42.4263°N,83.1262°W,COLLEGE
Danielle Kang,"Malibu, California",34.0250° N,118.7795° W,1001.952615,Danielle KangNot Likely,Not Likely,"Detroit, MI",42.4263°N,83.1262°W,COLLEGE
Evan Bowser,N/A,,,,Evan BowserNot Likely,Not Likely,"Detroit, MI",42.4263°N,83.1262°W,COLLEGE
Zac Oakley,N/A,,,,Zac OakleyNot Likely,Not Likely,"Detroit, MI",42.4263°N,83.1262°W,COLLEGE
Tim Wilkinson,N/A,,,,Tim WilkinsonNot Likely,Not Likely,"Detroit, MI",42.4263°N,83.1262°W,COLLEGE
Charlie Reiter,"San Diego, California",32.7157° N,117.1611° W,982.6493117,Charlie ReiterNot Likely,Not Likely,"Detroit, MI",42.4263°N,83.1262°W,COLLEGE
Andrew Kozan,"Auburn, Alabama",32.6099° N,85.4808° W,345.1692758,Andrew KozanNot Likely,Not Likely,"Detroit, MI",42.4263°N,83.1262°W,COLLEGE
Matt Parziale,N/A,,,,Matt ParzialeNot Likely,Not Likely,"Detroit, MI",42.4263°N,83.1262°W,COLLEGE
Mark Anguiano,N/A,,,,Mark AnguianoNot Likely,Not Likely,"Detroit, MI",42.4263°N,83.1262°W,COLLEGE
Taylor Montgomery,"Las Vegas, Nevada",36.1699° N,115.1398° W,877.0873629,Taylor MontgomeryNot Likely,Not Likely,"Detroit, MI",42.4263°N,83.1262°W,COLLEGE
,,,,,Not Likely,Not Likely,"Detroit, MI",42.4263°N,83.1262°W,COLLEGE
Ben Warian,"Minneapolis, Minnesota",44.9778° N,93.2650° W,267.902179,Ben WarianNot Likely,Not Likely,"Detroit, MI",42.4263°N,83.1262°W,COLLEGE
Alejandro Tosti,"Gainesville, Florida",29.6516° N,82.3248° W,441.8895238,Alejandro TostiNot Likely,Not Likely,"Detroit, MI",42.4263°N,83.1262°W,COLLEGE
Tim Widing,"San Francisco, California",37.7749° N,122.4194° W,1041.260269,Tim WidingNot Likely,Not Likely,"Detroit, MI",42.4263°N,83.1262°W,COLLEGE
Evan Beck,"Winston-Salem, North Carolina",36.0999° N,80.2442° W,231.7145804,Evan BeckNot Likely,Not Likely,"Detroit, MI",42.4263°N,83.1262°W,COLLEGE
Matt McCarty,"Santa Clara, California",37.3505° N,121.9394° W,1034.477347,Matt McCartyNot Likely,Not Likely,"Detroit, MI",42.4263°N,83.1262°W,COLLEGE
Rafael Campos,"Richmond, Virginia",37.5407° N,77.4360° W,226.10875,Rafael CamposNot Likely,Not Likely,"Detroit, MI",42.4263°N,83.1262°W,COLLEGE
Pontus Widegren,"Los Angeles, California",34.0522° N,118.2437° W,987.9094537,Pontus WidegrenNot Likely,Not Likely,"Detroit, MI",42.4263°N,83.1262°W,COLLEGE
Matt Gilchrest,"Auburn, Alabama",32.6099° N,85.4808° W,345.1692758,Matt GilchrestNot Likely,Not Likely,"Detroit, MI",42.4263°N,83.1262°W,COLLEGE
Chase Seiffert,"Tallahassee, Florida",30.4383° N,84.2807° W,415.3793751,Chase SeiffertNot Likely,Not Likely,"Detroit, MI",42.4263°N,83.1262°W,COLLEGE
David Gazzolo,"DeKalb, Illinois",41.9295° N,88.7506° W,144.9852155,David GazzoloNot Likely,Not Likely,"Detroit, MI",42.4263°N,83.1262°W,COLLEGE
Julien Brun,"Fort Worth, Texas",32.7555° N,97.3308° W,511.4035986,Julien BrunNot Likely,Not Likely,"Detroit, MI",42.4263°N,83.1262°W,COLLEGE
Turk Pettit,"Clemson, South Carolina",34.6786° N,82.8385° W,267.7724948,Turk PettitNot Likely,Not Likely,"Detroit, MI",42.4263°N,83.1262°W,COLLEGE
Gregor Main,"Los Angeles, California",34.0522° N,118.2437° W,987.9094537,Gregor MainNot Likely,Not Likely,"Detroit, MI",42.4263°N,83.1262°W,COLLEGE
Joey Lane,"Cookeville, Tennessee",36.1628° N,85.5014° W,225.4839179,Joey LaneNot Likely,Not Likely,"Detroit, MI",42.4263°N,83.1262°W,COLLEGE
Hugo Townsend,"Boise, Idaho",43.6013° N,116.2028° W,830.9824273,Hugo TownsendNot Likely,Not Likely,"Detroit, MI",42.4263°N,83.1262°W,COLLEGE
Will Zalatoris,"Winston-Salem, North Carolina",36.0999° N,80.2442° W,231.7145804,Will ZalatorisNot Likely,Not Likely,"Detroit, MI",42.4263°N,83.1262°W,COLLEGE
Pedro Figueiredo,"Los Angeles, California",34.0522° N,118.2437° W,987.9094537,Pedro FigueiredoNot Likely,Not Likely,"Detroit, MI",42.4263°N,83.1262°W,COLLEGE
Cole Miller,"University Park, Pennsylvania",40.7961° N,77.8653° W,147.0622889,Cole MillerNot Likely,Not Likely,"Detroit, MI",42.4263°N,83.1262°W,COLLEGE
Tom Lovelady,"Tuscaloosa, Alabama",33.2098° N,87.5692° W,340.5742503,Tom LoveladyNot Likely,Not Likely,"Detroit, MI",42.4263°N,83.1262°W,COLLEGE
Greyson Sigg,"Athens, Georgia",33.9519° N,83.3576° W,292.8325618,Greyson SiggNot Likely,Not Likely,"Detroit, MI",42.4263°N,83.1262°W,COLLEGE
Will Grimmer,"Columbus, Ohio",39.9612° N,82.9988° W,85.22626857,Will GrimmerPossible,Possible,"Detroit, MI",42.4263°N,83.1262°W,COLLEGE
Hugo Bernard,"Quebec City, Quebec",46.8139° N,71.2080° W,329.464461,Hugo BernardNot Likely,Not Likely,"Detroit, MI",42.4263°N,83.1262°W,COLLEGE
Ben Griffin,"Chapel Hill, North Carolina",35.9132° N,79.0558° W,249.9475621,Ben GriffinNot Likely,Not Likely,"Detroit, MI",42.4263°N,83.1262°W,COLLEGE
Kevin Dougherty,"Stillwater, Oklahoma",36.1230° N,97.0583° W,430.7549232,Kevin DoughertyNot Likely,Not Likely,"Detroit, MI",42.4263°N,83.1262°W,COLLEGE
Scott Gutschewski,"Lincoln, Nebraska",40.8136° N,96.7026° W,354.6291135,Scott GutschewskiNot Likely,Not Likely,"Detroit, MI",42.4263°N,83.1262°W,COLLEGE
Dylan Meyer,"Urbana-Champaign, Illinois",40.1097° N,88.2272° W,154.7149879,Dylan MeyerNot Likely,Not Likely,"Detroit, MI",42.4263°N,83.1262°W,COLLEGE
Michael Perras,"Houston, Texas",29.7604° N,95.3698° W,553.9822431,Michael PerrasNot Likely,Not Likely,"Detroit, MI",42.4263°N,83.1262°W,COLLEGE
Ben Taylor,"Baton Rouge, Louisiana",30.4515° N,91.1871° W,469.9173256,Ben TaylorNot Likely,Not Likely,"Detroit, MI",42.4263°N,83.1262°W,COLLEGE
Ryan Ruffels,N/A,,,,Ryan RuffelsNot Likely,Not Likely,"Detroit, MI",42.4263°N,83.1262°W,COLLEGE
Will Cannon,"Birmingham, Alabama",33.5207° N,86.8025° W,323.4518885,Will CannonNot Likely,Not Likely,"Detroit, MI",42.4263°N,83.1262°W,COLLEGE
Nick Voke,"Ames, Iowa",,,,Nick VokeNot Likely,Not Likely,"Detroit, MI",42.4263°N,83.1262°W,COLLEGE
Austin Squires,"Cincinnati, Ohio",39.1031° N,84.5120° W,120.3918789,Austin SquiresNot Likely,Not Likely,"Detroit, MI",42.4263°N,83.1262°W,COLLEGE
Evan Katz,"Durham, North Carolina",35.9940° N,78.8986° W,249.2871173,Evan KatzNot Likely,Not Likely,"Detroit, MI",42.4263°N,83.1262°W,COLLEGE
Derek Ernst,"Las Vegas, Nevada",36.1699° N,115.1398° W,877.0873629,Derek ErnstNot Likely,Not Likely,"Detroit, MI",42.4263°N,83.1262°W,COLLEGE
Jonathan Byrd,"Clemson, South Carolina",34.6786° N,82.8385° W,267.7724948,Jonathan ByrdNot Likely,Not Likely,"Detroit, MI",42.4263°N,83.1262°W,COLLEGE
George Cunningham,"Tucson, Arizona",32.2226° N,110.9747° W,837.27907,George CunninghamNot Likely,Not Likely,"Detroit, MI",42.4263°N,83.1262°W,COLLEGE
Josh Hart,"Richmond, Virginia",37.5407° N,77.4360° W,226.10875,Josh HartNot Likely,Not Likely,"Detroit, MI",42.4263°N,83.1262°W,COLLEGE
Matt Hill,"Midland, Michigan",,,,Matt HillNot Likely,Not Likely,"Detroit, MI",42.4263°N,83.1262°W,COLLEGE
Ryan Sullivan,"Winston-Salem, North Carolina",36.0999° N,80.2442° W,231.7145804,Ryan SullivanNot Likely,Not Likely,"Detroit, MI",42.4263°N,83.1262°W,COLLEGE
Sean Kelly,"Tampa, Florida",27.9506° N,82.4572° W,500.4445314,Sean KellyNot Likely,Not Likely,"Detroit, MI",42.4263°N,83.1262°W,COLLEGE
Eric Cole,"Fort Lauderdale, Florida",26.1224° N,80.1373° W,569.5739032,Eric ColeNot Likely,Not Likely,"Detroit, MI",42.4263°N,83.1262°W,COLLEGE
Brandon Matthews,"Philadelphia, Pennsylvania",39.9526° N,75.1652° W,223.8027783,Brandon MatthewsNot Likely,Not Likely,"Detroit, MI",42.4263°N,83.1262°W,COLLEGE
Tom Whitney,"Colorado Springs, Colorado",38.9972° N,104.8605° W,579.6468198,Tom WhitneyNot Likely,Not Likely,"Detroit, MI",42.4263°N,83.1262°W,COLLEGE
Scott Harrington,"Evanston, Illinois",42.0565° N,87.6753° W,117.0319153,Scott HarringtonNot Likely,Not Likely,"Detroit, MI",42.4263°N,83.1262°W,COLLEGE
Michael Visacki,N/A,,,,Michael VisackiNot Likely,Not Likely,"Detroit, MI",42.4263°N,83.1262°W,COLLEGE
Jim Knous,"Golden, Colorado",39.7555° N,105.2211° W,580.9358873,Jim KnousNot Likely,Not Likely,"Detroit, MI",42.4263°N,83.1262°W,COLLEGE
Andy Zhang,"Gainesville, Florida",29.6516° N,82.3248° W,441.8895238,Andy ZhangNot Likely,Not Likely,"Detroit, MI",42.4263°N,83.1262°W,COLLEGE
Cameron Young,"Winston-Salem, North Carolina",36.0999° N,80.2442° W,231.7145804,Cameron YoungNot Likely,Not Likely,"Detroit, MI",42.4263°N,83.1262°W,COLLEGE
Michael Gellerman,"Norman, Oklahoma",35.1966° N,97.4458° W,458.3549788,Michael GellermanNot Likely,Not Likely,"Detroit, MI",42.4263°N,83.1262°W,COLLEGE
Ben Cole,"San Diego, California",32.7157° N,117.1611° W,982.6493117,Ben ColeNot Likely,Not Likely,"Detroit, MI",42.4263°N,83.1262°W,COLLEGE
Ryan McCormick,"Queens, New York",40.7227° N,73.8601° W,246.4625009,Ryan McCormickNot Likely,Not Likely,"Detroit, MI",42.4263°N,83.1262°W,COLLEGE
Erik Barnes,"Austin, Texas",30.2672° N,97.7431° W,583.0323671,Erik BarnesNot Likely,Not Likely,"Detroit, MI",42.4263°N,83.1262°W,COLLEGE
Conrad Shindler,"College Station, Texas",30.6192° N,96.3361° W,547.18245,Conrad ShindlerNot Likely,Not Likely,"Detroit, MI",42.4263°N,83.1262°W,COLLEGE
Matt Atkins,"Aiken, South Carolina",33.5604° N,81.7196° W,308.6620011,Matt AtkinsNot Likely,Not Likely,"Detroit, MI",42.4263°N,83.1262°W,COLLEGE
Ben Wolcott,"Knoxville, Tennessee",35.9606° N,83.9207° W,224.3782639,Ben WolcottNot Likely,Not Likely,"Detroit, MI",42.4263°N,83.1262°W,COLLEGE
Chris Baker,"Ames, Iowa",,,,Chris BakerNot Likely,Not Likely,"Detroit, MI",42.4263°N,83.1262°W,COLLEGE
Ryan Brehm,"East Lansing, Michigan",42.7370° N,84.4824° W,36.12907942,Ryan BrehmLikely,Likely,"Detroit, MI",42.4263°N,83.1262°W,COLLEGE
Dominic Bozzelli,"Auburn, Alabama",32.6099° N,85.4808° W,345.1692758,Dominic BozzelliNot Likely,Not Likely,"Detroit, MI",42.4263°N,83.1262°W,COLLEGE
Taylor Pendrith,"Kent, Ohio",41.1523° N,81.3582° W,63.33030493,Taylor PendrithPossible,Possible,"Detroit, MI",42.4263°N,83.1262°W,COLLEGE
Brady Schnell,"Lincoln, Nebraska",40.8136° N,96.7026° W,354.6291135,Brady SchnellNot Likely,Not Likely,"Detroit, MI",42.4263°N,83.1262°W,COLLEGE
Ryan Hall,"Columbia, South Carolina",34.0007° N,81.0348° W,296.5354676,Ryan HallNot Likely,Not Likely,"Detroit, MI",42.4263°N,83.1262°W,COLLEGE
Mike Ballo Jr.,N/A,,,,Mike Ballo Jr.Not Likely,Not Likely,"Detroit, MI",42.4263°N,83.1262°W,COLLEGE
Brett Drewitt,N/A,,,,Brett DrewittNot Likely,Not Likely,"Detroit, MI",42.4263°N,83.1262°W,COLLEGE
,,,,,Not Likely,Not Likely,"Detroit, MI",42.4263°N,83.1262°W,COLLEGE
Ashton Van Horne,"Athens, Georgia",33.9519° N,83.3576° W,292.8325618,Ashton Van HorneNot Likely,Not Likely,"Detroit, MI",42.4263°N,83.1262°W,COLLEGE
Mason Nome,"Manoa, Hawaii",,,,Mason NomeNot Likely,Not Likely,"Detroit, MI",42.4263°N,83.1262°W,COLLEGE
Jack Heath,"Charlotte, North Carolina",35.2271° N,80.8431° W,256.1602722,Jack HeathNot Likely,Not Likely,"Detroit, MI",42.4263°N,83.1262°W,COLLEGE
Luke Schniederjans,"Atlanta, Georgia",33.7490° N,84.3880° W,301.72143,Luke SchniederjansNot Likely,Not Likely,"Detroit, MI",42.4263°N,83.1262°W,COLLEGE
Timmy Crawford,"Austin, Texas",30.2672° N,97.7431° W,583.0323671,Timmy CrawfordNot Likely,Not Likely,"Detroit, MI",42.4263°N,83.1262°W,COLLEGE
Jesper Kennegard,"Tempe, Arizona",33.4255° N,111.9400° W,839.4496643,Jesper KennegardNot Likely,Not Likely,"Detroit, MI",42.4263°N,83.1262°W,COLLEGE
Ryan Linton,"Norman, Oklahoma",35.1966° N,97.4458° W,458.3549788,Ryan LintonNot Likely,Not Likely,"Detroit, MI",42.4263°N,83.1262°W,COLLEGE
Matt Naumec,"Chestnut Hill, Massachusetts",,,,Matt NaumecNot Likely,Not Likely,"Detroit, MI",42.4263°N,83.1262°W,COLLEGE
Brandon Pierce,"Memphis, Tennessee",35.1495° N,90.0490° W,312.7240337,Brandon PierceNot Likely,Not Likely,"Detroit, MI",42.4263°N,83.1262°W,COLLEGE
David Kim,N/A,,,,David KimNot Likely,Not Likely,"Detroit, MI",42.4263°N,83.1262°W,COLLEGE
Tyler Collier,"Gainesville, Florida",29.6516° N,82.3248° W,441.8895238,Tyler CollierNot Likely,Not Likely,"Detroit, MI",42.4263°N,83.1262°W,COLLEGE
Zach Murray,N/A,,,,Zach MurrayNot Likely,Not Likely,"Detroit, MI",42.4263°N,83.1262°W,COLLEGE
Andrew Novak,"Spartanburg, South Carolina",34.9496° N,81.9320° W,260.2892927,Andrew NovakNot Likely,Not Likely,"Detroit, MI",42.4263°N,83.1262°W,COLLEGE
Sam Saunders,N/A,,,,Sam SaundersNot Likely,Not Likely,"Detroit, MI",42.4263°N,83.1262°W,COLLEGE
Ross Steelman,"Columbia, Missouri",38.9517° N,92.3341° W,269.2191128,Ross SteelmanNot Likely,Not Likely,"Detroit, MI",42.4263°N,83.1262°W,COLLEGE
Parker Coody,"Austin, Texas",30.2672° N,97.7431° W,583.0323671,Parker CoodyNot Likely,Not Likely,"Detroit, MI",42.4263°N,83.1262°W,COLLEGE
Pierceson Coody,"Austin, Texas",30.2672° N,97.7431° W,583.0323671,Pierceson CoodyNot Likely,Not Likely,"Detroit, MI",42.4263°N,83.1262°W,COLLEGE
David Ford,"Chapel Hill, North Carolina",35.9132° N,79.0558° W,249.9475621,David FordNot Likely,Not Likely,"Detroit, MI",42.4263°N,83.1262°W,COLLEGE
Maxwell Moldovan,"Columbus, Ohio",39.9612° N,82.9988° W,85.22626857,Maxwell MoldovanPossible,Possible,"Detroit, MI",42.4263°N,83.1262°W,COLLEGE
Preston Summerhays,"Tempe, Arizona",33.4255° N,111.9400° W,839.4496643,Preston SummerhaysNot Likely,Not Likely,"Detroit, MI",42.4263°N,83.1262°W,COLLEGE
Fred Biondi,"Gainesville, Florida",29.6516° N,82.3248° W,441.8895238,Fred BiondiNot Likely,Not Likely,"Detroit, MI",42.4263°N,83.1262°W,COLLEGE
Yuxin Lin,"Gainesville, Florida",29.6516° N,82.3248° W,441.8895238,Yuxin LinNot Likely,Not Likely,"Detroit, MI",42.4263°N,83.1262°W,COLLEGE
Karl Vilips,"Stanford, California",37.4241° N,122.1661° W,1039.294738,Karl VilipsNot Likely,Not Likely,"Detroit, MI",42.4263°N,83.1262°W,COLLEGE
Michael Brennan,"Winston-Salem, North Carolina",36.0999° N,80.2442° W,231.7145804,Michael BrennanNot Likely,Not Likely,"Detroit, MI",42.4263°N,83.1262°W,COLLEGE
Caleb Surratt,"Knoxville, Tennessee",35.9606° N,83.9207° W,224.3782639,Caleb SurrattNot Likely,Not Likely,"Detroit, MI",42.4263°N,83.1262°W,COLLEGE
Nick Gabrelcik,"Jacksonville, Florida",30.3322° N,81.6557° W,419.7930572,Nick GabrelcikNot Likely,Not Likely,"Detroit, MI",42.4263°N,83.1262°W,COLLEGE
Jackson Van Paris,"Nashville, Tennessee",36.1627° N,86.7816° W,237.3720848,Jackson Van ParisNot Likely,Not Likely,"Detroit, MI",42.4263°N,83.1262°W,COLLEGE
Benjamin James,"Charlottesville, Virginia",38.0339° N,78.5090° W,194.5003989,Benjamin JamesNot Likely,Not Likely,"Detroit, MI",42.4263°N,83.1262°W,COLLEGE
Gordon Sargent,"Nashville, Tennessee",36.1627° N,86.7816° W,237.3720848,Gordon SargentNot Likely,Not Likely,"Detroit, MI",42.4263°N,83.1262°W,COLLEGE
Sampson Zheng,"Berkeley, California",37.8719° N,122.2585° W,1035.951455,Sampson ZhengNot Likely,Not Likely,"Detroit, MI",42.4263°N,83.1262°W,COLLEGE
Bastian Amat,"Albuquerque, New Mexico",35.0845° N,106.6511° W,679.8240738,Bastian AmatNot Likely,Not Likely,"Detroit, MI",42.4263°N,83.1262°W,COLLEGE
Luke Clanton,"Tallahassee, Florida",30.4383° N,84.2807° W,415.3793751,Luke ClantonNot Likely,Not Likely,"Detroit, MI",42.4263°N,83.1262°W,COLLEGE
Ethan Ng,"Stanford, California",37.4241° N,122.1661° W,1039.294738,Ethan NgNot Likely,Not Likely,"Detroit, MI",42.4263°N,83.1262°W,COLLEGE
Jake Beber-Frankel,"Stanford, California",37.4241° N,122.1661° W,1039.294738,Jake Beber-FrankelNot Likely,Not Likely,"Detroit, MI",42.4263°N,83.1262°W,COLLEGE
Barclay Brown,"Stanford, California",37.4241° N,122.1661° W,1039.294738,Barclay BrownNot Likely,Not Likely,"Detroit, MI",42.4263°N,83.1262°W,COLLEGE
Nathan Petronzio,"College Station, Texas",30.6192° N,96.3361° W,547.18245,Nathan PetronzioNot Likely,Not Likely,"Detroit, MI",42.4263°N,83.1262°W,COLLEGE
Michael Thorbjornsen,"Stanford, California",37.4241° N,122.1661° W,1039.294738,Michael ThorbjornsenNot Likely,Not Likely,"Detroit, MI",42.4263°N,83.1262°W,COLLEGE
Calum Scott,"Lubbock, Texas",33.5779° N,101.8552° W,592.4917628,Calum ScottNot Likely,Not Likely,"Detroit, MI",42.4263°N,83.1262°W,COLLEGE
Jonas Blixt,"Tallahassee, Florida",30.4383° N,84.2807° W,415.3793751,Jonas BlixtNot Likely,Not Likely,"Detroit, MI",42.4263°N,83.1262°W,COLLEGE
Daniel Hillier,N/A,,,,Daniel HillierNot Likely,Not Likely,"Detroit, MI",42.4263°N,83.1262°W,COLLEGE
Aaron Jarvis,"Las Vegas, Nevada",36.1699° N,115.1398° W,877.0873629,Aaron JarvisNot Likely,Not Likely,"Detroit, MI",42.4263°N,83.1262°W,COLLEGE
Hunter Wolcott,"Knoxville, Tennessee",35.9606° N,83.9207° W,224.3782639,Hunter WolcottNot Likely,Not Likely,"Detroit, MI",42.4263°N,83.1262°W,COLLEGE
Bryan Lee,"Charlottesville, Virginia",38.0339° N,78.5090° W,194.5003989,Bryan LeeNot Likely,Not Likely,"Detroit, MI",42.4263°N,83.1262°W,COLLEGE
Drew Goodman,"Norman, Oklahoma",35.1966° N,97.4458° W,458.3549788,Drew GoodmanNot Likely,Not Likely,"Detroit, MI",42.4263°N,83.1262°W,COLLEGE
Chris Gotterup,"New Brunswick, New Jersey",,,,Chris GotterupNot Likely,Not Likely,"Detroit, MI",42.4263°N,83.1262°W,COLLEGE
Jacob Bridgeman,"Clemson, South Carolina",34.6786° N,82.8385° W,267.7724948,Jacob BridgemanNot Likely,Not Likely,"Detroit, MI",42.4263°N,83.1262°W,COLLEGE
Austen Truslow,"Charleston, South Carolina",32.7765° N,79.9311° W,344.5776961,Austen TruslowNot Likely,Not Likely,"Detroit, MI",42.4263°N,83.1262°W,COLLEGE
Evan Grenus,"Philadelphia, Pennsylvania",39.9526° N,75.1652° W,223.8027783,Evan GrenusNot Likely,Not Likely,"Detroit, MI",42.4263°N,83.1262°W,COLLEGE
Matt Sharpstene,"Morgantown, West Virginia",,,,Matt SharpsteneNot Likely,Not Likely,"Detroit, MI",42.4263°N,83.1262°W,COLLEGE
Ricardo Celia,"Fort Lauderdale, Florida",26.1224° N,80.1373° W,569.5739032,Ricardo CeliaNot Likely,Not Likely,"Detroit, MI",42.4263°N,83.1262°W,COLLEGE
Daniel Gale,N/A,,,,Daniel GaleNot Likely,Not Likely,"Detroit, MI",42.4263°N,83.1262°W,COLLEGE
Drew Nesbitt,N/A,,,,Drew NesbittNot Likely,Not Likely,"Detroit, MI",42.4263°N,83.1262°W,COLLEGE
Torey Edwards,N/A,,,,Torey EdwardsNot Likely,Not Likely,"Detroit, MI",42.4263°N,83.1262°W,COLLEGE
Michael Block,"St. Louis, Missouri",38.6270° N,90.1994° W,227.3045033,Michael BlockNot Likely,Not Likely,"Detroit, MI",42.4263°N,83.1262°W,COLLEGE
Thomas Longbella,"Minneapolis, Minnesota",44.9778° N,93.2650° W,267.902179,Thomas LongbellaNot Likely,Not Likely,"Detroit, MI",42.4263°N,83.1262°W,COLLEGE
Myles Lewis,N/A,,,,Myles LewisNot Likely,Not Likely,"Detroit, MI",42.4263°N,83.1262°W,COLLEGE
Jack Wall,N/A,,,,Jack WallNot Likely,Not Likely,"Detroit, MI",42.4263°N,83.1262°W,COLLEGE
Aaron Cockerill,N/A,,,,Aaron CockerillNot Likely,Not Likely,"Detroit, MI",42.4263°N,83.1262°W,COLLEGE
Martin Simonsen,N/A,,,,Martin SimonsenNot Likely,Not Likely,"Detroit, MI",42.4263°N,83.1262°W,COLLEGE
Ben Carr,"Statesboro, Georgia",,,,Ben CarrNot Likely,Not Likely,"Detroit, MI",42.4263°N,83.1262°W,COLLEGE
Josh Hill,N/A,,,,Josh HillNot Likely,Not Likely,"Detroit, MI",42.4263°N,83.1262°W,COLLEGE
M.J. Daffue,"Beaumont, Texas",,,,M.J. DaffueNot Likely,Not Likely,"Detroit, MI",42.4263°N,83.1262°W,COLLEGE
Evan Russell,N/A,,,,Evan RussellNot Likely,Not Likely,"Detroit, MI",42.4263°N,83.1262°W,COLLEGE
David Hearn,"Laramie, Wyoming",,,,David HearnNot Likely,Not Likely,"Detroit, MI",42.4263°N,83.1262°W,COLLEGE
Matt Every,"Gainesville, Florida",29.6516° N,82.3248° W,441.8895238,Matt EveryNot Likely,Not Likely,"Detroit, MI",42.4263°N,83.1262°W,COLLEGE
Matt Short,N/A,,,,Matt ShortNot Likely,Not Likely,"Detroit, MI",42.4263°N,83.1262°W,COLLEGE
Jack Trent,"Las Vegas, Nevada",36.1699° N,115.1398° W,877.0873629,Jack TrentNot Likely,Not Likely,"Detroit, MI",42.4263°N,83.1262°W,COLLEGE
Steven Alker,N/A,,,,Steven AlkerNot Likely,Not Likely,"Detroit, MI",42.4263°N,83.1262°W,COLLEGE
Dawie van der Walt,"Beaumont, Texas",,,,Dawie van der WaltNot Likely,Not Likely,"Detroit, MI",42.4263°N,83.1262°W,COLLEGE
Jarryd Felton,N/A,,,,Jarryd FeltonNot Likely,Not Likely,"Detroit, MI",42.4263°N,83.1262°W,COLLEGE
Thomas Power Horan,N/A,,,,Thomas Power HoranNot Likely,Not Likely,"Detroit, MI",42.4263°N,83.1262°W,COLLEGE
Chase Hanna,"Lawrence, Kansas",,,,Chase HannaNot Likely,Not Likely,"Detroit, MI",42.4263°N,83.1262°W,COLLEGE
Matt Saulez,N/A,,,,Matt SaulezNot Likely,Not Likely,"Detroit, MI",42.4263°N,83.1262°W,COLLEGE
Ashton Turner,N/A,,,,Ashton TurnerNot Likely,Not Likely,"Detroit, MI",42.4263°N,83.1262°W,COLLEGE
David Nyfjäll,"Evanston, Illinois",42.0565° N,87.6753° W,117.0319153,David NyfjällNot Likely,Not Likely,"Detroit, MI",42.4263°N,83.1262°W,COLLEGE
Cameron Percy,N/A,,,,Cameron PercyNot Likely,Not Likely,"Detroit, MI",42.4263°N,83.1262°W,COLLEGE
Ben Eccles,N/A,,,,Ben EcclesNot Likely,Not Likely,"Detroit, MI",42.4263°N,83.1262°W,COLLEGE
Blair Hamilton,N/A,,,,Blair HamiltonNot Likely,Not Likely,"Detroit, MI",42.4263°N,83.1262°W,COLLEGE
James Allenby,N/A,,,,James AllenbyNot Likely,Not Likely,"Detroit, MI",42.4263°N,83.1262°W,COLLEGE
Rhein Gibson,"Edmond, Oklahoma",35.6528° N,97.4781° W,449.7131585,Rhein GibsonNot Likely,Not Likely,"Detroit, MI",42.4263°N,83.1262°W,COLLEGE
George Bryan IV,"Columbia, South Carolina",34.0007° N,81.0348° W,296.5354676,George Bryan IVNot Likely,Not Likely,"Detroit, MI",42.4263°N,83.1262°W,COLLEGE
Jack Singh Brar,N/A,,,,Jack Singh BrarNot Likely,Not Likely,"Detroit, MI",42.4263°N,83.1262°W,COLLEGE
Matt Ryan,N/A,,,,Matt RyanNot Likely,Not Likely,"Detroit, MI",42.4263°N,83.1262°W,COLLEGE
Trevor Sluman,"Louisville, Kentucky",38.2527° N,85.7585° W,159.9593139,Trevor SlumanNot Likely,Not Likely,"Detroit, MI",42.4263°N,83.1262°W,COLLEGE
,,,,,Not Likely,Not Likely,"Detroit, MI",42.4263°N,83.1262°W,COLLEGE
,,,,,Not Likely,Not Likely,"Detroit, MI",42.4263°N,83.1262°W,COLLEGE
,,,,,Not Likely,Not Likely,"Detroit, MI",42.4263°N,83.1262°W,COLLEGE
,,,,,Not Likely,Not Likely,"Detroit, MI",42.4263°N,83.1262°W,COLLEGE
,,,,,Not Likely,Not Likely,"Detroit, MI",42.4263°N,83.1262°W,COLLEGE
,,,,,Not Likely,Not Likely,"Detroit, MI",42.4263°N,83.1262°W,COLLEGE
,,,,,Not Likely,Not Likely,"Detroit, MI",42.4263°N,83.1262°W,COLLEGE
,,,,,Not Likely,Not Likely,"Detroit, MI",42.4263°N,83.1262°W,COLLEGE
,,,,,Not Likely,Not Likely,"Detroit, MI",42.4263°N,83.1262°W,COLLEGE
,,,,,Not Likely,Not Likely,"Detroit, MI",42.4263°N,83.1262°W,COLLEGE
,,,,,Not Likely,Not Likely,"Detroit, MI",42.4263°N,83.1262°W,COLLEGE
,,,,,Not Likely,Not Likely,"Detroit, MI",42.4263°N,83.1262°W,COLLEGE
,,,,,Not Likely,Not Likely,"Detroit, MI",42.4263°N,83.1262°W,COLLEGE
,,,,,Not Likely,Not Likely,"Detroit, MI",42.4263°N,83.1262°W,COLLEGE
,,,,,Not Likely,Not Likely,"Detroit, MI",42.4263°N,83.1262°W,COLLEGE
,,,,,Not Likely,Not Likely,"Detroit, MI",42.4263°N,83.1262°W,COLLEGE
,,,,,Not Likely,Not Likely,"Detroit, MI",42.4263°N,83.1262°W,COLLEGE
,,,,,Not Likely,Not Likely,"Detroit, MI",42.4263°N,83.1262°W,COLLEGE
,,,,,Not Likely,Not Likely,"Detroit, MI",42.4263°N,83.1262°W,COLLEGE
,,,,,Not Likely,Not Likely,"Detroit, MI",42.4263°N,83.1262°W,COLLEGE
,,,,,Not Likely,Not Likely,"Detroit, MI",42.4263°N,83.1262°W,COLLEGE
,,,,,Not Likely,Not Likely,"Detroit, MI",42.4263°N,83.1262°W,COLLEGE
,,,,,Not Likely,Not Likely,"Detroit, MI",42.4263°N,83.1262°W,COLLEGE
,,,,,Not Likely,Not Likely,"Detroit, MI",42.4263°N,83.1262°W,COLLEGE
,,,,,Not Likely,Not Likely,"Detroit, MI",42.4263°N,83.1262°W,COLLEGE
,,,,,Not Likely,Not Likely,"Detroit, MI",42.4263°N,83.1262°W,COLLEGE
,,,,,Not Likely,Not Likely,"Detroit, MI",42.4263°N,83.1262°W,COLLEGE
,,,,,Not Likely,Not Likely,"Detroit, MI",42.4263°N,83.1262°W,COLLEGE
,,,,,Not Likely,Not Likely,"Detroit, MI",42.4263°N,83.1262°W,COLLEGE
,,,,,Not Likely,Not Likely,"Detroit, MI",42.4263°N,83.1262°W,COLLEGE
,,,,,Not Likely,Not Likely,"Detroit, MI",42.4263°N,83.1262°W,COLLEGE
,,,,,Not Likely,Not Likely,"Detroit, MI",42.4263°N,83.1262°W,COLLEGE
,,,,,Not Likely,Not Likely,"Detroit, MI",42.4263°N,83.1262°W,COLLEGE
,,,,,Not Likely,Not Likely,"Detroit, MI",42.4263°N,83.1262°W,COLLEGE
,,,,,Not Likely,Not Likely,"Detroit, MI",42.4263°N,83.1262°W,COLLEGE
,,,,,Not Likely,Not Likely,"Detroit, MI",42.4263°N,83.1262°W,COLLEGE
,,,,,Not Likely,Not Likely,"Detroit, MI",42.4263°N,83.1262°W,COLLEGE
,,,,,Not Likely,Not Likely,"Detroit, MI",42.4263°N,83.1262°W,COLLEGE
,,,,,Not Likely,Not Likely,"Detroit, MI",42.4263°N,83.1262°W,COLLEGE
,,,,,Not Likely,Not Likely,"Detroit, MI",42.4263°N,83.1262°W,COLLEGE
,,,,,Not Likely,Not Likely,"Detroit, MI",42.4263°N,83.1262°W,COLLEGE
,,,,,Not Likely,Not Likely,"Detroit, MI",42.4263°N,83.1262°W,COLLEGE
,,,,,Not Likely,Not Likely,"Detroit, MI",42.4263°N,83.1262°W,COLLEGE
,,,,,Not Likely,Not Likely,"Detroit, MI",42.4263°N,83.1262°W,COLLEGE
,,,,,Not Likely,Not Likely,"Detroit, MI",42.4263°N,83.1262°W,COLLEGE
,,,,,Not Likely,Not Likely,"Detroit, MI",42.4263°N,83.1262°W,COLLEGE
,,,,,Not Likely,Not Likely,"Detroit, MI",42.4263°N,83.1262°W,COLLEGE
,,,,,Not Likely,Not Likely,"Detroit, MI",42.4263°N,83.1262°W,COLLEGE
,,,,,Not Likely,Not Likely,"Detroit, MI",42.4263°N,83.1262°W,COLLEGE
,,,,,Not Likely,Not Likely,"Detroit, MI",42.4263°N,83.1262°W,COLLEGE
,,,,,Not Likely,Not Likely,"Detroit, MI",42.4263°N,83.1262°W,COLLEGE
,,,,,Not Likely,Not Likely,"Detroit, MI",42.4263°N,83.1262°W,COLLEGE
,,,,,Not Likely,Not Likely,"Detroit, MI",42.4263°N,83.1262°W,COLLEGE
,,,,,Not Likely,Not Likely,"Detroit, MI",42.4263°N,83.1262°W,COLLEGE
,,,,,Not Likely,Not Likely,"Detroit, MI",42.4263°N,83.1262°W,COLLEGE
,,,,,Not Likely,Not Likely,"Detroit, MI",42.4263°N,83.1262°W,COLLEGE
,,,,,Not Likely,Not Likely,"Detroit, MI",42.4263°N,83.1262°W,COLLEGE
,,,,,Not Likely,Not Likely,"Detroit, MI",42.4263°N,83.1262°W,PLAYS FROM
Scottie Scheffler,"Dallas, Texas",32.7767° N,96.7970° W,499.9730235,Scottie SchefflerNot Likely,Not Likely,"Detroit, MI",42.4263°N,83.1262°W,PLAYS FROM
Xander Schauffele,"Jupiter, Florida",26.9342° N,80.0942° W,541.9910478,Xander SchauffeleNot Likely,Not Likely,"Detroit, MI",42.4263°N,83.1262°W,PLAYS FROM
Rory McIlroy,"Jupiter, Florida",26.9342° N,80.0942° W,541.9910478,Rory McIlroyNot Likely,Not Likely,"Detroit, MI",42.4263°N,83.1262°W,PLAYS FROM
Ludvig Aberg,"Jupiter, Florida",26.9342° N,80.0942° W,541.9910478,Ludvig AbergNot Likely,Not Likely,"Detroit, MI",42.4263°N,83.1262°W,PLAYS FROM
Collin Morikawa,"Las Vegas, Nevada",36.1699° N,115.1398° W,877.0873629,Collin MorikawaNot Likely,Not Likely,"Detroit, MI",42.4263°N,83.1262°W,PLAYS FROM
Hideki Matsuyama,"Orlando, Florida",28.5383° N,81.3792° W,482.2687471,Hideki MatsuyamaNot Likely,Not Likely,"Detroit, MI",42.4263°N,83.1262°W,PLAYS FROM
Wyndham Clark,"Scottsdale, Arizona",33.4942° N,111.9261° W,837.9126407,Wyndham ClarkNot Likely,Not Likely,"Detroit, MI",42.4263°N,83.1262°W,PLAYS FROM
Tyrrell Hatton,"Lake Nona, Florida",28.4618° N,81.2576° W,485.2546015,Tyrrell HattonNot Likely,Not Likely,"Detroit, MI",42.4263°N,83.1262°W,PLAYS FROM
Justin Thomas,"Jupiter, Florida",26.9342° N,80.0942° W,541.9910478,Justin ThomasNot Likely,Not Likely,"Detroit, MI",42.4263°N,83.1262°W,PLAYS FROM
Tommy Fleetwood,"Windermere, Florida",28.4956° N,81.5348° W,483.3174986,Tommy FleetwoodNot Likely,Not Likely,"Detroit, MI",42.4263°N,83.1262°W,PLAYS FROM
Bryson DeChambeau,"Dallas, Texas",32.7767° N,96.7970° W,499.9730235,Bryson DeChambeauNot Likely,Not Likely,"Detroit, MI",42.4263°N,83.1262°W,PLAYS FROM
Patrick Cantlay,"Jupiter, Florida",26.9342° N,80.0942° W,541.9910478,Patrick CantlayNot Likely,Not Likely,"Detroit, MI",42.4263°N,83.1262°W,PLAYS FROM
Maverick McNealy,"Las Vegas, Nevada",36.1699° N,115.1398° W,877.0873629,Maverick McNealyNot Likely,Not Likely,"Detroit, MI",42.4263°N,83.1262°W,PLAYS FROM
Viktor Hovland,"Jupiter, Florida",26.9342° N,80.0942° W,541.9910478,Viktor HovlandNot Likely,Not Likely,"Detroit, MI",42.4263°N,83.1262°W,PLAYS FROM
Keegan Bradley,"Jupiter, Florida",26.9342° N,80.0942° W,541.9910478,Keegan BradleyNot Likely,Not Likely,"Detroit, MI",42.4263°N,83.1262°W,PLAYS FROM
Robert MacIntyre,"Oban, Scotland",56.4152° N,5.4710° W,1710.415607,Robert MacIntyreNot Likely,Not Likely,"Detroit, MI",42.4263°N,83.1262°W,PLAYS FROM
Russell Henley,"Kiawah Island, South Carolina",32.6082° N,80.0848° W,349.2064107,Russell HenleyNot Likely,Not Likely,"Detroit, MI",42.4263°N,83.1262°W,PLAYS FROM
Shane Lowry,"Jupiter, Florida",26.9342° N,80.0942° W,541.9910478,Shane LowryNot Likely,Not Likely,"Detroit, MI",42.4263°N,83.1262°W,PLAYS FROM
Sepp Straka,"Athens, Georgia",33.9519° N,83.3576° W,292.8325618,Sepp StrakaNot Likely,Not Likely,"Detroit, MI",42.4263°N,83.1262°W,PLAYS FROM
Billy Horschel,"Ponte Vedra Beach, Florida",30.2397° N,81.3853° W,423.7622046,Billy HorschelNot Likely,Not Likely,"Detroit, MI",42.4263°N,83.1262°W,PLAYS FROM
Sahith Theegala,"Houston, Texas",29.7604° N,95.3698° W,553.9822431,Sahith TheegalaNot Likely,Not Likely,"Detroit, MI",42.4263°N,83.1262°W,PLAYS FROM
Sungjae Im,"La Quinta, California",33.6634° N,116.3100° W,945.2089033,Sungjae ImNot Likely,Not Likely,"Detroit, MI",42.4263°N,83.1262°W,PLAYS FROM
Thomas Detry,"Dubai, UAE",25.2048° N,55.2708° E,3532.293849,Thomas DetryNot Likely,Not Likely,"Detroit, MI",42.4263°N,83.1262°W,PLAYS FROM
Aaron Rai,"Jupiter, Florida",26.9342° N,80.0942° W,541.9910478,Aaron RaiNot Likely,Not Likely,"Detroit, MI",42.4263°N,83.1262°W,PLAYS FROM
Tom Kim,"Dallas, Texas",32.7767° N,96.7970° W,499.9730235,Tom KimNot Likely,Not Likely,"Detroit, MI",42.4263°N,83.1262°W,PLAYS FROM
Adam Scott,"Crans-Montana, Switzerland",46.3090° N,7.4791° E,2112.751077,Adam ScottNot Likely,Not Likely,"Detroit, MI",42.4263°N,83.1262°W,PLAYS FROM
Tony Finau,"Scottsdale, Arizona",33.4942° N,111.9261° W,837.9126407,Tony FinauNot Likely,Not Likely,"Detroit, MI",42.4263°N,83.1262°W,PLAYS FROM
Sam Burns,"Choudrant, Louisiana",32.5301° N,92.5124° W,427.3103341,Sam BurnsNot Likely,Not Likely,"Detroit, MI",42.4263°N,83.1262°W,PLAYS FROM
Akshay Bhatia,"Wake Forest, North Carolina",35.9799° N,78.5097° W,254.5965697,Akshay BhatiaNot Likely,Not Likely,"Detroit, MI",42.4263°N,83.1262°W,PLAYS FROM
Nick Taylor,"Abbotsford, Canada",49.0501° N,122.3046° W,960.484823,Nick TaylorNot Likely,Not Likely,"Detroit, MI",42.4263°N,83.1262°W,PLAYS FROM
Nick Dunlap,"Huntsville, Alabama",34.7304° N,86.5861° W,281.743645,Nick DunlapNot Likely,Not Likely,"Detroit, MI",42.4263°N,83.1262°W,PLAYS FROM
Byeong Hun An,"Orlando, Florida",28.5383° N,81.3792° W,482.2687471,Byeong Hun AnNot Likely,Not Likely,"Detroit, MI",42.4263°N,83.1262°W,PLAYS FROM
Jason Day,"Westerville, Ohio",40.1262° N,82.9291° W,79.62620127,Jason DayPossible,Possible,"Detroit, MI",42.4263°N,83.1262°W,PLAYS FROM
Harris English,"Sea Island, Georgia",31.1836° N,81.3498° W,391.4712913,Harris EnglishNot Likely,Not Likely,"Detroit, MI",42.4263°N,83.1262°W,PLAYS FROM
Max Greyserman,"Jupiter, Florida",26.9342° N,80.0942° W,541.9910478,Max GreysermanNot Likely,Not Likely,"Detroit, MI",42.4263°N,83.1262°W,PLAYS FROM
Denny McCarthy,"Jupiter, Florida",26.9342° N,80.0942° W,541.9910478,Denny McCarthyNot Likely,Not Likely,"Detroit, MI",42.4263°N,83.1262°W,PLAYS FROM
Brian Harman,"Sea Island, Georgia",31.1836° N,81.3498° W,391.4712913,Brian HarmanNot Likely,Not Likely,"Detroit, MI",42.4263°N,83.1262°W,PLAYS FROM
Justin Rose,"Orlando, Florida",28.5383° N,81.3792° W,482.2687471,Justin RoseNot Likely,Not Likely,"Detroit, MI",42.4263°N,83.1262°W,PLAYS FROM
J.T. Poston,"St. Simons Island, Georgia",31.1505° N,81.3887° W,392.4749265,J.T. PostonNot Likely,Not Likely,"Detroit, MI",42.4263°N,83.1262°W,PLAYS FROM
Taylor Pendrith,"Jupiter, Florida",26.9342° N,80.0942° W,541.9910478,Taylor PendrithNot Likely,Not Likely,"Detroit, MI",42.4263°N,83.1262°W,PLAYS FROM
Lucas Glover,"Jupiter, Florida",26.9342° N,80.0942° W,541.9910478,Lucas GloverNot Likely,Not Likely,"Detroit, MI",42.4263°N,83.1262°W,PLAYS FROM
Stephan Jaeger,"Knoxville, Tennessee",35.9606° N,83.9207° W,224.3782639,Stephan JaegerNot Likely,Not Likely,"Detroit, MI",42.4263°N,83.1262°W,PLAYS FROM
Matthieu Pavon,"Andernos-les-Bains, France",44.7430° N,1.1036° W,1962.042715,Matthieu PavonNot Likely,Not Likely,"Detroit, MI",42.4263°N,83.1262°W,PLAYS FROM
Austin Eckroat,"Edmond, Oklahoma",35.6528° N,97.4781° W,449.7131585,Austin EckroatNot Likely,Not Likely,"Detroit, MI",42.4263°N,83.1262°W,PLAYS FROM
Rasmus Højgaard,"Billund, Denmark",55.7333° N,9.1167° E,1977.109727,Rasmus HøjgaardNot Likely,Not Likely,"Detroit, MI",42.4263°N,83.1262°W,PLAYS FROM
Nico Echavarria,"Ponte Vedra Beach, Florida",30.2397° N,81.3853° W,423.7622046,Nico EchavarriaNot Likely,Not Likely,"Detroit, MI",42.4263°N,83.1262°W,PLAYS FROM
Cameron Young,"Jupiter, Florida",26.9342° N,80.0942° W,541.9910478,Cameron YoungNot Likely,Not Likely,"Detroit, MI",42.4263°N,83.1262°W,PLAYS FROM
Davis Thompson,"St. Simons Island, Georgia",31.1505° N,81.3887° W,392.4749265,Davis ThompsonNot Likely,Not Likely,"Detroit, MI",42.4263°N,83.1262°W,PLAYS FROM
Cam Davis,"Bellevue, Washington",47.6104° N,122.2007° W,960.3181605,Cam DavisNot Likely,Not Likely,"Detroit, MI",42.4263°N,83.1262°W,PLAYS FROM
Corey Conners,"Jupiter, Florida",26.9342° N,80.0942° W,541.9910478,Corey ConnersNot Likely,Not Likely,"Detroit, MI",42.4263°N,83.1262°W,PLAYS FROM
Christiaan Bezuidenhout,"Ponte Vedra Beach, Florida",30.2397° N,81.3853° W,423.7622046,Christiaan BezuidenhoutNot Likely,Not Likely,"Detroit, MI",42.4263°N,83.1262°W,PLAYS FROM
Daniel Berger,"Jupiter, Florida",26.9342° N,80.0942° W,541.9910478,Daniel BergerNot Likely,Not Likely,"Detroit, MI",42.4263°N,83.1262°W,PLAYS FROM
Laurie Canter,"Bath, England",51.3758° N,2.3599° W,1833.007425,Laurie CanterNot Likely,Not Likely,"Detroit, MI",42.4263°N,83.1262°W,PLAYS FROM
Jon Rahm,"Scottsdale, Arizona",33.4942° N,111.9261° W,837.9126407,Jon RahmNot Likely,Not Likely,"Detroit, MI",42.4263°N,83.1262°W,PLAYS FROM
Min Woo Lee,"Northbridge, Australia",,,,Min Woo LeeNot Likely,Not Likely,"Detroit, MI",42.4263°N,83.1262°W,PLAYS FROM
Matt McCarty,"Scottsdale, Arizona",33.4942° N,111.9261° W,837.9126407,Matt McCartyNot Likely,Not Likely,"Detroit, MI",42.4263°N,83.1262°W,PLAYS FROM
Ben Griffin,"St. Simons Island, Georgia",31.1505° N,81.3887° W,392.4749265,Ben GriffinNot Likely,Not Likely,"Detroit, MI",42.4263°N,83.1262°W,PLAYS FROM
Eric Cole,"Tequesta, Florida",26.9683° N,80.1287° W,540.672517,Eric ColeNot Likely,Not Likely,"Detroit, MI",42.4263°N,83.1262°W,PLAYS FROM
Thriston Lawrence,"Nelspruit, South Africa",25.4753° S,30.9694° E,4291.101615,Thriston LawrenceNot Likely,Not Likely,"Detroit, MI",42.4263°N,83.1262°W,PLAYS FROM
Matt Fitzpatrick,"Jupiter, Florida",26.9342° N,80.0942° W,541.9910478,Matt FitzpatrickNot Likely,Not Likely,"Detroit, MI",42.4263°N,83.1262°W,PLAYS FROM
Alex Noren,"Jupiter, Florida",26.9342° N,80.0942° W,541.9910478,Alex NorenNot Likely,Not Likely,"Detroit, MI",42.4263°N,83.1262°W,PLAYS FROM
Jhonattan Vegas,"Houston, Texas",29.7604° N,95.3698° W,553.9822431,Jhonattan VegasNot Likely,Not Likely,"Detroit, MI",42.4263°N,83.1262°W,PLAYS FROM
Max Homa,"Scottsdale, Arizona",33.4942° N,111.9261° W,837.9126407,Max HomaNot Likely,Not Likely,"Detroit, MI",42.4263°N,83.1262°W,PLAYS FROM
Mackenzie Hughes,"Charlotte, North Carolina",35.2271° N,80.8431° W,256.1602722,Mackenzie HughesNot Likely,Not Likely,"Detroit, MI",42.4263°N,83.1262°W,PLAYS FROM
Si Woo Kim,"Allen, Texas",33.1032° N,96.6706° W,489.3690222,Si Woo KimNot Likely,Not Likely,"Detroit, MI",42.4263°N,83.1262°W,PLAYS FROM
Will Zalatoris,"Dallas, Texas",32.7767° N,96.7970° W,499.9730235,Will ZalatorisNot Likely,Not Likely,"Detroit, MI",42.4263°N,83.1262°W,PLAYS FROM
Tom Hoge,"Fargo, North Dakota",46.8772° N,96.7898° W,368.6738092,Tom HogeNot Likely,Not Likely,"Detroit, MI",42.4263°N,83.1262°W,PLAYS FROM
Nicolai Højgaard,"Billund, Denmark",55.7333° N,9.1167° E,1977.109727,Nicolai HøjgaardNot Likely,Not Likely,"Detroit, MI",42.4263°N,83.1262°W,PLAYS FROM
Adam Hadwin,"Abbotsford, Canada",49.0501° N,122.3046° W,960.484823,Adam HadwinNot Likely,Not Likely,"Detroit, MI",42.4263°N,83.1262°W,PLAYS FROM
Jordan Spieth,"Dallas, Texas",32.7767° N,96.7970° W,499.9730235,Jordan SpiethNot Likely,Not Likely,"Detroit, MI",42.4263°N,83.1262°W,PLAYS FROM
Kevin Yu,"Scottsdale, Arizona",33.4942° N,111.9261° W,837.9126407,Kevin YuNot Likely,Not Likely,"Detroit, MI",42.4263°N,83.1262°W,PLAYS FROM
Chris Kirk,"Athens, Georgia",33.9519° N,83.3576° W,292.8325618,Chris KirkNot Likely,Not Likely,"Detroit, MI",42.4263°N,83.1262°W,PLAYS FROM
Patrick Rodgers,"Jupiter, Florida",26.9342° N,80.0942° W,541.9910478,Patrick RodgersNot Likely,Not Likely,"Detroit, MI",42.4263°N,83.1262°W,PLAYS FROM
Joaquin Niemann,"Jupiter, Florida",26.9342° N,80.0942° W,541.9910478,Joaquin NiemannNot Likely,Not Likely,"Detroit, MI",42.4263°N,83.1262°W,PLAYS FROM
Matt Wallace,"London, England",51.5074° N,0.1278° W,1874.69495,Matt WallaceNot Likely,Not Likely,"Detroit, MI",42.4263°N,83.1262°W,PLAYS FROM
Sam Stevens,"Fort Worth, Texas",32.7555° N,97.3308° W,511.4035986,Sam StevensNot Likely,Not Likely,"Detroit, MI",42.4263°N,83.1262°W,PLAYS FROM
Andrew Novak,"Raleigh, North Carolina",35.7796° N,78.6382° W,259.1376517,Andrew NovakNot Likely,Not Likely,"Detroit, MI",42.4263°N,83.1262°W,PLAYS FROM
Taylor Moore,"Fort Worth, Texas",32.7555° N,97.3308° W,511.4035986,Taylor MooreNot Likely,Not Likely,"Detroit, MI",42.4263°N,83.1262°W,PLAYS FROM
Michael Kim,"Dallas, Texas",32.7767° N,96.7970° W,499.9730235,Michael KimNot Likely,Not Likely,"Detroit, MI",42.4263°N,83.1262°W,PLAYS FROM
Thorbjørn Olesen,"Dubai, UAE",25.2048° N,55.2708° E,3532.293849,Thorbjørn OlesenNot Likely,Not Likely,"Detroit, MI",42.4263°N,83.1262°W,PLAYS FROM
J.J. Spaun,"Scottsdale, Arizona",33.4942° N,111.9261° W,837.9126407,J.J. SpaunNot Likely,Not Likely,"Detroit, MI",42.4263°N,83.1262°W,PLAYS FROM
Beau Hossler,"Mission Viejo, California",33.6000° N,117.6720° W,980.7169932,Beau HosslerNot Likely,Not Likely,"Detroit, MI",42.4263°N,83.1262°W,PLAYS FROM
David Puig,"La Garriga, Spain",41.6864° N,2.2865° E,2089.331827,David PuigNot Likely,Not Likely,"Detroit, MI",42.4263°N,83.1262°W,PLAYS FROM
Justin Lower,"North Palm Beach, Florida",26.8462° N,80.0470° W,545.2100234,Justin LowerNot Likely,Not Likely,"Detroit, MI",42.4263°N,83.1262°W,PLAYS FROM
Rasmus Neergaard-Petersen,"Copenhagen, Denmark",55.6761° N,12.5683° E,2036.371671,Rasmus Neergaard-PetersenNot Likely,Not Likely,"Detroit, MI",42.4263°N,83.1262°W,PLAYS FROM
Lee Hodges,"Elkmont, Alabama",34.9290° N,86.9739° W,278.9411137,Lee HodgesNot Likely,Not Likely,"Detroit, MI",42.4263°N,83.1262°W,PLAYS FROM
Erik van Rooyen,"Jupiter, Florida",26.9342° N,80.0942° W,541.9910478,Erik van RooyenNot Likely,Not Likely,"Detroit, MI",42.4263°N,83.1262°W,PLAYS FROM
Harry Hall,"Las Vegas, Nevada",36.1699° N,115.1398° W,877.0873629,Harry HallNot Likely,Not Likely,"Detroit, MI",42.4263°N,83.1262°W,PLAYS FROM
Kurt Kitayama,"Henderson, Nevada",36.0395° N,114.9817° W,874.9148637,Kurt KitayamaNot Likely,Not Likely,"Detroit, MI",42.4263°N,83.1262°W,PLAYS FROM
Niklas Nørgaard,"Aarhus, Denmark",56.1581° N,10.2114° E,1988.543934,Niklas NørgaardNot Likely,Not Likely,"Detroit, MI",42.4263°N,83.1262°W,PLAYS FROM
John Parry,"Harrogate, England",53.9921° N,1.5418° W,1812.496449,John ParryNot Likely,Not Likely,"Detroit, MI",42.4263°N,83.1262°W,PLAYS FROM
Romain Langasque,"Saint-Raphaël, France",43.4253° N,6.7680° E,2152.500384,Romain LangasqueNot Likely,Not Likely,"Detroit, MI",42.4263°N,83.1262°W,PLAYS FROM
Max McGreevy,"https://pga-tour-res.cloudinary.com/image/upload/c_fill,d_headshots_default.png,dpr_2.0,f_auto,g_face:center,h_350,q_auto,w_280/headshots_51950.png",,,,Max McGreevyNot Likely,Not Likely,"Detroit, MI",42.4263°N,83.1262°W,PLAYS FROM
Luke Clanton,"Hialeah, Florida",25.8576° N,80.2781° W,578.0676134,Luke ClantonNot Likely,Not Likely,"Detroit, MI",42.4263°N,83.1262°W,PLAYS FROM
Rickie Fowler,"Jupiter, Florida",26.9342° N,80.0942° W,541.9910478,Rickie FowlerNot Likely,Not Likely,"Detroit, MI",42.4263°N,83.1262°W,PLAYS FROM
Victor Perez,"Dundee, Scotland",56.4620° N,2.9707° W,1754.92863,Victor PerezNot Likely,Not Likely,"Detroit, MI",42.4263°N,83.1262°W,PLAYS FROM
Brian Campbell,"Irvine, California",33.6846° N,117.8265° W,983.2498121,Brian CampbellNot Likely,Not Likely,"Detroit, MI",42.4263°N,83.1262°W,PLAYS FROM
Cameron Smith,"Jacksonville, Florida",30.3322° N,81.6557° W,419.7930572,Cameron SmithNot Likely,Not Likely,"Detroit, MI",42.4263°N,83.1262°W,PLAYS FROM
Jake Knapp,"Costa Mesa, California",33.6411° N,117.9187° W,986.2963629,Jake KnappNot Likely,Not Likely,"Detroit, MI",42.4263°N,83.1262°W,PLAYS FROM
Keith Mitchell,"St. Simons Island, Georgia",31.1505° N,81.3887° W,392.4749265,Keith MitchellNot Likely,Not Likely,"Detroit, MI",42.4263°N,83.1262°W,PLAYS FROM
Charley Hoffman,"Scottsdale, Arizona",33.4942° N,111.9261° W,837.9126407,Charley HoffmanNot Likely,Not Likely,"Detroit, MI",42.4263°N,83.1262°W,PLAYS FROM
Matteo Manassero,"Verona, Italy",45.4384° N,10.9916° E,2199.727098,Matteo ManasseroNot Likely,Not Likely,"Detroit, MI",42.4263°N,83.1262°W,PLAYS FROM
Ryan Fox,"Auckland, New Zealand",36.8485° S,174.7633° E,4211.444978,Ryan FoxNot Likely,Not Likely,"Detroit, MI",42.4263°N,83.1262°W,PLAYS FROM
Jordan Smith,"Bath, England",51.3758° N,2.3599° W,1833.007425,Jordan SmithNot Likely,Not Likely,"Detroit, MI",42.4263°N,83.1262°W,PLAYS FROM
Doug Ghim,"Las Vegas, Nevada",36.1699° N,115.1398° W,877.0873629,Doug GhimNot Likely,Not Likely,"Detroit, MI",42.4263°N,83.1262°W,PLAYS FROM
Shaun Norris,"Pretoria, South Africa",25.7479° S,28.2293° E,4227.049554,Shaun NorrisNot Likely,Not Likely,"Detroit, MI",42.4263°N,83.1262°W,PLAYS FROM
Kensei Hirata,"Tokyo, Japan",35.6762° N,139.6503° E,3201.644467,Kensei HirataNot Likely,Not Likely,"Detroit, MI",42.4263°N,83.1262°W,PLAYS FROM
Jesper Svensson,"Stockholm, Sweden",59.3293° N,18.0686° E,2056.403992,Jesper SvenssonNot Likely,Not Likely,"Detroit, MI",42.4263°N,83.1262°W,PLAYS FROM
Aldrich Potgieter,"Mossel Bay, South Africa",34.1832° S,22.1460° E,4238.083275,Aldrich PotgieterNot Likely,Not Likely,"Detroit, MI",42.4263°N,83.1262°W,PLAYS FROM
Ryo Hisatsune,"Ponte Vedra Beach, Florida",30.2397° N,81.3853° W,423.7622046,Ryo HisatsuneNot Likely,Not Likely,"Detroit, MI",42.4263°N,83.1262°W,PLAYS FROM
Adam Schenk,"Vincennes, Indiana",38.6773° N,87.5286° W,173.5249102,Adam SchenkNot Likely,Not Likely,"Detroit, MI",42.4263°N,83.1262°W,PLAYS FROM
Mark Hubbard,"The Woodlands, Texas",30.1658° N,95.4613° W,544.0834729,Mark HubbardNot Likely,Not Likely,"Detroit, MI",42.4263°N,83.1262°W,PLAYS FROM
Patrick Fishburn,"Ogden, Utah",41.2230° N,111.9738° W,740.2438208,Patrick FishburnNot Likely,Not Likely,"Detroit, MI",42.4263°N,83.1262°W,PLAYS FROM
Paul Waring,"Birkenhead, England",53.3890° N,3.0230° W,1792.583768,Paul WaringNot Likely,Not Likely,"Detroit, MI",42.4263°N,83.1262°W,PLAYS FROM
Tom McKibbin,"Newtownabbey, Northern Ireland",54.6792° N,5.9046° W,1722.017018,Tom McKibbinNot Likely,Not Likely,"Detroit, MI",42.4263°N,83.1262°W,PLAYS FROM
Jorge Campillo,"Cáceres, Spain",,,,Jorge CampilloNot Likely,Not Likely,"Detroit, MI",42.4263°N,83.1262°W,PLAYS FROM
C.T. Pan,"Jupiter, Florida",26.9342° N,80.0942° W,541.9910478,C.T. PanNot Likely,Not Likely,"Detroit, MI",42.4263°N,83.1262°W,PLAYS FROM
Matti Schmid,"Regensburg, Germany",49.0134° N,12.1016° E,2151.594226,Matti SchmidNot Likely,Not Likely,"Detroit, MI",42.4263°N,83.1262°W,PLAYS FROM
Seamus Power,"Las Vegas, Nevada",36.1699° N,115.1398° W,877.0873629,Seamus PowerNot Likely,Not Likely,"Detroit, MI",42.4263°N,83.1262°W,PLAYS FROM
Patrick Reed,"The Woodlands, Texas",30.1658° N,95.4613° W,544.0834729,Patrick ReedNot Likely,Not Likely,"Detroit, MI",42.4263°N,83.1262°W,PLAYS FROM
Patton Kizzire,"Sea Island, Georgia",31.1836° N,81.3498° W,391.4712913,Patton KizzireNot Likely,Not Likely,"Detroit, MI",42.4263°N,83.1262°W,PLAYS FROM
Julien Guerrier,"La Rochelle, France",46.1591° N,1.1520° W,1937.527753,Julien GuerrierNot Likely,Not Likely,"Detroit, MI",42.4263°N,83.1262°W,PLAYS FROM
Matthew Jordan,"Wirral, England",53.3727° N,3.0738° W,1791.831199,Matthew JordanNot Likely,Not Likely,"Detroit, MI",42.4263°N,83.1262°W,PLAYS FROM
Daniel Brown,"Northallerton, England",54.3390° N,1.4324° W,1809.878796,Daniel BrownNot Likely,Not Likely,"Detroit, MI",42.4263°N,83.1262°W,PLAYS FROM
Sebastian Soderberg,"Gothenburg, Sweden",57.7089° N,11.9746° E,1991.273364,Sebastian SoderbergNot Likely,Not Likely,"Detroit, MI",42.4263°N,83.1262°W,PLAYS FROM
Vince Whaley,"Alpharetta, Georgia",34.0754° N,84.2941° W,290.224874,Vince WhaleyNot Likely,Not Likely,"Detroit, MI",42.4263°N,83.1262°W,PLAYS FROM
Johannes Veerman,"Houston, Texas",29.7604° N,95.3698° W,553.9822431,Johannes VeermanNot Likely,Not Likely,"Detroit, MI",42.4263°N,83.1262°W,PLAYS FROM
Emiliano Grillo,"Jupiter, Florida",26.9342° N,80.0942° W,541.9910478,Emiliano GrilloNot Likely,Not Likely,"Detroit, MI",42.4263°N,83.1262°W,PLAYS FROM
Matt Kuchar,"Jupiter, Florida",26.9342° N,80.0942° W,541.9910478,Matt KucharNot Likely,Not Likely,"Detroit, MI",42.4263°N,83.1262°W,PLAYS FROM
Antoine Rozner,"Dubai, UAE",25.2048° N,55.2708° E,3532.293849,Antoine RoznerNot Likely,Not Likely,"Detroit, MI",42.4263°N,83.1262°W,PLAYS FROM
John Catlin,"Scottsdale, Arizona",33.4942° N,111.9261° W,837.9126407,John CatlinNot Likely,Not Likely,"Detroit, MI",42.4263°N,83.1262°W,PLAYS FROM
Dean Burmester,"Jupiter, Florida",26.9342° N,80.0942° W,541.9910478,Dean BurmesterNot Likely,Not Likely,"Detroit, MI",42.4263°N,83.1262°W,PLAYS FROM
Brendon Todd,"Athens, Georgia",33.9519° N,83.3576° W,292.8325618,Brendon ToddNot Likely,Not Likely,"Detroit, MI",42.4263°N,83.1262°W,PLAYS FROM
Rico Hoey,"Rancho Cucamonga, California",34.1064° N,117.5931° W,970.5301515,Rico HoeyNot Likely,Not Likely,"Detroit, MI",42.4263°N,83.1262°W,PLAYS FROM
Joseph Dean,"Wolverhampton, England",52.5862° N,2.1280° W,1820.558824,Joseph DeanNot Likely,Not Likely,"Detroit, MI",42.4263°N,83.1262°W,PLAYS FROM
Keita Nakajima,"Tokyo, Japan",35.6762° N,139.6503° E,3201.644467,Keita NakajimaNot Likely,Not Likely,"Detroit, MI",42.4263°N,83.1262°W,PLAYS FROM
Alex Smalley,"Greensboro, North Carolina",36.0726° N,79.7920° W,236.8802801,Alex SmalleyNot Likely,Not Likely,"Detroit, MI",42.4263°N,83.1262°W,PLAYS FROM
Daniel Hillier,"Wellington, New Zealand",41.2865° S,174.7762° E,4289.08113,Daniel HillierNot Likely,Not Likely,"Detroit, MI",42.4263°N,83.1262°W,PLAYS FROM
Guido Migliozzi,"Vicenza, Italy",45.5455° N,11.5354° E,2208.413242,Guido MigliozziNot Likely,Not Likely,"Detroit, MI",42.4263°N,83.1262°W,PLAYS FROM
Luke List,"Augusta, Georgia",33.4735° N,82.0105° W,310.7740371,Luke ListNot Likely,Not Likely,"Detroit, MI",42.4263°N,83.1262°W,PLAYS FROM
Ben Kohles,"Cary, North Carolina",35.7915° N,78.7811° W,257.0170111,Ben KohlesNot Likely,Not Likely,"Detroit, MI",42.4263°N,83.1262°W,PLAYS FROM
Davis Riley,"Hattiesburg, Mississippi",31.3271° N,89.2903° W,419.2766544,Davis RileyNot Likely,Not Likely,"Detroit, MI",42.4263°N,83.1262°W,PLAYS FROM
Frankie Capan III,"North Oaks, Minnesota",45.1027° N,93.0791° W,264.7556843,Frankie Capan IIINot Likely,Not Likely,"Detroit, MI",42.4263°N,83.1262°W,PLAYS FROM
Peter Uihlein,"Jupiter, Florida",26.9342° N,80.0942° W,541.9910478,Peter UihleinNot Likely,Not Likely,"Detroit, MI",42.4263°N,83.1262°W,PLAYS FROM
Adam Svensson,"Jupiter, Florida",26.9342° N,80.0942° W,541.9910478,Adam SvenssonNot Likely,Not Likely,"Detroit, MI",42.4263°N,83.1262°W,PLAYS FROM
Andrew Putnam,"Phoenix, Arizona",33.4484° N,112.0740° W,842.3941385,Andrew PutnamNot Likely,Not Likely,"Detroit, MI",42.4263°N,83.1262°W,PLAYS FROM
Peter Malnati,"Knoxville, Tennessee",35.9606° N,83.9207° W,224.3782639,Peter MalnatiNot Likely,Not Likely,"Detroit, MI",42.4263°N,83.1262°W,PLAYS FROM
Jang Yu Bin,"Seoul, South Korea",37.5665° N,126.9780° E,3297.267117,Jang Yu BinNot Likely,Not Likely,"Detroit, MI",42.4263°N,83.1262°W,PLAYS FROM
Ben Campbell,"Queenstown, New Zealand",45.0312° S,168.6626° E,4484.784016,Ben CampbellNot Likely,Not Likely,"Detroit, MI",42.4263°N,83.1262°W,PLAYS FROM
Hayden Springer,"Nashville, Tennessee",36.1627° N,86.7816° W,237.3720848,Hayden SpringerNot Likely,Not Likely,"Detroit, MI",42.4263°N,83.1262°W,PLAYS FROM
Ewen Ferguson,"Glasgow, Scotland",55.8642° N,4.2518° W,1738.831347,Ewen FergusonNot Likely,Not Likely,"Detroit, MI",42.4263°N,83.1262°W,PLAYS FROM
Carson Young,"Greenville, South Carolina",34.8526° N,82.3940° W,262.3907378,Carson YoungNot Likely,Not Likely,"Detroit, MI",42.4263°N,83.1262°W,PLAYS FROM
Haotong Li,"Shanghai, China",31.2304° N,121.4737° E,3556.625352,Haotong LiNot Likely,Not Likely,"Detroit, MI",42.4263°N,83.1262°W,PLAYS FROM
Mac Meissner,"Dallas, Texas",32.7767° N,96.7970° W,499.9730235,Mac MeissnerNot Likely,Not Likely,"Detroit, MI",42.4263°N,83.1262°W,PLAYS FROM
Takumi Kanaya,"Tokyo, Japan",35.6762° N,139.6503° E,3201.644467,Takumi KanayaNot Likely,Not Likely,"Detroit, MI",42.4263°N,83.1262°W,PLAYS FROM
Brooks Koepka,"Jupiter, Florida",26.9342° N,80.0942° W,541.9910478,Brooks KoepkaNot Likely,Not Likely,"Detroit, MI",42.4263°N,83.1262°W,PLAYS FROM
K.H. Lee,"Irving, Texas",32.8140° N,96.9489° W,502.1428725,K.H. LeeNot Likely,Not Likely,"Detroit, MI",42.4263°N,83.1262°W,PLAYS FROM
Alejandro Del Rey,"Madrid, Spain",40.4168° N,3.7038° W,1978.791002,Alejandro Del ReyNot Likely,Not Likely,"Detroit, MI",42.4263°N,83.1262°W,PLAYS FROM
Chandler Phillips,"Huntsville, Texas",30.7235° N,95.5508° W,530.1090873,Chandler PhillipsNot Likely,Not Likely,"Detroit, MI",42.4263°N,83.1262°W,PLAYS FROM
Ben Silverman,"Jupiter, Florida",26.9342° N,80.0942° W,541.9910478,Ben SilvermanNot Likely,Not Likely,"Detroit, MI",42.4263°N,83.1262°W,PLAYS FROM
Johnny Keefer,"San Antonio, Texas",29.4241° N,98.4936° W,619.8079488,Johnny KeeferNot Likely,Not Likely,"Detroit, MI",42.4263°N,83.1262°W,PLAYS FROM
Greyson Sigg,"Sea Island, Georgia",31.1836° N,81.3498° W,391.4712913,Greyson SiggNot Likely,Not Likely,"Detroit, MI",42.4263°N,83.1262°W,PLAYS FROM
Daniel van Tonder,"Pretoria, South Africa",25.7479° S,28.2293° E,4227.049554,Daniel van TonderNot Likely,Not Likely,"Detroit, MI",42.4263°N,83.1262°W,PLAYS FROM
David Lipsky,"Las Vegas, Nevada",36.1699° N,115.1398° W,877.0873629,David LipskyNot Likely,Not Likely,"Detroit, MI",42.4263°N,83.1262°W,PLAYS FROM
Chan Kim,"Gilbert, Arizona",33.3528° N,111.7890° W,836.9536377,Chan KimNot Likely,Not Likely,"Detroit, MI",42.4263°N,83.1262°W,PLAYS FROM
Pierceson Coody,"Plano, Texas",33.0198° N,96.6989° W,491.9894817,Pierceson CoodyNot Likely,Not Likely,"Detroit, MI",42.4263°N,83.1262°W,PLAYS FROM
S.H. Kim,"Ponte Vedra Beach, Florida",30.2397° N,81.3853° W,423.7622046,S.H. KimNot Likely,Not Likely,"Detroit, MI",42.4263°N,83.1262°W,PLAYS FROM
Rikuya Hoshino,"Ibaraki, Japan",36.3418° N,140.4468° E,3170.553065,Rikuya HoshinoNot Likely,Not Likely,"Detroit, MI",42.4263°N,83.1262°W,PLAYS FROM
Sami Valimaki,"Nokia, Finland",61.4800° N,23.5010° E,2091.228169,Sami ValimakiNot Likely,Not Likely,"Detroit, MI",42.4263°N,83.1262°W,PLAYS FROM
Joe Highsmith,"Lakewood, Washington",47.1718° N,122.5185° W,968.891074,Joe HighsmithNot Likely,Not Likely,"Detroit, MI",42.4263°N,83.1262°W,PLAYS FROM
Steven Fisk,"Stockbridge, Georgia",33.5443° N,84.2338° W,308.317014,Steven FiskNot Likely,Not Likely,"Detroit, MI",42.4263°N,83.1262°W,PLAYS FROM
Adrian Meronk,"Wroclaw, Poland",51.1079° N,17.0385° E,2200.131418,Adrian MeronkNot Likely,Not Likely,"Detroit, MI",42.4263°N,83.1262°W,PLAYS FROM
Harry Higgs,"Dallas, Texas",32.7767° N,96.7970° W,499.9730235,Harry HiggsNot Likely,Not Likely,"Detroit, MI",42.4263°N,83.1262°W,PLAYS FROM
Gary Woodland,"Delray Beach, Florida",26.4615° N,80.0728° W,558.2483569,Gary WoodlandNot Likely,Not Likely,"Detroit, MI",42.4263°N,83.1262°W,PLAYS FROM
Frederic LaCroix,"Quebec City, Canada",,,,Frederic LaCroixNot Likely,Not Likely,"Detroit, MI",42.4263°N,83.1262°W,PLAYS FROM
Tim Widing,"Stockholm, Sweden",59.3293° N,18.0686° E,2056.403992,Tim WidingNot Likely,Not Likely,"Detroit, MI",42.4263°N,83.1262°W,PLAYS FROM
Dan Bradbury,"Wakefield, England",53.6833° N,1.5059° W,1817.350518,Dan BradburyNot Likely,Not Likely,"Detroit, MI",42.4263°N,83.1262°W,PLAYS FROM
Angel Ayora,"Madrid, Spain",40.4168° N,3.7038° W,1978.791002,Angel AyoraNot Likely,Not Likely,"Detroit, MI",42.4263°N,83.1262°W,PLAYS FROM
Isaiah Salinda,"South San Francisco, California",37.6547° N,122.4077° W,1042.485295,Isaiah SalindaNot Likely,Not Likely,"Detroit, MI",42.4263°N,83.1262°W,PLAYS FROM
Rafael Campos,"San Juan, Puerto Rico",18.4655° N,66.1057° W,966.4325132,Rafael CamposNot Likely,Not Likely,"Detroit, MI",42.4263°N,83.1262°W,PLAYS FROM
Zac Blair,"St. George, Utah",37.0965° N,113.5684° W,824.4204112,Zac BlairNot Likely,Not Likely,"Detroit, MI",42.4263°N,83.1262°W,PLAYS FROM
Joel Dahmen,"Scottsdale, Arizona",33.4942° N,111.9261° W,837.9126407,Joel DahmenNot Likely,Not Likely,"Detroit, MI",42.4263°N,83.1262°W,PLAYS FROM
David Ravetto,"Paris, France",48.8566° N,2.3522° E,1965.174277,David RavettoNot Likely,Not Likely,"Detroit, MI",42.4263°N,83.1262°W,PLAYS FROM
Sam Bairstow,"Sheffield, England",53.3811° N,1.4701° W,1822.156769,Sam BairstowNot Likely,Not Likely,"Detroit, MI",42.4263°N,83.1262°W,PLAYS FROM
Alex Fitzpatrick,"Sheffield, England",53.3811° N,1.4701° W,1822.156769,Alex FitzpatrickNot Likely,Not Likely,"Detroit, MI",42.4263°N,83.1262°W,PLAYS FROM
Angel Hidalgo Jordan,"Malaga, Spain",36.7202° N,4.4213° W,2028.513149,Angel Hidalgo JordanNot Likely,Not Likely,"Detroit, MI",42.4263°N,83.1262°W,PLAYS FROM
William Mouw,"Chino, California",34.0122° N,117.6889° W,974.4665874,William MouwNot Likely,Not Likely,"Detroit, MI",42.4263°N,83.1262°W,PLAYS FROM
Brice Garnett,"Gallatin, Missouri",39.9145° N,93.9622° W,294.6079957,Brice GarnettNot Likely,Not Likely,"Detroit, MI",42.4263°N,83.1262°W,PLAYS FROM
Ryan Gerard,"Jupiter, Florida",26.9342° N,80.0942° W,541.9910478,Ryan GerardNot Likely,Not Likely,"Detroit, MI",42.4263°N,83.1262°W,PLAYS FROM
Alejandro Tosti,"Rosario, Argentina",32.9587° S,60.6930° W,2699.643069,Alejandro TostiNot Likely,Not Likely,"Detroit, MI",42.4263°N,83.1262°W,PLAYS FROM
Kris Ventura,"Puerto Vallarta, Mexico",20.6408° N,105.2247° W,988.6561751,Kris VenturaNot Likely,Not Likely,"Detroit, MI",42.4263°N,83.1262°W,PLAYS FROM
Yuta Sugiura,"Tokyo, Japan",35.6762° N,139.6503° E,3201.644467,Yuta SugiuraNot Likely,Not Likely,"Detroit, MI",42.4263°N,83.1262°W,PLAYS FROM
Nacho Elvira,"Madrid, Spain",40.4168° N,3.7038° W,1978.791002,Nacho ElviraNot Likely,Not Likely,"Detroit, MI",42.4263°N,83.1262°W,PLAYS FROM
Sam Ryder,"Ponte Vedra Beach, Florida",30.2397° N,81.3853° W,423.7622046,Sam RyderNot Likely,Not Likely,"Detroit, MI",42.4263°N,83.1262°W,PLAYS FROM
Taylor Dickson,"Johannesburg, South Africa",26.2041° S,28.0473° E,4231.577683,Taylor DicksonNot Likely,Not Likely,"Detroit, MI",42.4263°N,83.1262°W,PLAYS FROM
Alexander Björk,"Växjö, Sweden",56.8790° N,14.8059° E,2051.349674,Alexander BjörkNot Likely,Not Likely,"Detroit, MI",42.4263°N,83.1262°W,PLAYS FROM
David Micheluzzi,"Melbourne, Australia",37.8136° S,144.9631° E,4955.121986,David MicheluzziNot Likely,Not Likely,"Detroit, MI",42.4263°N,83.1262°W,PLAYS FROM
Henrik Norlander,"Greenville, South Carolina",34.8526° N,82.3940° W,262.3907378,Henrik NorlanderNot Likely,Not Likely,"Detroit, MI",42.4263°N,83.1262°W,PLAYS FROM
Michael Thorbjornsen,"Wellesley, Massachusetts",42.2965° N,71.2924° W,301.8718635,Michael ThorbjornsenNot Likely,Not Likely,"Detroit, MI",42.4263°N,83.1262°W,PLAYS FROM
Brandon R-Thompson,"Dallas, Texas",32.7767° N,96.7970° W,499.9730235,Brandon R-ThompsonNot Likely,Not Likely,"Detroit, MI",42.4263°N,83.1262°W,PLAYS FROM
Connor Syme,"Kirkcaldy, Scotland",56.1099° N,3.1602° W,1755.73353,Connor SymeNot Likely,Not Likely,"Detroit, MI",42.4263°N,83.1262°W,PLAYS FROM
Jackson Suber,"Tampa, Florida",27.9506° N,82.4572° W,500.4445314,Jackson SuberNot Likely,Not Likely,"Detroit, MI",42.4263°N,83.1262°W,PLAYS FROM
Thomas Rosenmueller,"Hamburg, Germany",53.5488° N,9.9872° E,2029.49057,Thomas RosenmuellerNot Likely,Not Likely,"Detroit, MI",42.4263°N,83.1262°W,PLAYS FROM
Kevin Roy,"Tampa, Florida",27.9506° N,82.4572° W,500.4445314,Kevin RoyNot Likely,Not Likely,"Detroit, MI",42.4263°N,83.1262°W,PLAYS FROM
Jacob Bridgeman,"Inman, South Carolina",35.0470° N,82.0901° W,256.4512343,Jacob BridgemanNot Likely,Not Likely,"Detroit, MI",42.4263°N,83.1262°W,PLAYS FROM
Andy Sullivan,"Nuneaton, England",52.5205° N,1.4654° W,1834.209243,Andy SullivanNot Likely,Not Likely,"Detroit, MI",42.4263°N,83.1262°W,PLAYS FROM
Elvis Smylie,"Gold Coast, Australia",28.0167° S,153.4000° E,4579.432783,Elvis SmylieNot Likely,Not Likely,"Detroit, MI",42.4263°N,83.1262°W,PLAYS FROM
Adrian Otaegui,"San Sebastián, Spain",43.3128° N,1.9749° W,1967.363415,Adrian OtaeguiNot Likely,Not Likely,"Detroit, MI",42.4263°N,83.1262°W,PLAYS FROM
Marcel Siem,"Ratingen, Germany",51.2976° N,6.8498° E,2011.265896,Marcel SiemNot Likely,Not Likely,"Detroit, MI",42.4263°N,83.1262°W,PLAYS FROM
Nicolas Colsaerts,"Brussels, Belgium",50.8503° N,4.3517° E,1971.418189,Nicolas ColsaertsNot Likely,Not Likely,"Detroit, MI",42.4263°N,83.1262°W,PLAYS FROM
Yannik Paul,"Innsbruck, Austria",47.2692° N,11.4041° E,2172.006853,Yannik PaulNot Likely,Not Likely,"Detroit, MI",42.4263°N,83.1262°W,PLAYS FROM
Marcus Armitage,"Nottingham, England",52.9548° N,1.1581° W,1833.987416,Marcus ArmitageNot Likely,Not Likely,"Detroit, MI",42.4263°N,83.1262°W,PLAYS FROM
Chris Gotterup,"Jupiter, Florida",26.9342° N,80.0942° W,541.9910478,Chris GotterupNot Likely,Not Likely,"Detroit, MI",42.4263°N,83.1262°W,PLAYS FROM
Kevin Streelman,"Scottsdale, Arizona",33.4942° N,111.9261° W,837.9126407,Kevin StreelmanNot Likely,Not Likely,"Detroit, MI",42.4263°N,83.1262°W,PLAYS FROM
Adrien Saddier,"Lyon, France",45.7640° N,4.8357° E,2068.99161,Adrien SaddierNot Likely,Not Likely,"Detroit, MI",42.4263°N,83.1262°W,PLAYS FROM
Jacques Kruyswijk,"Pretoria, South Africa",25.7479° S,28.2293° E,4227.049554,Jacques KruyswijkNot Likely,Not Likely,"Detroit, MI",42.4263°N,83.1262°W,PLAYS FROM
Pablo Larrazabal,"Barcelona, Spain",41.3851° N,2.1734° E,2092.424405,Pablo LarrazabalNot Likely,Not Likely,"Detroit, MI",42.4263°N,83.1262°W,PLAYS FROM
Adrien Dumont de Chassart,"Fort Myers, Florida",26.6406° N,81.8723° W,546.4977116,Adrien Dumont de ChassartNot Likely,Not Likely,"Detroit, MI",42.4263°N,83.1262°W,PLAYS FROM
Alistair Docherty,"Seattle, Washington",47.6062° N,122.3321° W,963.3814057,Alistair DochertyNot Likely,Not Likely,"Detroit, MI",42.4263°N,83.1262°W,PLAYS FROM
Nate Lashley,"Scottsdale, Arizona",33.4942° N,111.9261° W,837.9126407,Nate LashleyNot Likely,Not Likely,"Detroit, MI",42.4263°N,83.1262°W,PLAYS FROM
Ugo Coussaud,"Nantes, France",47.2184° N,1.5536° W,1912.020035,Ugo CoussaudNot Likely,Not Likely,"Detroit, MI",42.4263°N,83.1262°W,PLAYS FROM
Wesley Bryan,"Augusta, Georgia",33.4735° N,82.0105° W,310.7740371,Wesley BryanNot Likely,Not Likely,"Detroit, MI",42.4263°N,83.1262°W,PLAYS FROM
Bernd Wiesberger,"Vienna, Austria",48.2082° N,16.3738° E,2247.337976,Bernd WiesbergerNot Likely,Not Likely,"Detroit, MI",42.4263°N,83.1262°W,PLAYS FROM
Ryo Ishikawa,"Saitama, Japan",35.8617° N,139.6455° E,3196.168743,Ryo IshikawaNot Likely,Not Likely,"Detroit, MI",42.4263°N,83.1262°W,PLAYS FROM
Robin Williams,"Johannesburg, South Africa",26.2041° S,28.0473° E,4231.577683,Robin WilliamsNot Likely,Not Likely,"Detroit, MI",42.4263°N,83.1262°W,PLAYS FROM
Jayden Schaper,"Johannesburg, South Africa",26.2041° S,28.0473° E,4231.577683,Jayden SchaperNot Likely,Not Likely,"Detroit, MI",42.4263°N,83.1262°W,PLAYS FROM
Paul Peterson,"Tucson, Arizona",32.2226° N,110.9747° W,837.27907,Paul PetersonNot Likely,Not Likely,"Detroit, MI",42.4263°N,83.1262°W,PLAYS FROM
Grant Forrest,"North Berwick, Scotland",56.0583° N,2.7209° W,1764.289542,Grant ForrestNot Likely,Not Likely,"Detroit, MI",42.4263°N,83.1262°W,PLAYS FROM
Shugo Imahira,"Tokyo, Japan",35.6762° N,139.6503° E,3201.644467,Shugo ImahiraNot Likely,Not Likely,"Detroit, MI",42.4263°N,83.1262°W,PLAYS FROM
Dylan Wu,"Medford, Oregon",42.3265° N,122.8756° W,1004.989528,Dylan WuNot Likely,Not Likely,"Detroit, MI",42.4263°N,83.1262°W,PLAYS FROM
Neal Shipley,"Pittsburgh, Pennsylvania",40.4406° N,79.9959° W,106.1912053,Neal ShipleyNot Likely,Not Likely,"Detroit, MI",42.4263°N,83.1262°W,PLAYS FROM
Richard Lee,"Toronto, Canada",43.6532° N,79.3832° W,103.5661663,Richard LeeNot Likely,Not Likely,"Detroit, MI",42.4263°N,83.1262°W,PLAYS FROM
Joost Luiten,"Bleiswijk, Netherlands",52.0105° N,4.5396° E,1956.016097,Joost LuitenNot Likely,Not Likely,"Detroit, MI",42.4263°N,83.1262°W,PLAYS FROM
Louis Oosthuizen,"Jupiter, Florida",26.9342° N,80.0942° W,541.9910478,Louis OosthuizenNot Likely,Not Likely,"Detroit, MI",42.4263°N,83.1262°W,PLAYS FROM
Jeff Winther,"Copenhagen, Denmark",55.6761° N,12.5683° E,2036.371671,Jeff WintherNot Likely,Not Likely,"Detroit, MI",42.4263°N,83.1262°W,PLAYS FROM
John Pak,"Scotch Plains, New Jersey",40.6554° N,74.3899° W,233.9178679,John PakNot Likely,Not Likely,"Detroit, MI",42.4263°N,83.1262°W,PLAYS FROM
Hank Lebioda,"Orlando, Florida",28.5383° N,81.3792° W,482.2687471,Hank LebiodaNot Likely,Not Likely,"Detroit, MI",42.4263°N,83.1262°W,PLAYS FROM
Francesco Laporta,"Taranto, Italy",40.4643° N,17.2470° E,2429.47671,Francesco LaportaNot Likely,Not Likely,"Detroit, MI",42.4263°N,83.1262°W,PLAYS FROM
Vincent Norrman,"Jupiter, Florida",26.9342° N,80.0942° W,541.9910478,Vincent NorrmanNot Likely,Not Likely,"Detroit, MI",42.4263°N,83.1262°W,PLAYS FROM
MK Kim,"Seoul, South Korea",37.5665° N,126.9780° E,3297.267117,MK KimNot Likely,Not Likely,"Detroit, MI",42.4263°N,83.1262°W,PLAYS FROM
Takahiro Hataji,"Tokyo, Japan",35.6762° N,139.6503° E,3201.644467,Takahiro HatajiNot Likely,Not Likely,"Detroit, MI",42.4263°N,83.1262°W,PLAYS FROM
Hamish Brown,"Auckland, New Zealand",36.8485° S,174.7633° E,4211.444978,Hamish BrownNot Likely,Not Likely,"Detroit, MI",42.4263°N,83.1262°W,PLAYS FROM
Suteepat Prateeptienchai,"Bangkok, Thailand",13.7563° N,100.5018° E,4274.104236,Suteepat PrateeptienchaiNot Likely,Not Likely,"Detroit, MI",42.4263°N,83.1262°W,PLAYS FROM
Ricky Castillo,"Yorba Linda, California",33.8886° N,117.8131° W,979.6036337,Ricky CastilloNot Likely,Not Likely,"Detroit, MI",42.4263°N,83.1262°W,PLAYS FROM
Joakim Lagergren,"Stockholm, Sweden",59.3293° N,18.0686° E,2056.403992,Joakim LagergrenNot Likely,Not Likely,"Detroit, MI",42.4263°N,83.1262°W,PLAYS FROM
Camilo Villegas,"Jupiter, Florida",26.9342° N,80.0942° W,541.9910478,Camilo VillegasNot Likely,Not Likely,"Detroit, MI",42.4263°N,83.1262°W,PLAYS FROM
Lanto Griffin,"Orlando, Florida",28.5383° N,81.3792° W,482.2687471,Lanto GriffinNot Likely,Not Likely,"Detroit, MI",42.4263°N,83.1262°W,PLAYS FROM
Taylor Montgomery,"Henderson, Nevada",36.0395° N,114.9817° W,874.9148637,Taylor MontgomeryNot Likely,Not Likely,"Detroit, MI",42.4263°N,83.1262°W,PLAYS FROM
Richard Mansell,"Stafford, England",52.8052° N,2.1164° W,1817.764297,Richard MansellNot Likely,Not Likely,"Detroit, MI",42.4263°N,83.1262°W,PLAYS FROM
Cristobal Del Solar,"Santiago, Chile",33.4489° S,70.6693° W,2650.803806,Cristobal Del SolarNot Likely,Not Likely,"Detroit, MI",42.4263°N,83.1262°W,PLAYS FROM
Bud Cauley,"Palm Beach Gardens, Florida",26.8234° N,80.1387° W,545.5836831,Bud CauleyNot Likely,Not Likely,"Detroit, MI",42.4263°N,83.1262°W,PLAYS FROM
David Skinns,"Suwanee, Georgia",34.0515° N,84.0713° W,290.4531391,David SkinnsNot Likely,Not Likely,"Detroit, MI",42.4263°N,83.1262°W,PLAYS FROM
Kyle Westmoreland,"Winter Haven, Florida",28.0225° N,81.7329° W,499.1394545,Kyle WestmorelandNot Likely,Not Likely,"Detroit, MI",42.4263°N,83.1262°W,PLAYS FROM
Frederik Kjettrup,"Aabenraa, Denmark",55.0409° N,9.4180° E,1993.873486,Frederik KjettrupNot Likely,Not Likely,"Detroit, MI",42.4263°N,83.1262°W,PLAYS FROM
Shubhankar Sharma,"Chandigarh, India",30.7333° N,76.7794° E,3611.60743,Shubhankar SharmaNot Likely,Not Likely,"Detroit, MI",42.4263°N,83.1262°W,PLAYS FROM
Trace Crowe,"Auburn, Alabama",32.6099° N,85.4808° W,345.1692758,Trace CroweNot Likely,Not Likely,"Detroit, MI",42.4263°N,83.1262°W,PLAYS FROM
Quade Cummins,"Weatherford, Oklahoma",35.5262° N,98.7070° W,480.491923,Quade CumminsNot Likely,Not Likely,"Detroit, MI",42.4263°N,83.1262°W,PLAYS FROM
Karl Vilips,"Perth, Australia",31.9505° S,115.8605° E,5585.191653,Karl VilipsNot Likely,Not Likely,"Detroit, MI",42.4263°N,83.1262°W,PLAYS FROM
Ivan Cantero Gutierrez,"Madrid, Spain",40.4168° N,3.7038° W,1978.791002,Ivan Cantero GutierrezNot Likely,Not Likely,"Detroit, MI",42.4263°N,83.1262°W,PLAYS FROM
Robby Shelton,"Wilmer, Alabama",30.8232° N,88.3614° W,426.0926144,Robby SheltonNot Likely,Not Likely,"Detroit, MI",42.4263°N,83.1262°W,PLAYS FROM
Marcus Kinhult,"Gothenburg, Sweden",57.7089° N,11.9746° E,1991.273364,Marcus KinhultNot Likely,Not Likely,"Detroit, MI",42.4263°N,83.1262°W,PLAYS FROM
Austin Smotherman,"Reno, Nevada",39.5296° N,119.8138° W,954.6194595,Austin SmothermanNot Likely,Not Likely,"Detroit, MI",42.4263°N,83.1262°W,PLAYS FROM
Darius Van Driel,"The Hague, Netherlands",52.0705° N,4.3007° E,1950.559374,Darius Van DrielNot Likely,Not Likely,"Detroit, MI",42.4263°N,83.1262°W,PLAYS FROM
Sean Crocker,"Jupiter, Florida",26.9342° N,80.0942° W,541.9910478,Sean CrockerNot Likely,Not Likely,"Detroit, MI",42.4263°N,83.1262°W,PLAYS FROM
Lucas Herbert,"Jupiter, Florida",26.9342° N,80.0942° W,541.9910478,Lucas HerbertNot Likely,Not Likely,"Detroit, MI",42.4263°N,83.1262°W,PLAYS FROM
Zander Lombard,"Pretoria, South Africa",25.7479° S,28.2293° E,4227.049554,Zander LombardNot Likely,Not Likely,"Detroit, MI",42.4263°N,83.1262°W,PLAYS FROM
Ollie Schniederjans,"Powder Springs, Georgia",33.8595° N,84.6838° W,298.9521454,Ollie SchniederjansNot Likely,Not Likely,"Detroit, MI",42.4263°N,83.1262°W,PLAYS FROM
Yuto Katsuragawa,"Tokyo, Japan",35.6762° N,139.6503° E,3201.644467,Yuto KatsuragawaNot Likely,Not Likely,"Detroit, MI",42.4263°N,83.1262°W,PLAYS FROM
Trav Smyth,"Brisbane, Australia",27.4705° S,153.0260° E,4578.55419,Trav SmythNot Likely,Not Likely,"Detroit, MI",42.4263°N,83.1262°W,PLAYS FROM
Martin Couvra,"Paris, France",48.8566° N,2.3522° E,1965.174277,Martin CouvraNot Likely,Not Likely,"Detroit, MI",42.4263°N,83.1262°W,PLAYS FROM
Danny Walker,"Richmond, Virginia",37.5407° N,77.4360° W,226.10875,Danny WalkerNot Likely,Not Likely,"Detroit, MI",42.4263°N,83.1262°W,PLAYS FROM
Brandon Stone,"Pretoria, South Africa",25.7479° S,28.2293° E,4227.049554,Brandon StoneNot Likely,Not Likely,"Detroit, MI",42.4263°N,83.1262°W,PLAYS FROM
Braden Thornberry,"Olive Branch, Mississippi",34.9618° N,89.8301° W,314.6831863,Braden ThornberryNot Likely,Not Likely,"Detroit, MI",42.4263°N,83.1262°W,PLAYS FROM
Kevin Tway,"Edmond, Oklahoma",35.6528° N,97.4781° W,449.7131585,Kevin TwayNot Likely,Not Likely,"Detroit, MI",42.4263°N,83.1262°W,PLAYS FROM
Carl Yuan,"Jacksonville, Florida",30.3322° N,81.6557° W,419.7930572,Carl YuanNot Likely,Not Likely,"Detroit, MI",42.4263°N,83.1262°W,PLAYS FROM
Calum Hill,"Kirkcaldy, Scotland",56.1099° N,3.1602° W,1755.73353,Calum HillNot Likely,Not Likely,"Detroit, MI",42.4263°N,83.1262°W,PLAYS FROM
Martin Laird,"Scottsdale, Arizona",33.4942° N,111.9261° W,837.9126407,Martin LairdNot Likely,Not Likely,"Detroit, MI",42.4263°N,83.1262°W,PLAYS FROM
Matt NeSmith,"North Augusta, South Carolina",33.5018° N,81.9651° W,309.923532,Matt NeSmithNot Likely,Not Likely,"Detroit, MI",42.4263°N,83.1262°W,PLAYS FROM
Ryosuke Kinoshita,"Osaka, Japan",34.6937° N,135.5023° E,3287.868874,Ryosuke KinoshitaNot Likely,Not Likely,"Detroit, MI",42.4263°N,83.1262°W,PLAYS FROM
Jason Scrivener,"Perth, Australia",31.9505° S,115.8605° E,5585.191653,Jason ScrivenerNot Likely,Not Likely,"Detroit, MI",42.4263°N,83.1262°W,PLAYS FROM
Sudarshan Yellamaraju,"Hyderabad, India",17.3850° N,78.4867° E,4070.760739,Sudarshan YellamarajuNot Likely,Not Likely,"Detroit, MI",42.4263°N,83.1262°W,PLAYS FROM
Barend Botha,"Cape Town, South Africa",33.9249° S,18.4241° E,4143.724309,Barend BothaNot Likely,Not Likely,"Detroit, MI",42.4263°N,83.1262°W,PLAYS FROM
Taiga Semikawa,"Tokyo, Japan",35.6762° N,139.6503° E,3201.644467,Taiga SemikawaNot Likely,Not Likely,"Detroit, MI",42.4263°N,83.1262°W,PLAYS FROM
Justin Suh,"Las Vegas, Nevada",36.1699° N,115.1398° W,877.0873629,Justin SuhNot Likely,Not Likely,"Detroit, MI",42.4263°N,83.1262°W,PLAYS FROM
Miguel Tabuena,"Manila, Philippines",14.5995° N,120.9842° E,4104.620907,Miguel TabuenaNot Likely,Not Likely,"Detroit, MI",42.4263°N,83.1262°W,PLAYS FROM
Wilco Nienaber,"Bloemfontein, South Africa",29.0852° S,26.1596° E,4240.714069,Wilco NienaberNot Likely,Not Likely,"Detroit, MI",42.4263°N,83.1262°W,PLAYS FROM
Ryan Moore,"Las Vegas, Nevada",36.1699° N,115.1398° W,877.0873629,Ryan MooreNot Likely,Not Likely,"Detroit, MI",42.4263°N,83.1262°W,PLAYS FROM
Zach Bauchou,"Forest, Virginia",,,,Zach BauchouNot Likely,Not Likely,"Detroit, MI",42.4263°N,83.1262°W,PLAYS FROM
Scott Jamieson,"Glasgow, Scotland",55.8642° N,4.2518° W,1738.831347,Scott JamiesonNot Likely,Not Likely,"Detroit, MI",42.4263°N,83.1262°W,PLAYS FROM
Eugenio Chacarra,"Madrid, Spain",40.4168° N,3.7038° W,1978.791002,Eugenio ChacarraNot Likely,Not Likely,"Detroit, MI",42.4263°N,83.1262°W,PLAYS FROM
Jamie Rutherford,"Edinburgh, Scotland",55.9533° N,3.1883° W,1757.109883,Jamie RutherfordNot Likely,Not Likely,"Detroit, MI",42.4263°N,83.1262°W,PLAYS FROM
Taisei Shimizu,"Tokyo, Japan",35.6762° N,139.6503° E,3201.644467,Taisei ShimizuNot Likely,Not Likely,"Detroit, MI",42.4263°N,83.1262°W,PLAYS FROM
Andrea Pavan,"Rome, Italy",41.9028° N,12.4964° E,2301.700964,Andrea PavanNot Likely,Not Likely,"Detroit, MI",42.4263°N,83.1262°W,PLAYS FROM
Ryggs Johnston,"Libby, Montana",48.3886° N,115.5560° W,806.4489798,Ryggs JohnstonNot Likely,Not Likely,"Detroit, MI",42.4263°N,83.1262°W,PLAYS FROM
Sam Bennett,"Madisonville, Texas",30.9499° N,95.9116° W,530.4163213,Sam BennettNot Likely,Not Likely,"Detroit, MI",42.4263°N,83.1262°W,PLAYS FROM
Chad Ramey,"Fulton, Mississippi",34.2737° N,88.4092° W,315.7648307,Chad RameyNot Likely,Not Likely,"Detroit, MI",42.4263°N,83.1262°W,PLAYS FROM
Hiroshi Iwata,"Sendai, Japan",38.2688° N,140.8694° E,3107.390602,Hiroshi IwataNot Likely,Not Likely,"Detroit, MI",42.4263°N,83.1262°W,PLAYS FROM
Casey Jarvis,"Johannesburg, South Africa",26.2041° S,28.0473° E,4231.577683,Casey JarvisNot Likely,Not Likely,"Detroit, MI",42.4263°N,83.1262°W,PLAYS FROM
Will Chandler,"Atlanta, Georgia",33.7490° N,84.3880° W,301.72143,Will ChandlerNot Likely,Not Likely,"Detroit, MI",42.4263°N,83.1262°W,PLAYS FROM
Ryan van Velzen,"Johannesburg, South Africa",26.2041° S,28.0473° E,4231.577683,Ryan van VelzenNot Likely,Not Likely,"Detroit, MI",42.4263°N,83.1262°W,PLAYS FROM
Conor Purcell,"Dublin, Ireland",53.3498° N,6.2603° W,1730.977298,Conor PurcellNot Likely,Not Likely,"Detroit, MI",42.4263°N,83.1262°W,PLAYS FROM
Todd Clements,"Colchester, England",51.8959° N,0.8919° E,1888.555542,Todd ClementsNot Likely,Not Likely,"Detroit, MI",42.4263°N,83.1262°W,PLAYS FROM
Kiradech Aphibarnrat,"Bangkok, Thailand",13.7563° N,100.5018° E,4274.104236,Kiradech AphibarnratNot Likely,Not Likely,"Detroit, MI",42.4263°N,83.1262°W,PLAYS FROM
Kazuki Higa,"Okinawa, Japan",26.2124° N,127.6809° E,3652.041107,Kazuki HigaNot Likely,Not Likely,"Detroit, MI",42.4263°N,83.1262°W,PLAYS FROM
Aaron Cockerill,"Winnipeg, Canada",49.8951° N,97.1384° W,421.9341013,Aaron CockerillNot Likely,Not Likely,"Detroit, MI",42.4263°N,83.1262°W,PLAYS FROM
Nick Hardy,"Northbrook, Illinois",42.1275° N,87.8290° W,120.6370561,Nick HardyNot Likely,Not Likely,"Detroit, MI",42.4263°N,83.1262°W,PLAYS FROM
Fabrizio Zanotti,"Asunción, Paraguay",25.2637° S,57.5759° W,2476.306056,Fabrizio ZanottiNot Likely,Not Likely,"Detroit, MI",42.4263°N,83.1262°W,PLAYS FROM
Oliver Lindell,"Helsinki, Finland",60.1699° N,24.9384° E,2137.597932,Oliver LindellNot Likely,Not Likely,"Detroit, MI",42.4263°N,83.1262°W,PLAYS FROM
S.Y. Noh,"Dallas, Texas",32.7767° N,96.7970° W,499.9730235,S.Y. NohNot Likely,Not Likely,"Detroit, MI",42.4263°N,83.1262°W,PLAYS FROM
Caleb Surratt,"Indian Trail, North Carolina",35.0768° N,80.6691° W,262.3575197,Caleb SurrattNot Likely,Not Likely,"Detroit, MI",42.4263°N,83.1262°W,PLAYS FROM
Josh Teater,"Lexington, Kentucky",38.0406° N,84.5037° W,155.8011514,Josh TeaterNot Likely,Not Likely,"Detroit, MI",42.4263°N,83.1262°W,PLAYS FROM
Joseph Bramlett,"Las Vegas, Nevada",36.1699° N,115.1398° W,877.0873629,Joseph BramlettNot Likely,Not Likely,"Detroit, MI",42.4263°N,83.1262°W,PLAYS FROM
Deon Germishuys,"Pretoria, South Africa",25.7479° S,28.2293° E,4227.049554,Deon GermishuysNot Likely,Not Likely,"Detroit, MI",42.4263°N,83.1262°W,PLAYS FROM
Garrick Higgo,"Jupiter, Florida",26.9342° N,80.0942° W,541.9910478,Garrick HiggoNot Likely,Not Likely,"Detroit, MI",42.4263°N,83.1262°W,PLAYS FROM
Alfredo Garcia-Heredia,"Madrid, Spain",40.4168° N,3.7038° W,1978.791002,Alfredo Garcia-HerediaNot Likely,Not Likely,"Detroit, MI",42.4263°N,83.1262°W,PLAYS FROM
Marcel Schneider,"Munich, Germany",48.1351° N,11.5820° E,2158.664447,Marcel SchneiderNot Likely,Not Likely,"Detroit, MI",42.4263°N,83.1262°W,PLAYS FROM
Sadom Kaewkanjana,"Bangkok, Thailand",13.7563° N,100.5018° E,4274.104236,Sadom KaewkanjanaNot Likely,Not Likely,"Detroit, MI",42.4263°N,83.1262°W,PLAYS FROM
Young-han Song,"Seoul, South Korea",37.5665° N,126.9780° E,3297.267117,Young-han SongNot Likely,Not Likely,"Detroit, MI",42.4263°N,83.1262°W,PLAYS FROM
Ren Yonezawa,"Tokyo, Japan",35.6762° N,139.6503° E,3201.644467,Ren YonezawaNot Likely,Not Likely,"Detroit, MI",42.4263°N,83.1262°W,PLAYS FROM
Ben Martin,"Greenville, South Carolina",34.8526° N,82.3940° W,262.3907378,Ben MartinNot Likely,Not Likely,"Detroit, MI",42.4263°N,83.1262°W,PLAYS FROM
Mitchell Meissner,"Houston, Texas",29.7604° N,95.3698° W,553.9822431,Mitchell MeissnerNot Likely,Not Likely,"Detroit, MI",42.4263°N,83.1262°W,PLAYS FROM
Will Gordon,"Davidson, North Carolina",,,,Will GordonNot Likely,Not Likely,"Detroit, MI",42.4263°N,83.1262°W,PLAYS FROM
Chesson Hadley,"Raleigh, North Carolina",35.7796° N,78.6382° W,259.1376517,Chesson HadleyNot Likely,Not Likely,"Detroit, MI",42.4263°N,83.1262°W,PLAYS FROM
Joel Moscatel Nachsh,"Barcelona, Spain",41.3851° N,2.1734° E,2092.424405,Joel Moscatel NachshNot Likely,Not Likely,"Detroit, MI",42.4263°N,83.1262°W,PLAYS FROM
Tom Vaillant,"Cannes, France",43.5528° N,7.0174° E,2155.27476,Tom VaillantNot Likely,Not Likely,"Detroit, MI",42.4263°N,83.1262°W,PLAYS FROM
Kevin Chappell,"Fresno, California",36.7378° N,119.7871° W,987.7280125,Kevin ChappellNot Likely,Not Likely,"Detroit, MI",42.4263°N,83.1262°W,PLAYS FROM
Davis Chatfield,"Atlanta, Georgia",33.7490° N,84.3880° W,301.72143,Davis ChatfieldNot Likely,Not Likely,"Detroit, MI",42.4263°N,83.1262°W,PLAYS FROM
Kevin Velo,"Danville, California",37.8216° N,121.9997° W,1030.002191,Kevin VeloNot Likely,Not Likely,"Detroit, MI",42.4263°N,83.1262°W,PLAYS FROM
Brandon Wu,"Scarsdale, New York",41.0051° N,73.7846° W,245.7158322,Brandon WuNot Likely,Not Likely,"Detroit, MI",42.4263°N,83.1262°W,PLAYS FROM
Hayden Buckley,"Tupelo, Mississippi",34.2576° N,88.7034° W,319.9347244,Hayden BuckleyNot Likely,Not Likely,"Detroit, MI",42.4263°N,83.1262°W,PLAYS FROM
Dylan Frittelli,"Jupiter, Florida",26.9342° N,80.0942° W,541.9910478,Dylan FrittelliNot Likely,Not Likely,"Detroit, MI",42.4263°N,83.1262°W,PLAYS FROM
Jeremy Paul,"Munich, Germany",48.1351° N,11.5820° E,2158.664447,Jeremy PaulNot Likely,Not Likely,"Detroit, MI",42.4263°N,83.1262°W,PLAYS FROM
Curtis Luck,"Perth, Australia",31.9505° S,115.8605° E,5585.191653,Curtis LuckNot Likely,Not Likely,"Detroit, MI",42.4263°N,83.1262°W,PLAYS FROM
Zach Johnson,"Jupiter, Florida",26.9342° N,80.0942° W,541.9910478,Zach JohnsonNot Likely,Not Likely,"Detroit, MI",42.4263°N,83.1262°W,PLAYS FROM
MJ Maguire,"Dublin, Ireland",53.3498° N,6.2603° W,1730.977298,MJ MaguireNot Likely,Not Likely,"Detroit, MI",42.4263°N,83.1262°W,PLAYS FROM
Matthew Southgate,"Southend-on-Sea, England",51.5459° N,0.7079° E,1890.297691,Matthew SouthgateNot Likely,Not Likely,"Detroit, MI",42.4263°N,83.1262°W,PLAYS FROM
Tyler Duncan,"Columbus, Indiana",39.2014° N,85.9214° W,133.2242806,Tyler DuncanNot Likely,Not Likely,"Detroit, MI",42.4263°N,83.1262°W,PLAYS FROM
Trey Winstead,"Baton Rouge, Louisiana",30.4515° N,91.1871° W,469.9173256,Trey WinsteadNot Likely,Not Likely,"Detroit, MI",42.4263°N,83.1262°W,PLAYS FROM
Gavin Green,"Kuala Lumpur, Malaysia",3.1390° N,101.6869° E,4637.130041,Gavin GreenNot Likely,Not Likely,"Detroit, MI",42.4263°N,83.1262°W,PLAYS FROM
Davis Shore,"Tyler, Texas",32.3513° N,95.3011° W,481.53735,Davis ShoreNot Likely,Not Likely,"Detroit, MI",42.4263°N,83.1262°W,PLAYS FROM
Chez Reavie,"Scottsdale, Arizona",33.4942° N,111.9261° W,837.9126407,Chez ReavieNot Likely,Not Likely,"Detroit, MI",42.4263°N,83.1262°W,PLAYS FROM
Aaron Baddeley,"Scottsdale, Arizona",33.4942° N,111.9261° W,837.9126407,Aaron BaddeleyNot Likely,Not Likely,"Detroit, MI",42.4263°N,83.1262°W,PLAYS FROM
Webb Simpson,"Charlotte, North Carolina",35.2271° N,80.8431° W,256.1602722,Webb SimpsonNot Likely,Not Likely,"Detroit, MI",42.4263°N,83.1262°W,PLAYS FROM
Ricardo Gouveia,"Lisbon, Portugal",38.7223° N,9.1393° W,1882.375721,Ricardo GouveiaNot Likely,Not Likely,"Detroit, MI",42.4263°N,83.1262°W,PLAYS FROM
Peter Kuest,"Fresno, California",36.7378° N,119.7871° W,987.7280125,Peter KuestNot Likely,Not Likely,"Detroit, MI",42.4263°N,83.1262°W,PLAYS FROM
Jimmy Stanger,"Tampa, Florida",27.9506° N,82.4572° W,500.4445314,Jimmy StangerNot Likely,Not Likely,"Detroit, MI",42.4263°N,83.1262°W,PLAYS FROM
Jens Dantorp,"Malmö, Sweden",55.6040° N,13.0038° E,2044.927763,Jens DantorpNot Likely,Not Likely,"Detroit, MI",42.4263°N,83.1262°W,PLAYS FROM
Carter Jenkins,"Greensboro, North Carolina",36.0726° N,79.7920° W,236.8802801,Carter JenkinsNot Likely,Not Likely,"Detroit, MI",42.4263°N,83.1262°W,PLAYS FROM
Phachara Khongwatmai,"Bangkok, Thailand",13.7563° N,100.5018° E,4274.104236,Phachara KhongwatmaiNot Likely,Not Likely,"Detroit, MI",42.4263°N,83.1262°W,PLAYS FROM
Seungtaek Lee,"Seoul, South Korea",37.5665° N,126.9780° E,3297.267117,Seungtaek LeeNot Likely,Not Likely,"Detroit, MI",42.4263°N,83.1262°W,PLAYS FROM
Hur In-hoi,"Seoul, South Korea",37.5665° N,126.9780° E,3297.267117,Hur In-hoiNot Likely,Not Likely,"Detroit, MI",42.4263°N,83.1262°W,PLAYS FROM
Guntaek Koh,"Seoul, South Korea",37.5665° N,126.9780° E,3297.267117,Guntaek KohNot Likely,Not Likely,"Detroit, MI",42.4263°N,83.1262°W,PLAYS FROM
Lee Jung-hwan,"Seoul, South Korea",37.5665° N,126.9780° E,3297.267117,Lee Jung-hwanNot Likely,Not Likely,"Detroit, MI",42.4263°N,83.1262°W,PLAYS FROM
Mason Andersen,"Phoenix, Arizona",33.4484° N,112.0740° W,842.3941385,Mason AndersenNot Likely,Not Likely,"Detroit, MI",42.4263°N,83.1262°W,PLAYS FROM
Jeong Weon Ko,"Seoul, South Korea",37.5665° N,126.9780° E,3297.267117,Jeong Weon KoNot Likely,Not Likely,"Detroit, MI",42.4263°N,83.1262°W,PLAYS FROM
Kazuma Kobori,"Christchurch, New Zealand",43.5321° S,172.6362° E,4373.79829,Kazuma KoboriNot Likely,Not Likely,"Detroit, MI",42.4263°N,83.1262°W,PLAYS FROM
Max Kieffer,"Düsseldorf, Germany",51.2277° N,6.7735° E,2011.031088,Max KiefferNot Likely,Not Likely,"Detroit, MI",42.4263°N,83.1262°W,PLAYS FROM
Troy Merritt,"Boise, Idaho",43.6013° N,116.2028° W,830.9824273,Troy MerrittNot Likely,Not Likely,"Detroit, MI",42.4263°N,83.1262°W,PLAYS FROM
Daniel Summerhays,"Farmington, Utah",40.9783° N,111.8872° W,739.973649,Daniel SummerhaysNot Likely,Not Likely,"Detroit, MI",42.4263°N,83.1262°W,PLAYS FROM
Noah Goodwin,"Dallas, Texas",32.7767° N,96.7970° W,499.9730235,Noah GoodwinNot Likely,Not Likely,"Detroit, MI",42.4263°N,83.1262°W,PLAYS FROM
Takashi Ogiso,"Tokyo, Japan",35.6762° N,139.6503° E,3201.644467,Takashi OgisoNot Likely,Not Likely,"Detroit, MI",42.4263°N,83.1262°W,PLAYS FROM
Emilio Gonzalez,"Santiago, Chile",33.4489° S,70.6693° W,2650.803806,Emilio GonzalezNot Likely,Not Likely,"Detroit, MI",42.4263°N,83.1262°W,PLAYS FROM
Kristoffer Reitan,"Oslo, Norway",59.9139° N,10.7522° E,1935.763049,Kristoffer ReitanNot Likely,Not Likely,"Detroit, MI",42.4263°N,83.1262°W,PLAYS FROM
Kaito Onishi,"Tokyo, Japan",35.6762° N,139.6503° E,3201.644467,Kaito OnishiNot Likely,Not Likely,"Detroit, MI",42.4263°N,83.1262°W,PLAYS FROM
Freddy Schott,"Munich, Germany",48.1351° N,11.5820° E,2158.664447,Freddy SchottNot Likely,Not Likely,"Detroit, MI",42.4263°N,83.1262°W,PLAYS FROM
Russell Knox,"Jacksonville, Florida",30.3322° N,81.6557° W,419.7930572,Russell KnoxNot Likely,Not Likely,"Detroit, MI",42.4263°N,83.1262°W,PLAYS FROM
Roger Sloan,"Houston, Texas",29.7604° N,95.3698° W,553.9822431,Roger SloanNot Likely,Not Likely,"Detroit, MI",42.4263°N,83.1262°W,PLAYS FROM
Gaganjeet Bhullar,"Kapurthala, India",31.3803° N,75.3811° E,3578.908202,Gaganjeet BhullarNot Likely,Not Likely,"Detroit, MI",42.4263°N,83.1262°W,PLAYS FROM
Yuta Kaneko,"Tokyo, Japan",35.6762° N,139.6503° E,3201.644467,Yuta KanekoNot Likely,Not Likely,"Detroit, MI",42.4263°N,83.1262°W,PLAYS FROM
Wooyoung Cho,"Seoul, South Korea",37.5665° N,126.9780° E,3297.267117,Wooyoung ChoNot Likely,Not Likely,"Detroit, MI",42.4263°N,83.1262°W,PLAYS FROM
Padraig Harrington,"Dublin, Ireland",53.3498° N,6.2603° W,1730.977298,Padraig HarringtonNot Likely,Not Likely,"Detroit, MI",42.4263°N,83.1262°W,PLAYS FROM
Jonathan Broomhead,"Johannesburg, South Africa",26.2041° S,28.0473° E,4231.577683,Jonathan BroomheadNot Likely,Not Likely,"Detroit, MI",42.4263°N,83.1262°W,PLAYS FROM
Matt Atkins,"Aiken, South Carolina",33.5604° N,81.7196° W,308.6620011,Matt AtkinsNot Likely,Not Likely,"Detroit, MI",42.4263°N,83.1262°W,PLAYS FROM
Carlos Ortiz,"Dallas, Texas",32.7767° N,96.7970° W,499.9730235,Carlos OrtizNot Likely,Not Likely,"Detroit, MI",42.4263°N,83.1262°W,PLAYS FROM
Stewart Cink,"Duluth, Georgia",34.0029° N,84.1446° W,292.3068291,Stewart CinkNot Likely,Not Likely,"Detroit, MI",42.4263°N,83.1262°W,PLAYS FROM
Norman Xiong,"Las Vegas, Nevada",36.1699° N,115.1398° W,877.0873629,Norman XiongNot Likely,Not Likely,"Detroit, MI",42.4263°N,83.1262°W,PLAYS FROM
Myles Creighton,"Halifax, Canada",44.6486° N,63.5850° W,494.1446504,Myles CreightonNot Likely,Not Likely,"Detroit, MI",42.4263°N,83.1262°W,PLAYS FROM
Kieran Vincent,"Harare, Zimbabwe",17.8252° S,31.0335° E,4132.240756,Kieran VincentNot Likely,Not Likely,"Detroit, MI",42.4263°N,83.1262°W,PLAYS FROM
Andrew Wilson,"Auckland, New Zealand",36.8485° S,174.7633° E,4211.444978,Andrew WilsonNot Likely,Not Likely,"Detroit, MI",42.4263°N,83.1262°W,PLAYS FROM
Brandon Crick,"Omaha, Nebraska",41.2565° N,95.9345° W,331.7963529,Brandon CrickNot Likely,Not Likely,"Detroit, MI",42.4263°N,83.1262°W,PLAYS FROM
Trevor Cone,"Concord, North Carolina",35.4088° N,80.5795° W,251.8778805,Trevor ConeNot Likely,Not Likely,"Detroit, MI",42.4263°N,83.1262°W,PLAYS FROM
Eddie Pepperell,"Oxford, England",51.7520° N,1.2577° W,1849.16776,Eddie PepperellNot Likely,Not Likely,"Detroit, MI",42.4263°N,83.1262°W,PLAYS FROM
Parker Coody,"Plano, Texas",33.0198° N,96.6989° W,491.9894817,Parker CoodyNot Likely,Not Likely,"Detroit, MI",42.4263°N,83.1262°W,PLAYS FROM
Doc Redman,"Jacksonville, Florida",30.3322° N,81.6557° W,419.7930572,Doc RedmanNot Likely,Not Likely,"Detroit, MI",42.4263°N,83.1262°W,PLAYS FROM
Yuki Inamori,"Tokyo, Japan",35.6762° N,139.6503° E,3201.644467,Yuki InamoriNot Likely,Not Likely,"Detroit, MI",42.4263°N,83.1262°W,PLAYS FROM
Thanapath Pichaikul,"Bangkok, Thailand",13.7563° N,100.5018° E,4274.104236,Thanapath PichaikulNot Likely,Not Likely,"Detroit, MI",42.4263°N,83.1262°W,PLAYS FROM
Seth Reeves,"Atlanta, Georgia",33.7490° N,84.3880° W,301.72143,Seth ReevesNot Likely,Not Likely,"Detroit, MI",42.4263°N,83.1262°W,PLAYS FROM
Thomas Pieters,"Antwerp, Belgium",51.2194° N,4.4025° E,1966.317882,Thomas PietersNot Likely,Not Likely,"Detroit, MI",42.4263°N,83.1262°W,PLAYS FROM
Ross Steelman,"Columbia, Missouri",38.9517° N,92.3341° W,269.2191128,Ross SteelmanNot Likely,Not Likely,"Detroit, MI",42.4263°N,83.1262°W,PLAYS FROM
Benjamin Hebert,"Brive-la-Gaillarde, France",45.1589° N,1.5321° E,2010.953209,Benjamin HebertNot Likely,Not Likely,"Detroit, MI",42.4263°N,83.1262°W,PLAYS FROM
Santiago Tarrio,"A Coruña, Spain",43.3623° N,8.4115° W,1823.858101,Santiago TarrioNot Likely,Not Likely,"Detroit, MI",42.4263°N,83.1262°W,PLAYS FROM
Mike Lorenzo-Vera,"Bayonne, France",43.4927° N,1.4752° W,1975.202578,Mike Lorenzo-VeraNot Likely,Not Likely,"Detroit, MI",42.4263°N,83.1262°W,PLAYS FROM
Tom Lewis,"Jupiter, Florida",26.9342° N,80.0942° W,541.9910478,Tom LewisNot Likely,Not Likely,"Detroit, MI",42.4263°N,83.1262°W,PLAYS FROM
Tomoyo Ikemura,"Tokyo, Japan",35.6762° N,139.6503° E,3201.644467,Tomoyo IkemuraNot Likely,Not Likely,"Detroit, MI",42.4263°N,83.1262°W,PLAYS FROM
Ryan McCormick,"Trenton, New Jersey",40.2171° N,74.7429° W,230.3869159,Ryan McCormickNot Likely,Not Likely,"Detroit, MI",42.4263°N,83.1262°W,PLAYS FROM
Tom Murray,"London, England",51.5074° N,0.1278° W,1874.69495,Tom MurrayNot Likely,Not Likely,"Detroit, MI",42.4263°N,83.1262°W,PLAYS FROM
Mikko Korhonen,"Helsinki, Finland",60.1699° N,24.9384° E,2137.597932,Mikko KorhonenNot Likely,Not Likely,"Detroit, MI",42.4263°N,83.1262°W,PLAYS FROM
Renato Paratore,"Rome, Italy",41.9028° N,12.4964° E,2301.700964,Renato ParatoreNot Likely,Not Likely,"Detroit, MI",42.4263°N,83.1262°W,PLAYS FROM
Scott Vincent,"Harare, Zimbabwe",17.8252° S,31.0335° E,4132.240756,Scott VincentNot Likely,Not Likely,"Detroit, MI",42.4263°N,83.1262°W,PLAYS FROM
Daan Huizing,"Zwolle, Netherlands",52.5125° N,6.0940° E,1976.740693,Daan HuizingNot Likely,Not Likely,"Detroit, MI",42.4263°N,83.1262°W,PLAYS FROM
Michael Lorenzo-Vera,"Bayonne, France",43.4927° N,1.4752° W,1975.202578,Michael Lorenzo-VeraNot Likely,Not Likely,"Detroit, MI",42.4263°N,83.1262°W,PLAYS FROM
Nick Gabrelcik,"Jacksonville, Florida",30.3322° N,81.6557° W,419.7930572,Nick GabrelcikNot Likely,Not Likely,"Detroit, MI",42.4263°N,83.1262°W,PLAYS FROM
James Morrison,"Chertsey, England",,,,James MorrisonNot Likely,Not Likely,"Detroit, MI",42.4263°N,83.1262°W,PLAYS FROM
Sung Kang,"Coppell, Texas",,,,Sung KangNot Likely,Not Likely,"Detroit, MI",42.4263°N,83.1262°W,PLAYS FROM
Jack Singh Brar,"Slough, England",51.5103° N,0.5952° W,1865.570772,Jack Singh BrarNot Likely,Not Likely,"Detroit, MI",42.4263°N,83.1262°W,PLAYS FROM
Merrick Bremner,"Johannesburg, South Africa",26.2041° S,28.0473° E,4231.577683,Merrick BremnerNot Likely,Not Likely,"Detroit, MI",42.4263°N,83.1262°W,PLAYS FROM
Ryan Palmer,"Colleyville, Texas",32.8809° N,97.1550° W,504.7296226,Ryan PalmerNot Likely,Not Likely,"Detroit, MI",42.4263°N,83.1262°W,PLAYS FROM
D.J. Trahan,"Mount Pleasant, South Carolina",32.8323° N,79.8284° W,343.4280867,D.J. TrahanNot Likely,Not Likely,"Detroit, MI",42.4263°N,83.1262°W,PLAYS FROM
Jack Senior,"Bristol, England",51.4545° N,2.5879° W,1827.412274,Jack SeniorNot Likely,Not Likely,"Detroit, MI",42.4263°N,83.1262°W,PLAYS FROM
Jonas Blixt,"Jupiter, Florida",26.9342° N,80.0942° W,541.9910478,Jonas BlixtNot Likely,Not Likely,"Detroit, MI",42.4263°N,83.1262°W,PLAYS FROM
Espen Kofstad,"Oslo, Norway",59.9139° N,10.7522° E,1935.763049,Espen KofstadNot Likely,Not Likely,"Detroit, MI",42.4263°N,83.1262°W,PLAYS FROM
Michael Hendry,"Auckland, New Zealand",36.8485° S,174.7633° E,4211.444978,Michael HendryNot Likely,Not Likely,"Detroit, MI",42.4263°N,83.1262°W,PLAYS FROM
Matthew Baldwin,"Southport, England",53.6458° N,3.0100° W,1789.45513,Matthew BaldwinNot Likely,Not Likely,"Detroit, MI",42.4263°N,83.1262°W,PLAYS FROM
Evan Harmeling,"Andover, Massachusetts",42.6584° N,71.1370° W,305.016672,Evan HarmelingNot Likely,Not Likely,"Detroit, MI",42.4263°N,83.1262°W,PLAYS FROM
Ross Fisher,"Ascot, England",51.4048° N,0.6760° W,1865.551318,Ross FisherNot Likely,Not Likely,"Detroit, MI",42.4263°N,83.1262°W,PLAYS FROM
Søren Kjeldsen,"Aarhus, Denmark",56.1581° N,10.2114° E,1988.543934,Søren KjeldsenNot Likely,Not Likely,"Detroit, MI",42.4263°N,83.1262°W,PLAYS FROM
Andy Ogletree,"Canton, Georgia",34.2368° N,84.4955° W,285.3343143,Andy OgletreeNot Likely,Not Likely,"Detroit, MI",42.4263°N,83.1262°W,PLAYS FROM
Matt Sharpstene,"Asheville, North Carolina",35.5951° N,82.5515° W,236.499722,Matt SharpsteneNot Likely,Not Likely,"Detroit, MI",42.4263°N,83.1262°W,PLAYS FROM
Chase Hanna,"Overland Park, Kansas",38.9822° N,94.6708° W,324.5788823,Chase HannaNot Likely,Not Likely,"Detroit, MI",42.4263°N,83.1262°W,PLAYS FROM
Richy Werenski,"Jupiter, Florida",26.9342° N,80.0942° W,541.9910478,Richy WerenskiNot Likely,Not Likely,"Detroit, MI",42.4263°N,83.1262°W,PLAYS FROM
Chase Seiffert,"Panama City, Florida",30.1588° N,85.6602° W,429.5810456,Chase SeiffertNot Likely,Not Likely,"Detroit, MI",42.4263°N,83.1262°W,PLAYS FROM
Simon Forsström,"Stockholm, Sweden",59.3293° N,18.0686° E,2056.403992,Simon ForsströmNot Likely,Not Likely,"Detroit, MI",42.4263°N,83.1262°W,PLAYS FROM
Robert Streb,"Shawnee, Kansas",39.0211° N,94.7147° W,325.0776358,Robert StrebNot Likely,Not Likely,"Detroit, MI",42.4263°N,83.1262°W,PLAYS FROM
Chris Baker,"Jacksonville, Florida",30.3322° N,81.6557° W,419.7930572,Chris BakerNot Likely,Not Likely,"Detroit, MI",42.4263°N,83.1262°W,PLAYS FROM
Matt Every,"Jacksonville Beach, Florida",30.2947° N,81.3931° W,421.8481658,Matt EveryNot Likely,Not Likely,"Detroit, MI",42.4263°N,83.1262°W,PLAYS FROM
Gordon Sargent,"Birmingham, Alabama",33.5207° N,86.8025° W,323.4518885,Gordon SargentNot Likely,Not Likely,"Detroit, MI",42.4263°N,83.1262°W,PLAYS FROM
Clement Sordet,"Lyon, France",45.7640° N,4.8357° E,2068.99161,Clement SordetNot Likely,Not Likely,"Detroit, MI",42.4263°N,83.1262°W,PLAYS FROM
Kevin Dougherty,"Tulsa, Oklahoma",36.1540° N,95.9928° W,405.8942492,Kevin DoughertyNot Likely,Not Likely,"Detroit, MI",42.4263°N,83.1262°W,PLAYS FROM
Scott Gutschewski,"Omaha, Nebraska",41.2565° N,95.9345° W,331.7963529,Scott GutschewskiNot Likely,Not Likely,"Detroit, MI",42.4263°N,83.1262°W,PLAYS FROM
Scott Hend,"Jacksonville, Florida",30.3322° N,81.6557° W,419.7930572,Scott HendNot Likely,Not Likely,"Detroit, MI",42.4263°N,83.1262°W,PLAYS FROM
Grayson Murray,"Jupiter, Florida",26.9342° N,80.0942° W,541.9910478,Grayson MurrayNot Likely,Not Likely,"Detroit, MI",42.4263°N,83.1262°W,PLAYS FROM
Tapio Pulkkanen,"Helsinki, Finland",60.1699° N,24.9384° E,2137.597932,Tapio PulkkanenNot Likely,Not Likely,"Detroit, MI",42.4263°N,83.1262°W,PLAYS FROM
Pep Angles,"Barcelona, Spain",41.3851° N,2.1734° E,2092.424405,Pep AnglesNot Likely,Not Likely,"Detroit, MI",42.4263°N,83.1262°W,PLAYS FROM
Sangmoon Bae,"Dallas, Texas",32.7767° N,96.7970° W,499.9730235,Sangmoon BaeNot Likely,Not Likely,"Detroit, MI",42.4263°N,83.1262°W,PLAYS FROM
Scott Gutschewski,"Omaha, Nebraska",41.2565° N,95.9345° W,331.7963529,Scott GutschewskiNot Likely,Not Likely,"Detroit, MI",42.4263°N,83.1262°W,PLAYS FROM
Gonzalo Fernandez-Castaño,"Madrid, Spain",40.4168° N,3.7038° W,1978.791002,Gonzalo Fernandez-CastañoNot Likely,Not Likely,"Detroit, MI",42.4263°N,83.1262°W,PLAYS FROM
Anders Albertson,"Woodstock, Georgia",34.1015° N,84.5194° W,290.0570488,Anders AlbertsonNot Likely,Not Likely,"Detroit, MI",42.4263°N,83.1262°W,PLAYS FROM
Aaron Wise,"Jupiter, Florida",26.9342° N,80.0942° W,541.9910478,Aaron WiseNot Likely,Not Likely,"Detroit, MI",42.4263°N,83.1262°W,PLAYS FROM
Dawie van der Walt,"Paarl, South Africa",33.7342° S,18.9752° E,4153.303694,Dawie van der WaltNot Likely,Not Likely,"Detroit, MI",42.4263°N,83.1262°W,PLAYS FROM
Jbe Kruger,"Bloemfontein, South Africa",29.0852° S,26.1596° E,4240.714069,Jbe KrugerNot Likely,Not Likely,"Detroit, MI",42.4263°N,83.1262°W,PLAYS FROM
Erik Barnes,"Austin, Texas",30.2672° N,97.7431° W,583.0323671,Erik BarnesNot Likely,Not Likely,"Detroit, MI",42.4263°N,83.1262°W,PLAYS FROM
Cameron Percy,"Raleigh, North Carolina",35.7796° N,78.6382° W,259.1376517,Cameron PercyNot Likely,Not Likely,"Detroit, MI",42.4263°N,83.1262°W,PLAYS FROM
Michael Johnson,"Auburn, Alabama",32.6099° N,85.4808° W,345.1692758,Michael JohnsonNot Likely,Not Likely,"Detroit, MI",42.4263°N,83.1262°W,PLAYS FROM
Wenyi Ding,"Beijing, China",39.9042° N,116.4074° E,3309.233958,Wenyi DingNot Likely,Not Likely,"Detroit, MI",42.4263°N,83.1262°W,PLAYS FROM
Wil Bateman,"Edmonton, Canada",53.5461° N,113.4937° W,791.8057006,Wil BatemanNot Likely,Not Likely,"Detroit, MI",42.4263°N,83.1262°W,PLAYS FROM
Denzel Ieremia,"Auckland, New Zealand",36.8485° S,174.7633° E,4211.444978,Denzel IeremiaNot Likely,Not Likely,"Detroit, MI",42.4263°N,83.1262°W,PLAYS FROM
Renato Paratore,"Rome, Italy",41.9028° N,12.4964° E,2301.700964,Renato ParatoreNot Likely,Not Likely,"Detroit, MI",42.4263°N,83.1262°W,PLAYS FROM
Alexander Levy,"Jupiter, Florida",26.9342° N,80.0942° W,541.9910478,Alexander LevyNot Likely,Not Likely,"Detroit, MI",42.4263°N,83.1262°W,PLAYS FROM
Hunter Stewart,"Lexington, Kentucky",38.0406° N,84.5037° W,155.8011514,Hunter StewartNot Likely,Not Likely,"Detroit, MI",42.4263°N,83.1262°W,PLAYS FROM
Chris Baker,"Jacksonville, Florida",30.3322° N,81.6557° W,419.7930572,Chris BakerNot Likely,Not Likely,"Detroit, MI",42.4263°N,83.1262°W,PLAYS FROM
David Hearn,"Brantford, Canada",43.1394° N,80.2644° W,76.62469271,David HearnPossible,Possible,"Detroit, MI",42.4263°N,83.1262°W,PLAYS FROM
Jediah Morgan,"Brisbane, Australia",27.4705° S,153.0260° E,4578.55419,Jediah MorganNot Likely,Not Likely,"Detroit, MI",42.4263°N,83.1262°W,PLAYS FROM
Matthew Anderson,"Toronto, Canada",43.6532° N,79.3832° W,103.5661663,Matthew AndersonNot Likely,Not Likely,"Detroit, MI",42.4263°N,83.1262°W,PLAYS FROM
Paul Barjon,"Fort Worth, Texas",32.7555° N,97.3308° W,511.4035986,Paul BarjonNot Likely,Not Likely,"Detroit, MI",42.4263°N,83.1262°W,PLAYS FROM
Scott Brown,"Aiken, South Carolina",33.5604° N,81.7196° W,308.6620011,Scott BrownNot Likely,Not Likely,"Detroit, MI",42.4263°N,83.1262°W,PLAYS FROM
Ross Fisher,"Ascot, England",51.4048° N,0.6760° W,1865.551318,Ross FisherNot Likely,Not Likely,"Detroit, MI",42.4263°N,83.1262°W,PLAYS FROM
James Morrison,"Chertsey, England",,,,James MorrisonNot Likely,Not Likely,"Detroit, MI",42.4263°N,83.1262°W,PLAYS FROM
Chris Kirkpatrick,"Toronto, Canada",43.6532° N,79.3832° W,103.5661663,Chris KirkpatrickNot Likely,Not Likely,"Detroit, MI",42.4263°N,83.1262°W,PLAYS FROM
Jack Senior,"Morecambe, England",54.0679° N,2.8625° W,1786.736339,Jack SeniorNot Likely,Not Likely,"Detroit, MI",42.4263°N,83.1262°W,PLAYS FROM
Christo Lamprecht,"George, South Africa",33.9881° S,22.4530° E,4241.91802,Christo LamprechtNot Likely,Not Likely,"Detroit, MI",42.4263°N,83.1262°W,PLAYS FROM
Michael Lorenzo-Vera,"Bayonne, France",43.4927° N,1.4752° W,1975.202578,Michael Lorenzo-VeraNot Likely,Not Likely,"Detroit, MI",42.4263°N,83.1262°W,PLAYS FROM
Tom Adrounie,"Jacksonville, Florida",30.3322° N,81.6557° W,419.7930572,Tom AdrounieNot Likely,Not Likely,"Detroit, MI",42.4263°N,83.1262°W,PLAYS FROM
Matthew McCarty,"Scottsdale, Arizona",33.4942° N,111.9261° W,837.9126407,Matthew McCartyNot Likely,Not Likely,"Detroit, MI",42.4263°N,83.1262°W,PLAYS FROM
Julian Suri,"St. Augustine, Florida",29.8947° N,81.3145° W,435.8383401,Julian SuriNot Likely,Not Likely,"Detroit, MI",42.4263°N,83.1262°W,PLAYS FROM
Javier Sainz,"Madrid, Spain",40.4168° N,3.7038° W,1978.791002,Javier SainzNot Likely,Not Likely,"Detroit, MI",42.4263°N,83.1262°W,PLAYS FROM
Tjaart van der Walt,"Pretoria, South Africa",25.7479° S,28.2293° E,4227.049554,Tjaart van der WaltNot Likely,Not Likely,"Detroit, MI",42.4263°N,83.1262°W,PLAYS FROM
Chase Seiffert,"Panama City, Florida",30.1588° N,85.6602° W,429.5810456,Chase SeiffertNot Likely,Not Likely,"Detroit, MI",42.4263°N,83.1262°W,PLAYS FROM
Stephen Stallings Jr.,"Louisville, Kentucky",38.2527° N,85.7585° W,159.9593139,Stephen Stallings Jr.Not Likely,Not Likely,"Detroit, MI",42.4263°N,83.1262°W,PLAYS FROM
Bryson Nimmer,"Bluffton, South Carolina",32.2385° N,80.8604° W,357.3797807,Bryson NimmerNot Likely,Not Likely,"Detroit, MI",42.4263°N,83.1262°W,PLAYS FROM
Chris Stroud,"Houston, Texas",29.7604° N,95.3698° W,553.9822431,Chris StroudNot Likely,Not Likely,"Detroit, MI",42.4263°N,83.1262°W,PLAYS FROM
Robert Streb,"Shawnee, Kansas",39.0211° N,94.7147° W,325.0776358,Robert StrebNot Likely,Not Likely,"Detroit, MI",42.4263°N,83.1262°W,PLAYS FROM
Michael Gligic,"Kitchener, Canada",43.4516° N,80.4927° W,75.43214406,Michael GligicPossible,Possible,"Detroit, MI",42.4263°N,83.1262°W,PLAYS FROM
Harrison Endycott,"Sydney, Australia",33.8688° S,151.2093° E,4738.642087,Harrison EndycottNot Likely,Not Likely,"Detroit, MI",42.4263°N,83.1262°W,PLAYS FROM
Sean O'Hair,"Lubbock, Texas",33.5779° N,101.8552° W,592.4917628,Sean O'HairNot Likely,Not Likely,"Detroit, MI",42.4263°N,83.1262°W,PLAYS FROM
Mike Weir,"Sandy, Utah",40.5716° N,111.8891° W,743.4113446,Mike WeirNot Likely,Not Likely,"Detroit, MI",42.4263°N,83.1262°W,PLAYS FROM
Tomoharu Otsuki,"Tokyo, Japan",35.6762° N,139.6503° E,3201.644467,Tomoharu OtsukiNot Likely,Not Likely,"Detroit, MI",42.4263°N,83.1262°W,PLAYS FROM
Chris Naegel,"Chesterfield, Missouri",38.6631° N,90.5771° W,234.7247739,Chris NaegelNot Likely,Not Likely,"Detroit, MI",42.4263°N,83.1262°W,PLAYS FROM
Maximilian Kieffer,"Bergisch Gladbach, Germany",50.9854° N,7.1319° E,2021.942883,Maximilian KiefferNot Likely,Not Likely,"Detroit, MI",42.4263°N,83.1262°W,PLAYS FROM
Dylan Meyer,"Evansville, Indiana",37.9716° N,87.5711° W,193.4327786,Dylan MeyerNot Likely,Not Likely,"Detroit, MI",42.4263°N,83.1262°W,PLAYS FROM
Adam Long,"Jupiter, Florida",26.9342° N,80.0942° W,541.9910478,Adam LongNot Likely,Not Likely,"Detroit, MI",42.4263°N,83.1262°W,PLAYS FROM
Dominic Bozzelli,"Rochester, New York",43.1566° N,77.6088° W,142.1047631,Dominic BozzelliNot Likely,Not Likely,"Detroit, MI",42.4263°N,83.1262°W,PLAYS FROM
Thomas Bjørn,"Gothenburg, Sweden",57.7089° N,11.9746° E,1991.273364,Thomas BjørnNot Likely,Not Likely,"Detroit, MI",42.4263°N,83.1262°W,PLAYS FROM
Keoninh Lee,"Seoul, South Korea",37.5665° N,126.9780° E,3297.267117,Keoninh LeeNot Likely,Not Likely,"Detroit, MI",42.4263°N,83.1262°W,PLAYS FROM
Rafa Cabrera Bello,"Las Palmas, Spain",28.1235° N,15.4363° W,1920.404244,Rafa Cabrera BelloNot Likely,Not Likely,"Detroit, MI",42.4263°N,83.1262°W,PLAYS FROM
Matt Short,"Sacramento, California",38.5816° N,121.4944° W,1007.912474,Matt ShortNot Likely,Not Likely,"Detroit, MI",42.4263°N,83.1262°W,PLAYS FROM
Jesper Kennegard,"Stockholm, Sweden",59.3293° N,18.0686° E,2056.403992,Jesper KennegardNot Likely,Not Likely,"Detroit, MI",42.4263°N,83.1262°W,PLAYS FROM
Maverick Antcliff,"Melbourne, Australia",37.8136° S,144.9631° E,4955.121986,Maverick AntcliffNot Likely,Not Likely,"Detroit, MI",42.4263°N,83.1262°W,PLAYS FROM
James Hahn,"Scottsdale, Arizona",33.4942° N,111.9261° W,837.9126407,James HahnNot Likely,Not Likely,"Detroit, MI",42.4263°N,83.1262°W,PLAYS FROM
Michael Block,"Mission Viejo, California",33.6000° N,117.6720° W,980.7169932,Michael BlockNot Likely,Not Likely,"Detroit, MI",42.4263°N,83.1262°W,PLAYS FROM
Jaime Lopez Rivarola,"Buenos Aires, Argentina",,,,Jaime Lopez RivarolaNot Likely,Not Likely,"Detroit, MI",42.4263°N,83.1262°W,PLAYS FROM
Nick Voke,"Auckland, New Zealand",36.8485° S,174.7633° E,4211.444978,Nick VokeNot Likely,Not Likely,"Detroit, MI",42.4263°N,83.1262°W,PLAYS FROM
Billy Kennerly,"Alpharetta, Georgia",34.0754° N,84.2941° W,290.224874,Billy KennerlyNot Likely,Not Likely,"Detroit, MI",42.4263°N,83.1262°W,PLAYS FROM
Michael Sweeney,"Dublin, Ireland",53.3498° N,6.2603° W,1730.977298,Michael SweeneyNot Likely,Not Likely,"Detroit, MI",42.4263°N,83.1262°W,PLAYS FROM
Jack McDonald,"Glasgow, Scotland",55.8642° N,4.2518° W,1738.831347,Jack McDonaldNot Likely,Not Likely,"Detroit, MI",42.4263°N,83.1262°W,PLAYS FROM
Kevin Dougherty,"Tulsa, Oklahoma",36.1540° N,95.9928° W,405.8942492,Kevin DoughertyNot Likely,Not Likely,"Detroit, MI",42.4263°N,83.1262°W,PLAYS FROM
Sam Jones,"Christchurch, New Zealand",43.5321° S,172.6362° E,4373.79829,Sam JonesNot Likely,Not Likely,"Detroit, MI",42.4263°N,83.1262°W,PLAYS FROM
Chris Paisley,"Newcastle upon Tyne, England",54.9783° N,1.6178° W,1798.008045,Chris PaisleyNot Likely,Not Likely,"Detroit, MI",42.4263°N,83.1262°W,PLAYS FROM
Morten Ørum Madsen,"Copenhagen, Denmark",55.6761° N,12.5683° E,2036.371671,Morten Ørum MadsenNot Likely,Not Likely,"Detroit, MI",42.4263°N,83.1262°W,PLAYS FROM
Simon Forsström,"Stockholm, Sweden",59.3293° N,18.0686° E,2056.403992,Simon ForsströmNot Likely,Not Likely,"Detroit, MI",42.4263°N,83.1262°W,PLAYS FROM
Alvaro Quiros,"Cádiz, Spain",36.5267° N,6.2976° W,1987.851013,Alvaro QuirosNot Likely,Not Likely,"Detroit, MI",42.4263°N,83.1262°W,PLAYS FROM
Brandon Matthews,"Pittston, Pennsylvania",41.3259° N,75.7894° W,192.4519722,Brandon MatthewsNot Likely,Not Likely,"Detroit, MI",42.4263°N,83.1262°W,PLAYS FROM
Chris Williams,"Moscow, Idaho",46.7324° N,117.0002° W,839.9741995,Chris WilliamsNot Likely,Not Likely,"Detroit, MI",42.4263°N,83.1262°W,PLAYS FROM
Dimi Papadatos,"Sydney, Australia",33.8688° S,151.2093° E,4738.642087,Dimi PapadatosNot Likely,Not Likely,"Detroit, MI",42.4263°N,83.1262°W,PLAYS FROM
Laurie Lewis,"Edinburgh, Scotland",55.9533° N,3.1883° W,1757.109883,Laurie LewisNot Likely,Not Likely,"Detroit, MI",42.4263°N,83.1262°W,PLAYS FROM
Pontus Nyholm,"Stockholm, Sweden",59.3293° N,18.0686° E,2056.403992,Pontus NyholmNot Likely,Not Likely,"Detroit, MI",42.4263°N,83.1262°W,PLAYS FROM
David Law,"Aberdeen, Scotland",57.1497° N,2.0943° W,1762.26538,David LawNot Likely,Not Likely,"Detroit, MI",42.4263°N,83.1262°W,PLAYS FROM
Jaco Prinsloo,"Pretoria, South Africa",25.7479° S,28.2293° E,4227.049554,Jaco PrinslooNot Likely,Not Likely,"Detroit, MI",42.4263°N,83.1262°W,PLAYS FROM
Brent Grant,"Sacramento, California",38.5816° N,121.4944° W,1007.912474,Brent GrantNot Likely,Not Likely,"Detroit, MI",42.4263°N,83.1262°W,PLAYS FROM
Haydn Porteous,"Johannesburg, South Africa",26.2041° S,28.0473° E,4231.577683,Haydn PorteousNot Likely,Not Likely,"Detroit, MI",42.4263°N,83.1262°W,PLAYS FROM
Korn Ferry,"New York, New York",40.7128° N,74.0060° W,242.9085392,Korn FerryNot Likely,Not Likely,"Detroit, MI",42.4263°N,83.1262°W,PLAYS FROM
Matt Every,"Jacksonville, Florida",30.3322° N,81.6557° W,419.7930572,Matt EveryNot Likely,Not Likely,"Detroit, MI",42.4263°N,83.1262°W,PLAYS FROM
Paul Haley II,"Dallas, Texas",32.7767° N,96.7970° W,499.9730235,Paul Haley IINot Likely,Not Likely,"Detroit, MI",42.4263°N,83.1262°W,PLAYS FROM
Nick Watney,"Las Vegas, Nevada",36.1699° N,115.1398° W,877.0873629,Nick WatneyNot Likely,Not Likely,"Detroit, MI",42.4263°N,83.1262°W,PLAYS FROM
Martin Trainer,"Palo Alto, California",37.4419° N,122.1430° W,1038.477217,Martin TrainerNot Likely,Not Likely,"Detroit, MI",42.4263°N,83.1262°W,PLAYS FROM
Martin Kaymer,"Düsseldorf, Germany",51.2277° N,6.7735° E,2011.031088,Martin KaymerNot Likely,Not Likely,"Detroit, MI",42.4263°N,83.1262°W,PLAYS FROM
Austin Cook,"Jonesboro, Arkansas",35.8423° N,90.7043° W,304.6558746,Austin CookNot Likely,Not Likely,"Detroit, MI",42.4263°N,83.1262°W,PLAYS FROM
David Lingmerth,"Ponte Vedra Beach, Florida",30.2397° N,81.3853° W,423.7622046,David LingmerthNot Likely,Not Likely,"Detroit, MI",42.4263°N,83.1262°W,PLAYS FROM
Jasper Stubbs,"Melbourne, Australia",37.8136° S,144.9631° E,4955.121986,Jasper StubbsNot Likely,Not Likely,"Detroit, MI",42.4263°N,83.1262°W,PLAYS FROM
M.J. Daffue,"Pretoria, South Africa",25.7479° S,28.2293° E,4227.049554,M.J. DaffueNot Likely,Not Likely,"Detroit, MI",42.4263°N,83.1262°W,PLAYS FROM
Nicholas Lindheim,"Satellite Beach, Florida",28.1761° N,80.5901° W,497.4012354,Nicholas LindheimNot Likely,Not Likely,"Detroit, MI",42.4263°N,83.1262°W,PLAYS FROM
Jarryd Felton,"Perth, Australia",31.9505° S,115.8605° E,5585.191653,Jarryd FeltonNot Likely,Not Likely,"Detroit, MI",42.4263°N,83.1262°W,PLAYS FROM
Rafael Becker,"São Paulo, Brazil",23.5505° S,46.6333° W,2558.96034,Rafael BeckerNot Likely,Not Likely,"Detroit, MI",42.4263°N,83.1262°W,PLAYS FROM
James Nicholas,"Scarsdale, New York",41.0051° N,73.7846° W,245.7158322,James NicholasNot Likely,Not Likely,"Detroit, MI",42.4263°N,83.1262°W,PLAYS FROM
Ryan Brehm,"Mount Pleasant, Michigan",43.5978° N,84.7675° W,57.93726423,Ryan BrehmLikely,Likely,"Detroit, MI",42.4263°N,83.1262°W,PLAYS FROM
Michael Feagles,"Scottsdale, Arizona",33.4942° N,111.9261° W,837.9126407,Michael FeaglesNot Likely,Not Likely,"Detroit, MI",42.4263°N,83.1262°W,PLAYS FROM
,,,,,Not Likely,Not Likely,"Detroit, MI",42.4263°N,83.1262°W,PLAYS FROM
,,,,,Not Likely,Not Likely,"Detroit, MI",42.4263°N,83.1262°W,PLAYS FROM
Scottie Scheffler,,,,,Scottie SchefflerNot Likely,Not Likely,"Detroit, MI",42.4263°N,83.1262°W,PLAYS FROM
Xander Schauffele,,,,,Xander SchauffeleNot Likely,Not Likely,"Detroit, MI",42.4263°N,83.1262°W,PLAYS FROM
Rory McIlroy,,,,,Rory McIlroyNot Likely,Not Likely,"Detroit, MI",42.4263°N,83.1262°W,PLAYS FROM
Ludvig Aberg,,,,,Ludvig AbergNot Likely,Not Likely,"Detroit, MI",42.4263°N,83.1262°W,PLAYS FROM
Collin Morikawa,,,,,Collin MorikawaNot Likely,Not Likely,"Detroit, MI",42.4263°N,83.1262°W,PLAYS FROM
Hideki Matsuyama,,,,,Hideki MatsuyamaNot Likely,Not Likely,"Detroit, MI",42.4263°N,83.1262°W,PLAYS FROM
Wyndham Clark,,,,,Wyndham ClarkNot Likely,Not Likely,"Detroit, MI",42.4263°N,83.1262°W,PLAYS FROM
Tyrrell Hatton,,,,,Tyrrell HattonNot Likely,Not Likely,"Detroit, MI",42.4263°N,83.1262°W,PLAYS FROM
Justin Thomas,,,,,Justin ThomasNot Likely,Not Likely,"Detroit, MI",42.4263°N,83.1262°W,PLAYS FROM
Tommy Fleetwood,,,,,Tommy FleetwoodNot Likely,Not Likely,"Detroit, MI",42.4263°N,83.1262°W,PLAYS FROM
Bryson DeChambeau,,,,,Bryson DeChambeauNot Likely,Not Likely,"Detroit, MI",42.4263°N,83.1262°W,PLAYS FROM
Patrick Cantlay,,,,,Patrick CantlayNot Likely,Not Likely,"Detroit, MI",42.4263°N,83.1262°W,PLAYS FROM
Maverick McNealy,,,,,Maverick McNealyNot Likely,Not Likely,"Detroit, MI",42.4263°N,83.1262°W,PLAYS FROM
Viktor Hovland,,,,,Viktor HovlandNot Likely,Not Likely,"Detroit, MI",42.4263°N,83.1262°W,PLAYS FROM
Keegan Bradley,,,,,Keegan BradleyNot Likely,Not Likely,"Detroit, MI",42.4263°N,83.1262°W,PLAYS FROM
Robert MacIntyre,,,,,Robert MacIntyreNot Likely,Not Likely,"Detroit, MI",42.4263°N,83.1262°W,PLAYS FROM
Russell Henley,,,,,Russell HenleyNot Likely,Not Likely,"Detroit, MI",42.4263°N,83.1262°W,PLAYS FROM
Shane Lowry,,,,,Shane LowryNot Likely,Not Likely,"Detroit, MI",42.4263°N,83.1262°W,PLAYS FROM
Sepp Straka,,,,,Sepp StrakaNot Likely,Not Likely,"Detroit, MI",42.4263°N,83.1262°W,PLAYS FROM
Billy Horschel,,,,,Billy HorschelNot Likely,Not Likely,"Detroit, MI",42.4263°N,83.1262°W,PLAYS FROM
Sahith Theegala,,,,,Sahith TheegalaNot Likely,Not Likely,"Detroit, MI",42.4263°N,83.1262°W,PLAYS FROM
Sungjae Im,,,,,Sungjae ImNot Likely,Not Likely,"Detroit, MI",42.4263°N,83.1262°W,PLAYS FROM
Thomas Detry,,,,,Thomas DetryNot Likely,Not Likely,"Detroit, MI",42.4263°N,83.1262°W,PLAYS FROM
Aaron Rai,,,,,Aaron RaiNot Likely,Not Likely,"Detroit, MI",42.4263°N,83.1262°W,PLAYS FROM
Tom Kim,,,,,Tom KimNot Likely,Not Likely,"Detroit, MI",42.4263°N,83.1262°W,PLAYS FROM
Adam Scott,,,,,Adam ScottNot Likely,Not Likely,"Detroit, MI",42.4263°N,83.1262°W,PLAYS FROM
Tony Finau,,,,,Tony FinauNot Likely,Not Likely,"Detroit, MI",42.4263°N,83.1262°W,PLAYS FROM
Sam Burns,,,,,Sam BurnsNot Likely,Not Likely,"Detroit, MI",42.4263°N,83.1262°W,PLAYS FROM
Akshay Bhatia,,,,,Akshay BhatiaNot Likely,Not Likely,"Detroit, MI",42.4263°N,83.1262°W,PLAYS FROM
Nick Taylor,,,,,Nick TaylorNot Likely,Not Likely,"Detroit, MI",42.4263°N,83.1262°W,PLAYS FROM
Nick Dunlap,,,,,Nick DunlapNot Likely,Not Likely,"Detroit, MI",42.4263°N,83.1262°W,PLAYS FROM
Byeong Hun An,,,,,Byeong Hun AnNot Likely,Not Likely,"Detroit, MI",42.4263°N,83.1262°W,PLAYS FROM
Jason Day,,,,,Jason DayNot Likely,Not Likely,"Detroit, MI",42.4263°N,83.1262°W,PLAYS FROM
Harris English,,,,,Harris EnglishNot Likely,Not Likely,"Detroit, MI",42.4263°N,83.1262°W,PLAYS FROM
Max Greyserman,,,,,Max GreysermanNot Likely,Not Likely,"Detroit, MI",42.4263°N,83.1262°W,PLAYS FROM
Denny McCarthy,,,,,Denny McCarthyNot Likely,Not Likely,"Detroit, MI",42.4263°N,83.1262°W,PLAYS FROM
Brian Harman,,,,,Brian HarmanNot Likely,Not Likely,"Detroit, MI",42.4263°N,83.1262°W,PLAYS FROM
Justin Rose,,,,,Justin RoseNot Likely,Not Likely,"Detroit, MI",42.4263°N,83.1262°W,PLAYS FROM
J.T. Poston,,,,,J.T. PostonNot Likely,Not Likely,"Detroit, MI",42.4263°N,83.1262°W,PLAYS FROM
Taylor Pendrith,,,,,Taylor PendrithNot Likely,Not Likely,"Detroit, MI",42.4263°N,83.1262°W,PLAYS FROM
Lucas Glover,,,,,Lucas GloverNot Likely,Not Likely,"Detroit, MI",42.4263°N,83.1262°W,PLAYS FROM
Stephan Jaeger,,,,,Stephan JaegerNot Likely,Not Likely,"Detroit, MI",42.4263°N,83.1262°W,PLAYS FROM
Matthieu Pavon,,,,,Matthieu PavonNot Likely,Not Likely,"Detroit, MI",42.4263°N,83.1262°W,PLAYS FROM
Austin Eckroat,,,,,Austin EckroatNot Likely,Not Likely,"Detroit, MI",42.4263°N,83.1262°W,PLAYS FROM
Rasmus Højgaard,,,,,Rasmus HøjgaardNot Likely,Not Likely,"Detroit, MI",42.4263°N,83.1262°W,PLAYS FROM
Nico Echavarria,,,,,Nico EchavarriaNot Likely,Not Likely,"Detroit, MI",42.4263°N,83.1262°W,PLAYS FROM
Cameron Young,,,,,Cameron YoungNot Likely,Not Likely,"Detroit, MI",42.4263°N,83.1262°W,PLAYS FROM
Davis Thompson,,,,,Davis ThompsonNot Likely,Not Likely,"Detroit, MI",42.4263°N,83.1262°W,PLAYS FROM
Cam Davis,,,,,Cam DavisNot Likely,Not Likely,"Detroit, MI",42.4263°N,83.1262°W,PLAYS FROM
Corey Conners,,,,,Corey ConnersNot Likely,Not Likely,"Detroit, MI",42.4263°N,83.1262°W,PLAYS FROM
Christiaan Bezuidenhout,,,,,Christiaan BezuidenhoutNot Likely,Not Likely,"Detroit, MI",42.4263°N,83.1262°W,PLAYS FROM
Daniel Berger,,,,,Daniel BergerNot Likely,Not Likely,"Detroit, MI",42.4263°N,83.1262°W,PLAYS FROM
Laurie Canter,,,,,Laurie CanterNot Likely,Not Likely,"Detroit, MI",42.4263°N,83.1262°W,PLAYS FROM
Jon Rahm,,,,,Jon RahmNot Likely,Not Likely,"Detroit, MI",42.4263°N,83.1262°W,PLAYS FROM
Min Woo Lee,,,,,Min Woo LeeNot Likely,Not Likely,"Detroit, MI",42.4263°N,83.1262°W,PLAYS FROM
Matt McCarty,,,,,Matt McCartyNot Likely,Not Likely,"Detroit, MI",42.4263°N,83.1262°W,PLAYS FROM
Ben Griffin,,,,,Ben GriffinNot Likely,Not Likely,"Detroit, MI",42.4263°N,83.1262°W,PLAYS FROM
Eric Cole,,,,,Eric ColeNot Likely,Not Likely,"Detroit, MI",42.4263°N,83.1262°W,PLAYS FROM
Thriston Lawrence,,,,,Thriston LawrenceNot Likely,Not Likely,"Detroit, MI",42.4263°N,83.1262°W,PLAYS FROM
Matt Fitzpatrick,,,,,Matt FitzpatrickNot Likely,Not Likely,"Detroit, MI",42.4263°N,83.1262°W,PLAYS FROM
Alex Noren,,,,,Alex NorenNot Likely,Not Likely,"Detroit, MI",42.4263°N,83.1262°W,PLAYS FROM
Jhonattan Vegas,,,,,Jhonattan VegasNot Likely,Not Likely,"Detroit, MI",42.4263°N,83.1262°W,PLAYS FROM
Max Homa,,,,,Max HomaNot Likely,Not Likely,"Detroit, MI",42.4263°N,83.1262°W,PLAYS FROM
Mackenzie Hughes,,,,,Mackenzie HughesNot Likely,Not Likely,"Detroit, MI",42.4263°N,83.1262°W,PLAYS FROM
Si Woo Kim,,,,,Si Woo KimNot Likely,Not Likely,"Detroit, MI",42.4263°N,83.1262°W,PLAYS FROM
Will Zalatoris,,,,,Will ZalatorisNot Likely,Not Likely,"Detroit, MI",42.4263°N,83.1262°W,PLAYS FROM
Tom Hoge,,,,,Tom HogeNot Likely,Not Likely,"Detroit, MI",42.4263°N,83.1262°W,PLAYS FROM
Nicolai Højgaard,,,,,Nicolai HøjgaardNot Likely,Not Likely,"Detroit, MI",42.4263°N,83.1262°W,PLAYS FROM
Adam Hadwin,,,,,Adam HadwinNot Likely,Not Likely,"Detroit, MI",42.4263°N,83.1262°W,PLAYS FROM
Jordan Spieth,,,,,Jordan SpiethNot Likely,Not Likely,"Detroit, MI",42.4263°N,83.1262°W,PLAYS FROM
Kevin Yu,,,,,Kevin YuNot Likely,Not Likely,"Detroit, MI",42.4263°N,83.1262°W,PLAYS FROM
Chris Kirk,,,,,Chris KirkNot Likely,Not Likely,"Detroit, MI",42.4263°N,83.1262°W,PLAYS FROM
Patrick Rodgers,,,,,Patrick RodgersNot Likely,Not Likely,"Detroit, MI",42.4263°N,83.1262°W,PLAYS FROM
Joaquin Niemann,,,,,Joaquin NiemannNot Likely,Not Likely,"Detroit, MI",42.4263°N,83.1262°W,PLAYS FROM
Matt Wallace,,,,,Matt WallaceNot Likely,Not Likely,"Detroit, MI",42.4263°N,83.1262°W,PLAYS FROM
Sam Stevens,,,,,Sam StevensNot Likely,Not Likely,"Detroit, MI",42.4263°N,83.1262°W,PLAYS FROM
Andrew Novak,,,,,Andrew NovakNot Likely,Not Likely,"Detroit, MI",42.4263°N,83.1262°W,PLAYS FROM
Taylor Moore,,,,,Taylor MooreNot Likely,Not Likely,"Detroit, MI",42.4263°N,83.1262°W,PLAYS FROM
Michael Kim,,,,,Michael KimNot Likely,Not Likely,"Detroit, MI",42.4263°N,83.1262°W,PLAYS FROM
Thorbjørn Olesen,,,,,Thorbjørn OlesenNot Likely,Not Likely,"Detroit, MI",42.4263°N,83.1262°W,PLAYS FROM
J.J. Spaun,,,,,J.J. SpaunNot Likely,Not Likely,"Detroit, MI",42.4263°N,83.1262°W,PLAYS FROM
Beau Hossler,,,,,Beau HosslerNot Likely,Not Likely,"Detroit, MI",42.4263°N,83.1262°W,PLAYS FROM
David Puig,,,,,David PuigNot Likely,Not Likely,"Detroit, MI",42.4263°N,83.1262°W,PLAYS FROM
Justin Lower,,,,,Justin LowerNot Likely,Not Likely,"Detroit, MI",42.4263°N,83.1262°W,PLAYS FROM
Rasmus Neergaard-Petersen,,,,,Rasmus Neergaard-PetersenNot Likely,Not Likely,"Detroit, MI",42.4263°N,83.1262°W,PLAYS FROM
Lee Hodges,,,,,Lee HodgesNot Likely,Not Likely,"Detroit, MI",42.4263°N,83.1262°W,PLAYS FROM
Erik van Rooyen,,,,,Erik van RooyenNot Likely,Not Likely,"Detroit, MI",42.4263°N,83.1262°W,PLAYS FROM
Harry Hall,,,,,Harry HallNot Likely,Not Likely,"Detroit, MI",42.4263°N,83.1262°W,PLAYS FROM
Kurt Kitayama,,,,,Kurt KitayamaNot Likely,Not Likely,"Detroit, MI",42.4263°N,83.1262°W,PLAYS FROM
Niklas Nørgaard,,,,,Niklas NørgaardNot Likely,Not Likely,"Detroit, MI",42.4263°N,83.1262°W,PLAYS FROM
John Parry,,,,,John ParryNot Likely,Not Likely,"Detroit, MI",42.4263°N,83.1262°W,PLAYS FROM
Romain Langasque,,,,,Romain LangasqueNot Likely,Not Likely,"Detroit, MI",42.4263°N,83.1262°W,PLAYS FROM
Max McGreevy,,,,,Max McGreevyNot Likely,Not Likely,"Detroit, MI",42.4263°N,83.1262°W,PLAYS FROM
Luke Clanton,,,,,Luke ClantonNot Likely,Not Likely,"Detroit, MI",42.4263°N,83.1262°W,PLAYS FROM
Rickie Fowler,,,,,Rickie FowlerNot Likely,Not Likely,"Detroit, MI",42.4263°N,83.1262°W,PLAYS FROM
Victor Perez,,,,,Victor PerezNot Likely,Not Likely,"Detroit, MI",42.4263°N,83.1262°W,PLAYS FROM
Brian Campbell,,,,,Brian CampbellNot Likely,Not Likely,"Detroit, MI",42.4263°N,83.1262°W,PLAYS FROM
Cameron Smith,,,,,Cameron SmithNot Likely,Not Likely,"Detroit, MI",42.4263°N,83.1262°W,PLAYS FROM
Jake Knapp,,,,,Jake KnappNot Likely,Not Likely,"Detroit, MI",42.4263°N,83.1262°W,PLAYS FROM
Keith Mitchell,,,,,Keith MitchellNot Likely,Not Likely,"Detroit, MI",42.4263°N,83.1262°W,PLAYS FROM
Charley Hoffman,,,,,Charley HoffmanNot Likely,Not Likely,"Detroit, MI",42.4263°N,83.1262°W,PLAYS FROM
Matteo Manassero,,,,,Matteo ManasseroNot Likely,Not Likely,"Detroit, MI",42.4263°N,83.1262°W,PLAYS FROM
Ryan Fox,,,,,Ryan FoxNot Likely,Not Likely,"Detroit, MI",42.4263°N,83.1262°W,PLAYS FROM
Jordan Smith,,,,,Jordan SmithNot Likely,Not Likely,"Detroit, MI",42.4263°N,83.1262°W,PLAYS FROM
Doug Ghim,,,,,Doug GhimNot Likely,Not Likely,"Detroit, MI",42.4263°N,83.1262°W,PLAYS FROM
Shaun Norris,,,,,Shaun NorrisNot Likely,Not Likely,"Detroit, MI",42.4263°N,83.1262°W,PLAYS FROM
Kensei Hirata,,,,,Kensei HirataNot Likely,Not Likely,"Detroit, MI",42.4263°N,83.1262°W,PLAYS FROM
Jesper Svensson,,,,,Jesper SvenssonNot Likely,Not Likely,"Detroit, MI",42.4263°N,83.1262°W,PLAYS FROM
Aldrich Potgieter,,,,,Aldrich PotgieterNot Likely,Not Likely,"Detroit, MI",42.4263°N,83.1262°W,PLAYS FROM
Ryo Hisatsune,,,,,Ryo HisatsuneNot Likely,Not Likely,"Detroit, MI",42.4263°N,83.1262°W,PLAYS FROM
Adam Schenk,,,,,Adam SchenkNot Likely,Not Likely,"Detroit, MI",42.4263°N,83.1262°W,PLAYS FROM
Mark Hubbard,,,,,Mark HubbardNot Likely,Not Likely,"Detroit, MI",42.4263°N,83.1262°W,PLAYS FROM
Patrick Fishburn,,,,,Patrick FishburnNot Likely,Not Likely,"Detroit, MI",42.4263°N,83.1262°W,PLAYS FROM
Paul Waring,,,,,Paul WaringNot Likely,Not Likely,"Detroit, MI",42.4263°N,83.1262°W,PLAYS FROM
Tom McKibbin,,,,,Tom McKibbinNot Likely,Not Likely,"Detroit, MI",42.4263°N,83.1262°W,PLAYS FROM
Jorge Campillo,,,,,Jorge CampilloNot Likely,Not Likely,"Detroit, MI",42.4263°N,83.1262°W,PLAYS FROM
C.T. Pan,,,,,C.T. PanNot Likely,Not Likely,"Detroit, MI",42.4263°N,83.1262°W,PLAYS FROM
Matti Schmid,,,,,Matti SchmidNot Likely,Not Likely,"Detroit, MI",42.4263°N,83.1262°W,PLAYS FROM
Seamus Power,,,,,Seamus PowerNot Likely,Not Likely,"Detroit, MI",42.4263°N,83.1262°W,PLAYS FROM
Patrick Reed,,,,,Patrick ReedNot Likely,Not Likely,"Detroit, MI",42.4263°N,83.1262°W,PLAYS FROM
Patton Kizzire,,,,,Patton KizzireNot Likely,Not Likely,"Detroit, MI",42.4263°N,83.1262°W,PLAYS FROM
Julien Guerrier,,,,,Julien GuerrierNot Likely,Not Likely,"Detroit, MI",42.4263°N,83.1262°W,PLAYS FROM
Matthew Jordan,,,,,Matthew JordanNot Likely,Not Likely,"Detroit, MI",42.4263°N,83.1262°W,PLAYS FROM
Daniel Brown,,,,,Daniel BrownNot Likely,Not Likely,"Detroit, MI",42.4263°N,83.1262°W,PLAYS FROM
Sebastian Soderberg,,,,,Sebastian SoderbergNot Likely,Not Likely,"Detroit, MI",42.4263°N,83.1262°W,PLAYS FROM
Vince Whaley,,,,,Vince WhaleyNot Likely,Not Likely,"Detroit, MI",42.4263°N,83.1262°W,PLAYS FROM
Johannes Veerman,,,,,Johannes VeermanNot Likely,Not Likely,"Detroit, MI",42.4263°N,83.1262°W,PLAYS FROM
Emiliano Grillo,,,,,Emiliano GrilloNot Likely,Not Likely,"Detroit, MI",42.4263°N,83.1262°W,PLAYS FROM
Matt Kuchar,,,,,Matt KucharNot Likely,Not Likely,"Detroit, MI",42.4263°N,83.1262°W,PLAYS FROM
Antoine Rozner,,,,,Antoine RoznerNot Likely,Not Likely,"Detroit, MI",42.4263°N,83.1262°W,PLAYS FROM
John Catlin,,,,,John CatlinNot Likely,Not Likely,"Detroit, MI",42.4263°N,83.1262°W,PLAYS FROM
Dean Burmester,,,,,Dean BurmesterNot Likely,Not Likely,"Detroit, MI",42.4263°N,83.1262°W,PLAYS FROM
Brendon Todd,,,,,Brendon ToddNot Likely,Not Likely,"Detroit, MI",42.4263°N,83.1262°W,PLAYS FROM
Rico Hoey,,,,,Rico HoeyNot Likely,Not Likely,"Detroit, MI",42.4263°N,83.1262°W,PLAYS FROM
Joseph Dean,,,,,Joseph DeanNot Likely,Not Likely,"Detroit, MI",42.4263°N,83.1262°W,PLAYS FROM
Keita Nakajima,,,,,Keita NakajimaNot Likely,Not Likely,"Detroit, MI",42.4263°N,83.1262°W,PLAYS FROM
Alex Smalley,,,,,Alex SmalleyNot Likely,Not Likely,"Detroit, MI",42.4263°N,83.1262°W,PLAYS FROM
Daniel Hillier,,,,,Daniel HillierNot Likely,Not Likely,"Detroit, MI",42.4263°N,83.1262°W,PLAYS FROM
Guido Migliozzi,,,,,Guido MigliozziNot Likely,Not Likely,"Detroit, MI",42.4263°N,83.1262°W,PLAYS FROM
Luke List,,,,,Luke ListNot Likely,Not Likely,"Detroit, MI",42.4263°N,83.1262°W,PLAYS FROM
Ben Kohles,,,,,Ben KohlesNot Likely,Not Likely,"Detroit, MI",42.4263°N,83.1262°W,PLAYS FROM
Davis Riley,,,,,Davis RileyNot Likely,Not Likely,"Detroit, MI",42.4263°N,83.1262°W,PLAYS FROM
Frankie Capan III,,,,,Frankie Capan IIINot Likely,Not Likely,"Detroit, MI",42.4263°N,83.1262°W,PLAYS FROM
Peter Uihlein,,,,,Peter UihleinNot Likely,Not Likely,"Detroit, MI",42.4263°N,83.1262°W,PLAYS FROM
Adam Svensson,,,,,Adam SvenssonNot Likely,Not Likely,"Detroit, MI",42.4263°N,83.1262°W,PLAYS FROM
Andrew Putnam,,,,,Andrew PutnamNot Likely,Not Likely,"Detroit, MI",42.4263°N,83.1262°W,PLAYS FROM
Peter Malnati,,,,,Peter MalnatiNot Likely,Not Likely,"Detroit, MI",42.4263°N,83.1262°W,PLAYS FROM
Jang Yu Bin,,,,,Jang Yu BinNot Likely,Not Likely,"Detroit, MI",42.4263°N,83.1262°W,PLAYS FROM
Ben Campbell,,,,,Ben CampbellNot Likely,Not Likely,"Detroit, MI",42.4263°N,83.1262°W,PLAYS FROM
Hayden Springer,,,,,Hayden SpringerNot Likely,Not Likely,"Detroit, MI",42.4263°N,83.1262°W,PLAYS FROM
Ewen Ferguson,,,,,Ewen FergusonNot Likely,Not Likely,"Detroit, MI",42.4263°N,83.1262°W,PLAYS FROM
Carson Young,,,,,Carson YoungNot Likely,Not Likely,"Detroit, MI",42.4263°N,83.1262°W,PLAYS FROM
Haotong Li,,,,,Haotong LiNot Likely,Not Likely,"Detroit, MI",42.4263°N,83.1262°W,PLAYS FROM
Mac Meissner,,,,,Mac MeissnerNot Likely,Not Likely,"Detroit, MI",42.4263°N,83.1262°W,PLAYS FROM
Takumi Kanaya,,,,,Takumi KanayaNot Likely,Not Likely,"Detroit, MI",42.4263°N,83.1262°W,PLAYS FROM
Brooks Koepka,,,,,Brooks KoepkaNot Likely,Not Likely,"Detroit, MI",42.4263°N,83.1262°W,PLAYS FROM
K.H. Lee,,,,,K.H. LeeNot Likely,Not Likely,"Detroit, MI",42.4263°N,83.1262°W,PLAYS FROM
Alejandro Del Rey,,,,,Alejandro Del ReyNot Likely,Not Likely,"Detroit, MI",42.4263°N,83.1262°W,PLAYS FROM
Chandler Phillips,,,,,Chandler PhillipsNot Likely,Not Likely,"Detroit, MI",42.4263°N,83.1262°W,PLAYS FROM
Ben Silverman,,,,,Ben SilvermanNot Likely,Not Likely,"Detroit, MI",42.4263°N,83.1262°W,PLAYS FROM
Johnny Keefer,,,,,Johnny KeeferNot Likely,Not Likely,"Detroit, MI",42.4263°N,83.1262°W,PLAYS FROM
Greyson Sigg,,,,,Greyson SiggNot Likely,Not Likely,"Detroit, MI",42.4263°N,83.1262°W,PLAYS FROM
Daniel van Tonder,,,,,Daniel van TonderNot Likely,Not Likely,"Detroit, MI",42.4263°N,83.1262°W,PLAYS FROM
David Lipsky,,,,,David LipskyNot Likely,Not Likely,"Detroit, MI",42.4263°N,83.1262°W,PLAYS FROM
Chan Kim,,,,,Chan KimNot Likely,Not Likely,"Detroit, MI",42.4263°N,83.1262°W,PLAYS FROM
Pierceson Coody,,,,,Pierceson CoodyNot Likely,Not Likely,"Detroit, MI",42.4263°N,83.1262°W,PLAYS FROM
S.H. Kim,,,,,S.H. KimNot Likely,Not Likely,"Detroit, MI",42.4263°N,83.1262°W,PLAYS FROM
Rikuya Hoshino,,,,,Rikuya HoshinoNot Likely,Not Likely,"Detroit, MI",42.4263°N,83.1262°W,PLAYS FROM
Sami Valimaki,,,,,Sami ValimakiNot Likely,Not Likely,"Detroit, MI",42.4263°N,83.1262°W,PLAYS FROM
Joe Highsmith,,,,,Joe HighsmithNot Likely,Not Likely,"Detroit, MI",42.4263°N,83.1262°W,PLAYS FROM
Steven Fisk,,,,,Steven FiskNot Likely,Not Likely,"Detroit, MI",42.4263°N,83.1262°W,PLAYS FROM
Adrian Meronk,,,,,Adrian MeronkNot Likely,Not Likely,"Detroit, MI",42.4263°N,83.1262°W,PLAYS FROM
Harry Higgs,,,,,Harry HiggsNot Likely,Not Likely,"Detroit, MI",42.4263°N,83.1262°W,PLAYS FROM
Gary Woodland,,,,,Gary WoodlandNot Likely,Not Likely,"Detroit, MI",42.4263°N,83.1262°W,PLAYS FROM
Frederic LaCroix,,,,,Frederic LaCroixNot Likely,Not Likely,"Detroit, MI",42.4263°N,83.1262°W,PLAYS FROM
Tim Widing,,,,,Tim WidingNot Likely,Not Likely,"Detroit, MI",42.4263°N,83.1262°W,PLAYS FROM
Dan Bradbury,,,,,Dan BradburyNot Likely,Not Likely,"Detroit, MI",42.4263°N,83.1262°W,PLAYS FROM
Angel Ayora,,,,,Angel AyoraNot Likely,Not Likely,"Detroit, MI",42.4263°N,83.1262°W,PLAYS FROM
Isaiah Salinda,,,,,Isaiah SalindaNot Likely,Not Likely,"Detroit, MI",42.4263°N,83.1262°W,PLAYS FROM
Rafael Campos,,,,,Rafael CamposNot Likely,Not Likely,"Detroit, MI",42.4263°N,83.1262°W,PLAYS FROM
Zac Blair,,,,,Zac BlairNot Likely,Not Likely,"Detroit, MI",42.4263°N,83.1262°W,PLAYS FROM
Joel Dahmen,,,,,Joel DahmenNot Likely,Not Likely,"Detroit, MI",42.4263°N,83.1262°W,PLAYS FROM
David Ravetto,,,,,David RavettoNot Likely,Not Likely,"Detroit, MI",42.4263°N,83.1262°W,PLAYS FROM
Sam Bairstow,,,,,Sam BairstowNot Likely,Not Likely,"Detroit, MI",42.4263°N,83.1262°W,PLAYS FROM
Alex Fitzpatrick,,,,,Alex FitzpatrickNot Likely,Not Likely,"Detroit, MI",42.4263°N,83.1262°W,PLAYS FROM
Angel Hidalgo Jordan,,,,,Angel Hidalgo JordanNot Likely,Not Likely,"Detroit, MI",42.4263°N,83.1262°W,PLAYS FROM
William Mouw,,,,,William MouwNot Likely,Not Likely,"Detroit, MI",42.4263°N,83.1262°W,PLAYS FROM
Brice Garnett,,,,,Brice GarnettNot Likely,Not Likely,"Detroit, MI",42.4263°N,83.1262°W,PLAYS FROM
Ryan Gerard,,,,,Ryan GerardNot Likely,Not Likely,"Detroit, MI",42.4263°N,83.1262°W,PLAYS FROM
Alejandro Tosti,,,,,Alejandro TostiNot Likely,Not Likely,"Detroit, MI",42.4263°N,83.1262°W,PLAYS FROM
Kris Ventura,,,,,Kris VenturaNot Likely,Not Likely,"Detroit, MI",42.4263°N,83.1262°W,PLAYS FROM
Yuta Sugiura,,,,,Yuta SugiuraNot Likely,Not Likely,"Detroit, MI",42.4263°N,83.1262°W,PLAYS FROM
Nacho Elvira,,,,,Nacho ElviraNot Likely,Not Likely,"Detroit, MI",42.4263°N,83.1262°W,PLAYS FROM
Sam Ryder,,,,,Sam RyderNot Likely,Not Likely,"Detroit, MI",42.4263°N,83.1262°W,PLAYS FROM
Taylor Dickson,,,,,Taylor DicksonNot Likely,Not Likely,"Detroit, MI",42.4263°N,83.1262°W,PLAYS FROM
Alexander Björk,,,,,Alexander BjörkNot Likely,Not Likely,"Detroit, MI",42.4263°N,83.1262°W,PLAYS FROM
David Micheluzzi,,,,,David MicheluzziNot Likely,Not Likely,"Detroit, MI",42.4263°N,83.1262°W,PLAYS FROM
Henrik Norlander,,,,,Henrik NorlanderNot Likely,Not Likely,"Detroit, MI",42.4263°N,83.1262°W,PLAYS FROM
Michael Thorbjornsen,,,,,Michael ThorbjornsenNot Likely,Not Likely,"Detroit, MI",42.4263°N,83.1262°W,PLAYS FROM
Brandon R-Thompson,,,,,Brandon R-ThompsonNot Likely,Not Likely,"Detroit, MI",42.4263°N,83.1262°W,PLAYS FROM
Connor Syme,,,,,Connor SymeNot Likely,Not Likely,"Detroit, MI",42.4263°N,83.1262°W,PLAYS FROM
Jackson Suber,,,,,Jackson SuberNot Likely,Not Likely,"Detroit, MI",42.4263°N,83.1262°W,PLAYS FROM
Thomas Rosenmueller,,,,,Thomas RosenmuellerNot Likely,Not Likely,"Detroit, MI",42.4263°N,83.1262°W,PLAYS FROM
Kevin Roy,,,,,Kevin RoyNot Likely,Not Likely,"Detroit, MI",42.4263°N,83.1262°W,PLAYS FROM
Jacob Bridgeman,,,,,Jacob BridgemanNot Likely,Not Likely,"Detroit, MI",42.4263°N,83.1262°W,PLAYS FROM
Andy Sullivan,,,,,Andy SullivanNot Likely,Not Likely,"Detroit, MI",42.4263°N,83.1262°W,PLAYS FROM
Elvis Smylie,,,,,Elvis SmylieNot Likely,Not Likely,"Detroit, MI",42.4263°N,83.1262°W,PLAYS FROM
Adrian Otaegui,,,,,Adrian OtaeguiNot Likely,Not Likely,"Detroit, MI",42.4263°N,83.1262°W,PLAYS FROM
Marcel Siem,,,,,Marcel SiemNot Likely,Not Likely,"Detroit, MI",42.4263°N,83.1262°W,PLAYS FROM
Nicolas Colsaerts,,,,,Nicolas ColsaertsNot Likely,Not Likely,"Detroit, MI",42.4263°N,83.1262°W,PLAYS FROM
Yannik Paul,,,,,Yannik PaulNot Likely,Not Likely,"Detroit, MI",42.4263°N,83.1262°W,PLAYS FROM
Marcus Armitage,,,,,Marcus ArmitageNot Likely,Not Likely,"Detroit, MI",42.4263°N,83.1262°W,PLAYS FROM
Chris Gotterup,,,,,Chris GotterupNot Likely,Not Likely,"Detroit, MI",42.4263°N,83.1262°W,PLAYS FROM
Kevin Streelman,,,,,Kevin StreelmanNot Likely,Not Likely,"Detroit, MI",42.4263°N,83.1262°W,PLAYS FROM
Adrien Saddier,,,,,Adrien SaddierNot Likely,Not Likely,"Detroit, MI",42.4263°N,83.1262°W,PLAYS FROM
Jacques Kruyswijk,,,,,Jacques KruyswijkNot Likely,Not Likely,"Detroit, MI",42.4263°N,83.1262°W,PLAYS FROM
Pablo Larrazabal,,,,,Pablo LarrazabalNot Likely,Not Likely,"Detroit, MI",42.4263°N,83.1262°W,PLAYS FROM
Adrien Dumont de Chassart,,,,,Adrien Dumont de ChassartNot Likely,Not Likely,"Detroit, MI",42.4263°N,83.1262°W,PLAYS FROM
Alistair Docherty,,,,,Alistair DochertyNot Likely,Not Likely,"Detroit, MI",42.4263°N,83.1262°W,PLAYS FROM
Nate Lashley,,,,,Nate LashleyNot Likely,Not Likely,"Detroit, MI",42.4263°N,83.1262°W,PLAYS FROM
Ugo Coussaud,,,,,Ugo CoussaudNot Likely,Not Likely,"Detroit, MI",42.4263°N,83.1262°W,PLAYS FROM
Wesley Bryan,,,,,Wesley BryanNot Likely,Not Likely,"Detroit, MI",42.4263°N,83.1262°W,PLAYS FROM
Bernd Wiesberger,,,,,Bernd WiesbergerNot Likely,Not Likely,"Detroit, MI",42.4263°N,83.1262°W,PLAYS FROM
Ryo Ishikawa,,,,,Ryo IshikawaNot Likely,Not Likely,"Detroit, MI",42.4263°N,83.1262°W,PLAYS FROM
Robin Williams,,,,,Robin WilliamsNot Likely,Not Likely,"Detroit, MI",42.4263°N,83.1262°W,PLAYS FROM
Jayden Schaper,,,,,Jayden SchaperNot Likely,Not Likely,"Detroit, MI",42.4263°N,83.1262°W,PLAYS FROM
Paul Peterson,,,,,Paul PetersonNot Likely,Not Likely,"Detroit, MI",42.4263°N,83.1262°W,PLAYS FROM
Grant Forrest,,,,,Grant ForrestNot Likely,Not Likely,"Detroit, MI",42.4263°N,83.1262°W,PLAYS FROM
Shugo Imahira,,,,,Shugo ImahiraNot Likely,Not Likely,"Detroit, MI",42.4263°N,83.1262°W,PLAYS FROM
Dylan Wu,,,,,Dylan WuNot Likely,Not Likely,"Detroit, MI",42.4263°N,83.1262°W,PLAYS FROM
Neal Shipley,,,,,Neal ShipleyNot Likely,Not Likely,"Detroit, MI",42.4263°N,83.1262°W,PLAYS FROM
Richard Lee,,,,,Richard LeeNot Likely,Not Likely,"Detroit, MI",42.4263°N,83.1262°W,PLAYS FROM
Joost Luiten,,,,,Joost LuitenNot Likely,Not Likely,"Detroit, MI",42.4263°N,83.1262°W,PLAYS FROM
Louis Oosthuizen,,,,,Louis OosthuizenNot Likely,Not Likely,"Detroit, MI",42.4263°N,83.1262°W,PLAYS FROM
Jeff Winther,,,,,Jeff WintherNot Likely,Not Likely,"Detroit, MI",42.4263°N,83.1262°W,PLAYS FROM
John Pak,,,,,John PakNot Likely,Not Likely,"Detroit, MI",42.4263°N,83.1262°W,PLAYS FROM
Hank Lebioda,,,,,Hank LebiodaNot Likely,Not Likely,"Detroit, MI",42.4263°N,83.1262°W,PLAYS FROM
Francesco Laporta,,,,,Francesco LaportaNot Likely,Not Likely,"Detroit, MI",42.4263°N,83.1262°W,PLAYS FROM
Vincent Norrman,,,,,Vincent NorrmanNot Likely,Not Likely,"Detroit, MI",42.4263°N,83.1262°W,PLAYS FROM
MK Kim,,,,,MK KimNot Likely,Not Likely,"Detroit, MI",42.4263°N,83.1262°W,PLAYS FROM
Takahiro Hataji,,,,,Takahiro HatajiNot Likely,Not Likely,"Detroit, MI",42.4263°N,83.1262°W,PLAYS FROM
Hamish Brown,,,,,Hamish BrownNot Likely,Not Likely,"Detroit, MI",42.4263°N,83.1262°W,PLAYS FROM
Suteepat Prateeptienchai,,,,,Suteepat PrateeptienchaiNot Likely,Not Likely,"Detroit, MI",42.4263°N,83.1262°W,PLAYS FROM
Ricky Castillo,,,,,Ricky CastilloNot Likely,Not Likely,"Detroit, MI",42.4263°N,83.1262°W,PLAYS FROM
Joakim Lagergren,,,,,Joakim LagergrenNot Likely,Not Likely,"Detroit, MI",42.4263°N,83.1262°W,PLAYS FROM
Camilo Villegas,,,,,Camilo VillegasNot Likely,Not Likely,"Detroit, MI",42.4263°N,83.1262°W,PLAYS FROM
Lanto Griffin,,,,,Lanto GriffinNot Likely,Not Likely,"Detroit, MI",42.4263°N,83.1262°W,PLAYS FROM
Taylor Montgomery,,,,,Taylor MontgomeryNot Likely,Not Likely,"Detroit, MI",42.4263°N,83.1262°W,PLAYS FROM
Chiehpo Lee,,,,,Chiehpo LeeNot Likely,Not Likely,"Detroit, MI",42.4263°N,83.1262°W,PLAYS FROM
Christo Lamprecht,,,,,Christo LamprechtNot Likely,Not Likely,"Detroit, MI",42.4263°N,83.1262°W,PLAYS FROM
Richard Mansell,,,,,Richard MansellNot Likely,Not Likely,"Detroit, MI",42.4263°N,83.1262°W,PLAYS FROM
Cristobal Del Solar,,,,,Cristobal Del SolarNot Likely,Not Likely,"Detroit, MI",42.4263°N,83.1262°W,PLAYS FROM
Bud Cauley,,,,,Bud CauleyNot Likely,Not Likely,"Detroit, MI",42.4263°N,83.1262°W,PLAYS FROM
David Skinns,,,,,David SkinnsNot Likely,Not Likely,"Detroit, MI",42.4263°N,83.1262°W,PLAYS FROM
Kyle Westmoreland,,,,,Kyle WestmorelandNot Likely,Not Likely,"Detroit, MI",42.4263°N,83.1262°W,PLAYS FROM
Frederik Kjettrup,,,,,Frederik KjettrupNot Likely,Not Likely,"Detroit, MI",42.4263°N,83.1262°W,PLAYS FROM
Shubhankar Sharma,,,,,Shubhankar SharmaNot Likely,Not Likely,"Detroit, MI",42.4263°N,83.1262°W,PLAYS FROM
Trace Crowe,,,,,Trace CroweNot Likely,Not Likely,"Detroit, MI",42.4263°N,83.1262°W,PLAYS FROM
Quade Cummins,,,,,Quade CumminsNot Likely,Not Likely,"Detroit, MI",42.4263°N,83.1262°W,PLAYS FROM
Karl Vilips,,,,,Karl VilipsNot Likely,Not Likely,"Detroit, MI",42.4263°N,83.1262°W,PLAYS FROM
Ivan Cantero Gutierrez,,,,,Ivan Cantero GutierrezNot Likely,Not Likely,"Detroit, MI",42.4263°N,83.1262°W,PLAYS FROM
Robby Shelton,,,,,Robby SheltonNot Likely,Not Likely,"Detroit, MI",42.4263°N,83.1262°W,PLAYS FROM
Marcus Kinhult,,,,,Marcus KinhultNot Likely,Not Likely,"Detroit, MI",42.4263°N,83.1262°W,PLAYS FROM
Austin Smotherman,,,,,Austin SmothermanNot Likely,Not Likely,"Detroit, MI",42.4263°N,83.1262°W,PLAYS FROM
Darius Van Driel,,,,,Darius Van DrielNot Likely,Not Likely,"Detroit, MI",42.4263°N,83.1262°W,PLAYS FROM
Sean Crocker,,,,,Sean CrockerNot Likely,Not Likely,"Detroit, MI",42.4263°N,83.1262°W,PLAYS FROM
Lucas Herbert,,,,,Lucas HerbertNot Likely,Not Likely,"Detroit, MI",42.4263°N,83.1262°W,PLAYS FROM
Zander Lombard,,,,,Zander LombardNot Likely,Not Likely,"Detroit, MI",42.4263°N,83.1262°W,PLAYS FROM
Ollie Schniederjans,,,,,Ollie SchniederjansNot Likely,Not Likely,"Detroit, MI",42.4263°N,83.1262°W,PLAYS FROM
Richie Ramsay,,,,,Richie RamsayNot Likely,Not Likely,"Detroit, MI",42.4263°N,83.1262°W,PLAYS FROM
Yuto Katsuragawa,,,,,Yuto KatsuragawaNot Likely,Not Likely,"Detroit, MI",42.4263°N,83.1262°W,PLAYS FROM
Trav Smyth,,,,,Trav SmythNot Likely,Not Likely,"Detroit, MI",42.4263°N,83.1262°W,PLAYS FROM
Martin Couvra,,,,,Martin CouvraNot Likely,Not Likely,"Detroit, MI",42.4263°N,83.1262°W,PLAYS FROM
Danny Walker,,,,,Danny WalkerNot Likely,Not Likely,"Detroit, MI",42.4263°N,83.1262°W,PLAYS FROM
Brandon Stone,,,,,Brandon StoneNot Likely,Not Likely,"Detroit, MI",42.4263°N,83.1262°W,PLAYS FROM
Braden Thornberry,,,,,Braden ThornberryNot Likely,Not Likely,"Detroit, MI",42.4263°N,83.1262°W,PLAYS FROM
Kevin Tway,,,,,Kevin TwayNot Likely,Not Likely,"Detroit, MI",42.4263°N,83.1262°W,PLAYS FROM
Carl Yuan,,,,,Carl YuanNot Likely,Not Likely,"Detroit, MI",42.4263°N,83.1262°W,PLAYS FROM
Calum Hill,,,,,Calum HillNot Likely,Not Likely,"Detroit, MI",42.4263°N,83.1262°W,PLAYS FROM
Martin Laird,,,,,Martin LairdNot Likely,Not Likely,"Detroit, MI",42.4263°N,83.1262°W,PLAYS FROM
Matt NeSmith,,,,,Matt NeSmithNot Likely,Not Likely,"Detroit, MI",42.4263°N,83.1262°W,PLAYS FROM
Ryosuke Kinoshita,,,,,Ryosuke KinoshitaNot Likely,Not Likely,"Detroit, MI",42.4263°N,83.1262°W,PLAYS FROM
Jason Scrivener,,,,,Jason ScrivenerNot Likely,Not Likely,"Detroit, MI",42.4263°N,83.1262°W,PLAYS FROM
Sudarshan Yellamaraju,,,,,Sudarshan YellamarajuNot Likely,Not Likely,"Detroit, MI",42.4263°N,83.1262°W,PLAYS FROM
Barend Botha,,,,,Barend BothaNot Likely,Not Likely,"Detroit, MI",42.4263°N,83.1262°W,PLAYS FROM
Taiga Semikawa,,,,,Taiga SemikawaNot Likely,Not Likely,"Detroit, MI",42.4263°N,83.1262°W,PLAYS FROM
Justin Suh,,,,,Justin SuhNot Likely,Not Likely,"Detroit, MI",42.4263°N,83.1262°W,PLAYS FROM
Miguel Tabuena,,,,,Miguel TabuenaNot Likely,Not Likely,"Detroit, MI",42.4263°N,83.1262°W,PLAYS FROM
Wilco Nienaber,,,,,Wilco NienaberNot Likely,Not Likely,"Detroit, MI",42.4263°N,83.1262°W,PLAYS FROM
Ryan Moore,,,,,Ryan MooreNot Likely,Not Likely,"Detroit, MI",42.4263°N,83.1262°W,PLAYS FROM
Zach Bauchou,,,,,Zach BauchouNot Likely,Not Likely,"Detroit, MI",42.4263°N,83.1262°W,PLAYS FROM
Scott Jamieson,,,,,Scott JamiesonNot Likely,Not Likely,"Detroit, MI",42.4263°N,83.1262°W,PLAYS FROM
Eugenio Chacarra,,,,,Eugenio ChacarraNot Likely,Not Likely,"Detroit, MI",42.4263°N,83.1262°W,PLAYS FROM
Jamie Rutherford,,,,,Jamie RutherfordNot Likely,Not Likely,"Detroit, MI",42.4263°N,83.1262°W,PLAYS FROM
Taisei Shimizu,,,,,Taisei ShimizuNot Likely,Not Likely,"Detroit, MI",42.4263°N,83.1262°W,PLAYS FROM
Andrea Pavan,,,,,Andrea PavanNot Likely,Not Likely,"Detroit, MI",42.4263°N,83.1262°W,PLAYS FROM
Ryggs Johnston,,,,,Ryggs JohnstonNot Likely,Not Likely,"Detroit, MI",42.4263°N,83.1262°W,PLAYS FROM
Sam Bennett,,,,,Sam BennettNot Likely,Not Likely,"Detroit, MI",42.4263°N,83.1262°W,PLAYS FROM
Chad Ramey,,,,,Chad RameyNot Likely,Not Likely,"Detroit, MI",42.4263°N,83.1262°W,PLAYS FROM
Hiroshi Iwata,,,,,Hiroshi IwataNot Likely,Not Likely,"Detroit, MI",42.4263°N,83.1262°W,PLAYS FROM
Casey Jarvis,,,,,Casey JarvisNot Likely,Not Likely,"Detroit, MI",42.4263°N,83.1262°W,PLAYS FROM
Will Chandler,,,,,Will ChandlerNot Likely,Not Likely,"Detroit, MI",42.4263°N,83.1262°W,PLAYS FROM
Ryan van Velzen,,,,,Ryan van VelzenNot Likely,Not Likely,"Detroit, MI",42.4263°N,83.1262°W,PLAYS FROM
Conor Purcell,,,,,Conor PurcellNot Likely,Not Likely,"Detroit, MI",42.4263°N,83.1262°W,PLAYS FROM
Todd Clements,,,,,Todd ClementsNot Likely,Not Likely,"Detroit, MI",42.4263°N,83.1262°W,PLAYS FROM
Kiradech Aphibarnrat,,,,,Kiradech AphibarnratNot Likely,Not Likely,"Detroit, MI",42.4263°N,83.1262°W,PLAYS FROM
Kazuki Higa,,,,,Kazuki HigaNot Likely,Not Likely,"Detroit, MI",42.4263°N,83.1262°W,PLAYS FROM
Aaron Cockerill,,,,,Aaron CockerillNot Likely,Not Likely,"Detroit, MI",42.4263°N,83.1262°W,PLAYS FROM
Nick Hardy,,,,,Nick HardyNot Likely,Not Likely,"Detroit, MI",42.4263°N,83.1262°W,PLAYS FROM
Fabrizio Zanotti,,,,,Fabrizio ZanottiNot Likely,Not Likely,"Detroit, MI",42.4263°N,83.1262°W,PLAYS FROM
Oliver Lindell,,,,,Oliver LindellNot Likely,Not Likely,"Detroit, MI",42.4263°N,83.1262°W,PLAYS FROM
S.Y. Noh,,,,,S.Y. NohNot Likely,Not Likely,"Detroit, MI",42.4263°N,83.1262°W,PLAYS FROM
Caleb Surratt,,,,,Caleb SurrattNot Likely,Not Likely,"Detroit, MI",42.4263°N,83.1262°W,PLAYS FROM
Josh Teater,,,,,Josh TeaterNot Likely,Not Likely,"Detroit, MI",42.4263°N,83.1262°W,PLAYS FROM
Joseph Bramlett,,,,,Joseph BramlettNot Likely,Not Likely,"Detroit, MI",42.4263°N,83.1262°W,PLAYS FROM
Deon Germishuys,,,,,Deon GermishuysNot Likely,Not Likely,"Detroit, MI",42.4263°N,83.1262°W,PLAYS FROM
Garrick Higgo,,,,,Garrick HiggoNot Likely,Not Likely,"Detroit, MI",42.4263°N,83.1262°W,PLAYS FROM
Alfredo Garcia-Heredia,,,,,Alfredo Garcia-HerediaNot Likely,Not Likely,"Detroit, MI",42.4263°N,83.1262°W,PLAYS FROM
Marcel Schneider,,,,,Marcel SchneiderNot Likely,Not Likely,"Detroit, MI",42.4263°N,83.1262°W,PLAYS FROM
Sadom Kaewkanjana,,,,,Sadom KaewkanjanaNot Likely,Not Likely,"Detroit, MI",42.4263°N,83.1262°W,PLAYS FROM
Young-han Song,,,,,Young-han SongNot Likely,Not Likely,"Detroit, MI",42.4263°N,83.1262°W,PLAYS FROM
Ren Yonezawa,,,,,Ren YonezawaNot Likely,Not Likely,"Detroit, MI",42.4263°N,83.1262°W,PLAYS FROM
Ben Martin,,,,,Ben MartinNot Likely,Not Likely,"Detroit, MI",42.4263°N,83.1262°W,PLAYS FROM
Mitchell Meissner,,,,,Mitchell MeissnerNot Likely,Not Likely,"Detroit, MI",42.4263°N,83.1262°W,PLAYS FROM
Will Gordon,,,,,Will GordonNot Likely,Not Likely,"Detroit, MI",42.4263°N,83.1262°W,PLAYS FROM
Chesson Hadley,,,,,Chesson HadleyNot Likely,Not Likely,"Detroit, MI",42.4263°N,83.1262°W,PLAYS FROM
Joel Moscatel Nachsh,,,,,Joel Moscatel NachshNot Likely,Not Likely,"Detroit, MI",42.4263°N,83.1262°W,PLAYS FROM
Tom Vaillant,,,,,Tom VaillantNot Likely,Not Likely,"Detroit, MI",42.4263°N,83.1262°W,PLAYS FROM
Kevin Chappell,,,,,Kevin ChappellNot Likely,Not Likely,"Detroit, MI",42.4263°N,83.1262°W,PLAYS FROM
Davis Chatfield,,,,,Davis ChatfieldNot Likely,Not Likely,"Detroit, MI",42.4263°N,83.1262°W,PLAYS FROM
Kevin Velo,,,,,Kevin VeloNot Likely,Not Likely,"Detroit, MI",42.4263°N,83.1262°W,PLAYS FROM
Brandon Wu,,,,,Brandon WuNot Likely,Not Likely,"Detroit, MI",42.4263°N,83.1262°W,PLAYS FROM
Hayden Buckley,,,,,Hayden BuckleyNot Likely,Not Likely,"Detroit, MI",42.4263°N,83.1262°W,PLAYS FROM
Dylan Frittelli,,,,,Dylan FrittelliNot Likely,Not Likely,"Detroit, MI",42.4263°N,83.1262°W,PLAYS FROM
Jeremy Paul,,,,,Jeremy PaulNot Likely,Not Likely,"Detroit, MI",42.4263°N,83.1262°W,PLAYS FROM
Curtis Luck,,,,,Curtis LuckNot Likely,Not Likely,"Detroit, MI",42.4263°N,83.1262°W,PLAYS FROM
Zach Johnson,,,,,Zach JohnsonNot Likely,Not Likely,"Detroit, MI",42.4263°N,83.1262°W,PLAYS FROM
MJ Maguire,,,,,MJ MaguireNot Likely,Not Likely,"Detroit, MI",42.4263°N,83.1262°W,PLAYS FROM
Matthew Southgate,,,,,Matthew SouthgateNot Likely,Not Likely,"Detroit, MI",42.4263°N,83.1262°W,PLAYS FROM
Tyler Duncan,,,,,Tyler DuncanNot Likely,Not Likely,"Detroit, MI",42.4263°N,83.1262°W,PLAYS FROM
Trey Winstead,,,,,Trey WinsteadNot Likely,Not Likely,"Detroit, MI",42.4263°N,83.1262°W,PLAYS FROM
Gavin Green,,,,,Gavin GreenNot Likely,Not Likely,"Detroit, MI",42.4263°N,83.1262°W,PLAYS FROM
Davis Shore,,,,,Davis ShoreNot Likely,Not Likely,"Detroit, MI",42.4263°N,83.1262°W,PLAYS FROM
Chez Reavie,,,,,Chez ReavieNot Likely,Not Likely,"Detroit, MI",42.4263°N,83.1262°W,PLAYS FROM
Aaron Baddeley,,,,,Aaron BaddeleyNot Likely,Not Likely,"Detroit, MI",42.4263°N,83.1262°W,PLAYS FROM
Webb Simpson,,,,,Webb SimpsonNot Likely,Not Likely,"Detroit, MI",42.4263°N,83.1262°W,PLAYS FROM
Ricardo Gouveia,,,,,Ricardo GouveiaNot Likely,Not Likely,"Detroit, MI",42.4263°N,83.1262°W,PLAYS FROM
Peter Kuest,,,,,Peter KuestNot Likely,Not Likely,"Detroit, MI",42.4263°N,83.1262°W,PLAYS FROM
Jimmy Stanger,,,,,Jimmy StangerNot Likely,Not Likely,"Detroit, MI",42.4263°N,83.1262°W,PLAYS FROM
Jens Dantorp,,,,,Jens DantorpNot Likely,Not Likely,"Detroit, MI",42.4263°N,83.1262°W,PLAYS FROM
Carter Jenkins,,,,,Carter JenkinsNot Likely,Not Likely,"Detroit, MI",42.4263°N,83.1262°W,PLAYS FROM
Matthew Baldwin,,,,,Matthew BaldwinNot Likely,Not Likely,"Detroit, MI",42.4263°N,83.1262°W,PLAYS FROM
Phachara Khongwatmai,,,,,Phachara KhongwatmaiNot Likely,Not Likely,"Detroit, MI",42.4263°N,83.1262°W,PLAYS FROM
Seungtaek Lee,,,,,Seungtaek LeeNot Likely,Not Likely,"Detroit, MI",42.4263°N,83.1262°W,PLAYS FROM
Hur In-hoi,,,,,Hur In-hoiNot Likely,Not Likely,"Detroit, MI",42.4263°N,83.1262°W,PLAYS FROM
Guntaek Koh,,,,,Guntaek KohNot Likely,Not Likely,"Detroit, MI",42.4263°N,83.1262°W,PLAYS FROM
Lee Jung-hwan,,,,,Lee Jung-hwanNot Likely,Not Likely,"Detroit, MI",42.4263°N,83.1262°W,PLAYS FROM
Mason Andersen,,,,,Mason AndersenNot Likely,Not Likely,"Detroit, MI",42.4263°N,83.1262°W,PLAYS FROM
Jeong Weon Ko,,,,,Jeong Weon KoNot Likely,Not Likely,"Detroit, MI",42.4263°N,83.1262°W,PLAYS FROM
Kazuma Kobori,,,,,Kazuma KoboriNot Likely,Not Likely,"Detroit, MI",42.4263°N,83.1262°W,PLAYS FROM
Max Kieffer,,,,,Max KiefferNot Likely,Not Likely,"Detroit, MI",42.4263°N,83.1262°W,PLAYS FROM
Troy Merritt,,,,,Troy MerrittNot Likely,Not Likely,"Detroit, MI",42.4263°N,83.1262°W,PLAYS FROM
Daniel Summerhays,,,,,Daniel SummerhaysNot Likely,Not Likely,"Detroit, MI",42.4263°N,83.1262°W,PLAYS FROM
Noah Goodwin,,,,,Noah GoodwinNot Likely,Not Likely,"Detroit, MI",42.4263°N,83.1262°W,PLAYS FROM
Takashi Ogiso,,,,,Takashi OgisoNot Likely,Not Likely,"Detroit, MI",42.4263°N,83.1262°W,PLAYS FROM
Emilio Gonzalez,,,,,Emilio GonzalezNot Likely,Not Likely,"Detroit, MI",42.4263°N,83.1262°W,PLAYS FROM
Kristoffer Reitan,,,,,Kristoffer ReitanNot Likely,Not Likely,"Detroit, MI",42.4263°N,83.1262°W,PLAYS FROM
Kaito Onishi,,,,,Kaito OnishiNot Likely,Not Likely,"Detroit, MI",42.4263°N,83.1262°W,PLAYS FROM
Freddy Schott,,,,,Freddy SchottNot Likely,Not Likely,"Detroit, MI",42.4263°N,83.1262°W,PLAYS FROM
Russell Knox,,,,,Russell KnoxNot Likely,Not Likely,"Detroit, MI",42.4263°N,83.1262°W,PLAYS FROM
Roger Sloan,,,,,Roger SloanNot Likely,Not Likely,"Detroit, MI",42.4263°N,83.1262°W,PLAYS FROM
Gaganjeet Bhullar,,,,,Gaganjeet BhullarNot Likely,Not Likely,"Detroit, MI",42.4263°N,83.1262°W,PLAYS FROM
Yuta Kaneko,,,,,Yuta KanekoNot Likely,Not Likely,"Detroit, MI",42.4263°N,83.1262°W,PLAYS FROM
Wooyoung Cho,,,,,Wooyoung ChoNot Likely,Not Likely,"Detroit, MI",42.4263°N,83.1262°W,PLAYS FROM
Padraig Harrington,,,,,Padraig HarringtonNot Likely,Not Likely,"Detroit, MI",42.4263°N,83.1262°W,PLAYS FROM
Jonathan Broomhead,,,,,Jonathan BroomheadNot Likely,Not Likely,"Detroit, MI",42.4263°N,83.1262°W,PLAYS FROM
Matt Atkins,,,,,Matt AtkinsNot Likely,Not Likely,"Detroit, MI",42.4263°N,83.1262°W,PLAYS FROM
Carlos Ortiz,,,,,Carlos OrtizNot Likely,Not Likely,"Detroit, MI",42.4263°N,83.1262°W,PLAYS FROM
Stewart Cink,,,,,Stewart CinkNot Likely,Not Likely,"Detroit, MI",42.4263°N,83.1262°W,PLAYS FROM
Norman Xiong,,,,,Norman XiongNot Likely,Not Likely,"Detroit, MI",42.4263°N,83.1262°W,PLAYS FROM
Myles Creighton,,,,,Myles CreightonNot Likely,Not Likely,"Detroit, MI",42.4263°N,83.1262°W,PLAYS FROM
Kieran Vincent,,,,,Kieran VincentNot Likely,Not Likely,"Detroit, MI",42.4263°N,83.1262°W,PLAYS FROM
Andrew Wilson,,,,,Andrew WilsonNot Likely,Not Likely,"Detroit, MI",42.4263°N,83.1262°W,PLAYS FROM
Brandon Crick,,,,,Brandon CrickNot Likely,Not Likely,"Detroit, MI",42.4263°N,83.1262°W,PLAYS FROM
Trevor Cone,,,,,Trevor ConeNot Likely,Not Likely,"Detroit, MI",42.4263°N,83.1262°W,PLAYS FROM
Eddie Pepperell,,,,,Eddie PepperellNot Likely,Not Likely,"Detroit, MI",42.4263°N,83.1262°W,PLAYS FROM
Parker Coody,,,,,Parker CoodyNot Likely,Not Likely,"Detroit, MI",42.4263°N,83.1262°W,PLAYS FROM
Doc Redman,,,,,Doc RedmanNot Likely,Not Likely,"Detroit, MI",42.4263°N,83.1262°W,PLAYS FROM
Yuki Inamori,,,,,Yuki InamoriNot Likely,Not Likely,"Detroit, MI",42.4263°N,83.1262°W,PLAYS FROM
Thanapath Pichaikul,,,,,Thanapath PichaikulNot Likely,Not Likely,"Detroit, MI",42.4263°N,83.1262°W,PLAYS FROM
Seth Reeves,,,,,Seth ReevesNot Likely,Not Likely,"Detroit, MI",42.4263°N,83.1262°W,PLAYS FROM
Thomas Pieters,,,,,Thomas PietersNot Likely,Not Likely,"Detroit, MI",42.4263°N,83.1262°W,PLAYS FROM
Ross Steelman,,,,,Ross SteelmanNot Likely,Not Likely,"Detroit, MI",42.4263°N,83.1262°W,PLAYS FROM
Benjamin Hebert,,,,,Benjamin HebertNot Likely,Not Likely,"Detroit, MI",42.4263°N,83.1262°W,PLAYS FROM
Jeunghun Wang,,,,,Jeunghun WangNot Likely,Not Likely,"Detroit, MI",42.4263°N,83.1262°W,PLAYS FROM
Trent Phillips,,,,,Trent PhillipsNot Likely,Not Likely,"Detroit, MI",42.4263°N,83.1262°W,PLAYS FROM
Tapio Pulkkanen,,,,,Tapio PulkkanenNot Likely,Not Likely,"Detroit, MI",42.4263°N,83.1262°W,PLAYS FROM
Brandt Snedeker,,,,,Brandt SnedekerNot Likely,Not Likely,"Detroit, MI",42.4263°N,83.1262°W,PLAYS FROM
Stefano Mazzoli,,,,,Stefano MazzoliNot Likely,Not Likely,"Detroit, MI",42.4263°N,83.1262°W,PLAYS FROM
Naoyuki Kataoka,,,,,Naoyuki KataokaNot Likely,Not Likely,"Detroit, MI",42.4263°N,83.1262°W,PLAYS FROM
,,,,,Not Likely,Not Likely,"Detroit, MI",42.4263°N,83.1262°W,PLAYS FROM
Mikumu Horikawa,,,,,Mikumu HorikawaNot Likely,Not Likely,"Detroit, MI",42.4263°N,83.1262°W,PLAYS FROM
Charl Schwartzel,,,,,Charl SchwartzelNot Likely,Not Likely,"Detroit, MI",42.4263°N,83.1262°W,PLAYS FROM
Maximilian Steinlechner,,,,,Maximilian SteinlechnerNot Likely,Not Likely,"Detroit, MI",42.4263°N,83.1262°W,PLAYS FROM
Thomas Aiken,,,,,Thomas AikenNot Likely,Not Likely,"Detroit, MI",42.4263°N,83.1262°W,PLAYS FROM
Joel Girrbach,,,,,Joel GirrbachNot Likely,Not Likely,"Detroit, MI",42.4263°N,83.1262°W,PLAYS FROM
Jaco Ahlers,,,,,Jaco AhlersNot Likely,Not Likely,"Detroit, MI",42.4263°N,83.1262°W,PLAYS FROM
Andrew Johnston,,,,,Andrew JohnstonNot Likely,Not Likely,"Detroit, MI",42.4263°N,83.1262°W,PLAYS FROM
Kelly Kraft,,,,,Kelly KraftNot Likely,Not Likely,"Detroit, MI",42.4263°N,83.1262°W,PLAYS FROM
Jordan Gumberg,,,,,Jordan GumbergNot Likely,Not Likely,"Detroit, MI",42.4263°N,83.1262°W,PLAYS FROM
David Law,,,,,David LawNot Likely,Not Likely,"Detroit, MI",42.4263°N,83.1262°W,PLAYS FROM
Max Rottluff,,,,,Max RottluffNot Likely,Not Likely,"Detroit, MI",42.4263°N,83.1262°W,PLAYS FROM
Dalton Ward,,,,,Dalton WardNot Likely,Not Likely,"Detroit, MI",42.4263°N,83.1262°W,PLAYS FROM
Jack Senior,,,,,Jack SeniorNot Likely,Not Likely,"Detroit, MI",42.4263°N,83.1262°W,PLAYS FROM
Tom Whitney,,,,,Tom WhitneyNot Likely,Not Likely,"Detroit, MI",42.4263°N,83.1262°W,PLAYS FROM
Ryan McCormick,,,,,Ryan McCormickNot Likely,Not Likely,"Detroit, MI",42.4263°N,83.1262°W,PLAYS FROM
Erik Barnes,,,,,Erik BarnesNot Likely,Not Likely,"Detroit, MI",42.4263°N,83.1262°W,PLAYS FROM
Pontus Nyholm,,,,,Pontus NyholmNot Likely,Not Likely,"Detroit, MI",42.4263°N,83.1262°W,PLAYS FROM
Lucas Bjerregaard,,,,,Lucas BjerregaardNot Likely,Not Likely,"Detroit, MI",42.4263°N,83.1262°W,PLAYS FROM
Ryutaro Nagano,,,,,Ryutaro NaganoNot Likely,Not Likely,"Detroit, MI",42.4263°N,83.1262°W,PLAYS FROM
Sanghyun Park,,,,,Sanghyun ParkNot Likely,Not Likely,"Detroit, MI",42.4263°N,83.1262°W,PLAYS FROM
Scott Vincent,,,,,Scott VincentNot Likely,Not Likely,"Detroit, MI",42.4263°N,83.1262°W,PLAYS FROM
Jannik De Bruyn,,,,,Jannik De BruynNot Likely,Not Likely,"Detroit, MI",42.4263°N,83.1262°W,PLAYS FROM
Danny Willett,,,,,Danny WillettNot Likely,Not Likely,"Detroit, MI",42.4263°N,83.1262°W,PLAYS FROM
Nicolai Von Dellingshausen,,,,,Nicolai Von DellingshausenNot Likely,Not Likely,"Detroit, MI",42.4263°N,83.1262°W,PLAYS FROM
Matthew Anderson,,,,,Matthew AndersonNot Likely,Not Likely,"Detroit, MI",42.4263°N,83.1262°W,PLAYS FROM
Marc Leishman,,,,,Marc LeishmanNot Likely,Not Likely,"Detroit, MI",42.4263°N,83.1262°W,PLAYS FROM
Niklas Lemke,,,,,Niklas LemkeNot Likely,Not Likely,"Detroit, MI",42.4263°N,83.1262°W,PLAYS FROM
Joe Weiler,,,,,Joe WeilerNot Likely,Not Likely,"Detroit, MI",42.4263°N,83.1262°W,PLAYS FROM
Tyson Alexander,,,,,Tyson AlexanderNot Likely,Not Likely,"Detroit, MI",42.4263°N,83.1262°W,PLAYS FROM
Cameron Champ,,,,,Cameron ChampNot Likely,Not Likely,"Detroit, MI",42.4263°N,83.1262°W,PLAYS FROM
Kyung Nam Kang,,,,,Kyung Nam KangNot Likely,Not Likely,"Detroit, MI",42.4263°N,83.1262°W,PLAYS FROM
Manuel Elvira,,,,,Manuel ElviraNot Likely,Not Likely,"Detroit, MI",42.4263°N,83.1262°W,PLAYS FROM
Sam Jones,,,,,Sam JonesNot Likely,Not Likely,"Detroit, MI",42.4263°N,83.1262°W,PLAYS FROM
Taichi Nabetani,,,,,Taichi NabetaniNot Likely,Not Likely,"Detroit, MI",42.4263°N,83.1262°W,PLAYS FROM
Alvaro Ortiz,,,,,Alvaro OrtizNot Likely,Not Likely,"Detroit, MI",42.4263°N,83.1262°W,PLAYS FROM
Tomoyo Ikemura,,,,,Tomoyo IkemuraNot Likely,Not Likely,"Detroit, MI",42.4263°N,83.1262°W,PLAYS FROM
Hong-taek Kim,,,,,Hong-taek KimNot Likely,Not Likely,"Detroit, MI",42.4263°N,83.1262°W,PLAYS FROM
Jeong Woo Ham,,,,,Jeong Woo HamNot Likely,Not Likely,"Detroit, MI",42.4263°N,83.1262°W,PLAYS FROM
Austin Hitt,,,,,Austin HittNot Likely,Not Likely,"Detroit, MI",42.4263°N,83.1262°W,PLAYS FROM
Tatsunori Shogenji,,,,,Tatsunori ShogenjiNot Likely,Not Likely,"Detroit, MI",42.4263°N,83.1262°W,PLAYS FROM
Jinichiro Kozuma,,,,,Jinichiro KozumaNot Likely,Not Likely,"Detroit, MI",42.4263°N,83.1262°W,PLAYS FROM
Steve Lewton,,,,,Steve LewtonNot Likely,Not Likely,"Detroit, MI",42.4263°N,83.1262°W,PLAYS FROM
Taihei Sato,,,,,Taihei SatoNot Likely,Not Likely,"Detroit, MI",42.4263°N,83.1262°W,PLAYS FROM
Marco Penge,,,,,Marco PengeNot Likely,Not Likely,"Detroit, MI",42.4263°N,83.1262°W,PLAYS FROM
Callum Shinkwin,,,,,Callum ShinkwinNot Likely,Not Likely,"Detroit, MI",42.4263°N,83.1262°W,PLAYS FROM
Lukas Nemecz,,,,,Lukas NemeczNot Likely,Not Likely,"Detroit, MI",42.4263°N,83.1262°W,PLAYS FROM
Darren Fichardt,,,,,Darren FichardtNot Likely,Not Likely,"Detroit, MI",42.4263°N,83.1262°W,PLAYS FROM
Stuart Macdonald,,,,,Stuart MacdonaldNot Likely,Not Likely,"Detroit, MI",42.4263°N,83.1262°W,PLAYS FROM
Callum Tarren,,,,,Callum TarrenNot Likely,Not Likely,"Detroit, MI",42.4263°N,83.1262°W,PLAYS FROM
Mike Hendry,,,,,Mike HendryNot Likely,Not Likely,"Detroit, MI",42.4263°N,83.1262°W,PLAYS FROM
Nathan Kimsey,,,,,Nathan KimseyNot Likely,Not Likely,"Detroit, MI",42.4263°N,83.1262°W,PLAYS FROM
Zihao Jin,,,,,Zihao JinNot Likely,Not Likely,"Detroit, MI",42.4263°N,83.1262°W,PLAYS FROM
Trey Mullinax,,,,,Trey MullinaxNot Likely,Not Likely,"Detroit, MI",42.4263°N,83.1262°W,PLAYS FROM
Keenan Davidse,,,,,Keenan DavidseNot Likely,Not Likely,"Detroit, MI",42.4263°N,83.1262°W,PLAYS FROM
Alexander Levy,,,,,Alexander LevyNot Likely,Not Likely,"Detroit, MI",42.4263°N,83.1262°W,PLAYS FROM
Abraham Ancer,,,,,Abraham AncerNot Likely,Not Likely,"Detroit, MI",42.4263°N,83.1262°W,PLAYS FROM
Rattanon Wannasrichan,,,,,Rattanon WannasrichanNot Likely,Not Likely,"Detroit, MI",42.4263°N,83.1262°W,PLAYS FROM
José de Jesús Rodríguez,,,,,José de Jesús RodríguezNot Likely,Not Likely,"Detroit, MI",42.4263°N,83.1262°W,PLAYS FROM
Jack Maguire,,,,,Jack MaguireNot Likely,Not Likely,"Detroit, MI",42.4263°N,83.1262°W,PLAYS FROM
Nick Voke,,,,,Nick VokeNot Likely,Not Likely,"Detroit, MI",42.4263°N,83.1262°W,PLAYS FROM
Andreas Halvorsen,,,,,Andreas HalvorsenNot Likely,Not Likely,"Detroit, MI",42.4263°N,83.1262°W,PLAYS FROM
Ryan Palmer,,,,,Ryan PalmerNot Likely,Not Likely,"Detroit, MI",42.4263°N,83.1262°W,PLAYS FROM
Ross Fisher,,,,,Ross FisherNot Likely,Not Likely,"Detroit, MI",42.4263°N,83.1262°W,PLAYS FROM
Louis de Jager,,,,,Louis de JagerNot Likely,Not Likely,"Detroit, MI",42.4263°N,83.1262°W,PLAYS FROM
Dylan Naidoo,,,,,Dylan NaidooNot Likely,Not Likely,"Detroit, MI",42.4263°N,83.1262°W,PLAYS FROM
Veer Ahlawat,,,,,Veer AhlawatNot Likely,Not Likely,"Detroit, MI",42.4263°N,83.1262°W,PLAYS FROM
Filippo Celli,,,,,Filippo CelliNot Likely,Not Likely,"Detroit, MI",42.4263°N,83.1262°W,PLAYS FROM
Ben Schmidt,,,,,Ben SchmidtNot Likely,Not Likely,"Detroit, MI",42.4263°N,83.1262°W,PLAYS FROM
Rick Lamb,,,,,Rick LambNot Likely,Not Likely,"Detroit, MI",42.4263°N,83.1262°W,PLAYS FROM
Julien Sale,,,,,Julien SaleNot Likely,Not Likely,"Detroit, MI",42.4263°N,83.1262°W,PLAYS FROM
Scott Stallings,,,,,Scott StallingsNot Likely,Not Likely,"Detroit, MI",42.4263°N,83.1262°W,PLAYS FROM
Jens Fahrbring,,,,,Jens FahrbringNot Likely,Not Likely,"Detroit, MI",42.4263°N,83.1262°W,PLAYS FROM
Mikiya Akutsu,,,,,Mikiya AkutsuNot Likely,Not Likely,"Detroit, MI",42.4263°N,83.1262°W,PLAYS FROM
Julian Suri,,,,,Julian SuriNot Likely,Not Likely,"Detroit, MI",42.4263°N,83.1262°W,PLAYS FROM
Yurav Premlall,,,,,Yurav PremlallNot Likely,Not Likely,"Detroit, MI",42.4263°N,83.1262°W,PLAYS FROM
Zecheng Dou,,,,,Zecheng DouNot Likely,Not Likely,"Detroit, MI",42.4263°N,83.1262°W,PLAYS FROM
Richy Werenski,,,,,Richy WerenskiNot Likely,Not Likely,"Detroit, MI",42.4263°N,83.1262°W,PLAYS FROM
Thomas Walsh,,,,,Thomas WalshNot Likely,Not Likely,"Detroit, MI",42.4263°N,83.1262°W,PLAYS FROM
Fabián Gómez,,,,,Fabián GómezNot Likely,Not Likely,"Detroit, MI",42.4263°N,83.1262°W,PLAYS FROM
Galam Jeon,,,,,Galam JeonNot Likely,Not Likely,"Detroit, MI",42.4263°N,83.1262°W,PLAYS FROM
Gunn Charoenkul,,,,,Gunn CharoenkulNot Likely,Not Likely,"Detroit, MI",42.4263°N,83.1262°W,PLAYS FROM
Bjorn Akesson,,,,,Bjorn AkessonNot Likely,Not Likely,"Detroit, MI",42.4263°N,83.1262°W,PLAYS FROM
Lee Dai-han,,,,,Lee Dai-hanNot Likely,Not Likely,"Detroit, MI",42.4263°N,83.1262°W,PLAYS FROM
Denwit David Boriboonsub,,,,,Denwit David BoriboonsubNot Likely,Not Likely,"Detroit, MI",42.4263°N,83.1262°W,PLAYS FROM
Taichi Kho,,,,,Taichi KhoNot Likely,Not Likely,"Detroit, MI",42.4263°N,83.1262°W,PLAYS FROM
Shad Tuten,,,,,Shad TutenNot Likely,Not Likely,"Detroit, MI",42.4263°N,83.1262°W,PLAYS FROM
Taiki Yoshida,,,,,Taiki YoshidaNot Likely,Not Likely,"Detroit, MI",42.4263°N,83.1262°W,PLAYS FROM
Sergio Garcia,,,,,Sergio GarciaNot Likely,Not Likely,"Detroit, MI",42.4263°N,83.1262°W,PLAYS FROM
Mikael Lindberg,,,,,Mikael LindbergNot Likely,Not Likely,"Detroit, MI",42.4263°N,83.1262°W,PLAYS FROM
Jaewoong Eom,,,,,Jaewoong EomNot Likely,Not Likely,"Detroit, MI",42.4263°N,83.1262°W,PLAYS FROM
Maverick Antcliff,,,,,Maverick AntcliffNot Likely,Not Likely,"Detroit, MI",42.4263°N,83.1262°W,PLAYS FROM
Ian Snyman,,,,,Ian SnymanNot Likely,Not Likely,"Detroit, MI",42.4263°N,83.1262°W,PLAYS FROM
Wade Ormsby,,,,,Wade OrmsbyNot Likely,Not Likely,"Detroit, MI",42.4263°N,83.1262°W,PLAYS FROM
Sarit Suwannarut,,,,,Sarit SuwannarutNot Likely,Not Likely,"Detroit, MI",42.4263°N,83.1262°W,PLAYS FROM
Roberto Díaz,,,,,Roberto DíazNot Likely,Not Likely,"Detroit, MI",42.4263°N,83.1262°W,PLAYS FROM
Nick Gabrelcik,,,,,Nick GabrelcikNot Likely,Not Likely,"Detroit, MI",42.4263°N,83.1262°W,PLAYS FROM
Taehoon Ok,,,,,Taehoon OkNot Likely,Not Likely,"Detroit, MI",42.4263°N,83.1262°W,PLAYS FROM
Poom Saksansin,,,,,Poom SaksansinNot Likely,Not Likely,"Detroit, MI",42.4263°N,83.1262°W,PLAYS FROM
Mike Lorenzo-Vera,,,,,Mike Lorenzo-VeraNot Likely,Not Likely,"Detroit, MI",42.4263°N,83.1262°W,PLAYS FROM
Rob Oppenheim,,,,,Rob OppenheimNot Likely,Not Likely,"Detroit, MI",42.4263°N,83.1262°W,PLAYS FROM
John VanDerLaan,,,,,John VanDerLaanNot Likely,Not Likely,"Detroit, MI",42.4263°N,83.1262°W,PLAYS FROM
,,,,,Not Likely,Not Likely,"Detroit, MI",42.4263°N,83.1262°W,PLAYS FROM
Will Cannon,,,,,Will CannonNot Likely,Not Likely,"Detroit, MI",42.4263°N,83.1262°W,PLAYS FROM
Sandy Scott,,,,,Sandy ScottNot Likely,Not Likely,"Detroit, MI",42.4263°N,83.1262°W,PLAYS FROM
Patrick Cover,,,,,Patrick CoverNot Likely,Not Likely,"Detroit, MI",42.4263°N,83.1262°W,PLAYS FROM
Nick Bachem,,,,,Nick BachemNot Likely,Not Likely,"Detroit, MI",42.4263°N,83.1262°W,PLAYS FROM
Wang Wei Lun,,,,,Wang Wei LunNot Likely,Not Likely,"Detroit, MI",42.4263°N,83.1262°W,PLAYS FROM
Wilson Furr,,,,,Wilson FurrNot Likely,Not Likely,"Detroit, MI",42.4263°N,83.1262°W,PLAYS FROM
Nicholas Lindheim,,,,,Nicholas LindheimNot Likely,Not Likely,"Detroit, MI",42.4263°N,83.1262°W,PLAYS FROM
Jimmy Walker,,,,,Jimmy WalkerNot Likely,Not Likely,"Detroit, MI",42.4263°N,83.1262°W,PLAYS FROM
Scott Piercy,,,,,Scott PiercyNot Likely,Not Likely,"Detroit, MI",42.4263°N,83.1262°W,PLAYS FROM
Frank Kennedy,,,,,Frank KennedyNot Likely,Not Likely,"Detroit, MI",42.4263°N,83.1262°W,PLAYS FROM
Euan Walker,,,,,Euan WalkerNot Likely,Not Likely,"Detroit, MI",42.4263°N,83.1262°W,PLAYS FROM
Matt Oshrine,,,,,Matt OshrineNot Likely,Not Likely,"Detroit, MI",42.4263°N,83.1262°W,PLAYS FROM
Matthis Besard,,,,,Matthis BesardNot Likely,Not Likely,"Detroit, MI",42.4263°N,83.1262°W,PLAYS FROM
Wenyi Ding,,,,,Wenyi DingNot Likely,Not Likely,"Detroit, MI",42.4263°N,83.1262°W,PLAYS FROM
Wil Bateman,,,,,Wil BatemanNot Likely,Not Likely,"Detroit, MI",42.4263°N,83.1262°W,PLAYS FROM
Brandon Harkins,,,,,Brandon HarkinsNot Likely,Not Likely,"Detroit, MI",42.4263°N,83.1262°W,PLAYS FROM
Branden Grace,,,,,Branden GraceNot Likely,Not Likely,"Detroit, MI",42.4263°N,83.1262°W,PLAYS FROM
Hendrik Du Plessis,,,,,Hendrik Du PlessisNot Likely,Not Likely,"Detroit, MI",42.4263°N,83.1262°W,PLAYS FROM
Hurly Long,,,,,Hurly LongNot Likely,Not Likely,"Detroit, MI",42.4263°N,83.1262°W,PLAYS FROM
Rahil Gangjee,,,,,Rahil GangjeeNot Likely,Not Likely,"Detroit, MI",42.4263°N,83.1262°W,PLAYS FROM
Christofer Blomstrand,,,,,Christofer BlomstrandNot Likely,Not Likely,"Detroit, MI",42.4263°N,83.1262°W,PLAYS FROM
Tomoharu Otsuki,,,,,Tomoharu OtsukiNot Likely,Not Likely,"Detroit, MI",42.4263°N,83.1262°W,PLAYS FROM
Tano Goya,,,,,Tano GoyaNot Likely,Not Likely,"Detroit, MI",42.4263°N,83.1262°W,PLAYS FROM
Daan Huizing,,,,,Daan HuizingNot Likely,Not Likely,"Detroit, MI",42.4263°N,83.1262°W,PLAYS FROM
Koshiro Maeda,,,,,Koshiro MaedaNot Likely,Not Likely,"Detroit, MI",42.4263°N,83.1262°W,PLAYS FROM
Ryan Burnett,,,,,Ryan BurnettNot Likely,Not Likely,"Detroit, MI",42.4263°N,83.1262°W,PLAYS FROM
T.J. Vogel,,,,,T.J. VogelNot Likely,Not Likely,"Detroit, MI",42.4263°N,83.1262°W,PLAYS FROM
Tommy Gainey,,,,,Tommy GaineyNot Likely,Not Likely,"Detroit, MI",42.4263°N,83.1262°W,PLAYS FROM
Tanner Gore,,,,,Tanner GoreNot Likely,Not Likely,"Detroit, MI",42.4263°N,83.1262°W,PLAYS FROM
Pierre Pineau,,,,,Pierre PineauNot Likely,Not Likely,"Detroit, MI",42.4263°N,83.1262°W,PLAYS FROM
Matthias Schwab,,,,,Matthias SchwabNot Likely,Not Likely,"Detroit, MI",42.4263°N,83.1262°W,PLAYS FROM
Jonathan Goth-Rasmussen,,,,,Jonathan Goth-RasmussenNot Likely,Not Likely,"Detroit, MI",42.4263°N,83.1262°W,PLAYS FROM
Étienne Papineau,,,,,Étienne PapineauNot Likely,Not Likely,"Detroit, MI",42.4263°N,83.1262°W,PLAYS FROM
Jeffrey Kang,,,,,Jeffrey KangNot Likely,Not Likely,"Detroit, MI",42.4263°N,83.1262°W,PLAYS FROM
Dan McCarthy,,,,,Dan McCarthyNot Likely,Not Likely,"Detroit, MI",42.4263°N,83.1262°W,PLAYS FROM
Dale Whitnell,,,,,Dale WhitnellNot Likely,Not Likely,"Detroit, MI",42.4263°N,83.1262°W,PLAYS FROM
James Morrison,,,,,James MorrisonNot Likely,Not Likely,"Detroit, MI",42.4263°N,83.1262°W,PLAYS FROM
Yusaku Hosono,,,,,Yusaku HosonoNot Likely,Not Likely,"Detroit, MI",42.4263°N,83.1262°W,PLAYS FROM
Ian Holt,,,,,Ian HoltNot Likely,Not Likely,"Detroit, MI",42.4263°N,83.1262°W,PLAYS FROM
JC Ritchie,,,,,JC RitchieNot Likely,Not Likely,"Detroit, MI",42.4263°N,83.1262°W,PLAYS FROM
Simon Forsström,,,,,Simon ForsströmNot Likely,Not Likely,"Detroit, MI",42.4263°N,83.1262°W,PLAYS FROM
Masahiro Kawamura,,,,,Masahiro KawamuraNot Likely,Not Likely,"Detroit, MI",42.4263°N,83.1262°W,PLAYS FROM
Matthew Riedel,,,,,Matthew RiedelNot Likely,Not Likely,"Detroit, MI",42.4263°N,83.1262°W,PLAYS FROM
Ben Taylor,,,,,Ben TaylorNot Likely,Not Likely,"Detroit, MI",42.4263°N,83.1262°W,PLAYS FROM
Adri Arnaus,,,,,Adri ArnausNot Likely,Not Likely,"Detroit, MI",42.4263°N,83.1262°W,PLAYS FROM
Austin Cook,,,,,Austin CookNot Likely,Not Likely,"Detroit, MI",42.4263°N,83.1262°W,PLAYS FROM
Felix Mory,,,,,Felix MoryNot Likely,Not Likely,"Detroit, MI",42.4263°N,83.1262°W,PLAYS FROM
Jbe' Kruger,,,,,Jbe' KrugerNot Likely,Not Likely,"Detroit, MI",42.4263°N,83.1262°W,PLAYS FROM
Jacques Blaauw,,,,,Jacques BlaauwNot Likely,Not Likely,"Detroit, MI",42.4263°N,83.1262°W,PLAYS FROM
Hideto Tanihara,,,,,Hideto TaniharaNot Likely,Not Likely,"Detroit, MI",42.4263°N,83.1262°W,PLAYS FROM
Chanwoo Kim,,,,,Chanwoo KimNot Likely,Not Likely,"Detroit, MI",42.4263°N,83.1262°W,PLAYS FROM
Pieter Moolman,,,,,Pieter MoolmanNot Likely,Not Likely,"Detroit, MI",42.4263°N,83.1262°W,PLAYS FROM
Benjamin Follett-Smith,,,,,Benjamin Follett-SmithNot Likely,Not Likely,"Detroit, MI",42.4263°N,83.1262°W,PLAYS FROM
Nelson Ledesma,,,,,Nelson LedesmaNot Likely,Not Likely,"Detroit, MI",42.4263°N,83.1262°W,PLAYS FROM
Daniel Young,,,,,Daniel YoungNot Likely,Not Likely,"Detroit, MI",42.4263°N,83.1262°W,PLAYS FROM
Patrick Welch,,,,,Patrick WelchNot Likely,Not Likely,"Detroit, MI",42.4263°N,83.1262°W,PLAYS FROM
Bjorn Hellgren,,,,,Bjorn HellgrenNot Likely,Not Likely,"Detroit, MI",42.4263°N,83.1262°W,PLAYS FROM
Sang-hee Lee,,,,,Sang-hee LeeNot Likely,Not Likely,"Detroit, MI",42.4263°N,83.1262°W,PLAYS FROM
Brad Kennedy,,,,,Brad KennedyNot Likely,Not Likely,"Detroit, MI",42.4263°N,83.1262°W,PLAYS FROM
Riki Kawamoto,,,,,Riki KawamotoNot Likely,Not Likely,"Detroit, MI",42.4263°N,83.1262°W,PLAYS FROM
Yuwa Kosaihira,,,,,Yuwa KosaihiraNot Likely,Not Likely,"Detroit, MI",42.4263°N,83.1262°W,PLAYS FROM
Joey Savoie,,,,,Joey SavoieNot Likely,Not Likely,"Detroit, MI",42.4263°N,83.1262°W,PLAYS FROM
Oliver Wilson,,,,,Oliver WilsonNot Likely,Not Likely,"Detroit, MI",42.4263°N,83.1262°W,PLAYS FROM
Garrick Porteous,,,,,Garrick PorteousNot Likely,Not Likely,"Detroit, MI",42.4263°N,83.1262°W,PLAYS FROM
Martin Trainer,,,,,Martin TrainerNot Likely,Not Likely,"Detroit, MI",42.4263°N,83.1262°W,PLAYS FROM
Anthony Quayle,,,,,Anthony QuayleNot Likely,Not Likely,"Detroit, MI",42.4263°N,83.1262°W,PLAYS FROM
Jovan Rebula,,,,,Jovan RebulaNot Likely,Not Likely,"Detroit, MI",42.4263°N,83.1262°W,PLAYS FROM
Yuvraj Sandhu,,,,,Yuvraj SandhuNot Likely,Not Likely,"Detroit, MI",42.4263°N,83.1262°W,PLAYS FROM
Paul Barjon,,,,,Paul BarjonNot Likely,Not Likely,"Detroit, MI",42.4263°N,83.1262°W,PLAYS FROM
Logan McAllister,,,,,Logan McAllisterNot Likely,Not Likely,"Detroit, MI",42.4263°N,83.1262°W,PLAYS FROM
Santiago Tarrio,,,,,Santiago TarrioNot Likely,Not Likely,"Detroit, MI",42.4263°N,83.1262°W,PLAYS FROM
Cooper Dossey,,,,,Cooper DosseyNot Likely,Not Likely,"Detroit, MI",42.4263°N,83.1262°W,PLAYS FROM
Kosuke Suzuki,,,,,Kosuke SuzukiNot Likely,Not Likely,"Detroit, MI",42.4263°N,83.1262°W,PLAYS FROM
Shunya Takeyasu,,,,,Shunya TakeyasuNot Likely,Not Likely,"Detroit, MI",42.4263°N,83.1262°W,PLAYS FROM
Cedric Gugler,,,,,Cedric GuglerNot Likely,Not Likely,"Detroit, MI",42.4263°N,83.1262°W,PLAYS FROM
Ashun Wu,,,,,Ashun WuNot Likely,Not Likely,"Detroit, MI",42.4263°N,83.1262°W,PLAYS FROM
Eun Shin Park,,,,,Eun Shin ParkNot Likely,Not Likely,"Detroit, MI",42.4263°N,83.1262°W,PLAYS FROM
Martin Vorster,,,,,Martin VorsterNot Likely,Not Likely,"Detroit, MI",42.4263°N,83.1262°W,PLAYS FROM
Chandler Blanchet,,,,,Chandler BlanchetNot Likely,Not Likely,"Detroit, MI",42.4263°N,83.1262°W,PLAYS FROM
Soomin Lee,,,,,Soomin LeeNot Likely,Not Likely,"Detroit, MI",42.4263°N,83.1262°W,PLAYS FROM
Ahmad Baig,,,,,Ahmad BaigNot Likely,Not Likely,"Detroit, MI",42.4263°N,83.1262°W,PLAYS FROM
Cho Min-jun,,,,,Cho Min-junNot Likely,Not Likely,"Detroit, MI",42.4263°N,83.1262°W,PLAYS FROM
David Kocher,,,,,David KocherNot Likely,Not Likely,"Detroit, MI",42.4263°N,83.1262°W,PLAYS FROM
Dustin Johnson,,,,,Dustin JohnsonNot Likely,Not Likely,"Detroit, MI",42.4263°N,83.1262°W,PLAYS FROM
Michael Johnson,,,,,Michael JohnsonNot Likely,Not Likely,"Detroit, MI",42.4263°N,83.1262°W,PLAYS FROM
Justin Walters,,,,,Justin WaltersNot Likely,Not Likely,"Detroit, MI",42.4263°N,83.1262°W,PLAYS FROM
Sam Hutsby,,,,,Sam HutsbyNot Likely,Not Likely,"Detroit, MI",42.4263°N,83.1262°W,PLAYS FROM
Lloyd Jefferson Go,,,,,Lloyd Jefferson GoNot Likely,Not Likely,"Detroit, MI",42.4263°N,83.1262°W,PLAYS FROM
David Horsey,,,,,David HorseyNot Likely,Not Likely,"Detroit, MI",42.4263°N,83.1262°W,PLAYS FROM
Rafa Cabrera Bello,,,,,Rafa Cabrera BelloNot Likely,Not Likely,"Detroit, MI",42.4263°N,83.1262°W,PLAYS FROM
Jean Hugo,,,,,Jean HugoNot Likely,Not Likely,"Detroit, MI",42.4263°N,83.1262°W,PLAYS FROM
William McGirt,,,,,William McGirtNot Likely,Not Likely,"Detroit, MI",42.4263°N,83.1262°W,PLAYS FROM
Runchanapong Youprayong,,,,,Runchanapong YouprayongNot Likely,Not Likely,"Detroit, MI",42.4263°N,83.1262°W,PLAYS FROM
,,,,,Not Likely,Not Likely,"Detroit, MI",42.4263°N,83.1262°W,PLAYS FROM
Hunter Epson,,,,,Hunter EpsonNot Likely,Not Likely,"Detroit, MI",42.4263°N,83.1262°W,PLAYS FROM
James Nicholas,,,,,James NicholasNot Likely,Not Likely,"Detroit, MI",42.4263°N,83.1262°W,PLAYS FROM
Paul Haley II,,,,,Paul Haley IINot Likely,Not Likely,"Detroit, MI",42.4263°N,83.1262°W,PLAYS FROM
Tom Lewis,,,,,Tom LewisNot Likely,Not Likely,"Detroit, MI",42.4263°N,83.1262°W,PLAYS FROM
Bryce Garnett,,,,,Bryce GarnettNot Likely,Not Likely,"Detroit, MI",42.4263°N,83.1262°W,PLAYS FROM
A.J. McInerney,,,,,A.J. McInerneyNot Likely,Not Likely,"Detroit, MI",42.4263°N,83.1262°W,PLAYS FROM
Sebastián Muñoz,,,,,Sebastián MuñozNot Likely,Not Likely,"Detroit, MI",42.4263°N,83.1262°W,PLAYS FROM
Ryan Lumsden,,,,,Ryan LumsdenNot Likely,Not Likely,"Detroit, MI",42.4263°N,83.1262°W,PLAYS FROM
Manuel Relancio Menendez,,,,,Manuel Relancio MenendezNot Likely,Not Likely,"Detroit, MI",42.4263°N,83.1262°W,PLAYS FROM
Evan Harmeling,,,,,Evan HarmelingNot Likely,Not Likely,"Detroit, MI",42.4263°N,83.1262°W,PLAYS FROM
David Lingmerth,,,,,David LingmerthNot Likely,Not Likely,"Detroit, MI",42.4263°N,83.1262°W,PLAYS FROM
Soren Kjeldsen,,,,,Soren KjeldsenNot Likely,Not Likely,"Detroit, MI",42.4263°N,83.1262°W,PLAYS FROM
Evan Katz,,,,,Evan KatzNot Likely,Not Likely,"Detroit, MI",42.4263°N,83.1262°W,PLAYS FROM
D.J. Trahan,,,,,D.J. TrahanNot Likely,Not Likely,"Detroit, MI",42.4263°N,83.1262°W,PLAYS FROM
Tom Murray,,,,,Tom MurrayNot Likely,Not Likely,"Detroit, MI",42.4263°N,83.1262°W,PLAYS FROM
Michael Kim,,,,,Michael KimNot Likely,Not Likely,"Detroit, MI",42.4263°N,83.1262°W,PLAYS FROM
David Bradshaw,,,,,David BradshawNot Likely,Not Likely,"Detroit, MI",42.4263°N,83.1262°W,PLAYS FROM
Tom Sloman,,,,,Tom SlomanNot Likely,Not Likely,"Detroit, MI",42.4263°N,83.1262°W,PLAYS FROM
Evan Grenus,,,,,Evan GrenusNot Likely,Not Likely,"Detroit, MI",42.4263°N,83.1262°W,PLAYS FROM
Kornkamol Sukareekul,,,,,Kornkamol SukareekulNot Likely,Not Likely,"Detroit, MI",42.4263°N,83.1262°W,PLAYS FROM
Aaron Wise,,,,,Aaron WiseNot Likely,Not Likely,"Detroit, MI",42.4263°N,83.1262°W,PLAYS FROM
Arjun Atwal,,,,,Arjun AtwalNot Likely,Not Likely,"Detroit, MI",42.4263°N,83.1262°W,PLAYS FROM
Morgan Hoffmann,,,,,Morgan HoffmannNot Likely,Not Likely,"Detroit, MI",42.4263°N,83.1262°W,PLAYS FROM
Scott Brown,,,,,Scott BrownNot Likely,Not Likely,"Detroit, MI",42.4263°N,83.1262°W,PLAYS FROM
Matt Sharpstene,,,,,Matt SharpsteneNot Likely,Not Likely,"Detroit, MI",42.4263°N,83.1262°W,PLAYS FROM
Ricardo Celia,,,,,Ricardo CeliaNot Likely,Not Likely,"Detroit, MI",42.4263°N,83.1262°W,PLAYS FROM
Daniel Gale,,,,,Daniel GaleNot Likely,Not Likely,"Detroit, MI",42.4263°N,83.1262°W,PLAYS FROM
Jako Van Zyl,,,,,Jako Van ZylNot Likely,Not Likely,"Detroit, MI",42.4263°N,83.1262°W,PLAYS FROM
Yoshitsugu Yuki,,,,,Yoshitsugu YukiNot Likely,Not Likely,"Detroit, MI",42.4263°N,83.1262°W,PLAYS FROM
Sangmoon Bae,,,,,Sangmoon BaeNot Likely,Not Likely,"Detroit, MI",42.4263°N,83.1262°W,PLAYS FROM
Drew Nesbitt,,,,,Drew NesbittNot Likely,Not Likely,"Detroit, MI",42.4263°N,83.1262°W,PLAYS FROM
Nathan Petronzio,,,,,Nathan PetronzioNot Likely,Not Likely,"Detroit, MI",42.4263°N,83.1262°W,PLAYS FROM
Torey Edwards,,,,,Torey EdwardsNot Likely,Not Likely,"Detroit, MI",42.4263°N,83.1262°W,PLAYS FROM
Ryan Sullivan,,,,,Ryan SullivanNot Likely,Not Likely,"Detroit, MI",42.4263°N,83.1262°W,PLAYS FROM
Alejandro Cañizares,,,,,Alejandro CañizaresNot Likely,Not Likely,"Detroit, MI",42.4263°N,83.1262°W,PLAYS FROM
Marc Warren,,,,,Marc WarrenNot Likely,Not Likely,"Detroit, MI",42.4263°N,83.1262°W,PLAYS FROM
Michael Block,,,,,Michael BlockNot Likely,Not Likely,"Detroit, MI",42.4263°N,83.1262°W,PLAYS FROM
Tjaart van der Walt,,,,,Tjaart van der WaltNot Likely,Not Likely,"Detroit, MI",42.4263°N,83.1262°W,PLAYS FROM
Myles Lewis,,,,,Myles LewisNot Likely,Not Likely,"Detroit, MI",42.4263°N,83.1262°W,PLAYS FROM
Thomas Longbella,,,,,Thomas LongbellaNot Likely,Not Likely,"Detroit, MI",42.4263°N,83.1262°W,PLAYS FROM
Chris Baker,,,,,Chris BakerNot Likely,Not Likely,"Detroit, MI",42.4263°N,83.1262°W,PLAYS FROM
Ryan Brehm,,,,,Ryan BrehmNot Likely,Not Likely,"Detroit, MI",42.4263°N,83.1262°W,PLAYS FROM
Mitch Sutton,,,,,Mitch SuttonNot Likely,Not Likely,"Detroit, MI",42.4263°N,83.1262°W,PLAYS FROM
Jack Wall,,,,,Jack WallNot Likely,Not Likely,"Detroit, MI",42.4263°N,83.1262°W,PLAYS FROM
Martin Simonsen,,,,,Martin SimonsenNot Likely,Not Likely,"Detroit, MI",42.4263°N,83.1262°W,PLAYS FROM
Aaron Cockerill,,,,,Aaron CockerillNot Likely,Not Likely,"Detroit, MI",42.4263°N,83.1262°W,PLAYS FROM
Ben Carr,,,,,Ben CarrNot Likely,Not Likely,"Detroit, MI",42.4263°N,83.1262°W,PLAYS FROM
Josh Hill,,,,,Josh HillNot Likely,Not Likely,"Detroit, MI",42.4263°N,83.1262°W,PLAYS FROM
M.J. Daffue,,,,,M.J. DaffueNot Likely,Not Likely,"Detroit, MI",42.4263°N,83.1262°W,PLAYS FROM
Evan Russell,,,,,Evan RussellNot Likely,Not Likely,"Detroit, MI",42.4263°N,83.1262°W,PLAYS FROM
David Hearn,,,,,David HearnNot Likely,Not Likely,"Detroit, MI",42.4263°N,83.1262°W,PLAYS FROM
Matt Every,,,,,Matt EveryNot Likely,Not Likely,"Detroit, MI",42.4263°N,83.1262°W,PLAYS FROM
Matt Short,,,,,Matt ShortNot Likely,Not Likely,"Detroit, MI",42.4263°N,83.1262°W,PLAYS FROM
Jack Trent,,,,,Jack TrentNot Likely,Not Likely,"Detroit, MI",42.4263°N,83.1262°W,PLAYS FROM
Steven Alker,,,,,Steven AlkerNot Likely,Not Likely,"Detroit, MI",42.4263°N,83.1262°W,PLAYS FROM
Dawie van der Walt,,,,,Dawie van der WaltNot Likely,Not Likely,"Detroit, MI",42.4263°N,83.1262°W,PLAYS FROM
Jarryd Felton,,,,,Jarryd FeltonNot Likely,Not Likely,"Detroit, MI",42.4263°N,83.1262°W,PLAYS FROM
Thomas Power Horan,,,,,Thomas Power HoranNot Likely,Not Likely,"Detroit, MI",42.4263°N,83.1262°W,PLAYS FROM
Michael Brennan,,,,,Michael BrennanNot Likely,Not Likely,"Detroit, MI",42.4263°N,83.1262°W,PLAYS FROM
Chase Hanna,,,,,Chase HannaNot Likely,Not Likely,"Detroit, MI",42.4263°N,83.1262°W,PLAYS FROM
Matt Saulez,,,,,Matt SaulezNot Likely,Not Likely,"Detroit, MI",42.4263°N,83.1262°W,PLAYS FROM
Ashton Turner,,,,,Ashton TurnerNot Likely,Not Likely,"Detroit, MI",42.4263°N,83.1262°W,PLAYS FROM
David Nyfjäll,,,,,David NyfjällNot Likely,Not Likely,"Detroit, MI",42.4263°N,83.1262°W,PLAYS FROM
Cameron Percy,,,,,Cameron PercyNot Likely,Not Likely,"Detroit, MI",42.4263°N,83.1262°W,PLAYS FROM
Ben Eccles,,,,,Ben EcclesNot Likely,Not Likely,"Detroit, MI",42.4263°N,83.1262°W,PLAYS FROM
Blair Hamilton,,,,,Blair HamiltonNot Likely,Not Likely,"Detroit, MI",42.4263°N,83.1262°W,PLAYS FROM
James Allenby,,,,,James AllenbyNot Likely,Not Likely,"Detroit, MI",42.4263°N,83.1262°W,PLAYS FROM
Rhein Gibson,,,,,Rhein GibsonNot Likely,Not Likely,"Detroit, MI",42.4263°N,83.1262°W,PLAYS FROM
George Bryan IV,,,,,George Bryan IVNot Likely,Not Likely,"Detroit, MI",42.4263°N,83.1262°W,PLAYS FROM
Jack Singh Brar,,,,,Jack Singh BrarNot Likely,Not Likely,"Detroit, MI",42.4263°N,83.1262°W,PLAYS FROM
Matt Ryan,,,,,Matt RyanNot Likely,Not Likely,"Detroit, MI",42.4263°N,83.1262°W,PLAYS FROM
Trevor Sluman,,,,,Trevor SlumanNot Likely,Not Likely,"Detroit, MI",42.4263°N,83.1262°W,PLAYS FROM
,,,,,Not Likely,Not Likely,"Detroit, MI",42.4263°N,83.1262°W,PLAYS FROM
Oihan Guillamoundeguy,,,,,Oihan GuillamoundeguyNot Likely,Not Likely,"Detroit, MI",42.4263°N,83.1262°W,PLAYS FROM
Victor Dubuisson,,,,,Victor DubuissonNot Likely,Not Likely,"Detroit, MI",42.4263°N,83.1262°W,PLAYS FROM
Tom Vaillant,,,,,Tom VaillantNot Likely,Not Likely,"Detroit, MI",42.4263°N,83.1262°W,PLAYS FROM
Ollie Osborne,,,,,Ollie OsborneNot Likely,Not Likely,"Detroit, MI",42.4263°N,83.1262°W,PLAYS FROM
Laurie Owen,,,,,Laurie OwenNot Likely,Not Likely,"Detroit, MI",42.4263°N,83.1262°W,PLAYS FROM
Manuel Quiros,,,,,Manuel QuirosNot Likely,Not Likely,"Detroit, MI",42.4263°N,83.1262°W,PLAYS FROM
Chris Williams,,,,,Chris WilliamsNot Likely,Not Likely,"Detroit, MI",42.4263°N,83.1262°W,PLAYS FROM
Tyler Strafaci,,,,,Tyler StrafaciNot Likely,Not Likely,"Detroit, MI",42.4263°N,83.1262°W,PLAYS FROM
David Howell,,,,,David HowellNot Likely,Not Likely,"Detroit, MI",42.4263°N,83.1262°W,PLAYS FROM
Tom McGee,,,,,Tom McGeeNot Likely,Not Likely,"Detroit, MI",42.4263°N,83.1262°W,PLAYS FROM
David Cooke,,,,,David CookeNot Likely,Not Likely,"Detroit, MI",42.4263°N,83.1262°W,PLAYS FROM
Ben Campbell,,,,,Ben CampbellNot Likely,Not Likely,"Detroit, MI",42.4263°N,83.1262°W,PLAYS FROM
Michael Gligic,,,,,Michael GligicNot Likely,Not Likely,"Detroit, MI",42.4263°N,83.1262°W,PLAYS FROM
Drew Weaver,,,,,Drew WeaverNot Likely,Not Likely,"Detroit, MI",42.4263°N,83.1262°W,PLAYS FROM
James Hahn,,,,,James HahnNot Likely,Not Likely,"Detroit, MI",42.4263°N,83.1262°W,PLAYS FROM
Lee Soo-min,,,,,Lee Soo-minNot Likely,Not Likely,"Detroit, MI",42.4263°N,83.1262°W,PLAYS FROM
Ross Munro,,,,,Ross MunroNot Likely,Not Likely,"Detroit, MI",42.4263°N,83.1262°W,PLAYS FROM
Hunter Stewart,,,,,Hunter StewartNot Likely,Not Likely,"Detroit, MI",42.4263°N,83.1262°W,PLAYS FROM
Chase Parker,,,,,Chase ParkerNot Likely,Not Likely,"Detroit, MI",42.4263°N,83.1262°W,PLAYS FROM
Matt Hill,,,,,Matt HillNot Likely,Not Likely,"Detroit, MI",42.4263°N,83.1262°W,PLAYS FROM
Hugo Leon,,,,,Hugo LeonNot Likely,Not Likely,"Detroit, MI",42.4263°N,83.1262°W,PLAYS FROM
Grayson Murray,,,,,Grayson MurrayNot Likely,Not Likely,"Detroit, MI",42.4263°N,83.1262°W,PLAYS FROM
Mike Weir,,,,,Mike WeirNot Likely,Not Likely,"Detroit, MI",42.4263°N,83.1262°W,PLAYS FROM
Chris Crisologo,,,,,Chris CrisologoNot Likely,Not Likely,"Detroit, MI",42.4263°N,83.1262°W,PLAYS FROM
Evan White,,,,,Evan WhiteNot Likely,Not Likely,"Detroit, MI",42.4263°N,83.1262°W,PLAYS FROM
Jesper Sandborg,,,,,Jesper SandborgNot Likely,Not Likely,"Detroit, MI",42.4263°N,83.1262°W,PLAYS FROM
Ben Lorenz,,,,,Ben LorenzNot Likely,Not Likely,"Detroit, MI",42.4263°N,83.1262°W,PLAYS FROM
Charlie Danielson,,,,,Charlie DanielsonNot Likely,Not Likely,"Detroit, MI",42.4263°N,83.1262°W,PLAYS FROM
David Pastore,,,,,David PastoreNot Likely,Not Likely,"Detroit, MI",42.4263°N,83.1262°W,PLAYS FROM
Lee Detmer,,,,,Lee DetmerNot Likely,Not Likely,"Detroit, MI",42.4263°N,83.1262°W,PLAYS FROM
Michael Sweeney,,,,,Michael SweeneyNot Likely,Not Likely,"Detroit, MI",42.4263°N,83.1262°W,PLAYS FROM
Corey Pereira,,,,,Corey PereiraNot Likely,Not Likely,"Detroit, MI",42.4263°N,83.1262°W,PLAYS FROM
John Augenstein,,,,,John AugensteinNot Likely,Not Likely,"Detroit, MI",42.4263°N,83.1262°W,PLAYS FROM
Taylor Funk,,,,,Taylor FunkNot Likely,Not Likely,"Detroit, MI",42.4263°N,83.1262°W,PLAYS FROM
Mark Baldwin,,,,,Mark BaldwinNot Likely,Not Likely,"Detroit, MI",42.4263°N,83.1262°W,PLAYS FROM
Evan Holmes,,,,,Evan HolmesNot Likely,Not Likely,"Detroit, MI",42.4263°N,83.1262°W,PLAYS FROM
Chris Korte,,,,,Chris KorteNot Likely,Not Likely,"Detroit, MI",42.4263°N,83.1262°W,PLAYS FROM
Sebastian Szirmak,,,,,Sebastian SzirmakNot Likely,Not Likely,"Detroit, MI",42.4263°N,83.1262°W,PLAYS FROM
Ryan Yip,,,,,Ryan YipNot Likely,Not Likely,"Detroit, MI",42.4263°N,83.1262°W,PLAYS FROM
Dominic Bozzelli,,,,,Dominic BozzelliNot Likely,Not Likely,"Detroit, MI",42.4263°N,83.1262°W,PLAYS FROM
Taylor Pendrith,,,,,Taylor PendrithNot Likely,Not Likely,"Detroit, MI",42.4263°N,83.1262°W,PLAYS FROM
Dylan Meyer,,,,,Dylan MeyerNot Likely,Not Likely,"Detroit, MI",42.4263°N,83.1262°W,PLAYS FROM
Mike Ballo Jr.,,,,,Mike Ballo Jr.Not Likely,Not Likely,"Detroit, MI",42.4263°N,83.1262°W,PLAYS FROM
Brady Schnell,,,,,Brady SchnellNot Likely,Not Likely,"Detroit, MI",42.4263°N,83.1262°W,PLAYS FROM
Ryan Hall,,,,,Ryan HallNot Likely,Not Likely,"Detroit, MI",42.4263°N,83.1262°W,PLAYS FROM
Tyler McCumber,,,,,Tyler McCumberNot Likely,Not Likely,"Detroit, MI",42.4263°N,83.1262°W,PLAYS FROM
Chris Naegel,,,,,Chris NaegelNot Likely,Not Likely,"Detroit, MI",42.4263°N,83.1262°W,PLAYS FROM
Brent Grant,,,,,Brent GrantNot Likely,Not Likely,"Detroit, MI",42.4263°N,83.1262°W,PLAYS FROM
Brian Stuard,,,,,Brian StuardNot Likely,Not Likely,"Detroit, MI",42.4263°N,83.1262°W,PLAYS FROM
Michael Sims,,,,,Michael SimsNot Likely,Not Likely,"Detroit, MI",42.4263°N,83.1262°W,PLAYS FROM
Aaron Beverly,,,,,Aaron BeverlyNot Likely,Not Likely,"Detroit, MI",42.4263°N,83.1262°W,PLAYS FROM
Matt Marshall,,,,,Matt MarshallNot Likely,Not Likely,"Detroit, MI",42.4263°N,83.1262°W,PLAYS FROM
Brett Drewitt,,,,,Brett DrewittNot Likely,Not Likely,"Detroit, MI",42.4263°N,83.1262°W,PLAYS FROM
Johnny Ruiz,,,,,Johnny RuizNot Likely,Not Likely,"Detroit, MI",42.4263°N,83.1262°W,PLAYS FROM
Anders Albertson,,,,,Anders AlbertsonNot Likely,Not Likely,"Detroit, MI",42.4263°N,83.1262°W,PLAYS FROM
Danielle Kang,,,,,Danielle KangNot Likely,Not Likely,"Detroit, MI",42.4263°N,83.1262°W,PLAYS FROM
Evan Bowser,,,,,Evan BowserNot Likely,Not Likely,"Detroit, MI",42.4263°N,83.1262°W,PLAYS FROM
Zac Oakley,,,,,Zac OakleyNot Likely,Not Likely,"Detroit, MI",42.4263°N,83.1262°W,PLAYS FROM
Tim Wilkinson,,,,,Tim WilkinsonNot Likely,Not Likely,"Detroit, MI",42.4263°N,83.1262°W,PLAYS FROM
Charlie Reiter,,,,,Charlie ReiterNot Likely,Not Likely,"Detroit, MI",42.4263°N,83.1262°W,PLAYS FROM
Andrew Kozan,,,,,Andrew KozanNot Likely,Not Likely,"Detroit, MI",42.4263°N,83.1262°W,PLAYS FROM
Matt Parziale,,,,,Matt ParzialeNot Likely,Not Likely,"Detroit, MI",42.4263°N,83.1262°W,PLAYS FROM
Mark Anguiano,,,,,Mark AnguianoNot Likely,Not Likely,"Detroit, MI",42.4263°N,83.1262°W,PLAYS FROM
Taylor Montgomery,,,,,Taylor MontgomeryNot Likely,Not Likely,"Detroit, MI",42.4263°N,83.1262°W,PLAYS FROM
,,,,,Not Likely,Not Likely,"Detroit, MI",42.4263°N,83.1262°W,PLAYS FROM
Evan Brown,,,,,Evan BrownNot Likely,Not Likely,"Detroit, MI",42.4263°N,83.1262°W,PLAYS FROM
Ben Silverman,,,,,Ben SilvermanNot Likely,Not Likely,"Detroit, MI",42.4263°N,83.1262°W,PLAYS FROM
Michael Feagles,,,,,Michael FeaglesNot Likely,Not Likely,"Detroit, MI",42.4263°N,83.1262°W,PLAYS FROM
Jack Munro,,,,,Jack MunroNot Likely,Not Likely,"Detroit, MI",42.4263°N,83.1262°W,PLAYS FROM
Josh Whalen,,,,,Josh WhalenNot Likely,Not Likely,"Detroit, MI",42.4263°N,83.1262°W,PLAYS FROM
Hugo Bernard,,,,,Hugo BernardNot Likely,Not Likely,"Detroit, MI",42.4263°N,83.1262°W,PLAYS FROM
Etienne Brault,,,,,Etienne BraultNot Likely,Not Likely,"Detroit, MI",42.4263°N,83.1262°W,PLAYS FROM
Robbie Greenwell,,,,,Robbie GreenwellNot Likely,Not Likely,"Detroit, MI",42.4263°N,83.1262°W,PLAYS FROM
Luke Schniederjans,,,,,Luke SchniederjansNot Likely,Not Likely,"Detroit, MI",42.4263°N,83.1262°W,PLAYS FROM
Pep Angles,,,,,Pep AnglesNot Likely,Not Likely,"Detroit, MI",42.4263°N,83.1262°W,PLAYS FROM
Braden Bailey,,,,,Braden BaileyNot Likely,Not Likely,"Detroit, MI",42.4263°N,83.1262°W,PLAYS FROM
Chris Crawford,,,,,Chris CrawfordNot Likely,Not Likely,"Detroit, MI",42.4263°N,83.1262°W,PLAYS FROM
Jonathan Keppler,,,,,Jonathan KepplerNot Likely,Not Likely,"Detroit, MI",42.4263°N,83.1262°W,PLAYS FROM
P.J. Maybank,,,,,P.J. MaybankNot Likely,Not Likely,"Detroit, MI",42.4263°N,83.1262°W,PLAYS FROM
Martin Piller,,,,,Martin PillerNot Likely,Not Likely,"Detroit, MI",42.4263°N,83.1262°W,PLAYS FROM
James Piot,,,,,James PiotNot Likely,Not Likely,"Detroit, MI",42.4263°N,83.1262°W,PLAYS FROM
Scott Stevens,,,,,Scott StevensNot Likely,Not Likely,"Detroit, MI",42.4263°N,83.1262°W,PLAYS FROM
John Pak,,,,,John PakNot Likely,Not Likely,"Detroit, MI",42.4263°N,83.1262°W,PLAYS FROM
Ryan Davis,,,,,Ryan DavisNot Likely,Not Likely,"Detroit, MI",42.4263°N,83.1262°W,PLAYS FROM
Ryan Elmore,,,,,Ryan ElmoreNot Likely,Not Likely,"Detroit, MI",42.4263°N,83.1262°W,PLAYS FROM
Taylor Funk,,,,,Taylor FunkNot Likely,Not Likely,"Detroit, MI",42.4263°N,83.1262°W,PLAYS FROM
Albin Choi,,,,,Albin ChoiNot Likely,Not Likely,"Detroit, MI",42.4263°N,83.1262°W,PLAYS FROM
Trevor Simsby,,,,,Trevor SimsbyNot Likely,Not Likely,"Detroit, MI",42.4263°N,83.1262°W,PLAYS FROM
Derek Barron,,,,,Derek BarronNot Likely,Not Likely,"Detroit, MI",42.4263°N,83.1262°W,PLAYS FROM
Brendan Leonard,,,,,Brendan LeonardNot Likely,Not Likely,"Detroit, MI",42.4263°N,83.1262°W,PLAYS FROM
Mark Hubbard,,,,,Mark HubbardNot Likely,Not Likely,"Detroit, MI",42.4263°N,83.1262°W,PLAYS FROM
Will Thomson,,,,,Will ThomsonNot Likely,Not Likely,"Detroit, MI",42.4263°N,83.1262°W,PLAYS FROM
Brad Miller,,,,,Brad MillerNot Likely,Not Likely,"Detroit, MI",42.4263°N,83.1262°W,PLAYS FROM
Jake Scott,,,,,Jake ScottNot Likely,Not Likely,"Detroit, MI",42.4263°N,83.1262°W,PLAYS FROM
Wes Homan,,,,,Wes HomanNot Likely,Not Likely,"Detroit, MI",42.4263°N,83.1262°W,PLAYS FROM
Jimmy Jones,,,,,Jimmy JonesNot Likely,Not Likely,"Detroit, MI",42.4263°N,83.1262°W,PLAYS FROM
Dawson Armstrong,,,,,Dawson ArmstrongNot Likely,Not Likely,"Detroit, MI",42.4263°N,83.1262°W,PLAYS FROM
Andrew McCain,,,,,Andrew McCainNot Likely,Not Likely,"Detroit, MI",42.4263°N,83.1262°W,PLAYS FROM
Chris Francoeur,,,,,Chris FrancoeurNot Likely,Not Likely,"Detroit, MI",42.4263°N,83.1262°W,PLAYS FROM
Evan Stinson,,,,,Evan StinsonNot Likely,Not Likely,"Detroit, MI",42.4263°N,83.1262°W,PLAYS FROM
Garrett May,,,,,Garrett MayNot Likely,Not Likely,"Detroit, MI",42.4263°N,83.1262°W,PLAYS FROM
Evan Thornton,,,,,Evan ThorntonNot Likely,Not Likely,"Detroit, MI",42.4263°N,83.1262°W,PLAYS FROM
Andrew McAuley,,,,,Andrew McAuleyNot Likely,Not Likely,"Detroit, MI",42.4263°N,83.1262°W,PLAYS FROM
Kyle Hogan,,,,,Kyle HoganNot Likely,Not Likely,"Detroit, MI",42.4263°N,83.1262°W,PLAYS FROM
Matt Oshrine,,,,,Matt OshrineNot Likely,Not Likely,"Detroit, MI",42.4263°N,83.1262°W,PLAYS FROM
Jon Mayer,,,,,Jon MayerNot Likely,Not Likely,"Detroit, MI",42.4263°N,83.1262°W,PLAYS FROM
Brad Hopfinger,,,,,Brad HopfingerNot Likely,Not Likely,"Detroit, MI",42.4263°N,83.1262°W,PLAYS FROM
David Snyder,,,,,David SnyderNot Likely,Not Likely,"Detroit, MI",42.4263°N,83.1262°W,PLAYS FROM
Jaime Gomez,,,,,Jaime GomezNot Likely,Not Likely,"Detroit, MI",42.4263°N,83.1262°W,PLAYS FROM
Max Sear,,,,,Max SearNot Likely,Not Likely,"Detroit, MI",42.4263°N,83.1262°W,PLAYS FROM
Chris Wilson,,,,,Chris WilsonNot Likely,Not Likely,"Detroit, MI",42.4263°N,83.1262°W,PLAYS FROM
Danny Walker,,,,,Danny WalkerNot Likely,Not Likely,"Detroit, MI",42.4263°N,83.1262°W,PLAYS FROM
Zack Fischer,,,,,Zack FischerNot Likely,Not Likely,"Detroit, MI",42.4263°N,83.1262°W,PLAYS FROM
Trevor Ranton,,,,,Trevor RantonNot Likely,Not Likely,"Detroit, MI",42.4263°N,83.1262°W,PLAYS FROM
Tim Ritter,,,,,Tim RitterNot Likely,Not Likely,"Detroit, MI",42.4263°N,83.1262°W,PLAYS FROM
Derek Gillespie,,,,,Derek GillespieNot Likely,Not Likely,"Detroit, MI",42.4263°N,83.1262°W,PLAYS FROM
Adam Cornelson,,,,,Adam CornelsonNot Likely,Not Likely,"Detroit, MI",42.4263°N,83.1262°W,PLAYS FROM
Andrew Harrison,,,,,Andrew HarrisonNot Likely,Not Likely,"Detroit, MI",42.4263°N,83.1262°W,PLAYS FROM
John Sand,,,,,John SandNot Likely,Not Likely,"Detroit, MI",42.4263°N,83.1262°W,PLAYS FROM
Will Barnett,,,,,Will BarnettNot Likely,Not Likely,"Detroit, MI",42.4263°N,83.1262°W,PLAYS FROM
Garrett Rank,,,,,Garrett RankNot Likely,Not Likely,"Detroit, MI",42.4263°N,83.1262°W,PLAYS FROM
John Duthie,,,,,John DuthieNot Likely,Not Likely,"Detroit, MI",42.4263°N,83.1262°W,PLAYS FROM
Tyler Ota,,,,,Tyler OtaNot Likely,Not Likely,"Detroit, MI",42.4263°N,83.1262°W,PLAYS FROM
Evan DeGrazia,,,,,Evan DeGraziaNot Likely,Not Likely,"Detroit, MI",42.4263°N,83.1262°W,PLAYS FROM
Derek Meinhart,,,,,Derek MeinhartNot Likely,Not Likely,"Detroit, MI",42.4263°N,83.1262°W,PLAYS FROM
Michael Blair,,,,,Michael BlairNot Likely,Not Likely,"Detroit, MI",42.4263°N,83.1262°W,PLAYS FROM
,,,,,Not Likely,Not Likely,"Detroit, MI",42.4263°N,83.1262°W,PLAYS FROM
Chris Hemmerich,,,,,Chris HemmerichNot Likely,Not Likely,"Detroit, MI",42.4263°N,83.1262°W,PLAYS FROM
Jesse Smith,,,,,Jesse SmithNot Likely,Not Likely,"Detroit, MI",42.4263°N,83.1262°W,PLAYS FROM
Mike Van Sickle,,,,,Mike Van SickleNot Likely,Not Likely,"Detroit, MI",42.4263°N,83.1262°W,PLAYS FROM
Andrew Jensen,,,,,Andrew JensenNot Likely,Not Likely,"Detroit, MI",42.4263°N,83.1262°W,PLAYS FROM
Matt Williams,,,,,Matt WilliamsNot Likely,Not Likely,"Detroit, MI",42.4263°N,83.1262°W,PLAYS FROM
Jimmy Beck,,,,,Jimmy BeckNot Likely,Not Likely,"Detroit, MI",42.4263°N,83.1262°W,PLAYS FROM
Russell Budd,,,,,Russell BuddNot Likely,Not Likely,"Detroit, MI",42.4263°N,83.1262°W,PLAYS FROM
Jake Goodman,,,,,Jake GoodmanNot Likely,Not Likely,"Detroit, MI",42.4263°N,83.1262°W,PLAYS FROM
Blair Bursey,,,,,Blair BurseyNot Likely,Not Likely,"Detroit, MI",42.4263°N,83.1262°W,PLAYS FROM
Clark Rustand,,,,,Clark RustandNot Likely,Not Likely,"Detroit, MI",42.4263°N,83.1262°W,PLAYS FROM
Kelvin Day,,,,,Kelvin DayNot Likely,Not Likely,"Detroit, MI",42.4263°N,83.1262°W,PLAYS FROM
Jake Knapp,,,,,Jake KnappNot Likely,Not Likely,"Detroit, MI",42.4263°N,83.1262°W,PLAYS FROM
Jon Mills,,,,,Jon MillsNot Likely,Not Likely,"Detroit, MI",42.4263°N,83.1262°W,PLAYS FROM
Brian Dwyer,,,,,Brian DwyerNot Likely,Not Likely,"Detroit, MI",42.4263°N,83.1262°W,PLAYS FROM
Tyler Wateska,,,,,Tyler WateskaNot Likely,Not Likely,"Detroit, MI",42.4263°N,83.1262°W,PLAYS FROM
Chris Ross,,,,,Chris RossNot Likely,Not Likely,"Detroit, MI",42.4263°N,83.1262°W,PLAYS FROM
Marc-Etienne Bussieres,,,,,Marc-Etienne BussieresNot Likely,Not Likely,"Detroit, MI",42.4263°N,83.1262°W,PLAYS FROM
Hayden Shieh,,,,,Hayden ShiehNot Likely,Not Likely,"Detroit, MI",42.4263°N,83.1262°W,PLAYS FROM
Michael Karoly,,,,,Michael KarolyNot Likely,Not Likely,"Detroit, MI",42.4263°N,83.1262°W,PLAYS FROM
Chris Wilson,,,,,Chris WilsonNot Likely,Not Likely,"Detroit, MI",42.4263°N,83.1262°W,PLAYS FROM
Andrew McCain,,,,,Andrew McCainNot Likely,Not Likely,"Detroit, MI",42.4263°N,83.1262°W,PLAYS FROM
Evan Holmes,,,,,Evan HolmesNot Likely,Not Likely,"Detroit, MI",42.4263°N,83.1262°W,PLAYS FROM
David Holzinger,,,,,David HolzingerNot Likely,Not Likely,"Detroit, MI",42.4263°N,83.1262°W,PLAYS FROM
Jake Kevorkian,,,,,Jake KevorkianNot Likely,Not Likely,"Detroit, MI",42.4263°N,83.1262°W,PLAYS FROM
David Timberlake,,,,,David TimberlakeNot Likely,Not Likely,"Detroit, MI",42.4263°N,83.1262°W,PLAYS FROM
David French,,,,,David FrenchNot Likely,Not Likely,"Detroit, MI",42.4263°N,83.1262°W,PLAYS FROM
Luke Moser,,,,,Luke MoserNot Likely,Not Likely,"Detroit, MI",42.4263°N,83.1262°W,PLAYS FROM
Russell Whatford,,,,,Russell WhatfordNot Likely,Not Likely,"Detroit, MI",42.4263°N,83.1262°W,PLAYS FROM
Chris Crisologo,,,,,Chris CrisologoNot Likely,Not Likely,"Detroit, MI",42.4263°N,83.1262°W,PLAYS FROM
Chris Wilson,,,,,Chris WilsonNot Likely,Not Likely,"Detroit, MI",42.4263°N,83.1262°W,PLAYS FROM
Evan DeGrazia,,,,,Evan DeGraziaNot Likely,Not Likely,"Detroit, MI",42.4263°N,83.1262°W,PLAYS FROM
Jimmy Jones,,,,,Jimmy JonesNot Likely,Not Likely,"Detroit, MI",42.4263°N,83.1262°W,PLAYS FROM
Jon Mills,,,,,Jon MillsNot Likely,Not Likely,"Detroit, MI",42.4263°N,83.1262°W,PLAYS FROM
Kelvin Day,,,,,Kelvin DayNot Likely,Not Likely,"Detroit, MI",42.4263°N,83.1262°W,PLAYS FROM
Marc-Etienne Bussieres,,,,,Marc-Etienne BussieresNot Likely,Not Likely,"Detroit, MI",42.4263°N,83.1262°W,PLAYS FROM
Michael Karoly,,,,,Michael KarolyNot Likely,Not Likely,"Detroit, MI",42.4263°N,83.1262°W,PLAYS FROM
Russell Budd,,,,,Russell BuddNot Likely,Not Likely,"Detroit, MI",42.4263°N,83.1262°W,PLAYS FROM
David Timberlake,,,,,David TimberlakeNot Likely,Not Likely,"Detroit, MI",42.4263°N,83.1262°W,PLAYS FROM
Jake Goodman,,,,,Jake GoodmanNot Likely,Not Likely,"Detroit, MI",42.4263°N,83.1262°W,PLAYS FROM
Jimmy Beck,,,,,Jimmy BeckNot Likely,Not Likely,"Detroit, MI",42.4263°N,83.1262°W,PLAYS FROM
Blair Bursey,,,,,Blair BurseyNot Likely,Not Likely,"Detroit, MI",42.4263°N,83.1262°W,PLAYS FROM
Clark Rustand,,,,,Clark RustandNot Likely,Not Likely,"Detroit, MI",42.4263°N,83.1262°W,PLAYS FROM
Brian Dwyer,,,,,Brian DwyerNot Likely,Not Likely,"Detroit, MI",42.4263°N,83.1262°W,PLAYS FROM
Tyler Wateska,,,,,Tyler WateskaNot Likely,Not Likely,"Detroit, MI",42.4263°N,83.1262°W,PLAYS FROM
Chris Ross,,,,,Chris RossNot Likely,Not Likely,"Detroit, MI",42.4263°N,83.1262°W,PLAYS FROM
Hayden Shieh,,,,,Hayden ShiehNot Likely,Not Likely,"Detroit, MI",42.4263°N,83.1262°W,PLAYS FROM
David Holzinger,,,,,David HolzingerNot Likely,Not Likely,"Detroit, MI",42.4263°N,83.1262°W,PLAYS FROM
Jake Kevorkian,,,,,Jake KevorkianNot Likely,Not Likely,"Detroit, MI",42.4263°N,83.1262°W,PLAYS FROM
David French,,,,,David FrenchNot Likely,Not Likely,"Detroit, MI",42.4263°N,83.1262°W,PLAYS FROM
Luke Moser,,,,,Luke MoserNot Likely,Not Likely,"Detroit, MI",42.4263°N,83.1262°W,PLAYS FROM
Russell Whatford,,,,,Russell WhatfordNot Likely,Not Likely,"Detroit, MI",42.4263°N,83.1262°W,PLAYS FROM
Chris Wilson,,,,,Chris WilsonNot Likely,Not Likely,"Detroit, MI",42.4263°N,83.1262°W,PLAYS FROM
Evan DeGrazia,,,,,Evan DeGraziaNot Likely,Not Likely,"Detroit, MI",42.4263°N,83.1262°W,PLAYS FROM
Jimmy Jones,,,,,Jimmy JonesNot Likely,Not Likely,"Detroit, MI",42.4263°N,83.1262°W,PLAYS FROM
Andrew McCain,,,,,Andrew McCainNot Likely,Not Likely,"Detroit, MI",42.4263°N,83.1262°W,PLAYS FROM
Chris Francoeur,,,,,Chris FrancoeurNot Likely,Not Likely,"Detroit, MI",42.4263°N,83.1262°W,PLAYS FROM
Evan Stinson,,,,,Evan StinsonNot Likely,Not Likely,"Detroit, MI",42.4263°N,83.1262°W,PLAYS FROM
Evan Thornton,,,,,Evan ThorntonNot Likely,Not Likely,"Detroit, MI",42.4263°N,83.1262°W,PLAYS FROM
Andrew McAuley,,,,,Andrew McAuleyNot Likely,Not Likely,"Detroit, MI",42.4263°N,83.1262°W,PLAYS FROM
Derek Barron,,,,,Derek BarronNot Likely,Not Likely,"Detroit, MI",42.4263°N,83.1262°W,PLAYS FROM
Brendan Leonard,,,,,Brendan LeonardNot Likely,Not Likely,"Detroit, MI",42.4263°N,83.1262°W,PLAYS FROM
Will Thomson,,,,,Will ThomsonNot Likely,Not Likely,"Detroit, MI",42.4263°N,83.1262°W,PLAYS FROM
Jake Scott,,,,,Jake ScottNot Likely,Not Likely,"Detroit, MI",42.4263°N,83.1262°W,PLAYS FROM
Brad Miller,,,,,Brad MillerNot Likely,Not Likely,"Detroit, MI",42.4263°N,83.1262°W,PLAYS FROM
Wes Homan,,,,,Wes HomanNot Likely,Not Likely,"Detroit, MI",42.4263°N,83.1262°W,PLAYS FROM
Dawson Armstrong,,,,,Dawson ArmstrongNot Likely,Not Likely,"Detroit, MI",42.4263°N,83.1262°W,PLAYS FROM
Garrett May,,,,,Garrett MayNot Likely,Not Likely,"Detroit, MI",42.4263°N,83.1262°W,PLAYS FROM
Danny Walker,,,,,Danny WalkerNot Likely,Not Likely,"Detroit, MI",42.4263°N,83.1262°W,PLAYS FROM
Zack Fischer,,,,,Zack FischerNot Likely,Not Likely,"Detroit, MI",42.4263°N,83.1262°W,PLAYS FROM
Kyle Hogan,,,,,Kyle HoganNot Likely,Not Likely,"Detroit, MI",42.4263°N,83.1262°W,PLAYS FROM
Matt Oshrine,,,,,Matt OshrineNot Likely,Not Likely,"Detroit, MI",42.4263°N,83.1262°W,PLAYS FROM
Brad Hopfinger,,,,,Brad HopfingerNot Likely,Not Likely,"Detroit, MI",42.4263°N,83.1262°W,PLAYS FROM
,,,,,Not Likely,Not Likely,"Detroit, MI",42.4263°N,83.1262°W,PLAYS FROM
Mike Van Sickle,,,,,Mike Van SickleNot Likely,Not Likely,"Detroit, MI",42.4263°N,83.1262°W,PLAYS FROM
Matt Williams,,,,,Matt WilliamsNot Likely,Not Likely,"Detroit, MI",42.4263°N,83.1262°W,PLAYS FROM
Hayden Shieh,,,,,Hayden ShiehNot Likely,Not Likely,"Detroit, MI",42.4263°N,83.1262°W,PLAYS FROM
Chris Crawford,,,,,Chris CrawfordNot Likely,Not Likely,"Detroit, MI",42.4263°N,83.1262°W,PLAYS FROM
Braden Bailey,,,,,Braden BaileyNot Likely,Not Likely,"Detroit, MI",42.4263°N,83.1262°W,PLAYS FROM
Pep Angles,,,,,Pep AnglesNot Likely,Not Likely,"Detroit, MI",42.4263°N,83.1262°W,PLAYS FROM
Luke Schniederjans,,,,,Luke SchniederjansNot Likely,Not Likely,"Detroit, MI",42.4263°N,83.1262°W,PLAYS FROM
Albin Choi,,,,,Albin ChoiNot Likely,Not Likely,"Detroit, MI",42.4263°N,83.1262°W,PLAYS FROM
Trevor Simsby,,,,,Trevor SimsbyNot Likely,Not Likely,"Detroit, MI",42.4263°N,83.1262°W,PLAYS FROM
Martin Piller,,,,,Martin PillerNot Likely,Not Likely,"Detroit, MI",42.4263°N,83.1262°W,PLAYS FROM
James Piot,,,,,James PiotNot Likely,Not Likely,"Detroit, MI",42.4263°N,83.1262°W,PLAYS FROM
P.J. Maybank,,,,,P.J. MaybankNot Likely,Not Likely,"Detroit, MI",42.4263°N,83.1262°W,PLAYS FROM
John Pak,,,,,John PakNot Likely,Not Likely,"Detroit, MI",42.4263°N,83.1262°W,PLAYS FROM
Scott Stevens,,,,,Scott StevensNot Likely,Not Likely,"Detroit, MI",42.4263°N,83.1262°W,PLAYS FROM
Tyler McCumber,,,,,Tyler McCumberNot Likely,Not Likely,"Detroit, MI",42.4263°N,83.1262°W,PLAYS FROM
Chris Naegel,,,,,Chris NaegelNot Likely,Not Likely,"Detroit, MI",42.4263°N,83.1262°W,PLAYS FROM
Brent Grant,,,,,Brent GrantNot Likely,Not Likely,"Detroit, MI",42.4263°N,83.1262°W,PLAYS FROM
Brian Stuard,,,,,Brian StuardNot Likely,Not Likely,"Detroit, MI",42.4263°N,83.1262°W,PLAYS FROM
Michael Sims,,,,,Michael SimsNot Likely,Not Likely,"Detroit, MI",42.4263°N,83.1262°W,PLAYS FROM
Aaron Beverly,,,,,Aaron BeverlyNot Likely,Not Likely,"Detroit, MI",42.4263°N,83.1262°W,PLAYS FROM
Matt Marshall,,,,,Matt MarshallNot Likely,Not Likely,"Detroit, MI",42.4263°N,83.1262°W,PLAYS FROM
Johnny Ruiz,,,,,Johnny RuizNot Likely,Not Likely,"Detroit, MI",42.4263°N,83.1262°W,PLAYS FROM
Anders Albertson,,,,,Anders AlbertsonNot Likely,Not Likely,"Detroit, MI",42.4263°N,83.1262°W,PLAYS FROM
Danielle Kang,,,,,Danielle KangNot Likely,Not Likely,"Detroit, MI",42.4263°N,83.1262°W,PLAYS FROM
Evan Bowser,,,,,Evan BowserNot Likely,Not Likely,"Detroit, MI",42.4263°N,83.1262°W,PLAYS FROM
Zac Oakley,,,,,Zac OakleyNot Likely,Not Likely,"Detroit, MI",42.4263°N,83.1262°W,PLAYS FROM
Tim Wilkinson,,,,,Tim WilkinsonNot Likely,Not Likely,"Detroit, MI",42.4263°N,83.1262°W,PLAYS FROM
Charlie Reiter,,,,,Charlie ReiterNot Likely,Not Likely,"Detroit, MI",42.4263°N,83.1262°W,PLAYS FROM
Andrew Kozan,,,,,Andrew KozanNot Likely,Not Likely,"Detroit, MI",42.4263°N,83.1262°W,PLAYS FROM
Matt Parziale,,,,,Matt ParzialeNot Likely,Not Likely,"Detroit, MI",42.4263°N,83.1262°W,PLAYS FROM
Mark Anguiano,,,,,Mark AnguianoNot Likely,Not Likely,"Detroit, MI",42.4263°N,83.1262°W,PLAYS FROM
Taylor Montgomery,,,,,Taylor MontgomeryNot Likely,Not Likely,"Detroit, MI",42.4263°N,83.1262°W,PLAYS FROM
Evan Brown,,,,,Evan BrownNot Likely,Not Likely,"Detroit, MI",42.4263°N,83.1262°W,PLAYS FROM
Ben Silverman,,,,,Ben SilvermanNot Likely,Not Likely,"Detroit, MI",42.4263°N,83.1262°W,PLAYS FROM
Michael Feagles,,,,,Michael FeaglesNot Likely,Not Likely,"Detroit, MI",42.4263°N,83.1262°W,PLAYS FROM
Jack Munro,,,,,Jack MunroNot Likely,Not Likely,"Detroit, MI",42.4263°N,83.1262°W,PLAYS FROM
Josh Whalen,,,,,Josh WhalenNot Likely,Not Likely,"Detroit, MI",42.4263°N,83.1262°W,PLAYS FROM
Hugo Bernard,,,,,Hugo BernardNot Likely,Not Likely,"Detroit, MI",42.4263°N,83.1262°W,PLAYS FROM
Etienne Brault,,,,,Etienne BraultNot Likely,Not Likely,"Detroit, MI",42.4263°N,83.1262°W,PLAYS FROM
Robbie Greenwell,,,,,Robbie GreenwellNot Likely,Not Likely,"Detroit, MI",42.4263°N,83.1262°W,PLAYS FROM
Chris Crawford,,,,,Chris CrawfordNot Likely,Not Likely,"Detroit, MI",42.4263°N,83.1262°W,PLAYS FROM
Braden Bailey,,,,,Braden BaileyNot Likely,Not Likely,"Detroit, MI",42.4263°N,83.1262°W,PLAYS FROM
Pep Angles,,,,,Pep AnglesNot Likely,Not Likely,"Detroit, MI",42.4263°N,83.1262°W,PLAYS FROM
Luke Schniederjans,,,,,Luke SchniederjansNot Likely,Not Likely,"Detroit, MI",42.4263°N,83.1262°W,PLAYS FROM
Albin Choi,,,,,Albin ChoiNot Likely,Not Likely,"Detroit, MI",42.4263°N,83.1262°W,PLAYS FROM
Trevor Simsby,,,,,Trevor SimsbyNot Likely,Not Likely,"Detroit, MI",42.4263°N,83.1262°W,PLAYS FROM
Martin Piller,,,,,Martin PillerNot Likely,Not Likely,"Detroit, MI",42.4263°N,83.1262°W,PLAYS FROM
James Piot,,,,,James PiotNot Likely,Not Likely,"Detroit, MI",42.4263°N,83.1262°W,PLAYS FROM
P.J. Maybank,,,,,P.J. MaybankNot Likely,Not Likely,"Detroit, MI",42.4263°N,83.1262°W,PLAYS FROM
John Pak,,,,,John PakNot Likely,Not Likely,"Detroit, MI",42.4263°N,83.1262°W,PLAYS FROM
Scott Stevens,,,,,Scott StevensNot Likely,Not Likely,"Detroit, MI",42.4263°N,83.1262°W,PLAYS FROM
Tyler McCumber,,,,,Tyler McCumberNot Likely,Not Likely,"Detroit, MI",42.4263°N,83.1262°W,PLAYS FROM
Chris Naegel,,,,,Chris NaegelNot Likely,Not Likely,"Detroit, MI",42.4263°N,83.1262°W,PLAYS FROM
Brent Grant,,,,,Brent GrantNot Likely,Not Likely,"Detroit, MI",42.4263°N,83.1262°W,PLAYS FROM
Brian Stuard,,,,,Brian StuardNot Likely,Not Likely,"Detroit, MI",42.4263°N,83.1262°W,PLAYS FROM
Michael Sims,,,,,Michael SimsNot Likely,Not Likely,"Detroit, MI",42.4263°N,83.1262°W,PLAYS FROM
Aaron Beverly,,,,,Aaron BeverlyNot Likely,Not Likely,"Detroit, MI",42.4263°N,83.1262°W,PLAYS FROM
Matt Marshall,,,,,Matt MarshallNot Likely,Not Likely,"Detroit, MI",42.4263°N,83.1262°W,PLAYS FROM
Johnny Ruiz,,,,,Johnny RuizNot Likely,Not Likely,"Detroit, MI",42.4263°N,83.1262°W,PLAYS FROM
Anders Albertson,,,,,Anders AlbertsonNot Likely,Not Likely,"Detroit, MI",42.4263°N,83.1262°W,PLAYS FROM
Danielle Kang,,,,,Danielle KangNot Likely,Not Likely,"Detroit, MI",42.4263°N,83.1262°W,PLAYS FROM
Evan Bowser,,,,,Evan BowserNot Likely,Not Likely,"Detroit, MI",42.4263°N,83.1262°W,PLAYS FROM
Zac Oakley,,,,,Zac OakleyNot Likely,Not Likely,"Detroit, MI",42.4263°N,83.1262°W,PLAYS FROM
Tim Wilkinson,,,,,Tim WilkinsonNot Likely,Not Likely,"Detroit, MI",42.4263°N,83.1262°W,PLAYS FROM
Charlie Reiter,,,,,Charlie ReiterNot Likely,Not Likely,"Detroit, MI",42.4263°N,83.1262°W,PLAYS FROM
Andrew Kozan,,,,,Andrew KozanNot Likely,Not Likely,"Detroit, MI",42.4263°N,83.1262°W,PLAYS FROM
Matt Parziale,,,,,Matt ParzialeNot Likely,Not Likely,"Detroit, MI",42.4263°N,83.1262°W,PLAYS FROM
Mark Anguiano,,,,,Mark AnguianoNot Likely,Not Likely,"Detroit, MI",42.4263°N,83.1262°W,PLAYS FROM
Taylor Montgomery,,,,,Taylor MontgomeryNot Likely,Not Likely,"Detroit, MI",42.4263°N,83.1262°W,PLAYS FROM
Evan Brown,,,,,Evan BrownNot Likely,Not Likely,"Detroit, MI",42.4263°N,83.1262°W,PLAYS FROM
Ben Silverman,,,,,Ben SilvermanNot Likely,Not Likely,"Detroit, MI",42.4263°N,83.1262°W,PLAYS FROM
Michael Feagles,,,,,Michael FeaglesNot Likely,Not Likely,"Detroit, MI",42.4263°N,83.1262°W,PLAYS FROM
Jack Munro,,,,,Jack MunroNot Likely,Not Likely,"Detroit, MI",42.4263°N,83.1262°W,PLAYS FROM
Josh Whalen,,,,,Josh WhalenNot Likely,Not Likely,"Detroit, MI",42.4263°N,83.1262°W,PLAYS FROM
Hugo Bernard,,,,,Hugo BernardNot Likely,Not Likely,"Detroit, MI",42.4263°N,83.1262°W,PLAYS FROM
Etienne Brault,,,,,Etienne BraultNot Likely,Not Likely,"Detroit, MI",42.4263°N,83.1262°W,PLAYS FROM
Robbie Greenwell,,,,,Robbie GreenwellNot Likely,Not Likely,"Detroit, MI",42.4263°N,83.1262°W,PLAYS FROM
Chris Crawford,,,,,Chris CrawfordNot Likely,Not Likely,"Detroit, MI",42.4263°N,83.1262°W,PLAYS FROM
Braden Bailey,,,,,Braden BaileyNot Likely,Not Likely,"Detroit, MI",42.4263°N,83.1262°W,PLAYS FROM
Pep Angles,,,,,Pep AnglesNot Likely,Not Likely,"Detroit, MI",42.4263°N,83.1262°W,PLAYS FROM
Luke Schniederjans,,,,,Luke SchniederjansNot Likely,Not Likely,"Detroit, MI",42.4263°N,83.1262°W,PLAYS FROM
Albin Choi,,,,,Albin ChoiNot Likely,Not Likely,"Detroit, MI",42.4263°N,83.1262°W,PLAYS FROM
Trevor Simsby,,,,,Trevor SimsbyNot Likely,Not Likely,"Detroit, MI",42.4263°N,83.1262°W,PLAYS FROM
Martin Piller,,,,,Martin PillerNot Likely,Not Likely,"Detroit, MI",42.4263°N,83.1262°W,PLAYS FROM
,,,,,Not Likely,Not Likely,"Detroit, MI",42.4263°N,83.1262°W,PLAYS FROM
James Piot,,,,,James PiotNot Likely,Not Likely,"Detroit, MI",42.4263°N,83.1262°W,PLAYS FROM
P.J. Maybank,,,,,P.J. MaybankNot Likely,Not Likely,"Detroit, MI",42.4263°N,83.1262°W,PLAYS FROM
John Pak,,,,,John PakNot Likely,Not Likely,"Detroit, MI",42.4263°N,83.1262°W,PLAYS FROM
Scott Stevens,,,,,Scott StevensNot Likely,Not Likely,"Detroit, MI",42.4263°N,83.1262°W,PLAYS FROM
Tyler McCumber,,,,,Tyler McCumberNot Likely,Not Likely,"Detroit, MI",42.4263°N,83.1262°W,PLAYS FROM
Chris Naegel,,,,,Chris NaegelNot Likely,Not Likely,"Detroit, MI",42.4263°N,83.1262°W,PLAYS FROM
Brent Grant,,,,,Brent GrantNot Likely,Not Likely,"Detroit, MI",42.4263°N,83.1262°W,PLAYS FROM
Brian Stuard,,,,,Brian StuardNot Likely,Not Likely,"Detroit, MI",42.4263°N,83.1262°W,PLAYS FROM
Michael Sims,,,,,Michael SimsNot Likely,Not Likely,"Detroit, MI",42.4263°N,83.1262°W,PLAYS FROM
Aaron Beverly,,,,,Aaron BeverlyNot Likely,Not Likely,"Detroit, MI",42.4263°N,83.1262°W,PLAYS FROM
Matt Marshall,,,,,Matt MarshallNot Likely,Not Likely,"Detroit, MI",42.4263°N,83.1262°W,PLAYS FROM
Johnny Ruiz,,,,,Johnny RuizNot Likely,Not Likely,"Detroit, MI",42.4263°N,83.1262°W,PLAYS FROM
Anders Albertson,,,,,Anders AlbertsonNot Likely,Not Likely,"Detroit, MI",42.4263°N,83.1262°W,PLAYS FROM
Danielle Kang,,,,,Danielle KangNot Likely,Not Likely,"Detroit, MI",42.4263°N,83.1262°W,PLAYS FROM
Evan Bowser,,,,,Evan BowserNot Likely,Not Likely,"Detroit, MI",42.4263°N,83.1262°W,PLAYS FROM
Zac Oakley,,,,,Zac OakleyNot Likely,Not Likely,"Detroit, MI",42.4263°N,83.1262°W,PLAYS FROM
Tim Wilkinson,,,,,Tim WilkinsonNot Likely,Not Likely,"Detroit, MI",42.4263°N,83.1262°W,PLAYS FROM
Charlie Reiter,,,,,Charlie ReiterNot Likely,Not Likely,"Detroit, MI",42.4263°N,83.1262°W,PLAYS FROM
Andrew Kozan,,,,,Andrew KozanNot Likely,Not Likely,"Detroit, MI",42.4263°N,83.1262°W,PLAYS FROM
Matt Parziale,,,,,Matt ParzialeNot Likely,Not Likely,"Detroit, MI",42.4263°N,83.1262°W,PLAYS FROM
Mark Anguiano,,,,,Mark AnguianoNot Likely,Not Likely,"Detroit, MI",42.4263°N,83.1262°W,PLAYS FROM
Taylor Montgomery,,,,,Taylor MontgomeryNot Likely,Not Likely,"Detroit, MI",42.4263°N,83.1262°W,PLAYS FROM
Evan Brown,,,,,Evan BrownNot Likely,Not Likely,"Detroit, MI",42.4263°N,83.1262°W,PLAYS FROM
Ben Silverman,,,,,Ben SilvermanNot Likely,Not Likely,"Detroit, MI",42.4263°N,83.1262°W,PLAYS FROM
Michael Feagles,,,,,Michael FeaglesNot Likely,Not Likely,"Detroit, MI",42.4263°N,83.1262°W,PLAYS FROM
Jack Munro,,,,,Jack MunroNot Likely,Not Likely,"Detroit, MI",42.4263°N,83.1262°W,PLAYS FROM
Josh Whalen,,,,,Josh WhalenNot Likely,Not Likely,"Detroit, MI",42.4263°N,83.1262°W,PLAYS FROM
Hugo Bernard,,,,,Hugo BernardNot Likely,Not Likely,"Detroit, MI",42.4263°N,83.1262°W,PLAYS FROM
Etienne Brault,,,,,Etienne BraultNot Likely,Not Likely,"Detroit, MI",42.4263°N,83.1262°W,PLAYS FROM
Robbie Greenwell,,,,,Robbie GreenwellNot Likely,Not Likely,"Detroit, MI",42.4263°N,83.1262°W,PLAYS FROM
Chris Crawford,,,,,Chris CrawfordNot Likely,Not Likely,"Detroit, MI",42.4263°N,83.1262°W,PLAYS FROM
Braden Bailey,,,,,Braden BaileyNot Likely,Not Likely,"Detroit, MI",42.4263°N,83.1262°W,PLAYS FROM
Pep Angles,,,,,Pep AnglesNot Likely,Not Likely,"Detroit, MI",42.4263°N,83.1262°W,PLAYS FROM
Luke Schniederjans,,,,,Luke SchniederjansNot Likely,Not Likely,"Detroit, MI",42.4263°N,83.1262°W,PLAYS FROM
Albin Choi,,,,,Albin ChoiNot Likely,Not Likely,"Detroit, MI",42.4263°N,83.1262°W,PLAYS FROM
Trevor Simsby,,,,,Trevor SimsbyNot Likely,Not Likely,"Detroit, MI",42.4263°N,83.1262°W,PLAYS FROM
Martin Piller,,,,,Martin PillerNot Likely,Not Likely,"Detroit, MI",42.4263°N,83.1262°W,PLAYS FROM
James Piot,,,,,James PiotNot Likely,Not Likely,"Detroit, MI",42.4263°N,83.1262°W,PLAYS FROM
P.J. Maybank,,,,,P.J. MaybankNot Likely,Not Likely,"Detroit, MI",42.4263°N,83.1262°W,PLAYS FROM
John Pak,,,,,John PakNot Likely,Not Likely,"Detroit, MI",42.4263°N,83.1262°W,PLAYS FROM
Scott Stevens,,,,,Scott StevensNot Likely,Not Likely,"Detroit, MI",42.4263°N,83.1262°W,PLAYS FROM
Tyler McCumber,,,,,Tyler McCumberNot Likely,Not Likely,"Detroit, MI",42.4263°N,83.1262°W,PLAYS FROM
Chris Naegel,,,,,Chris NaegelNot Likely,Not Likely,"Detroit, MI",42.4263°N,83.1262°W,PLAYS FROM
Brent Grant,,,,,Brent GrantNot Likely,Not Likely,"Detroit, MI",42.4263°N,83.1262°W,PLAYS FROM
Brian Stuard,,,,,Brian StuardNot Likely,Not Likely,"Detroit, MI",42.4263°N,83.1262°W,PLAYS FROM
Michael Sims,,,,,Michael SimsNot Likely,Not Likely,"Detroit, MI",42.4263°N,83.1262°W,PLAYS FROM
Aaron Beverly,,,,,Aaron BeverlyNot Likely,Not Likely,"Detroit, MI",42.4263°N,83.1262°W,PLAYS FROM
Matt Marshall,,,,,Matt MarshallNot Likely,Not Likely,"Detroit, MI",42.4263°N,83.1262°W,PLAYS FROM
Johnny Ruiz,,,,,Johnny RuizNot Likely,Not Likely,"Detroit, MI",42.4263°N,83.1262°W,PLAYS FROM
Anders Albertson,,,,,Anders AlbertsonNot Likely,Not Likely,"Detroit, MI",42.4263°N,83.1262°W,PLAYS FROM
Danielle Kang,,,,,Danielle KangNot Likely,Not Likely,"Detroit, MI",42.4263°N,83.1262°W,PLAYS FROM
Evan Bowser,,,,,Evan BowserNot Likely,Not Likely,"Detroit, MI",42.4263°N,83.1262°W,PLAYS FROM
Zac Oakley,,,,,Zac OakleyNot Likely,Not Likely,"Detroit, MI",42.4263°N,83.1262°W,PLAYS FROM
Tim Wilkinson,,,,,Tim WilkinsonNot Likely,Not Likely,"Detroit, MI",42.4263°N,83.1262°W,PLAYS FROM
Charlie Reiter,,,,,Charlie ReiterNot Likely,Not Likely,"Detroit, MI",42.4263°N,83.1262°W,PLAYS FROM
Andrew Kozan,,,,,Andrew KozanNot Likely,Not Likely,"Detroit, MI",42.4263°N,83.1262°W,PLAYS FROM
Matt Parziale,,,,,Matt ParzialeNot Likely,Not Likely,"Detroit, MI",42.4263°N,83.1262°W,PLAYS FROM
Mark Anguiano,,,,,Mark AnguianoNot Likely,Not Likely,"Detroit, MI",42.4263°N,83.1262°W,PLAYS FROM
Taylor Montgomery,,,,,Taylor MontgomeryNot Likely,Not Likely,"Detroit, MI",42.4263°N,83.1262°W,PLAYS FROM
Evan Brown,,,,,Evan BrownNot Likely,Not Likely,"Detroit, MI",42.4263°N,83.1262°W,PLAYS FROM
Ben Silverman,,,,,Ben SilvermanNot Likely,Not Likely,"Detroit, MI",42.4263°N,83.1262°W,PLAYS FROM
Michael Feagles,,,,,Michael FeaglesNot Likely,Not Likely,"Detroit, MI",42.4263°N,83.1262°W,PLAYS FROM
Jack Munro,,,,,Jack MunroNot Likely,Not Likely,"Detroit, MI",42.4263°N,83.1262°W,PLAYS FROM
Josh Whalen,,,,,Josh WhalenNot Likely,Not Likely,"Detroit, MI",42.4263°N,83.1262°W,PLAYS FROM
Hugo Bernard,,,,,Hugo BernardNot Likely,Not Likely,"Detroit, MI",42.4263°N,83.1262°W,PLAYS FROM
Etienne Brault,,,,,Etienne BraultNot Likely,Not Likely,"Detroit, MI",42.4263°N,83.1262°W,PLAYS FROM
Robbie Greenwell,,,,,Robbie GreenwellNot Likely,Not Likely,"Detroit, MI",42.4263°N,83.1262°W,PLAYS FROM
Chris Crawford,,,,,Chris CrawfordNot Likely,Not Likely,"Detroit, MI",42.4263°N,83.1262°W,PLAYS FROM
Braden Bailey,,,,,Braden BaileyNot Likely,Not Likely,"Detroit, MI",42.4263°N,83.1262°W,PLAYS FROM
Pep Angles,,,,,Pep AnglesNot Likely,Not Likely,"Detroit, MI",42.4263°N,83.1262°W,PLAYS FROM
Luke Schniederjans,,,,,Luke SchniederjansNot Likely,Not Likely,"Detroit, MI",42.4263°N,83.1262°W,PLAYS FROM
Albin Choi,,,,,Albin ChoiNot Likely,Not Likely,"Detroit, MI",42.4263°N,83.1262°W,PLAYS FROM
Trevor Simsby,,,,,Trevor SimsbyNot Likely,Not Likely,"Detroit, MI",42.4263°N,83.1262°W,PLAYS FROM
Martin Piller,,,,,Martin PillerNot Likely,Not Likely,"Detroit, MI",42.4263°N,83.1262°W,PLAYS FROM
James Piot,,,,,James PiotNot Likely,Not Likely,"Detroit, MI",42.4263°N,83.1262°W,PLAYS FROM
P.J. Maybank,,,,,P.J. MaybankNot Likely,Not Likely,"Detroit, MI",42.4263°N,83.1262°W,PLAYS FROM
John Pak,,,,,John PakNot Likely,Not Likely,"Detroit, MI",42.4263°N,83.1262°W,PLAYS FROM
Scott Stevens,,,,,Scott StevensNot Likely,Not Likely,"Detroit, MI",42.4263°N,83.1262°W,PLAYS FROM
Tyler McCumber,,,,,Tyler McCumberNot Likely,Not Likely,"Detroit, MI",42.4263°N,83.1262°W,PLAYS FROM
Chris Naegel,,,,,Chris NaegelNot Likely,Not Likely,"Detroit, MI",42.4263°N,83.1262°W,PLAYS FROM
Brent Grant,,,,,Brent GrantNot Likely,Not Likely,"Detroit, MI",42.4263°N,83.1262°W,PLAYS FROM
Brian Stuard,,,,,Brian StuardNot Likely,Not Likely,"Detroit, MI",42.4263°N,83.1262°W,PLAYS FROM
Michael Sims,,,,,Michael SimsNot Likely,Not Likely,"Detroit, MI",42.4263°N,83.1262°W,PLAYS FROM
Aaron Beverly,,,,,Aaron BeverlyNot Likely,Not Likely,"Detroit, MI",42.4263°N,83.1262°W,PLAYS FROM
Matt Marshall,,,,,Matt MarshallNot Likely,Not Likely,"Detroit, MI",42.4263°N,83.1262°W,PLAYS FROM
Johnny Ruiz,,,,,Johnny RuizNot Likely,Not Likely,"Detroit, MI",42.4263°N,83.1262°W,PLAYS FROM
Anders Albertson,,,,,Anders AlbertsonNot Likely,Not Likely,"Detroit, MI",42.4263°N,83.1262°W,PLAYS FROM
Danielle Kang,,,,,Danielle KangNot Likely,Not Likely,"Detroit, MI",42.4263°N,83.1262°W,PLAYS FROM
Evan Bowser,,,,,Evan BowserNot Likely,Not Likely,"Detroit, MI",42.4263°N,83.1262°W,PLAYS FROM
Zac Oakley,,,,,Zac OakleyNot Likely,Not Likely,"Detroit, MI",42.4263°N,83.1262°W,PLAYS FROM
Tim Wilkinson,,,,,Tim WilkinsonNot Likely,Not Likely,"Detroit, MI",42.4263°N,83.1262°W,PLAYS FROM
Charlie Reiter,,,,,Charlie ReiterNot Likely,Not Likely,"Detroit, MI",42.4263°N,83.1262°W,PLAYS FROM
Andrew Kozan,,,,,Andrew KozanNot Likely,Not Likely,"Detroit, MI",42.4263°N,83.1262°W,PLAYS FROM
Matt Parziale,,,,,Matt ParzialeNot Likely,Not Likely,"Detroit, MI",42.4263°N,83.1262°W,PLAYS FROM
Mark Anguiano,,,,,Mark AnguianoNot Likely,Not Likely,"Detroit, MI",42.4263°N,83.1262°W,PLAYS FROM
Taylor Montgomery,,,,,Taylor MontgomeryNot Likely,Not Likely,"Detroit, MI",42.4263°N,83.1262°W,PLAYS FROM
,,,,,Not Likely,Not Likely,"Detroit, MI",42.4263°N,83.1262°W,PLAYS FROM
Ben Warian,,,,,Ben WarianNot Likely,Not Likely,"Detroit, MI",42.4263°N,83.1262°W,PLAYS FROM
Alejandro Tosti,,,,,Alejandro TostiNot Likely,Not Likely,"Detroit, MI",42.4263°N,83.1262°W,PLAYS FROM
Tim Widing,,,,,Tim WidingNot Likely,Not Likely,"Detroit, MI",42.4263°N,83.1262°W,PLAYS FROM
Evan Beck,,,,,Evan BeckNot Likely,Not Likely,"Detroit, MI",42.4263°N,83.1262°W,PLAYS FROM
Matt McCarty,,,,,Matt McCartyNot Likely,Not Likely,"Detroit, MI",42.4263°N,83.1262°W,PLAYS FROM
Rafael Campos,,,,,Rafael CamposNot Likely,Not Likely,"Detroit, MI",42.4263°N,83.1262°W,PLAYS FROM
Pontus Widegren,,,,,Pontus WidegrenNot Likely,Not Likely,"Detroit, MI",42.4263°N,83.1262°W,PLAYS FROM
Matt Gilchrest,,,,,Matt GilchrestNot Likely,Not Likely,"Detroit, MI",42.4263°N,83.1262°W,PLAYS FROM
Chase Seiffert,,,,,Chase SeiffertNot Likely,Not Likely,"Detroit, MI",42.4263°N,83.1262°W,PLAYS FROM
David Gazzolo,,,,,David GazzoloNot Likely,Not Likely,"Detroit, MI",42.4263°N,83.1262°W,PLAYS FROM
Julien Brun,,,,,Julien BrunNot Likely,Not Likely,"Detroit, MI",42.4263°N,83.1262°W,PLAYS FROM
Turk Pettit,,,,,Turk PettitNot Likely,Not Likely,"Detroit, MI",42.4263°N,83.1262°W,PLAYS FROM
Gregor Main,,,,,Gregor MainNot Likely,Not Likely,"Detroit, MI",42.4263°N,83.1262°W,PLAYS FROM
Joey Lane,,,,,Joey LaneNot Likely,Not Likely,"Detroit, MI",42.4263°N,83.1262°W,PLAYS FROM
Hugo Townsend,,,,,Hugo TownsendNot Likely,Not Likely,"Detroit, MI",42.4263°N,83.1262°W,PLAYS FROM
Will Zalatoris,,,,,Will ZalatorisNot Likely,Not Likely,"Detroit, MI",42.4263°N,83.1262°W,PLAYS FROM
Pedro Figueiredo,,,,,Pedro FigueiredoNot Likely,Not Likely,"Detroit, MI",42.4263°N,83.1262°W,PLAYS FROM
Cole Miller,,,,,Cole MillerNot Likely,Not Likely,"Detroit, MI",42.4263°N,83.1262°W,PLAYS FROM
Tom Lovelady,,,,,Tom LoveladyNot Likely,Not Likely,"Detroit, MI",42.4263°N,83.1262°W,PLAYS FROM
Greyson Sigg,,,,,Greyson SiggNot Likely,Not Likely,"Detroit, MI",42.4263°N,83.1262°W,PLAYS FROM
Will Grimmer,,,,,Will GrimmerNot Likely,Not Likely,"Detroit, MI",42.4263°N,83.1262°W,PLAYS FROM
Hugo Bernard,,,,,Hugo BernardNot Likely,Not Likely,"Detroit, MI",42.4263°N,83.1262°W,PLAYS FROM
Ben Griffin,,,,,Ben GriffinNot Likely,Not Likely,"Detroit, MI",42.4263°N,83.1262°W,PLAYS FROM
Kevin Dougherty,,,,,Kevin DoughertyNot Likely,Not Likely,"Detroit, MI",42.4263°N,83.1262°W,PLAYS FROM
Scott Gutschewski,,,,,Scott GutschewskiNot Likely,Not Likely,"Detroit, MI",42.4263°N,83.1262°W,PLAYS FROM
Dylan Meyer,,,,,Dylan MeyerNot Likely,Not Likely,"Detroit, MI",42.4263°N,83.1262°W,PLAYS FROM
Michael Perras,,,,,Michael PerrasNot Likely,Not Likely,"Detroit, MI",42.4263°N,83.1262°W,PLAYS FROM
Ben Taylor,,,,,Ben TaylorNot Likely,Not Likely,"Detroit, MI",42.4263°N,83.1262°W,PLAYS FROM
Ryan Ruffels,,,,,Ryan RuffelsNot Likely,Not Likely,"Detroit, MI",42.4263°N,83.1262°W,PLAYS FROM
Will Cannon,,,,,Will CannonNot Likely,Not Likely,"Detroit, MI",42.4263°N,83.1262°W,PLAYS FROM
Nick Voke,,,,,Nick VokeNot Likely,Not Likely,"Detroit, MI",42.4263°N,83.1262°W,PLAYS FROM
Austin Squires,,,,,Austin SquiresNot Likely,Not Likely,"Detroit, MI",42.4263°N,83.1262°W,PLAYS FROM
Evan Katz,,,,,Evan KatzNot Likely,Not Likely,"Detroit, MI",42.4263°N,83.1262°W,PLAYS FROM
Derek Ernst,,,,,Derek ErnstNot Likely,Not Likely,"Detroit, MI",42.4263°N,83.1262°W,PLAYS FROM
Jonathan Byrd,,,,,Jonathan ByrdNot Likely,Not Likely,"Detroit, MI",42.4263°N,83.1262°W,PLAYS FROM
George Cunningham,,,,,George CunninghamNot Likely,Not Likely,"Detroit, MI",42.4263°N,83.1262°W,PLAYS FROM
Josh Hart,,,,,Josh HartNot Likely,Not Likely,"Detroit, MI",42.4263°N,83.1262°W,PLAYS FROM
Matt Hill,,,,,Matt HillNot Likely,Not Likely,"Detroit, MI",42.4263°N,83.1262°W,PLAYS FROM
Ryan Sullivan,,,,,Ryan SullivanNot Likely,Not Likely,"Detroit, MI",42.4263°N,83.1262°W,PLAYS FROM
Sean Kelly,,,,,Sean KellyNot Likely,Not Likely,"Detroit, MI",42.4263°N,83.1262°W,PLAYS FROM
Eric Cole,,,,,Eric ColeNot Likely,Not Likely,"Detroit, MI",42.4263°N,83.1262°W,PLAYS FROM
Brandon Matthews,,,,,Brandon MatthewsNot Likely,Not Likely,"Detroit, MI",42.4263°N,83.1262°W,PLAYS FROM
Tom Whitney,,,,,Tom WhitneyNot Likely,Not Likely,"Detroit, MI",42.4263°N,83.1262°W,PLAYS FROM
Scott Harrington,,,,,Scott HarringtonNot Likely,Not Likely,"Detroit, MI",42.4263°N,83.1262°W,PLAYS FROM
Michael Visacki,,,,,Michael VisackiNot Likely,Not Likely,"Detroit, MI",42.4263°N,83.1262°W,PLAYS FROM
Jim Knous,,,,,Jim KnousNot Likely,Not Likely,"Detroit, MI",42.4263°N,83.1262°W,PLAYS FROM
Andy Zhang,,,,,Andy ZhangNot Likely,Not Likely,"Detroit, MI",42.4263°N,83.1262°W,PLAYS FROM
Cameron Young,,,,,Cameron YoungNot Likely,Not Likely,"Detroit, MI",42.4263°N,83.1262°W,PLAYS FROM
Michael Gellerman,,,,,Michael GellermanNot Likely,Not Likely,"Detroit, MI",42.4263°N,83.1262°W,PLAYS FROM
Ben Cole,,,,,Ben ColeNot Likely,Not Likely,"Detroit, MI",42.4263°N,83.1262°W,PLAYS FROM
Ryan McCormick,,,,,Ryan McCormickNot Likely,Not Likely,"Detroit, MI",42.4263°N,83.1262°W,PLAYS FROM
Erik Barnes,,,,,Erik BarnesNot Likely,Not Likely,"Detroit, MI",42.4263°N,83.1262°W,PLAYS FROM
Conrad Shindler,,,,,Conrad ShindlerNot Likely,Not Likely,"Detroit, MI",42.4263°N,83.1262°W,PLAYS FROM
Matt Atkins,,,,,Matt AtkinsNot Likely,Not Likely,"Detroit, MI",42.4263°N,83.1262°W,PLAYS FROM
Ben Wolcott,,,,,Ben WolcottNot Likely,Not Likely,"Detroit, MI",42.4263°N,83.1262°W,PLAYS FROM
Chris Baker,,,,,Chris BakerNot Likely,Not Likely,"Detroit, MI",42.4263°N,83.1262°W,PLAYS FROM
Ryan Brehm,,,,,Ryan BrehmNot Likely,Not Likely,"Detroit, MI",42.4263°N,83.1262°W,PLAYS FROM
Dominic Bozzelli,,,,,Dominic BozzelliNot Likely,Not Likely,"Detroit, MI",42.4263°N,83.1262°W,PLAYS FROM
Taylor Pendrith,,,,,Taylor PendrithNot Likely,Not Likely,"Detroit, MI",42.4263°N,83.1262°W,PLAYS FROM
Brady Schnell,,,,,Brady SchnellNot Likely,Not Likely,"Detroit, MI",42.4263°N,83.1262°W,PLAYS FROM
Ryan Hall,,,,,Ryan HallNot Likely,Not Likely,"Detroit, MI",42.4263°N,83.1262°W,PLAYS FROM
Mike Ballo Jr.,,,,,Mike Ballo Jr.Not Likely,Not Likely,"Detroit, MI",42.4263°N,83.1262°W,PLAYS FROM
Brett Drewitt,,,,,Brett DrewittNot Likely,Not Likely,"Detroit, MI",42.4263°N,83.1262°W,PLAYS FROM
,,,,,Not Likely,Not Likely,"Detroit, MI",42.4263°N,83.1262°W,PLAYS FROM
Ashton Van Horne,,,,,Ashton Van HorneNot Likely,Not Likely,"Detroit, MI",42.4263°N,83.1262°W,PLAYS FROM
Mason Nome,,,,,Mason NomeNot Likely,Not Likely,"Detroit, MI",42.4263°N,83.1262°W,PLAYS FROM
Jack Heath,,,,,Jack HeathNot Likely,Not Likely,"Detroit, MI",42.4263°N,83.1262°W,PLAYS FROM
Luke Schniederjans,,,,,Luke SchniederjansNot Likely,Not Likely,"Detroit, MI",42.4263°N,83.1262°W,PLAYS FROM
Timmy Crawford,,,,,Timmy CrawfordNot Likely,Not Likely,"Detroit, MI",42.4263°N,83.1262°W,PLAYS FROM
Jesper Kennegard,,,,,Jesper KennegardNot Likely,Not Likely,"Detroit, MI",42.4263°N,83.1262°W,PLAYS FROM
Ryan Linton,,,,,Ryan LintonNot Likely,Not Likely,"Detroit, MI",42.4263°N,83.1262°W,PLAYS FROM
Matt Naumec,,,,,Matt NaumecNot Likely,Not Likely,"Detroit, MI",42.4263°N,83.1262°W,PLAYS FROM
Brandon Pierce,,,,,Brandon PierceNot Likely,Not Likely,"Detroit, MI",42.4263°N,83.1262°W,PLAYS FROM
David Kim,,,,,David KimNot Likely,Not Likely,"Detroit, MI",42.4263°N,83.1262°W,PLAYS FROM
Tyler Collier,,,,,Tyler CollierNot Likely,Not Likely,"Detroit, MI",42.4263°N,83.1262°W,PLAYS FROM
Zach Murray,,,,,Zach MurrayNot Likely,Not Likely,"Detroit, MI",42.4263°N,83.1262°W,PLAYS FROM
Andrew Novak,,,,,Andrew NovakNot Likely,Not Likely,"Detroit, MI",42.4263°N,83.1262°W,PLAYS FROM
Sam Saunders,,,,,Sam SaundersNot Likely,Not Likely,"Detroit, MI",42.4263°N,83.1262°W,PLAYS FROM
Ross Steelman,,,,,Ross SteelmanNot Likely,Not Likely,"Detroit, MI",42.4263°N,83.1262°W,PLAYS FROM
Parker Coody,,,,,Parker CoodyNot Likely,Not Likely,"Detroit, MI",42.4263°N,83.1262°W,PLAYS FROM
Pierceson Coody,,,,,Pierceson CoodyNot Likely,Not Likely,"Detroit, MI",42.4263°N,83.1262°W,PLAYS FROM
David Ford,,,,,David FordNot Likely,Not Likely,"Detroit, MI",42.4263°N,83.1262°W,PLAYS FROM
Maxwell Moldovan,,,,,Maxwell MoldovanNot Likely,Not Likely,"Detroit, MI",42.4263°N,83.1262°W,PLAYS FROM
Preston Summerhays,,,,,Preston SummerhaysNot Likely,Not Likely,"Detroit, MI",42.4263°N,83.1262°W,PLAYS FROM
Fred Biondi,,,,,Fred BiondiNot Likely,Not Likely,"Detroit, MI",42.4263°N,83.1262°W,PLAYS FROM
Yuxin Lin,,,,,Yuxin LinNot Likely,Not Likely,"Detroit, MI",42.4263°N,83.1262°W,PLAYS FROM
Karl Vilips,,,,,Karl VilipsNot Likely,Not Likely,"Detroit, MI",42.4263°N,83.1262°W,PLAYS FROM
Michael Brennan,,,,,Michael BrennanNot Likely,Not Likely,"Detroit, MI",42.4263°N,83.1262°W,PLAYS FROM
Caleb Surratt,,,,,Caleb SurrattNot Likely,Not Likely,"Detroit, MI",42.4263°N,83.1262°W,PLAYS FROM
Nick Gabrelcik,,,,,Nick GabrelcikNot Likely,Not Likely,"Detroit, MI",42.4263°N,83.1262°W,PLAYS FROM
Jackson Van Paris,,,,,Jackson Van ParisNot Likely,Not Likely,"Detroit, MI",42.4263°N,83.1262°W,PLAYS FROM
Benjamin James,,,,,Benjamin JamesNot Likely,Not Likely,"Detroit, MI",42.4263°N,83.1262°W,PLAYS FROM
Gordon Sargent,,,,,Gordon SargentNot Likely,Not Likely,"Detroit, MI",42.4263°N,83.1262°W,PLAYS FROM
Sampson Zheng,,,,,Sampson ZhengNot Likely,Not Likely,"Detroit, MI",42.4263°N,83.1262°W,PLAYS FROM
Bastian Amat,,,,,Bastian AmatNot Likely,Not Likely,"Detroit, MI",42.4263°N,83.1262°W,PLAYS FROM
Luke Clanton,,,,,Luke ClantonNot Likely,Not Likely,"Detroit, MI",42.4263°N,83.1262°W,PLAYS FROM
Ethan Ng,,,,,Ethan NgNot Likely,Not Likely,"Detroit, MI",42.4263°N,83.1262°W,PLAYS FROM
Jake Beber-Frankel,,,,,Jake Beber-FrankelNot Likely,Not Likely,"Detroit, MI",42.4263°N,83.1262°W,PLAYS FROM
Barclay Brown,,,,,Barclay BrownNot Likely,Not Likely,"Detroit, MI",42.4263°N,83.1262°W,PLAYS FROM
Nathan Petronzio,,,,,Nathan PetronzioNot Likely,Not Likely,"Detroit, MI",42.4263°N,83.1262°W,PLAYS FROM
Michael Thorbjornsen,,,,,Michael ThorbjornsenNot Likely,Not Likely,"Detroit, MI",42.4263°N,83.1262°W,PLAYS FROM
Calum Scott,,,,,Calum ScottNot Likely,Not Likely,"Detroit, MI",42.4263°N,83.1262°W,PLAYS FROM
Jonas Blixt,,,,,Jonas BlixtNot Likely,Not Likely,"Detroit, MI",42.4263°N,83.1262°W,PLAYS FROM
Daniel Hillier,,,,,Daniel HillierNot Likely,Not Likely,"Detroit, MI",42.4263°N,83.1262°W,PLAYS FROM
Aaron Jarvis,,,,,Aaron JarvisNot Likely,Not Likely,"Detroit, MI",42.4263°N,83.1262°W,PLAYS FROM
Hunter Wolcott,,,,,Hunter WolcottNot Likely,Not Likely,"Detroit, MI",42.4263°N,83.1262°W,PLAYS FROM
Bryan Lee,,,,,Bryan LeeNot Likely,Not Likely,"Detroit, MI",42.4263°N,83.1262°W,PLAYS FROM
Drew Goodman,,,,,Drew GoodmanNot Likely,Not Likely,"Detroit, MI",42.4263°N,83.1262°W,PLAYS FROM
Chris Gotterup,,,,,Chris GotterupNot Likely,Not Likely,"Detroit, MI",42.4263°N,83.1262°W,PLAYS FROM
Jacob Bridgeman,,,,,Jacob BridgemanNot Likely,Not Likely,"Detroit, MI",42.4263°N,83.1262°W,PLAYS FROM
Austen Truslow,,,,,Austen TruslowNot Likely,Not Likely,"Detroit, MI",42.4263°N,83.1262°W,PLAYS FROM
Evan Grenus,,,,,Evan GrenusNot Likely,Not Likely,"Detroit, MI",42.4263°N,83.1262°W,PLAYS FROM
Matt Sharpstene,,,,,Matt SharpsteneNot Likely,Not Likely,"Detroit, MI",42.4263°N,83.1262°W,PLAYS FROM
Ricardo Celia,,,,,Ricardo CeliaNot Likely,Not Likely,"Detroit, MI",42.4263°N,83.1262°W,PLAYS FROM
Daniel Gale,,,,,Daniel GaleNot Likely,Not Likely,"Detroit, MI",42.4263°N,83.1262°W,PLAYS FROM
Drew Nesbitt,,,,,Drew NesbittNot Likely,Not Likely,"Detroit, MI",42.4263°N,83.1262°W,PLAYS FROM
Torey Edwards,,,,,Torey EdwardsNot Likely,Not Likely,"Detroit, MI",42.4263°N,83.1262°W,PLAYS FROM
Michael Block,,,,,Michael BlockNot Likely,Not Likely,"Detroit, MI",42.4263°N,83.1262°W,PLAYS FROM
Thomas Longbella,,,,,Thomas LongbellaNot Likely,Not Likely,"Detroit, MI",42.4263°N,83.1262°W,PLAYS FROM
Myles Lewis,,,,,Myles LewisNot Likely,Not Likely,"Detroit, MI",42.4263°N,83.1262°W,PLAYS FROM
Jack Wall,,,,,Jack WallNot Likely,Not Likely,"Detroit, MI",42.4263°N,83.1262°W,PLAYS FROM
Aaron Cockerill,,,,,Aaron CockerillNot Likely,Not Likely,"Detroit, MI",42.4263°N,83.1262°W,PLAYS FROM
Martin Simonsen,,,,,Martin SimonsenNot Likely,Not Likely,"Detroit, MI",42.4263°N,83.1262°W,PLAYS FROM
Ben Carr,,,,,Ben CarrNot Likely,Not Likely,"Detroit, MI",42.4263°N,83.1262°W,PLAYS FROM
Josh Hill,,,,,Josh HillNot Likely,Not Likely,"Detroit, MI",42.4263°N,83.1262°W,PLAYS FROM
M.J. Daffue,,,,,M.J. DaffueNot Likely,Not Likely,"Detroit, MI",42.4263°N,83.1262°W,PLAYS FROM
Evan Russell,,,,,Evan RussellNot Likely,Not Likely,"Detroit, MI",42.4263°N,83.1262°W,PLAYS FROM
David Hearn,,,,,David HearnNot Likely,Not Likely,"Detroit, MI",42.4263°N,83.1262°W,PLAYS FROM
Matt Every,,,,,Matt EveryNot Likely,Not Likely,"Detroit, MI",42.4263°N,83.1262°W,PLAYS FROM
Matt Short,,,,,Matt ShortNot Likely,Not Likely,"Detroit, MI",42.4263°N,83.1262°W,PLAYS FROM
Jack Trent,,,,,Jack TrentNot Likely,Not Likely,"Detroit, MI",42.4263°N,83.1262°W,PLAYS FROM
Steven Alker,,,,,Steven AlkerNot Likely,Not Likely,"Detroit, MI",42.4263°N,83.1262°W,PLAYS FROM
Dawie van der Walt,,,,,Dawie van der WaltNot Likely,Not Likely,"Detroit, MI",42.4263°N,83.1262°W,PLAYS FROM
Jarryd Felton,,,,,Jarryd FeltonNot Likely,Not Likely,"Detroit, MI",42.4263°N,83.1262°W,PLAYS FROM
Thomas Power Horan,,,,,Thomas Power HoranNot Likely,Not Likely,"Detroit, MI",42.4263°N,83.1262°W,PLAYS FROM
Chase Hanna,,,,,Chase HannaNot Likely,Not Likely,"Detroit, MI",42.4263°N,83.1262°W,PLAYS FROM
Matt Saulez,,,,,Matt SaulezNot Likely,Not Likely,"Detroit, MI",42.4263°N,83.1262°W,PLAYS FROM
Ashton Turner,,,,,Ashton TurnerNot Likely,Not Likely,"Detroit, MI",42.4263°N,83.1262°W,PLAYS FROM
David Nyfjäll,,,,,David NyfjällNot Likely,Not Likely,"Detroit, MI",42.4263°N,83.1262°W,PLAYS FROM
Cameron Percy,,,,,Cameron PercyNot Likely,Not Likely,"Detroit, MI",42.4263°N,83.1262°W,PLAYS FROM
Ben Eccles,,,,,Ben EcclesNot Likely,Not Likely,"Detroit, MI",42.4263°N,83.1262°W,PLAYS FROM
Blair Hamilton,,,,,Blair HamiltonNot Likely,Not Likely,"Detroit, MI",42.4263°N,83.1262°W,PLAYS FROM
James Allenby,,,,,James AllenbyNot Likely,Not Likely,"Detroit, MI",42.4263°N,83.1262°W,PLAYS FROM
Rhein Gibson,,,,,Rhein GibsonNot Likely,Not Likely,"Detroit, MI",42.4263°N,83.1262°W,PLAYS FROM
George Bryan IV,,,,,George Bryan IVNot Likely,Not Likely,"Detroit, MI",42.4263°N,83.1262°W,PLAYS FROM
Jack Singh Brar,,,,,Jack Singh BrarNot Likely,Not Likely,"Detroit, MI",42.4263°N,83.1262°W,PLAYS FROM
Matt Ryan,,,,,Matt RyanNot Likely,Not Likely,"Detroit, MI",42.4263°N,83.1262°W,PLAYS FROM
Trevor Sluman,,,,,Trevor SlumanNot Likely,Not Likely,"Detroit, MI",42.4263°N,83.1262°W,PLAYS FROM
,,,,,Not Likely,Not Likely,"Detroit, MI",42.4263°N,83.1262°W,PLAYS FROM
,,,,,Not Likely,Not Likely,"Detroit, MI",42.4263°N,83.1262°W,PLAYS FROM
,,,,,Not Likely,Not Likely,"Detroit, MI",42.4263°N,83.1262°W,PLAYS FROM
,,,,,Not Likely,Not Likely,"Detroit, MI",42.4263°N,83.1262°W,PLAYS FROM
,,,,,Not Likely,Not Likely,"Detroit, MI",42.4263°N,83.1262°W,PLAYS FROM
,,,,,Not Likely,Not Likely,"Detroit, MI",42.4263°N,83.1262°W,PLAYS FROM
,,,,,Not Likely,Not Likely,"Detroit, MI",42.4263°N,83.1262°W,PLAYS FROM
,,,,,Not Likely,Not Likely,"Detroit, MI",42.4263°N,83.1262°W,PLAYS FROM
,,,,,Not Likely,Not Likely,"Detroit, MI",42.4263°N,83.1262°W,PLAYS FROM
,,,,,Not Likely,Not Likely,"Detroit, MI",42.4263°N,83.1262°W,PLAYS FROM
,,,,,Not Likely,Not Likely,"Detroit, MI",42.4263°N,83.1262°W,PLAYS FROM
,,,,,Not Likely,Not Likely,"Detroit, MI",42.4263°N,83.1262°W,PLAYS FROM
,,,,,Not Likely,Not Likely,"Detroit, MI",42.4263°N,83.1262°W,PLAYS FROM
,,,,,Not Likely,Not Likely,"Detroit, MI",42.4263°N,83.1262°W,PLAYS FROM
,,,,,Not Likely,Not Likely,"Detroit, MI",42.4263°N,83.1262°W,PLAYS FROM
,,,,,Not Likely,Not Likely,"Detroit, MI",42.4263°N,83.1262°W,PLAYS FROM
,,,,,Not Likely,Not Likely,"Detroit, MI",42.4263°N,83.1262°W,PLAYS FROM
,,,,,Not Likely,Not Likely,"Detroit, MI",42.4263°N,83.1262°W,PLAYS FROM
,,,,,Not Likely,Not Likely,"Detroit, MI",42.4263°N,83.1262°W,PLAYS FROM
,,,,,Not Likely,Not Likely,"Detroit, MI",42.4263°N,83.1262°W,PLAYS FROM
,,,,,Not Likely,Not Likely,"Detroit, MI",42.4263°N,83.1262°W,PLAYS FROM
,,,,,Not Likely,Not Likely,"Detroit, MI",42.4263°N,83.1262°W,PLAYS FROM
,,,,,Not Likely,Not Likely,"Detroit, MI",42.4263°N,83.1262°W,PLAYS FROM
,,,,,Not Likely,Not Likely,"Detroit, MI",42.4263°N,83.1262°W,PLAYS FROM
,,,,,Not Likely,Not Likely,"Detroit, MI",42.4263°N,83.1262°W,PLAYS FROM
,,,,,Not Likely,Not Likely,"Detroit, MI",42.4263°N,83.1262°W,PLAYS FROM
,,,,,Not Likely,Not Likely,"Detroit, MI",42.4263°N,83.1262°W,PLAYS FROM
,,,,,Not Likely,Not Likely,"Detroit, MI",42.4263°N,83.1262°W,PLAYS FROM
,,,,,Not Likely,Not Likely,"Detroit, MI",42.4263°N,83.1262°W,PLAYS FROM
,,,,,Not Likely,Not Likely,"Detroit, MI",42.4263°N,83.1262°W,PLAYS FROM
,,,,,Not Likely,Not Likely,"Detroit, MI",42.4263°N,83.1262°W,PLAYS FROM
,,,,,Not Likely,Not Likely,"Detroit, MI",42.4263°N,83.1262°W,PLAYS FROM
,,,,,Not Likely,Not Likely,"Detroit, MI",42.4263°N,83.1262°W,PLAYS FROM
,,,,,Not Likely,Not Likely,"Detroit, MI",42.4263°N,83.1262°W,PLAYS FROM
,,,,,Not Likely,Not Likely,"Detroit, MI",42.4263°N,83.1262°W,PLAYS FROM
,,,,,Not Likely,Not Likely,"Detroit, MI",42.4263°N,83.1262°W,PLAYS FROM
,,,,,Not Likely,Not Likely,"Detroit, MI",42.4263°N,83.1262°W,PLAYS FROM
,,,,,Not Likely,Not Likely,"Detroit, MI",42.4263°N,83.1262°W,PLAYS FROM
,,,,,Not Likely,Not Likely,"Detroit, MI",42.4263°N,83.1262°W,PLAYS FROM
,,,,,Not Likely,Not Likely,"Detroit, MI",42.4263°N,83.1262°W,PLAYS FROM
,,,,,Not Likely,Not Likely,"Detroit, MI",42.4263°N,83.1262°W,PLAYS FROM
,,,,,Not Likely,Not Likely,"Detroit, MI",42.4263°N,83.1262°W,PLAYS FROM
,,,,,Not Likely,Not Likely,"Detroit, MI",42.4263°N,83.1262°W,PLAYS FROM
,,,,,Not Likely,Not Likely,"Detroit, MI",42.4263°N,83.1262°W,PLAYS FROM
,,,,,Not Likely,Not Likely,"Detroit, MI",42.4263°N,83.1262°W,PLAYS FROM
,,,,,Not Likely,Not Likely,"Detroit, MI",42.4263°N,83.1262°W,PLAYS FROM
,,,,,Not Likely,Not Likely,"Detroit, MI",42.4263°N,83.1262°W,PLAYS FROM
,,,,,Not Likely,Not Likely,"Detroit, MI",42.4263°N,83.1262°W,PLAYS FROM
,,,,,Not Likely,Not Likely,"Detroit, MI",42.4263°N,83.1262°W,PLAYS FROM
,,,,,Not Likely,Not Likely,"Detroit, MI",42.4263°N,83.1262°W,PLAYS FROM
,,,,,Not Likely,Not Likely,"Detroit, MI",42.4263°N,83.1262°W,PLAYS FROM
,,,,,Not Likely,Not Likely,"Detroit, MI",42.4263°N,83.1262°W,PLAYS FROM
,,,,,Not Likely,Not Likely,"Detroit, MI",42.4263°N,83.1262°W,PLAYS FROM
,,,,,Not Likely,Not Likely,"Detroit, MI",42.4263°N,83.1262°W,PLAYS FROM
,,,,,Not Likely,Not Likely,"Detroit, MI",42.4263°N,83.1262°W,PLAYS FROM
,,,,,Not Likely,Not Likely,"Detroit, MI",42.4263°N,83.1262°W,PLAYS FROM
,,,,,Not Likely,Not Likely,"Detroit, MI",42.4263°N,83.1262°W,PLAYS FROM
,,,,,Not Likely,Not Likely,"Detroit, MI",42.4263°N,83.1262°W,PLAYS FROM
,,,,,Not Likely,Not Likely,"Detroit, MI",42.4263°N,83.1262°W,PLAYS FROM
,,,,,Not Likely,Not Likely,"Detroit, MI",42.4263°N,83.1262°W,PLAYS FROM
,,,,,Not Likely,Not Likely,"Detroit, MI",42.4263°N,83.1262°W,PLAYS FROM
,,,,,Not Likely,Not Likely,"Detroit, MI",42.4263°N,83.1262°W,PLAYS FROM
,,,,,Not Likely,Not Likely,"Detroit, MI",42.4263°N,83.1262°W,PLAYS FROM
,,,,,Not Likely,Not Likely,"Detroit, MI",42.4263°N,83.1262°W,PLAYS FROM
,,,,,Not Likely,Not Likely,"Detroit, MI",42.4263°N,83.1262°W,PLAYS FROM
,,,,,Not Likely,Not Likely,"Detroit, MI",42.4263°N,83.1262°W,PLAYS FROM
,,,,,Not Likely,Not Likely,"Detroit, MI",42.4263°N,83.1262°W,PLAYS FROM
,,,,,Not Likely,Not Likely,"Detroit, MI",42.4263°N,83.1262°W,PLAYS FROM
,,,,,Not Likely,Not Likely,"Detroit, MI",42.4263°N,83.1262°W,PLAYS FROM
,,,,,Not Likely,Not Likely,"Detroit, MI",42.4263°N,83.1262°W,PLAYS FROM
,,,,,Not Likely,Not Likely,"Detroit, MI",42.4263°N,83.1262°W,PLAYS FROM
,,,,,Not Likely,Not Likely,"Detroit, MI",42.4263°N,83.1262°W,PLAYS FROM
,,,,,Not Likely,Not Likely,"Detroit, MI",42.4263°N,83.1262°W,PLAYS FROM
,,,,,Not Likely,Not Likely,"Detroit, MI",42.4263°N,83.1262°W,PLAYS FROM
,,,,,Not Likely,Not Likely,"Detroit, MI",42.4263°N,83.1262°W,PLAYS FROM
,,,,,Not Likely,Not Likely,"Detroit, MI",42.4263°N,83.1262°W,PLAYS FROM
,,,,,Not Likely,Not Likely,"Detroit, MI",42.4263°N,83.1262°W,PLAYS FROM
,,,,,Not Likely,Not Likely,"Detroit, MI",42.4263°N,83.1262°W,PLAYS FROM
,,,,,Not Likely,Not Likely,"Detroit, MI",42.4263°N,83.1262°W,PLAYS FROM
,,,,,Not Likely,Not Likely,"Detroit, MI",42.4263°N,83.1262°W,PLAYS FROM
,,,,,Not Likely,Not Likely,"Detroit, MI",42.4263°N,83.1262°W,PLAYS FROM
,,,,,Not Likely,Not Likely,"Detroit, MI",42.4263°N,83.1262°W,PLAYS FROM