tour,market,player_name,player_name_raw,average_odds,implied_probability,true_implied_probability,odds_draftkings,odds_fanduel,odds_bet365,odds_datagolf_baseline,updated_at
OPP,top_10,Kiradech Aphibarnrat,"Aphibarnrat, Kiradech",6642.857143,1.48%,0.62%,+7400,+7500,+6000,,2026-09-30T02:10:10.832273Z
OPP,top_10,Zach Bauchou,"Bauchou, Zach",380.625,20.81%,8.33%,+395,+430,+360,,2026-09-30T02:10:10.832290Z
OPP,top_10,Christiaan Bezuidenhout,"Bezuidenhout, Christiaan",1396.428571,6.68%,2.69%,+1375,+1600,+1400,,2026-09-30T02:10:10.832297Z
OPP,top_10,Blades Brown,"Brown, Blades",-213.25,68.08%,27.07%,-230,-210,-227,,2026-09-30T02:10:10.832302Z
OPP,top_10,Davis Bryant,"Bryant, Davis",1257.142857,7.37%,2.95%,+1300,+1400,+1200,,2026-09-30T02:10:10.832307Z
OPP,top_10,Jonathan Byrd,"Byrd, Jonathan",366.25,21.45%,8.56%,+330,+380,+360,,2026-09-30T02:10:10.832312Z
OPP,top_10,Rafa Cabrera Bello,"Cabrera Bello, Rafa",19200,0.52%,0.28%,,,+25000,,2026-09-30T02:10:10.832316Z
OPP,top_10,Jorge Campillo,"Campillo, Jorge",2528.571429,3.80%,1.55%,+2400,+2700,+2500,,2026-09-30T02:10:10.832322Z
OPP,top_10,Ivan Cantero Gutierrez,"Cantero Gutierrez, Ivan",7866.666667,1.26%,0.52%,+8200,+8000,+7000,,2026-09-30T02:10:10.832328Z
OPP,top_10,Filippo Celli,"Celli, Filippo",740,11.90%,4.77%,+680,+850,+750,,2026-09-30T02:10:10.832332Z
OPP,top_10,Cameron Champ,"Champ, Cameron",7157.142857,1.38%,0.59%,+6100,+8000,+7000,,2026-09-30T02:10:10.832340Z
OPP,top_10,Davis Chatfield,"Chatfield, Davis",19400,0.51%,0.26%,,,+25000,,2026-09-30T02:10:10.832344Z
OPP,top_10,Todd Clements,"Clements, Todd",-8416.666667,98.83%,39.22%,-2500,-10000,n/a,,2026-09-30T02:10:10.832348Z
OPP,top_10,Austin Cook,"Cook, Austin",12850,0.77%,0.34%,+18000,,+12500,,2026-09-30T02:10:10.832352Z
OPP,top_10,Ugo Coussaud,"Coussaud, Ugo",1932000.00%,0.51%,0.26%,,,+25000,,2026-09-30T02:10:10.832356Z
OPP,top_10,Trace Crowe,"Crowe, Trace",5414.285714,1.81%,0.74%,+4900,+6000,+5000,,2026-09-30T02:10:10.832360Z
OPP,top_10,Joel Dahmen,"Dahmen, Joel",447.1428571,18.28%,7.35%,+440,+500,+450,,2026-09-30T02:10:10.832364Z
OPP,top_10,Jens Dantorp,"Dantorp, Jens",20266.66667,0.49%,0.25%,+37500,,+20000,,2026-09-30T02:10:10.832368Z
OPP,top_10,Alejandro Del Rey,"Del Rey, Alejandro",205.75,32.71%,13.05%,+196,+220,+200,,2026-09-30T02:10:10.832372Z
OPP,top_10,Nick Dunlap,"Dunlap, Nick",519.375,16.15%,6.46%,+500,+600,+500,,2026-09-30T02:10:10.832376Z
OPP,top_10,A.J. Ewart,"Ewart, A.J.",423.125,19.12%,7.66%,+440,+470,+400,,2026-09-30T02:10:10.832379Z
OPP,top_10,Patrick Fishburn,"Fishburn, Patrick",4828.571429,2.03%,0.84%,+4700,+5500,+4500,,2026-09-30T02:10:10.832383Z
OPP,top_10,Dylan Frittelli,"Frittelli, Dylan",160,38.46%,15.36%,+162,+160,+150,,2026-09-30T02:10:10.832387Z
OPP,top_10,Sebastian Garcia Rodriguez,"Garcia Rodriguez, Sebastian",17916.66667,0.56%,0.26%,+32000,,+17500,,2026-09-30T02:10:10.832391Z
OPP,top_10,Joel Girrbach,"Girrbach, Joel",18350,0.54%,0.26%,+26000,,+20000,,2026-09-30T02:10:10.832394Z
OPP,top_10,Fabian Gomez,"Gomez, Fabian",3457.142857,2.81%,1.17%,+3700,+4000,+3300,,2026-09-30T02:10:10.832398Z
OPP,top_10,Will Gordon,"Gordon, Will",198.75,33.47%,13.33%,+190,+200,+200,,2026-09-30T02:10:10.832402Z
OPP,top_10,Bill Haas,"Haas, Bill",20750,0.48%,0.24%,+39000,,+20000,,2026-09-30T02:10:10.832405Z
OPP,top_10,Nick Hardy,"Hardy, Nick",3171.428571,3.06%,1.25%,+2900,+3500,+3300,,2026-09-30T02:10:10.832409Z
OPP,top_10,Marcus Helligkilde,"Helligkilde, Marcus",737.5,11.94%,4.82%,+710,+850,+750,,2026-09-30T02:10:10.832412Z
OPP,top_10,Garrick Higgo,"Higgo, Garrick",10016.66667,0.99%,0.42%,+11500,,+9000,,2026-09-30T02:10:10.832416Z
OPP,top_10,Harry Higgs,"Higgs, Harry",19400,0.51%,0.26%,,,+25000,,2026-09-30T02:10:10.832419Z
OPP,top_10,Joe Highsmith,"Highsmith, Joe",-53.5,34.85%,20.26%,-106,-110,-110,,2026-09-30T02:10:10.832423Z
OPP,top_10,Rico Hoey,"Hoey, Rico",19200,0.52%,0.28%,,,+25000,,2026-09-30T02:10:10.832426Z
OPP,top_10,Beau Hossler,"Hossler, Beau",8100,1.22%,0.53%,+8600,,+7500,,2026-09-30T02:10:10.832430Z
OPP,top_10,Mackenzie Hughes,"Hughes, Mackenzie",605.625,14.17%,5.70%,+640,+700,+600,,2026-09-30T02:10:10.832433Z
OPP,top_10,Keenan Huskey,"Huskey, Keenan",19500,0.51%,0.30%,,,+25000,,2026-09-30T02:10:10.832437Z
OPP,top_10,Ben James,"James, Ben",-2770.75,96.52%,38.27%,-1500,-2500,-3333,,2026-09-30T02:10:10.832441Z
OPP,top_10,Jeffrey Kang,"Kang, Jeffrey",1858333.33%,0.54%,0.24%,+26000,,+20000,,2026-09-30T02:10:10.832444Z
OPP,top_10,Chan Kim,"Kim, Chan",8750,1.13%,0.51%,+12500,,+7500,,2026-09-30T02:10:10.832448Z
OPP,top_10,Jeong Weon Ko,"Ko, Jeong Weon",3728.571429,2.61%,1.08%,+4300,+4000,+3500,,2026-09-30T02:10:10.832452Z
OPP,top_10,Romain Langasque,"Langasque, Romain",6471.428571,1.52%,0.63%,+6200,+7500,+6000,,2026-09-30T02:10:10.832456Z
OPP,top_10,Hank Lebioda,"Lebioda, Hank",19100,0.52%,0.25%,,,+25000,,2026-09-30T02:10:10.832460Z
OPP,top_10,Luke List,"List, Luke",22100,0.45%,0.18%,+23000,,+25000,,2026-09-30T02:10:10.832463Z
OPP,top_10,Justin Lower,"Lower, Justin",16416.66667,0.61%,0.27%,+23000,,+17500,,2026-09-30T02:10:10.832467Z
OPP,top_10,Peter Malnati,"Malnati, Peter",6016.666667,1.63%,0.68%,+9000,+5500,+5000,,2026-09-30T02:10:10.832471Z
OPP,top_10,Ben Martin,"Martin, Ben",22766.66667,0.44%,0.24%,+40000,,+25000,,2026-09-30T02:10:10.832474Z
OPP,top_10,Stefano Mazzoli,"Mazzoli, Stefano",-174.5,63.57%,25.29%,-168,-175,-189,,2026-09-30T02:10:10.832478Z
OPP,top_10,William McGirt,"McGirt, William",19100,0.52%,0.25%,,,+25000,,2026-09-30T02:10:10.832481Z
OPP,top_10,Max McGreevy,"McGreevy, Max",-357.25,78.13%,31.05%,-340,-320,-400,,2026-09-30T02:10:10.832485Z
OPP,top_10,S.Y. Noh,"Noh, S.Y.",19320,0.51%,0.26%,,,+25000,,2026-09-30T02:10:10.832488Z
OPP,top_10,Niklas Norgaard,"Norgaard, Niklas",22666.66667,0.44%,0.22%,+38000,,+25000,,2026-09-30T02:10:10.832492Z
OPP,top_10,Pontus Nyholm,"Nyholm, Pontus",17166.66667,0.58%,0.26%,+15000,,+22500,,2026-09-30T02:10:10.832495Z
OPP,top_10,Jacob Skov Olesen,"Olesen, Jacob Skov",-168.375,62.74%,24.95%,-158,-175,-175,,2026-09-30T02:10:10.832499Z
OPP,top_10,Renato Paratore,"Paratore, Renato",18700,0.53%,0.28%,,,+25000,,2026-09-30T02:10:10.832503Z
OPP,top_10,Jeremy Paul,"Paul, Jeremy",19100,0.52%,0.25%,,,+25000,,2026-09-30T02:10:10.832506Z
OPP,top_10,Paul Peterson,"Peterson, Paul",715,12.27%,4.98%,+740,+850,+700,,2026-09-30T02:10:10.832509Z
OPP,top_10,Seamus Power,"Power, Seamus",838.5714286,10.65%,4.26%,+870,+900,+800,,2026-09-30T02:10:10.832513Z
OPP,top_10,Chad Ramey,"Ramey, Chad",10600,0.93%,0.40%,+13000,,+10000,,2026-09-30T02:10:10.832516Z
OPP,top_10,Chez Reavie,"Reavie, Chez",697.8571429,12.53%,5.01%,+710,+750,+650,,2026-09-30T02:10:10.832520Z
OPP,top_10,Davis Riley,"Riley, Davis",18820,0.53%,0.27%,,,+25000,,2026-09-30T02:10:10.832523Z
OPP,top_10,Brandon Robinson Thompson,"Robinson Thompson, Brandon",6557.142857,1.50%,0.65%,+7800,+7500,+6000,,2026-09-30T02:10:10.832527Z
OPP,top_10,Thomas Rosenmueller,"Rosenmueller, Thomas",127.875,43.88%,17.49%,+115,+130,+125,,2026-09-30T02:10:10.832531Z
OPP,top_10,Kevin Roy,"Roy, Kevin",22666.66667,0.44%,0.22%,+33000,,+25000,,2026-09-30T02:10:10.832534Z
OPP,top_10,Gordon Sargent,"Sargent, Gordon",-174.625,63.59%,25.28%,-170,-175,-189,,2026-09-30T02:10:10.832538Z
OPP,top_10,Marcel Schneider,"Schneider, Marcel",106,48.54%,19.33%,+108,+105,+105,,2026-09-30T02:10:10.832541Z
OPP,top_10,Freddy Schott,"Schott, Freddy",2971.428571,3.26%,1.34%,+3100,+3300,+2800,,2026-09-30T02:10:10.832545Z
OPP,top_10,David Skinns,"Skinns, David",907.1428571,9.93%,4.02%,+1150,+1000,+800,,2026-09-30T02:10:10.832548Z
OPP,top_10,Brandt Snedeker,"Snedeker, Brandt",2485.714286,3.87%,1.57%,+2400,+2700,+2500,,2026-09-30T02:10:10.832552Z
OPP,top_10,Sebastian Soderberg,"Soderberg, Sebastian",17750,0.56%,0.26%,+26000,,+20000,,2026-09-30T02:10:10.832555Z
OPP,top_10,Hayden Springer,"Springer, Hayden",553.125,15.31%,6.15%,+520,+650,+550,,2026-09-30T02:10:10.832559Z
OPP,top_10,Robert Streb,"Streb, Robert",14666.66667,0.68%,0.29%,+20000,,+15000,,2026-09-30T02:10:10.832562Z
OPP,top_10,Alejandro Tosti,"Tosti, Alejandro",18350,0.54%,0.27%,+36000,,+17500,,2026-09-30T02:10:10.832565Z
OPP,top_10,Tom Vaillant,"Vaillant, Tom",1070.625,8.54%,3.59%,+1225,+1300,+1100,,2026-09-30T02:10:10.832569Z
OPP,top_10,John VanDerLaan,"VanDerLaan, John",650.625,13.32%,5.35%,+590,+750,+650,,2026-09-30T02:10:10.832572Z
OPP,top_10,Johannes Veerman,"Veerman, Johannes",780,11.36%,4.60%,+750,+900,+800,,2026-09-30T02:10:10.832576Z
OPP,top_10,Kristoffer Ventura,"Ventura, Kristoffer",888.5714286,10.12%,4.05%,+770,+1000,+850,,2026-09-30T02:10:10.832580Z
OPP,top_10,Camilo Villegas,"Villegas, Camilo",9666.666667,1.02%,0.43%,+9000,,+9000,,2026-09-30T02:10:10.832583Z
OPP,top_10,Nicolai Von Dellingshausen,"Von Dellingshausen, Nicolai",1417.857143,6.59%,2.64%,+1425,+1600,+1400,,2026-09-30T02:10:10.832587Z
OPP,top_10,Aaron Wise,"Wise, Aaron",-135,57.45%,22.85%,-134,-135,-137,,2026-09-30T02:10:10.832590Z
OPP,top_10,Carson Young,"Young, Carson",19600,0.51%,0.24%,,,+25000,,2026-09-30T02:10:10.832594Z
OPP,top_10,Kevin Yu,"Yu, Kevin",703.75,12.44%,5.02%,+690,+850,+700,,2026-09-30T02:10:10.832597Z
OPP,top_20,Kiradech Aphibarnrat,"Aphibarnrat, Kiradech",1031.666667,8.84%,3.68%,+990,+1100,+1000,,2026-09-30T02:10:10.832601Z
OPP,top_20,Zach Bauchou,"Bauchou, Zach",-3833.33%,27.71%,21.26%,-110,-105,-110,,2026-09-30T02:10:10.832604Z
OPP,top_20,Christiaan Bezuidenhout,"Bezuidenhout, Christiaan",275,26.67%,11.10%,+255,+300,+260,,2026-09-30T02:10:10.832608Z
OPP,top_20,Blades Brown,"Brown, Blades",-1034.666667,91.19%,37.80%,-1000,-900,-1250,,2026-09-30T02:10:10.832611Z
OPP,top_20,Davis Bryant,"Bryant, Davis",279.1666667,26.37%,10.99%,+255,+300,+260,,2026-09-30T02:10:10.832615Z
OPP,top_20,Jonathan Byrd,"Byrd, Jonathan",-44.33333333,30.72%,21.80%,-128,-105,-115,,2026-09-30T02:10:10.832618Z
OPP,top_20,Rafa Cabrera Bello,"Cabrera Bello, Rafa",6275,1.57%,0.69%,,,+7000,,2026-09-30T02:10:10.832622Z
OPP,top_20,Jorge Campillo,"Campillo, Jorge",446.6666667,18.29%,7.65%,+405,+500,+400,,2026-09-30T02:10:10.832625Z
OPP,top_20,Ivan Cantero Gutierrez,"Cantero Gutierrez, Ivan",1216.666667,7.59%,3.19%,+1100,+1400,+1100,,2026-09-30T02:10:10.832629Z
OPP,top_20,Filippo Celli,"Celli, Filippo",184.1666667,35.19%,14.66%,+152,+195,+180,,2026-09-30T02:10:10.832632Z
OPP,top_20,Cameron Champ,"Champ, Cameron",1096.666667,8.36%,3.52%,+880,+1300,+1000,,2026-09-30T02:10:10.832636Z
OPP,top_20,Davis Chatfield,"Chatfield, Davis",7500,1.32%,0.64%,,,+10000,,2026-09-30T02:10:10.832639Z
OPP,top_20,Todd Clements,"Clements, Todd",-110000,99.91%,41.41%,-20000,,,,2026-09-30T02:10:10.832643Z
OPP,top_20,Austin Cook,"Cook, Austin",1816.666667,5.22%,2.22%,+1900,+2200,+1600,,2026-09-30T02:10:10.832646Z
OPP,top_20,Ugo Coussaud,"Coussaud, Ugo",5250,1.87%,0.83%,,,+5000,,2026-09-30T02:10:10.832650Z
OPP,top_20,Trace Crowe,"Crowe, Trace",946.6666667,9.55%,4.04%,+730,+1100,+850,,2026-09-30T02:10:10.832653Z
OPP,top_20,Joel Dahmen,"Dahmen, Joel",109,47.85%,19.89%,+100,+110,+105,,2026-09-30T02:10:10.832657Z
OPP,top_20,Jens Dantorp,"Dantorp, Jens",3620,2.69%,1.16%,+3700,,+3300,,2026-09-30T02:10:10.832660Z
OPP,top_20,Alejandro Del Rey,"Del Rey, Alejandro",-211,67.85%,28.11%,-200,-210,-250,,2026-09-30T02:10:10.832664Z
OPP,top_20,Nick Dunlap,"Dunlap, Nick",131.8333333,43.13%,17.94%,+118,+135,+125,,2026-09-30T02:10:10.832668Z
OPP,top_20,A.J. Ewart,"Ewart, A.J.",70.5,58.65%,20.38%,-102,+105,+100,,2026-09-30T02:10:10.832671Z
OPP,top_20,Patrick Fishburn,"Fishburn, Patrick",800,11.11%,4.65%,+700,+900,+750,,2026-09-30T02:10:10.832675Z
OPP,top_20,Dylan Frittelli,"Frittelli, Dylan",-289.8333333,74.35%,30.80%,-245,-290,-333,,2026-09-30T02:10:10.832678Z
OPP,top_20,Sebastian Garcia Rodriguez,"Garcia Rodriguez, Sebastian",3040,3.18%,1.35%,+3100,,+2800,,2026-09-30T02:10:10.832682Z
OPP,top_20,Joel Girrbach,"Girrbach, Joel",2920,3.31%,1.41%,+2500,,+2800,,2026-09-30T02:10:10.832685Z
OPP,top_20,Fabian Gomez,"Gomez, Fabian",611.6666667,14.05%,5.88%,+570,+700,+550,,2026-09-30T02:10:10.832689Z
OPP,top_20,Will Gordon,"Gordon, Will",-216.5,68.40%,28.33%,-210,-210,-250,,2026-09-30T02:10:10.832692Z
OPP,top_20,Bill Haas,"Haas, Bill",4220,2.31%,1.01%,+4600,,+3500,,2026-09-30T02:10:10.832696Z
OPP,top_20,Nick Hardy,"Hardy, Nick",555.8333333,15.25%,6.40%,+485,+650,+500,,2026-09-30T02:10:10.832700Z
OPP,top_20,Marcus Helligkilde,"Helligkilde, Marcus",176.3333333,36.19%,15.06%,+158,+185,+170,,2026-09-30T02:10:10.832704Z
OPP,top_20,Garrick Higgo,"Higgo, Garrick",1479.166667,6.33%,2.67%,+1375,+1700,+1400,,2026-09-30T02:10:10.832707Z
OPP,top_20,Harry Higgs,"Higgs, Harry",7625,1.29%,0.61%,,,+10000,,2026-09-30T02:10:10.832713Z
OPP,top_20,Joe Highsmith,"Highsmith, Joe",-475.3333333,82.62%,34.24%,-410,-450,-556,,2026-09-30T02:10:10.832717Z
OPP,top_20,Rico Hoey,"Hoey, Rico",7875,1.25%,0.60%,,,+10000,,2026-09-30T02:10:10.832720Z
OPP,top_20,Beau Hossler,"Hossler, Beau",1141.666667,8.05%,3.36%,+1050,+1300,+1100,,2026-09-30T02:10:10.832724Z
OPP,top_20,Mackenzie Hughes,"Hughes, Mackenzie",145.8333333,40.68%,16.92%,+136,+150,+138,,2026-09-30T02:10:10.832727Z
OPP,top_20,Keenan Huskey,"Huskey, Keenan",7625,1.29%,0.68%,,,+10000,,2026-09-30T02:10:10.832731Z
OPP,top_20,Ben James,"James, Ben",-14500,99.32%,41.20%,-9000,,,,2026-09-30T02:10:10.832734Z
OPP,top_20,Jeffrey Kang,"Kang, Jeffrey",2880,3.36%,1.44%,+2600,,+2500,,2026-09-30T02:10:10.832738Z
OPP,top_20,Chan Kim,"Kim, Chan",1400,6.67%,2.80%,+1400,+1600,+1200,,2026-09-30T02:10:10.832742Z
OPP,top_20,Jeong Weon Ko,"Ko, Jeong Weon",670,12.99%,5.43%,+670,+750,+600,,2026-09-30T02:10:10.832746Z
OPP,top_20,Romain Langasque,"Langasque, Romain",951.6666667,9.51%,3.99%,+860,+1100,+900,,2026-09-30T02:10:10.832749Z
OPP,top_20,Hank Lebioda,"Lebioda, Hank",7375,1.34%,0.69%,,,+10000,,2026-09-30T02:10:10.832753Z
OPP,top_20,Luke List,"List, Luke",2837.5,3.40%,1.48%,+2350,,+2500,,2026-09-30T02:10:10.832756Z
OPP,top_20,Justin Lower,"Lower, Justin",2220,4.31%,1.83%,+2300,,+2000,,2026-09-30T02:10:10.832760Z
OPP,top_20,Peter Malnati,"Malnati, Peter",1130,8.13%,3.41%,+1150,+1300,+1000,,2026-09-30T02:10:10.832763Z
OPP,top_20,Ben Martin,"Martin, Ben",4760,2.06%,0.92%,+6200,,+4000,,2026-09-30T02:10:10.832767Z
OPP,top_20,Stefano Mazzoli,"Mazzoli, Stefano",-789.8333333,88.76%,36.73%,-700,-700,-1000,,2026-09-30T02:10:10.832773Z
OPP,top_20,William McGirt,"McGirt, William",7875,1.25%,0.60%,,,+10000,,2026-09-30T02:10:10.832776Z
OPP,top_20,Max McGreevy,"McGreevy, Max",-2321.666667,95.87%,39.67%,-1600,-2000,-3333,,2026-09-30T02:10:10.832780Z
OPP,top_20,S.Y. Noh,"Noh, S.Y.",775000.00%,1.27%,0.63%,,,+10000,,2026-09-30T02:10:10.832783Z
OPP,top_20,Niklas Norgaard,"Norgaard, Niklas",3980,2.45%,1.10%,+3900,,+3500,,2026-09-30T02:10:10.832787Z
OPP,top_20,Pontus Nyholm,"Nyholm, Pontus",258000.00%,3.73%,1.66%,+1700,,+2500,,2026-09-30T02:10:10.832790Z
OPP,top_20,Jacob Skov Olesen,"Olesen, Jacob Skov",-817.5,89.10%,36.84%,-650,-750,-1111,,2026-09-30T02:10:10.832794Z
OPP,top_20,Renato Paratore,"Paratore, Renato",5500,1.79%,0.83%,,,+5500,,2026-09-30T02:10:10.832798Z
OPP,top_20,Jeremy Paul,"Paul, Jeremy",7875,1.25%,0.60%,,,+10000,,2026-09-30T02:10:10.832801Z
OPP,top_20,Paul Peterson,"Peterson, Paul",169,37.17%,15.47%,+154,+175,+160,,2026-09-30T02:10:10.832804Z
OPP,top_20,Seamus Power,"Power, Seamus",186.3333333,34.92%,14.52%,+178,+195,+180,,2026-09-30T02:10:10.832808Z
OPP,top_20,Chad Ramey,"Ramey, Chad",1616.666667,5.83%,2.47%,+1500,+1900,+1400,,2026-09-30T02:10:10.832811Z
OPP,top_20,Chez Reavie,"Reavie, Chez",158,38.76%,16.12%,+150,+160,+150,,2026-09-30T02:10:10.832815Z
OPP,top_20,Davis Riley,"Riley, Davis",7625,1.29%,0.61%,,,+10000,,2026-09-30T02:10:10.832818Z
OPP,top_20,Brandon Robinson Thompson,"Robinson Thompson, Brandon",1133.333333,8.11%,3.39%,+1000,+1300,+1100,,2026-09-30T02:10:10.832822Z
OPP,top_20,Thomas Rosenmueller,"Rosenmueller, Thomas",-343.8333333,77.47%,32.08%,-350,-320,-400,,2026-09-30T02:10:10.832826Z
OPP,top_20,Kevin Roy,"Roy, Kevin",5120,1.92%,0.87%,+3100,,+6000,,2026-09-30T02:10:10.832829Z
OPP,top_20,Gordon Sargent,"Sargent, Gordon",-817.5,89.10%,36.84%,-650,-750,-1111,,2026-09-30T02:10:10.832833Z
OPP,top_20,Marcel Schneider,"Schneider, Marcel",-437,81.38%,33.61%,-370,-390,-556,,2026-09-30T02:10:10.832837Z
OPP,top_20,Freddy Schott,"Schott, Freddy",534.1666667,15.77%,6.59%,+530,+600,+500,,2026-09-30T02:10:10.832840Z
OPP,top_20,David Skinns,"Skinns, David",201.8333333,33.13%,13.78%,+225,+200,+188,,2026-09-30T02:10:10.832844Z
OPP,top_20,Brandt Snedeker,"Snedeker, Brandt",450,18.18%,7.61%,+400,+500,+400,,2026-09-30T02:10:10.832848Z
OPP,top_20,Sebastian Soderberg,"Soderberg, Sebastian",2940,3.29%,1.40%,+2600,,+2800,,2026-09-30T02:10:10.832851Z
OPP,top_20,Hayden Springer,"Springer, Hayden",126.6666667,44.12%,18.34%,+122,+130,+120,,2026-09-30T02:10:10.832855Z
OPP,top_20,Robert Streb,"Streb, Robert",2370,4.05%,1.71%,+2150,,+2200,,2026-09-30T02:10:10.832858Z
OPP,top_20,Alejandro Tosti,"Tosti, Alejandro",3440,2.82%,1.20%,+3600,,+3000,,2026-09-30T02:10:10.832862Z
OPP,top_20,Tom Vaillant,"Vaillant, Tom",244.1666667,29.06%,12.09%,+235,+250,+230,,2026-09-30T02:10:10.832865Z
OPP,top_20,John VanDerLaan,"VanDerLaan, John",152.5,39.60%,16.48%,+132,+160,+150,,2026-09-30T02:10:10.832868Z
OPP,top_20,Johannes Veerman,"Veerman, Johannes",181.3333333,35.55%,14.79%,+168,+190,+170,,2026-09-30T02:10:10.832872Z
OPP,top_20,Kristoffer Ventura,"Ventura, Kristoffer",180.6666667,35.63%,14.83%,+164,+195,+175,,2026-09-30T02:10:10.832876Z
OPP,top_20,Camilo Villegas,"Villegas, Camilo",1479.166667,6.33%,2.68%,+1175,+1700,+1400,,2026-09-30T02:10:10.832879Z
OPP,top_20,Nicolai Von Dellingshausen,"Von Dellingshausen, Nicolai",281.6666667,26.20%,10.91%,+270,+300,+260,,2026-09-30T02:10:10.832885Z
OPP,top_20,Aaron Wise,"Wise, Aaron",-586.6666667,85.44%,35.39%,-525,-550,-769,,2026-09-30T02:10:10.832888Z
OPP,top_20,Carson Young,"Young, Carson",7375,1.34%,0.69%,,,+10000,,2026-09-30T02:10:10.832892Z
OPP,top_20,Kevin Yu,"Yu, Kevin",161.6666667,38.22%,15.90%,+150,+170,+150,,2026-09-30T02:10:10.832895Z
OPP,top_5,Kiradech Aphibarnrat,"Aphibarnrat, Kiradech",28785.71429,0.35%,0.17%,+49000,+15000,+35000,,2026-09-30T02:10:10.832899Z
OPP,top_5,Zach Bauchou,"Bauchou, Zach",1406.25,6.64%,2.63%,+1700,+1600,+1400,,2026-09-30T02:10:10.832903Z
OPP,top_5,Christiaan Bezuidenhout,"Bezuidenhout, Christiaan",6471.428571,1.52%,0.63%,+8200,+7000,+6000,,2026-09-30T02:10:10.832906Z
OPP,top_5,Blades Brown,"Brown, Blades",151,39.84%,15.47%,+146,+155,+150,,2026-09-30T02:10:10.832909Z
OPP,top_5,Davis Bryant,"Bryant, Davis",5885.714286,1.67%,0.67%,+7200,+6000,+5500,,2026-09-30T02:10:10.832913Z
OPP,top_5,Jonathan Byrd,"Byrd, Jonathan",1350,6.90%,2.72%,+1350,+1600,+1400,,2026-09-30T02:10:10.832916Z
OPP,top_5,Rafa Cabrera Bello,"Cabrera Bello, Rafa",27333.33333,0.36%,0.19%,,+15000,+40000,,2026-09-30T02:10:10.832920Z
OPP,top_5,Jorge Campillo,"Campillo, Jorge",13714.28571,0.72%,0.30%,+15500,+12500,+12500,,2026-09-30T02:10:10.832923Z
OPP,top_5,Ivan Cantero Gutierrez,"Cantero Gutierrez, Ivan",26583.33333,0.37%,0.20%,+49000,+15000,+30000,,2026-09-30T02:10:10.832927Z
OPP,top_5,Filippo Celli,"Celli, Filippo",2971.428571,3.26%,1.30%,+3100,+3000,+3000,,2026-09-30T02:10:10.832931Z
OPP,top_5,Cameron Champ,"Champ, Cameron",26428.57143,0.38%,0.18%,+45000,+15000,+30000,,2026-09-30T02:10:10.832935Z
OPP,top_5,Davis Chatfield,"Chatfield, Davis",27083.33333,0.37%,0.18%,,+15000,+40000,,2026-09-30T02:10:10.832938Z
OPP,top_5,Todd Clements,"Clements, Todd",-1116.666667,91.78%,35.51%,-700,-1100,-1250,,2026-09-30T02:10:10.832941Z
OPP,top_5,Austin Cook,"Cook, Austin",30357.14286,0.33%,0.17%,+50000,+15000,+40000,,2026-09-30T02:10:10.832945Z
OPP,top_5,Ugo Coussaud,"Coussaud, Ugo",27083.33333,0.37%,0.18%,,+15000,+40000,,2026-09-30T02:10:10.832948Z
OPP,top_5,Trace Crowe,"Crowe, Trace",24428.57143,0.41%,0.19%,+36000,+15000,+30000,,2026-09-30T02:10:10.832952Z
OPP,top_5,Joel Dahmen,"Dahmen, Joel",1892.857143,5.02%,2.05%,+1900,+2200,+2000,,2026-09-30T02:10:10.832956Z
OPP,top_5,Jens Dantorp,"Dantorp, Jens",30357.14286,0.33%,0.17%,+50000,+15000,+40000,,2026-09-30T02:10:10.832959Z
OPP,top_5,Alejandro Del Rey,"Del Rey, Alejandro",698.8888889,12.52%,4.95%,+710,+850,+750,,2026-09-30T02:10:10.832963Z
OPP,top_5,Nick Dunlap,"Dunlap, Nick",2125,4.49%,1.78%,+2200,+2500,+2200,,2026-09-30T02:10:10.832966Z
OPP,top_5,A.J. Ewart,"Ewart, A.J.",1718.75,5.50%,2.19%,+1950,+1900,+1800,,2026-09-30T02:10:10.832970Z
OPP,top_5,Patrick Fishburn,"Fishburn, Patrick",22642.85714,0.44%,0.20%,+36000,+15000,+22500,,2026-09-30T02:10:10.832973Z
OPP,top_5,Dylan Frittelli,"Frittelli, Dylan",500,16.67%,6.51%,+570,+550,+500,,2026-09-30T02:10:10.832976Z
OPP,top_5,Sebastian Garcia Rodriguez,"Garcia Rodriguez, Sebastian",30357.14286,0.33%,0.17%,+50000,+15000,+40000,,2026-09-30T02:10:10.832980Z
OPP,top_5,Joel Girrbach,"Girrbach, Joel",30357.14286,0.33%,0.17%,+50000,+15000,+40000,,2026-09-30T02:10:10.832984Z
OPP,top_5,Fabian Gomez,"Gomez, Fabian",20000,0.50%,0.21%,+27500,+15000,+20000,,2026-09-30T02:10:10.832987Z
OPP,top_5,Will Gordon,"Gordon, Will",655,13.25%,5.23%,+690,+750,+700,,2026-09-30T02:10:10.832990Z
OPP,top_5,Bill Haas,"Haas, Bill",30357.14286,0.33%,0.17%,+50000,+15000,+40000,,2026-09-30T02:10:10.832994Z
OPP,top_5,Nick Hardy,"Hardy, Nick",18785.71429,0.53%,0.22%,+19000,+15000,+20000,,2026-09-30T02:10:10.832997Z
OPP,top_5,Marcus Helligkilde,"Helligkilde, Marcus",3150,3.08%,1.28%,+3300,+3500,+3500,,2026-09-30T02:10:10.833001Z
OPP,top_5,Garrick Higgo,"Higgo, Garrick",30428.57143,0.33%,0.18%,+50000,+15000,+40000,,2026-09-30T02:10:10.833004Z
OPP,top_5,Harry Higgs,"Higgs, Harry",27083.33333,0.37%,0.18%,,+15000,+40000,,2026-09-30T02:10:10.833007Z
OPP,top_5,Joe Highsmith,"Highsmith, Joe",320.3333333,23.79%,9.27%,+305,+340,+320,,2026-09-30T02:10:10.833011Z
OPP,top_5,Rico Hoey,"Hoey, Rico",27500,0.36%,0.18%,,+15000,+40000,,2026-09-30T02:10:10.833014Z
OPP,top_5,Beau Hossler,"Hossler, Beau",30571.42857,0.33%,0.17%,+49000,+15000,+40000,,2026-09-30T02:10:10.833018Z
OPP,top_5,Mackenzie Hughes,"Hughes, Mackenzie",2450,3.92%,1.59%,+3100,+2700,+2500,,2026-09-30T02:10:10.833021Z
OPP,top_5,Keenan Huskey,"Huskey, Keenan",27083.33333,0.37%,0.18%,,+15000,+40000,,2026-09-30T02:10:10.833024Z
OPP,top_5,Ben James,"James, Ben",-542,84.42%,32.69%,-420,-550,-556,,2026-09-30T02:10:10.833028Z
OPP,top_5,Jeffrey Kang,"Kang, Jeffrey",30357.14286,0.33%,0.17%,+50000,+15000,+40000,,2026-09-30T02:10:10.833032Z
OPP,top_5,Chan Kim,"Kim, Chan",28928.57143,0.34%,0.17%,+50000,+15000,+35000,,2026-09-30T02:10:10.833037Z
OPP,top_5,Jeong Weon Ko,"Ko, Jeong Weon",20357.14286,0.49%,0.21%,+30000,+15000,+20000,,2026-09-30T02:10:10.833055Z
OPP,top_5,Romain Langasque,"Langasque, Romain",30142.85714,0.33%,0.17%,+46000,+15000,+40000,,2026-09-30T02:10:10.833060Z
OPP,top_5,Hank Lebioda,"Lebioda, Hank",27333.33333,0.36%,0.19%,,+15000,+40000,,2026-09-30T02:10:10.833063Z
OPP,top_5,Luke List,"List, Luke",33750,0.30%,0.13%,+50000,+15000,+40000,,2026-09-30T02:10:10.833067Z
OPP,top_5,Justin Lower,"Lower, Justin",30357.14286,0.33%,0.17%,+50000,+15000,+40000,,2026-09-30T02:10:10.833070Z
OPP,top_5,Peter Malnati,"Malnati, Peter",26916.66667,0.37%,0.16%,+49000,+15000,+22500,,2026-09-30T02:10:10.833073Z
OPP,top_5,Ben Martin,"Martin, Ben",30357.14286,0.33%,0.17%,+50000,+15000,+40000,,2026-09-30T02:10:10.833077Z
OPP,top_5,Stefano Mazzoli,"Mazzoli, Stefano",184.5555556,35.14%,13.65%,+190,+185,+188,,2026-09-30T02:10:10.833080Z
OPP,top_5,William McGirt,"McGirt, William",27083.33333,0.37%,0.18%,,+15000,+40000,,2026-09-30T02:10:10.833084Z
OPP,top_5,Max McGreevy,"McGreevy, Max",29.77777778,77.05%,19.71%,-102,-105,+100,,2026-09-30T02:10:10.833087Z
OPP,top_5,S.Y. Noh,"Noh, S.Y.",27500,0.36%,0.18%,,+15000,+40000,,2026-09-30T02:10:10.833091Z
OPP,top_5,Niklas Norgaard,"Norgaard, Niklas",30571.42857,0.33%,0.17%,+50000,+15000,+40000,,2026-09-30T02:10:10.833094Z
OPP,top_5,Pontus Nyholm,"Nyholm, Pontus",30357.14286,0.33%,0.17%,+50000,+15000,+40000,,2026-09-30T02:10:10.833098Z
OPP,top_5,Jacob Skov Olesen,"Olesen, Jacob Skov",205,32.79%,12.75%,+205,+210,+210,,2026-09-30T02:10:10.833102Z
OPP,top_5,Renato Paratore,"Paratore, Renato",26750,0.37%,0.20%,,+15000,+40000,,2026-09-30T02:10:10.833105Z
OPP,top_5,Jeremy Paul,"Paul, Jeremy",27500,0.36%,0.18%,,+15000,+40000,,2026-09-30T02:10:10.833108Z
OPP,top_5,Paul Peterson,"Peterson, Paul",3112.5,3.11%,1.30%,+3700,+3300,+3300,,2026-09-30T02:10:10.833112Z
OPP,top_5,Seamus Power,"Power, Seamus",3557.142857,2.73%,1.08%,+4500,+3500,+3300,,2026-09-30T02:10:10.833115Z
OPP,top_5,Chad Ramey,"Ramey, Chad",30571.42857,0.33%,0.17%,+50000,+15000,+40000,,2026-09-30T02:10:10.833118Z
OPP,top_5,Chez Reavie,"Reavie, Chez",3214.285714,3.02%,1.19%,+3500,+3300,+3000,,2026-09-30T02:10:10.833122Z
OPP,top_5,Davis Riley,"Riley, Davis",27083.33333,0.37%,0.18%,,+15000,+40000,,2026-09-30T02:10:10.833125Z
OPP,top_5,Brandon Robinson Thompson,"Robinson Thompson, Brandon",28500,0.35%,0.19%,+49000,+15000,+35000,,2026-09-30T02:10:10.833129Z
OPP,top_5,Thomas Rosenmueller,"Rosenmueller, Thomas",413.3333333,19.48%,7.61%,+395,+470,+400,,2026-09-30T02:10:10.833132Z
OPP,top_5,Kevin Roy,"Roy, Kevin",30357.14286,0.33%,0.17%,+50000,+15000,+40000,,2026-09-30T02:10:10.833136Z
OPP,top_5,Gordon Sargent,"Sargent, Gordon",183.6666667,35.25%,13.69%,+182,+185,+188,,2026-09-30T02:10:10.833139Z
OPP,top_5,Marcel Schneider,"Schneider, Marcel",355,21.98%,8.56%,+370,+380,+360,,2026-09-30T02:10:10.833143Z
OPP,top_5,Freddy Schott,"Schott, Freddy",17571.42857,0.57%,0.25%,+20000,+15000,+17500,,2026-09-30T02:10:10.833146Z
OPP,top_5,David Skinns,"Skinns, David",3771.428571,2.58%,1.06%,+6200,+3300,+3300,,2026-09-30T02:10:10.833149Z
OPP,top_5,Brandt Snedeker,"Snedeker, Brandt",13642.85714,0.73%,0.31%,+16000,+12500,+12500,,2026-09-30T02:10:10.833153Z
OPP,top_5,Sebastian Soderberg,"Soderberg, Sebastian",30357.14286,0.33%,0.17%,+50000,+15000,+40000,,2026-09-30T02:10:10.833157Z
OPP,top_5,Hayden Springer,"Springer, Hayden",2131.25,4.48%,1.78%,+2250,+2500,+2200,,2026-09-30T02:10:10.833160Z
OPP,top_5,Robert Streb,"Streb, Robert",30357.14286,0.33%,0.17%,+50000,+15000,+40000,,2026-09-30T02:10:10.833163Z
OPP,top_5,Alejandro Tosti,"Tosti, Alejandro",30571.42857,0.33%,0.17%,+50000,+15000,+40000,,2026-09-30T02:10:10.833167Z
OPP,top_5,Tom Vaillant,"Vaillant, Tom",5187.5,1.89%,0.90%,+6800,+6000,+5500,,2026-09-30T02:10:10.833171Z
OPP,top_5,John VanDerLaan,"VanDerLaan, John",2887.5,3.35%,1.37%,+2700,+3300,+3000,,2026-09-30T02:10:10.833174Z
OPP,top_5,Johannes Veerman,"Veerman, Johannes",3175,3.05%,1.27%,+3500,+3500,+3500,,2026-09-30T02:10:10.833178Z
OPP,top_5,Kristoffer Ventura,"Ventura, Kristoffer",3814.285714,2.55%,1.03%,+3700,+4000,+4000,,2026-09-30T02:10:10.833181Z
OPP,top_5,Camilo Villegas,"Villegas, Camilo",30214.28571,0.33%,0.17%,+49000,+15000,+40000,,2026-09-30T02:10:10.833184Z
OPP,top_5,Nicolai Von Dellingshausen,"Von Dellingshausen, Nicolai",6000,1.64%,0.67%,+8000,+6000,+5500,,2026-09-30T02:10:10.833188Z
OPP,top_5,Aaron Wise,"Wise, Aaron",246.1111111,28.89%,11.23%,+240,+250,+250,,2026-09-30T02:10:10.833192Z
OPP,top_5,Carson Young,"Young, Carson",27166.66667,0.37%,0.20%,,+15000,+40000,,2026-09-30T02:10:10.833195Z
OPP,top_5,Kevin Yu,"Yu, Kevin",3125,3.10%,1.30%,+3300,+3500,+3500,,2026-09-30T02:10:10.833201Z
OPP,win,Kiradech Aphibarnrat,"Aphibarnrat, Kiradech",248750,0.04%,0.03%,+500000,+100000,+500000,,2026-09-30T02:10:10.833205Z
OPP,win,Zach Bauchou,"Bauchou, Zach",24592.25,0.40%,0.16%,+45000,+22500,+27500,,2026-09-30T02:10:10.833210Z
OPP,win,Christiaan Bezuidenhout,"Bezuidenhout, Christiaan",129444.4444,0.08%,0.04%,+350000,+100000,+100000,,2026-09-30T02:10:10.833213Z
OPP,win,Blades Brown,"Brown, Blades",1587.928571,5.92%,2.16%,+1750,+1800,+1600,,2026-09-30T02:10:10.833217Z
OPP,win,Davis Bryant,"Bryant, Davis",118333.3333,0.08%,0.04%,+300000,+100000,+100000,,2026-09-30T02:10:10.833220Z
OPP,win,Jonathan Byrd,"Byrd, Jonathan",22300.58333,0.45%,0.17%,+32500,+25000,+25000,,2026-09-30T02:10:10.833224Z
OPP,win,Rafa Cabrera Bello,"Cabrera Bello, Rafa",217500,0.05%,0.03%,,+100000,+500000,,2026-09-30T02:10:10.833228Z
OPP,win,Jorge Campillo,"Campillo, Jorge",223750,0.04%,0.03%,+500000,+100000,+250000,,2026-09-30T02:10:10.833231Z
OPP,win,Ivan Cantero Gutierrez,"Cantero Gutierrez, Ivan",230000,0.04%,0.03%,+500000,+100000,+500000,,2026-09-30T02:10:10.833235Z
OPP,win,Filippo Celli,"Celli, Filippo",63250,0.16%,0.06%,+95000,+100000,+60000,,2026-09-30T02:10:10.833238Z
OPP,win,Cameron Champ,"Champ, Cameron",255000,0.04%,0.02%,+500000,+100000,+500000,,2026-09-30T02:10:10.833242Z
OPP,win,Davis Chatfield,"Chatfield, Davis",201666.6667,0.05%,0.03%,,+100000,+500000,,2026-09-30T02:10:10.833245Z
OPP,win,Todd Clements,"Clements, Todd",15.57142857,86.53%,17.86%,+125,+105,-115,,2026-09-30T02:10:10.833248Z
OPP,win,Austin Cook,"Cook, Austin",248750,0.04%,0.03%,+500000,+100000,+500000,,2026-09-30T02:10:10.833252Z
OPP,win,Ugo Coussaud,"Coussaud, Ugo",217500,0.05%,0.03%,,+100000,+500000,,2026-09-30T02:10:10.833255Z
OPP,win,Trace Crowe,"Crowe, Trace",267777.7778,0.04%,0.02%,+500000,+100000,+500000,,2026-09-30T02:10:10.833259Z
OPP,win,Joel Dahmen,"Dahmen, Joel",41750,0.24%,0.10%,+52500,+75000,+40000,,2026-09-30T02:10:10.833262Z
OPP,win,Jens Dantorp,"Dantorp, Jens",248750,0.04%,0.03%,+500000,+100000,+500000,,2026-09-30T02:10:10.833265Z
OPP,win,Alejandro Del Rey,"Del Rey, Alejandro",11862.28571,0.84%,0.32%,+12500,+12500,+12500,,2026-09-30T02:10:10.833271Z
OPP,win,Nick Dunlap,"Dunlap, Nick",40227.27273,0.25%,0.09%,+60000,+50000,+40000,,2026-09-30T02:10:10.833275Z
OPP,win,A.J. Ewart,"Ewart, A.J.",33873.36364,0.29%,0.12%,+52500,+50000,+35000,,2026-09-30T02:10:10.833278Z
OPP,win,Patrick Fishburn,"Fishburn, Patrick",251111.1111,0.04%,0.02%,+500000,+100000,+500000,,2026-09-30T02:10:10.833281Z
OPP,win,Dylan Frittelli,"Frittelli, Dylan",8240.571429,1.20%,0.44%,+9600,+10000,+8000,,2026-09-30T02:10:10.833285Z
OPP,win,Sebastian Garcia Rodriguez,"Garcia Rodriguez, Sebastian",249444.4444,0.04%,0.03%,+500000,+100000,+500000,,2026-09-30T02:10:10.833289Z
OPP,win,Joel Girrbach,"Girrbach, Joel",248750,0.04%,0.03%,+500000,+100000,+500000,,2026-09-30T02:10:10.833293Z
OPP,win,Fabian Gomez,"Gomez, Fabian",248750,0.04%,0.03%,+500000,+100000,+500000,,2026-09-30T02:10:10.833296Z
OPP,win,Will Gordon,"Gordon, Will",11431.42857,0.87%,0.32%,+12500,+12500,+11000,,2026-09-30T02:10:10.833299Z
OPP,win,Bill Haas,"Haas, Bill",248750,0.04%,0.03%,+500000,+100000,+500000,,2026-09-30T02:10:10.833303Z
OPP,win,Nick Hardy,"Hardy, Nick",251250,0.04%,0.02%,+500000,+100000,+500000,,2026-09-30T02:10:10.833306Z
OPP,win,Marcus Helligkilde,"Helligkilde, Marcus",70909.09091,0.14%,0.06%,+100000,+100000,+75000,,2026-09-30T02:10:10.833309Z
OPP,win,Garrick Higgo,"Higgo, Garrick",248888.8889,0.04%,0.03%,+500000,+100000,+500000,,2026-09-30T02:10:10.833313Z
OPP,win,Harry Higgs,"Higgs, Harry",212857.1429,0.05%,0.03%,,+100000,+500000,,2026-09-30T02:10:10.833316Z
OPP,win,Joe Highsmith,"Highsmith, Joe",4163.642857,2.35%,0.86%,+4000,+4000,+4000,,2026-09-30T02:10:10.833320Z
OPP,win,Rico Hoey,"Hoey, Rico",217500,0.05%,0.03%,,+100000,+500000,,2026-09-30T02:10:10.833323Z
OPP,win,Beau Hossler,"Hossler, Beau",248888.8889,0.04%,0.03%,+500000,+100000,+500000,,2026-09-30T02:10:10.833327Z
OPP,win,Mackenzie Hughes,"Hughes, Mackenzie",52272.72727,0.19%,0.08%,+100000,+75000,+50000,,2026-09-30T02:10:10.833330Z
OPP,win,Keenan Huskey,"Huskey, Keenan",220000,0.05%,0.02%,,+100000,+500000,,2026-09-30T02:10:10.833333Z
OPP,win,Ben James,"James, Ben",234.4285714,29.90%,10.77%,+215,+240,+240,,2026-09-30T02:10:10.833337Z
OPP,win,Jeffrey Kang,"Kang, Jeffrey",248888.8889,0.04%,0.03%,+500000,+100000,+500000,,2026-09-30T02:10:10.833340Z
OPP,win,Chan Kim,"Kim, Chan",248888.8889,0.04%,0.03%,+500000,+100000,+500000,,2026-09-30T02:10:10.833344Z
OPP,win,Jeong Weon Ko,"Ko, Jeong Weon",249375,0.04%,0.03%,+500000,+100000,+500000,,2026-09-30T02:10:10.833347Z
OPP,win,Romain Langasque,"Langasque, Romain",248888.8889,0.04%,0.03%,+500000,+100000,+500000,,2026-09-30T02:10:10.833351Z
OPP,win,Hank Lebioda,"Lebioda, Hank",213571.4286,0.05%,0.03%,,+100000,+500000,,2026-09-30T02:10:10.833355Z
OPP,win,Luke List,"List, Luke",278571.4286,0.04%,0.02%,+500000,+100000,+500000,,2026-09-30T02:10:10.833358Z
OPP,win,Justin Lower,"Lower, Justin",248750,0.04%,0.03%,+500000,+100000,+500000,,2026-09-30T02:10:10.833361Z
OPP,win,Peter Malnati,"Malnati, Peter",275000,0.04%,0.02%,+500000,+100000,+500000,,2026-09-30T02:10:10.833364Z
OPP,win,Ben Martin,"Martin, Ben",248888.8889,0.04%,0.03%,+500000,+100000,+500000,,2026-09-30T02:10:10.833368Z
OPP,win,Stefano Mazzoli,"Mazzoli, Stefano",2297.285714,4.17%,1.53%,+2250,+2200,+2200,,2026-09-30T02:10:10.833371Z
OPP,win,William McGirt,"McGirt, William",215714.2857,0.05%,0.03%,,+100000,+500000,,2026-09-30T02:10:10.833375Z
OPP,win,Max McGreevy,"McGreevy, Max",1123.214286,8.18%,2.96%,+1075,+1200,+1100,,2026-09-30T02:10:10.833378Z
OPP,win,S.Y. Noh,"Noh, S.Y.",212857.1429,0.05%,0.03%,,+100000,+500000,,2026-09-30T02:10:10.833381Z
OPP,win,Niklas Norgaard,"Norgaard, Niklas",248888.8889,0.04%,0.03%,+500000,+100000,+500000,,2026-09-30T02:10:10.833385Z
OPP,win,Pontus Nyholm,"Nyholm, Pontus",230000,0.04%,0.03%,+500000,+100000,+500000,,2026-09-30T02:10:10.833388Z
OPP,win,Jacob Skov Olesen,"Olesen, Jacob Skov",2666.5,3.61%,1.32%,+2600,+3000,+2800,,2026-09-30T02:10:10.833392Z
OPP,win,Renato Paratore,"Paratore, Renato",212857.1429,0.05%,0.03%,,+100000,+500000,,2026-09-30T02:10:10.833395Z
OPP,win,Jeremy Paul,"Paul, Jeremy",212857.1429,0.05%,0.03%,,+100000,+500000,,2026-09-30T02:10:10.833399Z
OPP,win,Paul Peterson,"Peterson, Paul",74090.90909,0.13%,0.06%,+125000,+100000,+60000,,2026-09-30T02:10:10.833402Z
OPP,win,Seamus Power,"Power, Seamus",78750,0.13%,0.05%,+160000,+100000,+75000,,2026-09-30T02:10:10.833406Z
OPP,win,Chad Ramey,"Ramey, Chad",230625,0.04%,0.03%,+500000,+100000,+500000,,2026-09-30T02:10:10.833409Z
OPP,win,Chez Reavie,"Reavie, Chez",63611.11111,0.16%,0.07%,+120000,+100000,+60000,,2026-09-30T02:10:10.833412Z
OPP,win,Davis Riley,"Riley, Davis",212857.1429,0.05%,0.03%,,+100000,+500000,,2026-09-30T02:10:10.833416Z
OPP,win,Brandon Robinson Thompson,"Robinson Thompson, Brandon",249375,0.04%,0.03%,+500000,+100000,+500000,,2026-09-30T02:10:10.833420Z
OPP,win,Thomas Rosenmueller,"Rosenmueller, Thomas",6057.714286,1.62%,0.59%,+6100,+6000,+6000,,2026-09-30T02:10:10.833423Z
OPP,win,Kevin Roy,"Roy, Kevin",248888.8889,0.04%,0.03%,+500000,+100000,+500000,,2026-09-30T02:10:10.833427Z
OPP,win,Gordon Sargent,"Sargent, Gordon",2127.142857,4.49%,1.66%,+1950,+2200,+2200,,2026-09-30T02:10:10.833430Z
OPP,win,Marcel Schneider,"Schneider, Marcel",5027.142857,1.95%,0.72%,+5500,+5000,+5000,,2026-09-30T02:10:10.833434Z
OPP,win,Freddy Schott,"Schott, Freddy",204444.4444,0.05%,0.02%,+500000,+100000,+250000,,2026-09-30T02:10:10.833437Z
OPP,win,David Skinns,"Skinns, David",84722.22222,0.12%,0.06%,+250000,+100000,+60000,,2026-09-30T02:10:10.833441Z
OPP,win,Brandt Snedeker,"Snedeker, Brandt",185555.5556,0.05%,0.04%,+500000,+100000,+250000,,2026-09-30T02:10:10.833444Z
OPP,win,Sebastian Soderberg,"Soderberg, Sebastian",232222.2222,0.04%,0.03%,+500000,+100000,+500000,,2026-09-30T02:10:10.833448Z
OPP,win,Hayden Springer,"Springer, Hayden",45454.54545,0.22%,0.08%,+60000,+50000,+50000,,2026-09-30T02:10:10.833452Z
OPP,win,Robert Streb,"Streb, Robert",251250,0.04%,0.02%,+500000,+100000,+500000,,2026-09-30T02:10:10.833455Z
OPP,win,Alejandro Tosti,"Tosti, Alejandro",248750,0.04%,0.03%,+500000,+100000,+500000,,2026-09-30T02:10:10.833459Z
OPP,win,Tom Vaillant,"Vaillant, Tom",110909.0909,0.09%,0.04%,+275000,+100000,+100000,,2026-09-30T02:10:10.833462Z
OPP,win,John VanDerLaan,"VanDerLaan, John",57750,0.17%,0.07%,+80000,+100000,+60000,,2026-09-30T02:10:10.833466Z
OPP,win,Johannes Veerman,"Veerman, Johannes",64090.90909,0.16%,0.07%,+105000,+100000,+60000,,2026-09-30T02:10:10.833469Z
OPP,win,Kristoffer Ventura,"Ventura, Kristoffer",89000,0.11%,0.04%,+125000,+100000,+75000,,2026-09-30T02:10:10.833473Z
OPP,win,Camilo Villegas,"Villegas, Camilo",248750,0.04%,0.03%,+500000,+100000,+500000,,2026-09-30T02:10:10.833476Z
OPP,win,Nicolai Von Dellingshausen,"Von Dellingshausen, Nicolai",135000,0.07%,0.04%,+325000,+100000,+150000,,2026-09-30T02:10:10.833480Z
OPP,win,Aaron Wise,"Wise, Aaron",2899.071429,3.33%,1.22%,+3000,+3300,+3000,,2026-09-30T02:10:10.833484Z
OPP,win,Carson Young,"Young, Carson",212857.1429,0.05%,0.03%,,+100000,+500000,,2026-09-30T02:10:10.833487Z
OPP,win,Kevin Yu,"Yu, Kevin",65909.09091,0.15%,0.06%,+105000,+75000,+60000,,2026-09-30T02:10:10.833491Z
PGA,frl,Kihei Akina,"Akina, Kihei",13285.71429,0.75%,0.52%,,,+12500,+18650,2026-09-30T02:10:10.833494Z
PGA,frl,Seonghyeon An,"An, Seonghyeon",23214.28571,0.43%,0.30%,,+15000,+35000,+90809,2026-09-30T02:10:10.833500Z
PGA,frl,Zach Bauchou,"Bauchou, Zach",5887.5,1.67%,1.04%,,+6000,+5000,+9145,2026-09-30T02:10:10.833503Z
PGA,frl,Christiaan Bezuidenhout,"Bezuidenhout, Christiaan",5500,1.79%,1.11%,,+6000,+5500,+10035,2026-09-30T02:10:10.833507Z
PGA,frl,Zac Blair,"Blair, Zac",7512.5,1.31%,0.82%,,+8000,+7500,+13029,2026-09-30T02:10:10.833511Z
PGA,frl,Chandler Blanchet,"Blanchet, Chandler",9375,1.06%,0.66%,,+8000,+10000,+17393,2026-09-30T02:10:10.833514Z
PGA,frl,Boston Bracken,"Bracken, Boston",14416.66667,0.69%,0.44%,,+12500,+19000,+43378,2026-09-30T02:10:10.833517Z
PGA,frl,Michael Brennan,"Brennan, Michael",2837.5,3.40%,2.13%,,+3000,+2800,+3776,2026-09-30T02:10:10.833521Z
PGA,frl,Rafael Campos,"Campos, Rafael",17357.14286,0.57%,0.37%,,+15000,+19000,+26449,2026-09-30T02:10:10.833524Z
PGA,frl,Davis Chatfield,"Chatfield, Davis",9000,1.10%,0.69%,,+8000,+10000,+26216,2026-09-30T02:10:10.833528Z
PGA,frl,Luke Clanton,"Clanton, Luke",9000,1.10%,0.69%,,+8000,+10000,+17599,2026-09-30T02:10:10.833531Z
PGA,frl,Eric Cole,"Cole, Eric",5000,1.96%,1.22%,,+5500,+4500,+6131,2026-09-30T02:10:10.833534Z
PGA,frl,Pierceson Coody,"Coody, Pierceson",5312.5,1.85%,1.15%,,+6000,+4500,+7543,2026-09-30T02:10:10.833538Z
PGA,frl,Trace Crowe,"Crowe, Trace",7012.5,1.41%,0.89%,,+7500,+7500,+10408,2026-09-30T02:10:10.833541Z
PGA,frl,Joel Dahmen,"Dahmen, Joel",7825,1.26%,0.79%,,+8000,+7500,+14288,2026-09-30T02:10:10.833545Z
PGA,frl,Cam Davis,"Davis, Cam",16285.71429,0.61%,0.39%,,+17500,+19000,+28069,2026-09-30T02:10:10.833548Z
PGA,frl,Zecheng Dou,"Dou, Zecheng",5387.5,1.82%,1.14%,,+5500,+5500,+8909,2026-09-30T02:10:10.833551Z
PGA,frl,Adrien Dumont De Chassart,"Dumont De Chassart, Adrien",9125,1.08%,0.68%,,+8000,+10000,+13058,2026-09-30T02:10:10.833555Z
PGA,frl,Tyler Duncan,"Duncan, Tyler",12083.33333,0.82%,0.52%,,,+15000,+24290,2026-09-30T02:10:10.833559Z
PGA,frl,Nick Dunlap,"Dunlap, Nick",13750,0.72%,0.45%,,+12500,+15000,+39374,2026-09-30T02:10:10.833562Z
PGA,frl,Austin Eckroat,"Eckroat, Austin",6525,1.51%,0.94%,,+7000,+7000,+10463,2026-09-30T02:10:10.833566Z
PGA,frl,A.J. Ewart,"Ewart, A.J.",10357.14286,0.96%,0.60%,,+12500,+10000,+16029,2026-09-30T02:10:10.833570Z
PGA,frl,Tony Finau,"Finau, Tony",7275,1.36%,0.85%,,+8000,+7500,+12220,2026-09-30T02:10:10.833573Z
PGA,frl,Patrick Fishburn,"Fishburn, Patrick",7262.5,1.36%,0.86%,,+7500,+7500,+9984,2026-09-30T02:10:10.833577Z
PGA,frl,Steven Fisk,"Fisk, Steven",6575,1.50%,0.94%,,+7000,+7000,+8596,2026-09-30T02:10:10.833580Z
PGA,frl,David Ford,"Ford, David",7037.5,1.40%,0.88%,,+7500,+7000,+13630,2026-09-30T02:10:10.833584Z
PGA,frl,Brice Garnett,"Garnett, Brice",13750,0.72%,0.45%,,+15000,+15000,+27678,2026-09-30T02:10:10.833587Z
PGA,frl,Doug Ghim,"Ghim, Doug",3550,2.74%,1.70%,,+3500,+3500,+4491,2026-09-30T02:10:10.833591Z
PGA,frl,Lucas Glover,"Glover, Lucas",7762.5,1.27%,0.79%,,+8000,+7500,+23246,2026-09-30T02:10:10.833594Z
PGA,frl,Will Gordon,"Gordon, Will",15000,0.66%,0.43%,,+12500,+15000,+23156,2026-09-30T02:10:10.833597Z
PGA,frl,Max Greyserman,"Greyserman, Max",4937.5,1.99%,1.24%,,+5500,+4500,+6465,2026-09-30T02:10:10.833601Z
PGA,frl,Emiliano Grillo,"Grillo, Emiliano",5637.5,1.74%,1.10%,,+7000,+5500,+10595,2026-09-30T02:10:10.833605Z
PGA,frl,Harry Hall,"Hall, Harry",4437.5,2.20%,1.37%,,+5000,+4500,+6967,2026-09-30T02:10:10.833608Z
PGA,frl,Garrick Higgo,"Higgo, Garrick",9285.714286,1.07%,0.67%,,,+10000,+15090,2026-09-30T02:10:10.833611Z
PGA,frl,Joe Highsmith,"Highsmith, Joe",12312.5,0.81%,0.50%,,+12500,+12500,+17864,2026-09-30T02:10:10.833615Z
PGA,frl,Kensei Hirata,"Hirata, Kensei",19285.71429,0.52%,0.34%,,+17500,+25000,+36485,2026-09-30T02:10:10.833618Z
PGA,frl,Lee Hodges,"Hodges, Lee",6662.5,1.48%,0.92%,,+7500,+7000,+13919,2026-09-30T02:10:10.833622Z
PGA,frl,Rico Hoey,"Hoey, Rico",5000,1.96%,1.22%,,+6000,+5000,+7612,2026-09-30T02:10:10.833625Z
PGA,frl,Tom Hoge,"Hoge, Tom",9085.714286,1.09%,0.69%,,,+10000,+12972,2026-09-30T02:10:10.833628Z
PGA,frl,Rasmus Hojgaard,"Hojgaard, Rasmus",4500,2.17%,1.35%,,+4500,+4500,+6574,2026-09-30T02:10:10.833632Z
PGA,frl,Max Homa,"Homa, Max",4625,2.12%,1.32%,,+5000,+4500,+8608,2026-09-30T02:10:10.833635Z
PGA,frl,Billy Horschel,"Horschel, Billy",4937.5,1.99%,1.23%,,+5000,+5000,+10121,2026-09-30T02:10:10.833638Z
PGA,frl,Beau Hossler,"Hossler, Beau",5312.5,1.85%,1.15%,,+6000,+5000,+7774,2026-09-30T02:10:10.833642Z
PGA,frl,Mark Hubbard,"Hubbard, Mark",8825,1.12%,0.71%,,+8000,+10000,+14323,2026-09-30T02:10:10.833645Z
PGA,frl,Mackenzie Hughes,"Hughes, Mackenzie",6325,1.56%,0.97%,,+7000,+7000,+8737,2026-09-30T02:10:10.833649Z
PGA,frl,Stephan Jaeger,"Jaeger, Stephan",5375,1.83%,1.15%,,+6000,+5500,+8411,2026-09-30T02:10:10.833652Z
PGA,frl,Ben James,"James, Ben",2737.5,3.52%,2.19%,,+2700,+2800,+3957,2026-09-30T02:10:10.833655Z
PGA,frl,Zach J. Johnson,"Johnson, Zach J.",30000,0.33%,0.21%,,,,+285614,2026-09-30T02:10:10.833661Z
PGA,frl,Takumi Kanaya,"Kanaya, Takumi",9000,1.10%,0.69%,,+8000,+10000,+17191,2026-09-30T02:10:10.833665Z
PGA,frl,Jeffrey Kang,"Kang, Jeffrey",14857.14286,0.67%,0.42%,,+15000,+19000,+22627,2026-09-30T02:10:10.833669Z
PGA,frl,Johnny Keefer,"Keefer, Johnny",4062.5,2.40%,1.49%,,+4500,+4000,+6236,2026-09-30T02:10:10.833672Z
PGA,frl,Chris Kirk,"Kirk, Chris",5062.5,1.94%,1.20%,,+5000,+5000,+8685,2026-09-30T02:10:10.833676Z
PGA,frl,Patton Kizzire,"Kizzire, Patton",17357.14286,0.57%,0.37%,,+15000,+19000,+36937,2026-09-30T02:10:10.833679Z
PGA,frl,Ben Kohles,"Kohles, Ben",5125,1.91%,1.19%,,+5500,+5000,+11329,2026-09-30T02:10:10.833683Z
PGA,frl,Jackson Koivun,"Koivun, Jackson",2375,4.04%,2.52%,,+2700,+2200,+3085,2026-09-30T02:10:10.833686Z
PGA,frl,Christo Lamprecht,"Lamprecht, Christo",20571.42857,0.48%,0.30%,,+22500,+19000,+38861,2026-09-30T02:10:10.833690Z
PGA,frl,Hank Lebioda,"Lebioda, Hank",13000,0.76%,0.48%,,+12500,+15000,+22627,2026-09-30T02:10:10.833693Z
PGA,frl,Haotong Li,"Li, Haotong",6125,1.61%,1.02%,,+7000,+5000,+9074,2026-09-30T02:10:10.833697Z
PGA,frl,David Lingmerth,"Lingmerth, David",38214.28571,0.26%,0.17%,,+40000,+45000,+166567,2026-09-30T02:10:10.833700Z
PGA,frl,David Lipsky,"Lipsky, David",12916.66667,0.77%,0.49%,,,+15000,+19008,2026-09-30T02:10:10.833704Z
PGA,frl,Justin Lower,"Lower, Justin",9428.571429,1.05%,0.65%,,,+10000,+23156,2026-09-30T02:10:10.833708Z
PGA,frl,Carson Lundell,"Lundell, Carson",27142.85714,0.37%,0.23%,,+30000,+30000,+65834,2026-09-30T02:10:10.833711Z
PGA,frl,Peter Malnati,"Malnati, Peter",13785.71429,0.72%,0.46%,,+12500,+19000,+19768,2026-09-30T02:10:10.833714Z
PGA,frl,Ben Martin,"Martin, Ben",13214.28571,0.75%,0.47%,,+12500,+15000,+28069,2026-09-30T02:10:10.833718Z
PGA,frl,Bowen Mauss,"Mauss, Bowen",32500,0.31%,0.19%,,+40000,+35000,+115285,2026-09-30T02:10:10.833721Z
PGA,frl,Denny McCarthy,"McCarthy, Denny",6462.5,1.52%,0.95%,,+7000,+7000,+11483,2026-09-30T02:10:10.833724Z
PGA,frl,Matt McCarty,"McCarty, Matt",4375,2.23%,1.39%,,+4500,+4500,+10691,2026-09-30T02:10:10.833728Z
PGA,frl,Max McGreevy,"McGreevy, Max",6712.5,1.47%,0.92%,,+7500,+7000,+11199,2026-09-30T02:10:10.833731Z
PGA,frl,Maverick McNealy,"McNealy, Maverick",3212.5,3.02%,1.88%,,+3500,+3000,+3990,2026-09-30T02:10:10.833735Z
PGA,frl,Mac Meissner,"Meissner, Mac",4875,2.01%,1.26%,,+5500,+4500,+7026,2026-09-30T02:10:10.833738Z
PGA,frl,Taylor Moore,"Moore, Taylor",7287.5,1.35%,0.85%,,+7500,+7500,+10156,2026-09-30T02:10:10.833742Z
PGA,frl,William Mouw,"Mouw, William",6387.5,1.54%,0.97%,,+6000,+7000,+9217,2026-09-30T02:10:10.833745Z
PGA,frl,Rasmus Neergaard-Petersen,"Neergaard-Petersen, Rasmus",5625,1.75%,1.09%,,+7000,+5000,+8815,2026-09-30T02:10:10.833749Z
PGA,frl,Pontus Nyholm,"Nyholm, Pontus",10857.14286,0.91%,0.57%,,,+12500,+13985,2026-09-30T02:10:10.833753Z
PGA,frl,C.T. Pan,"Pan, C.T.",17875,0.56%,0.37%,,+12500,+19000,+46054,2026-09-30T02:10:10.833756Z
PGA,frl,John Parry,"Parry, John",6600,1.49%,0.92%,,+7000,+7000,+10789,2026-09-30T02:10:10.833760Z
PGA,frl,Matthieu Pavon,"Pavon, Matthieu",6837.5,1.44%,0.89%,,+7500,+7000,+10614,2026-09-30T02:10:10.833763Z
PGA,frl,Marco Penge,"Penge, Marco",3550,2.74%,1.70%,,+3500,+3500,+5340,2026-09-30T02:10:10.833767Z
PGA,frl,Paul Peterson,"Peterson, Paul",12187.5,0.81%,0.51%,,+12500,+12500,+22040,2026-09-30T02:10:10.833770Z
PGA,frl,Chandler Phillips,"Phillips, Chandler",6575,1.50%,0.94%,,+7000,+7000,+9531,2026-09-30T02:10:10.833773Z
PGA,frl,Aldrich Potgieter,"Potgieter, Aldrich",6837.5,1.44%,0.90%,,+7000,+7500,+10653,2026-09-30T02:10:10.833777Z
PGA,frl,Seamus Power,"Power, Seamus",6650,1.48%,0.93%,,+8000,+7000,+11852,2026-09-30T02:10:10.833780Z
PGA,frl,Andrew Putnam,"Putnam, Andrew",9000,1.10%,0.69%,,+8000,+10000,+15444,2026-09-30T02:10:10.833784Z
PGA,frl,Chad Ramey,"Ramey, Chad",7637.5,1.29%,0.80%,,+8000,+7500,+17393,2026-09-30T02:10:10.833787Z
PGA,frl,Rhett Rasmussen,"Rasmussen, Rhett",30714.28571,0.32%,0.20%,,+30000,+35000,+153746,2026-09-30T02:10:10.833791Z
PGA,frl,Davis Riley,"Riley, Davis",13000,0.76%,0.48%,,+12500,+15000,+15689,2026-09-30T02:10:10.833794Z
PGA,frl,Patrick Rodgers,"Rodgers, Patrick",7375,1.34%,0.85%,,+8000,+7000,+13505,2026-09-30T02:10:10.833798Z
PGA,frl,Kevin Roy,"Roy, Kevin",5512.5,1.78%,1.11%,,+6000,+5500,+8280,2026-09-30T02:10:10.833801Z
PGA,frl,Marcelo Rozo,"Rozo, Marcelo",27142.85714,0.37%,0.23%,,+30000,+30000,+50320,2026-09-30T02:10:10.833804Z
PGA,frl,Isaiah Salinda,"Salinda, Isaiah",9000,1.10%,0.69%,,+8000,+10000,+15484,2026-09-30T02:10:10.833808Z
PGA,frl,Gordon Sargent,"Sargent, Gordon",7100,1.39%,0.87%,,+7500,+7500,+13789,2026-09-30T02:10:10.833811Z
PGA,frl,Adam Schenk,"Schenk, Adam",15571.42857,0.64%,0.40%,,+17500,+19000,+32332,2026-09-30T02:10:10.833815Z
PGA,frl,Tyson Shelley,"Shelley, Tyson",32000,0.31%,0.19%,,,+35000,+133233,2026-09-30T02:10:10.833818Z
PGA,frl,Neal Shipley,"Shipley, Neal",5500,1.79%,1.12%,,+7000,+5000,+8019,2026-09-30T02:10:10.833823Z
PGA,frl,Ben Silverman,"Silverman, Ben",9857.142857,1.00%,0.63%,,,+10000,+22977,2026-09-30T02:10:10.833827Z
PGA,frl,David Skinns,"Skinns, David",12500,0.79%,0.50%,,+15000,+12500,+18592,2026-09-30T02:10:10.833830Z
PGA,frl,Jordan Smith,"Smith, Jordan",4375,2.23%,1.39%,,+4500,+4000,+6338,2026-09-30T02:10:10.833833Z
PGA,frl,Austin Smotherman,"Smotherman, Austin",6975,1.41%,0.89%,,+7500,+7500,+12639,2026-09-30T02:10:10.833837Z
PGA,frl,Matt Snyder,"Snyder, Matt",29285.71429,0.34%,0.22%,,+25000,+35000,+98261,2026-09-30T02:10:10.833840Z
PGA,frl,Hayden Springer,"Springer, Hayden",7512.5,1.31%,0.82%,,+8000,+7500,+13661,2026-09-30T02:10:10.833844Z
PGA,frl,Jimmy Stanger,"Stanger, Jimmy",14500,0.68%,0.45%,,+12500,+19000,+24094,2026-09-30T02:10:10.833847Z
PGA,frl,Kevin Streelman,"Streelman, Kevin",10714.28571,0.92%,0.58%,,,+12500,+25541,2026-09-30T02:10:10.833850Z
PGA,frl,Jackson Suber,"Suber, Jackson",3762.5,2.59%,1.62%,,+4000,+4000,+5019,2026-09-30T02:10:10.833854Z
PGA,frl,Adam Svensson,"Svensson, Adam",12937.5,0.77%,0.48%,,+12500,+15000,+25762,2026-09-30T02:10:10.833857Z
PGA,frl,Jesper Svensson,"Svensson, Jesper",7400,1.33%,0.83%,,+7500,+7500,+10335,2026-09-30T02:10:10.833860Z
PGA,frl,Nick Taylor,"Taylor, Nick",5250,1.87%,1.16%,,+5500,+5500,+10281,2026-09-30T02:10:10.833864Z
PGA,frl,Davis Thompson,"Thompson, Davis",4312.5,2.27%,1.41%,,+4500,+4000,+6016,2026-09-30T02:10:10.833867Z
PGA,frl,Michael Thompson,"Thompson, Michael",24285.71429,0.41%,0.26%,,+30000,+25000,+41567,2026-09-30T02:10:10.833871Z
PGA,frl,Brendon Todd,"Todd, Brendon",32857.14286,0.30%,0.20%,,+50000,+35000,+119900,2026-09-30T02:10:10.833874Z
PGA,frl,Alejandro Tosti,"Tosti, Alejandro",14285.71429,0.70%,0.46%,,+12500,+19000,+21561,2026-09-30T02:10:10.833877Z
PGA,frl,Erik Van Rooyen,"Van Rooyen, Erik",9500,1.04%,0.65%,,+8000,+10000,+17810,2026-09-30T02:10:10.833881Z
PGA,frl,John VanDerLaan,"VanDerLaan, John",8562.5,1.15%,0.72%,,+8000,+7500,+13323,2026-09-30T02:10:10.833884Z
PGA,frl,Kristoffer Ventura,"Ventura, Kristoffer",5250,1.87%,1.17%,,+6000,+4500,+8030,2026-09-30T02:10:10.833888Z
PGA,frl,Danny Walker,"Walker, Danny",16285.71429,0.61%,0.39%,,+12500,+19000,+21483,2026-09-30T02:10:10.833891Z
PGA,frl,Matt Wallace,"Wallace, Matt",3487.5,2.79%,1.74%,,+3500,+3500,+4452,2026-09-30T02:10:10.833895Z
PGA,frl,Vince Whaley,"Whaley, Vince",13437.5,0.74%,0.46%,,+17500,+15000,+21483,2026-09-30T02:10:10.833898Z
PGA,frl,Aaron Wise,"Wise, Aaron",13714.28571,0.72%,0.47%,,+12500,+15000,+23338,2026-09-30T02:10:10.833901Z
PGA,frl,Dylan Wu,"Wu, Dylan",14857.14286,0.67%,0.42%,,+17500,+19000,+29457,2026-09-30T02:10:10.833905Z
PGA,frl,Sudarshan Yellamaraju,"Yellamaraju, Sudarshan",7212.5,1.37%,0.85%,,+8000,+7000,+10463,2026-09-30T02:10:10.833908Z
PGA,frl,Kevin Yu,"Yu, Kevin",4037.5,2.42%,1.51%,,+4500,+4000,+5748,2026-09-30T02:10:10.833912Z
PGA,make_cut,Kihei Akina,"Akina, Kihei",-114,53.27%,51.58%,-114,,,-101,2026-09-30T02:10:10.833915Z
PGA,make_cut,Seonghyeon An,"An, Seonghyeon",N/A,N/A,15.90%,,,,+546,2026-09-30T02:10:10.833919Z
PGA,make_cut,Zach Bauchou,"Bauchou, Zach",-277,73.47%,69.60%,-250,,-303,-273,2026-09-30T02:10:10.833922Z
PGA,make_cut,Christiaan Bezuidenhout,"Bezuidenhout, Christiaan",-286.25,74.11%,69.52%,-270,,-278,-280,2026-09-30T02:10:10.833926Z
PGA,make_cut,Zac Blair,"Blair, Zac",-217.3333333,68.49%,63.65%,-225,,-200,-210,2026-09-30T02:10:10.833929Z
PGA,make_cut,Chandler Blanchet,"Blanchet, Chandler",-156.5,61.01%,56.15%,-164,,-149,-136,2026-09-30T02:10:10.833932Z
PGA,make_cut,Boston Bracken,"Bracken, Boston",-104,50.98%,44.18%,-104,,,+181,2026-09-30T02:10:10.833936Z
PGA,make_cut,Michael Brennan,"Brennan, Michael",-522.8333333,83.94%,79.03%,-450,,-588,-400,2026-09-30T02:10:10.833939Z
PGA,make_cut,Rafael Campos,"Campos, Rafael",104,49.02%,46.97%,+104,,,+127,2026-09-30T02:10:10.833943Z
PGA,make_cut,Davis Chatfield,"Chatfield, Davis",-155.5,60.86%,56.09%,-162,,-149,-153,2026-09-30T02:10:10.833947Z
PGA,make_cut,Luke Clanton,"Clanton, Luke",-151.5,60.24%,55.85%,-154,,-149,-138,2026-09-30T02:10:10.833950Z
PGA,make_cut,Eric Cole,"Cole, Eric",-318.6,76.11%,71.45%,-300,,-333,-312,2026-09-30T02:10:10.833953Z
PGA,make_cut,Pierceson Coody,"Coody, Pierceson",-289,74.29%,69.54%,-275,,-333,-244,2026-09-30T02:10:10.833957Z
PGA,make_cut,Trace Crowe,"Crowe, Trace",-216,68.35%,64.24%,-205,,-227,-177,2026-09-30T02:10:10.833960Z
PGA,make_cut,Joel Dahmen,"Dahmen, Joel",-200,66.67%,62.50%,-200,,-200,-158,2026-09-30T02:10:10.833964Z
PGA,make_cut,Cam Davis,"Davis, Cam",112,47.17%,44.79%,+112,,,+135,2026-09-30T02:10:10.833967Z
PGA,make_cut,Zecheng Dou,"Dou, Zecheng",-267,72.75%,68.56%,-245,,-278,-241,2026-09-30T02:10:10.833971Z
PGA,make_cut,Adrien Dumont De Chassart,"Dumont De Chassart, Adrien",-150.5,60.08%,55.78%,-152,,-149,-141,2026-09-30T02:10:10.833975Z
PGA,make_cut,Tyler Duncan,"Duncan, Tyler",-164,62.12%,59.44%,-164,,,-131,2026-09-30T02:10:10.833978Z
PGA,make_cut,Nick Dunlap,"Dunlap, Nick",-102,50.50%,46.64%,-102,,,+130,2026-09-30T02:10:10.833981Z
PGA,make_cut,Austin Eckroat,"Eckroat, Austin",-239,70.50%,65.41%,-240,,-250,-228,2026-09-30T02:10:10.833985Z
PGA,make_cut,A.J. Ewart,"Ewart, A.J.",-154.5,60.71%,56.03%,-160,,-149,-154,2026-09-30T02:10:10.833988Z
PGA,make_cut,Tony Finau,"Finau, Tony",-198,66.44%,62.35%,-178,,-227,-167,2026-09-30T02:10:10.833992Z
PGA,make_cut,Patrick Fishburn,"Fishburn, Patrick",-205,67.21%,62.69%,-210,,-200,-190,2026-09-30T02:10:10.833995Z
PGA,make_cut,Steven Fisk,"Fisk, Steven",-236.3333333,70.27%,64.83%,-255,,-227,-217,2026-09-30T02:10:10.833999Z
PGA,make_cut,David Ford,"Ford, David",-210.6666667,67.81%,63.46%,-205,,-227,-157,2026-09-30T02:10:10.834002Z
PGA,make_cut,Brice Garnett,"Garnett, Brice",-128,56.14%,53.63%,-128,,,-104,2026-09-30T02:10:10.834005Z
PGA,make_cut,Doug Ghim,"Ghim, Doug",-502.6666667,83.41%,78.51%,-460,,-500,-447,2026-09-30T02:10:10.834008Z
PGA,make_cut,Lucas Glover,"Glover, Lucas",-180.5,64.35%,60.49%,-172,,-189,-133,2026-09-30T02:10:10.834012Z
PGA,make_cut,Will Gordon,"Gordon, Will",-120,54.55%,51.52%,-120,,,+108,2026-09-30T02:10:10.834015Z
PGA,make_cut,Max Greyserman,"Greyserman, Max",-289.8,74.35%,70.06%,-270,,-303,-261,2026-09-30T02:10:10.834019Z
PGA,make_cut,Emiliano Grillo,"Grillo, Emiliano",-270.3333333,73.00%,68.64%,-255,,-278,-236,2026-09-30T02:10:10.834022Z
PGA,make_cut,Harry Hall,"Hall, Harry",-320.6,76.22%,71.48%,-310,,-333,-297,2026-09-30T02:10:10.834025Z
PGA,make_cut,Garrick Higgo,"Higgo, Garrick",-154.5,60.71%,56.03%,-160,,-149,-122,2026-09-30T02:10:10.834029Z
PGA,make_cut,Joe Highsmith,"Highsmith, Joe",-136,57.63%,54.69%,-136,,,-107,2026-09-30T02:10:10.834032Z
PGA,make_cut,Kensei Hirata,"Hirata, Kensei",130,43.48%,41.96%,+130,,,+157,2026-09-30T02:10:10.834036Z
PGA,make_cut,Lee Hodges,"Hodges, Lee",-237.3333333,70.36%,65.41%,-235,,-227,-197,2026-09-30T02:10:10.834040Z
PGA,make_cut,Rico Hoey,"Hoey, Rico",-297.6,74.85%,70.44%,-285,,-303,-244,2026-09-30T02:10:10.834056Z
PGA,make_cut,Tom Hoge,"Hoge, Tom",-164.5,62.19%,57.77%,-168,,-161,-154,2026-09-30T02:10:10.834060Z
PGA,make_cut,Rasmus Hojgaard,"Hojgaard, Rasmus",-282.2,73.84%,69.18%,-275,,-333,-252,2026-09-30T02:10:10.834063Z
PGA,make_cut,Max Homa,"Homa, Max",-297.8,74.86%,70.20%,-310,,-303,-247,2026-09-30T02:10:10.834066Z
PGA,make_cut,Billy Horschel,"Horschel, Billy",-271.5,73.08%,68.90%,-235,,-303,-234,2026-09-30T02:10:10.834070Z
PGA,make_cut,Beau Hossler,"Hossler, Beau",-302.6,75.16%,70.53%,-310,,-303,-290,2026-09-30T02:10:10.834073Z
PGA,make_cut,Mark Hubbard,"Hubbard, Mark",-152.5,60.40%,55.91%,-156,,-149,-146,2026-09-30T02:10:10.834077Z
PGA,make_cut,Mackenzie Hughes,"Hughes, Mackenzie",-255,71.83%,66.39%,-265,,-250,-267,2026-09-30T02:10:10.834080Z
PGA,make_cut,Stephan Jaeger,"Jaeger, Stephan",-256.25,71.93%,66.42%,-275,,-278,-206,2026-09-30T02:10:10.834084Z
PGA,make_cut,Ben James,"James, Ben",-540.6666667,84.39%,79.40%,-480,,-588,-454,2026-09-30T02:10:10.834087Z
PGA,make_cut,Zach J. Johnson,"Johnson, Zach J.",255,28.17%,23.69%,+255,,,+1028,2026-09-30T02:10:10.834091Z
PGA,make_cut,Takumi Kanaya,"Kanaya, Takumi",-165.5,62.34%,56.63%,-182,,-149,-177,2026-09-30T02:10:10.834094Z
PGA,make_cut,Jeffrey Kang,"Kang, Jeffrey",-104,50.98%,50.00%,-104,,,+102,2026-09-30T02:10:10.834098Z
PGA,make_cut,Johnny Keefer,"Keefer, Johnny",-331.4,76.82%,72.20%,-285,,-400,-277,2026-09-30T02:10:10.834101Z
PGA,make_cut,Chris Kirk,"Kirk, Chris",-310.6,75.65%,71.10%,-290,,-303,-274,2026-09-30T02:10:10.834104Z
PGA,make_cut,Patton Kizzire,"Kizzire, Patton",104,49.02%,46.45%,+104,,,+132,2026-09-30T02:10:10.834108Z
PGA,make_cut,Ben Kohles,"Kohles, Ben",-322.8,76.35%,71.72%,-300,,-303,-269,2026-09-30T02:10:10.834111Z
PGA,make_cut,Jackson Koivun,"Koivun, Jackson",-697.3333333,87.46%,82.04%,-700,,-714,-579,2026-09-30T02:10:10.834115Z
PGA,make_cut,Christo Lamprecht,"Lamprecht, Christo",162,38.17%,36.75%,+162,,,+186,2026-09-30T02:10:10.834118Z
PGA,make_cut,Hank Lebioda,"Lebioda, Hank",-132,56.90%,55.87%,-132,,,-124,2026-09-30T02:10:10.834122Z
PGA,make_cut,Haotong Li,"Li, Haotong",-249.6666667,71.40%,67.88%,-196,,-303,-191,2026-09-30T02:10:10.834125Z
PGA,make_cut,David Lingmerth,"Lingmerth, David",240,29.41%,27.73%,+240,,,+340,2026-09-30T02:10:10.834128Z
PGA,make_cut,David Lipsky,"Lipsky, David",-148,59.68%,57.37%,-148,,,-124,2026-09-30T02:10:10.834132Z
PGA,make_cut,Justin Lower,"Lower, Justin",-143.5,58.93%,55.30%,-138,,-149,-117,2026-09-30T02:10:10.834135Z
PGA,make_cut,Carson Lundell,"Lundell, Carson",166,37.59%,32.22%,+166,,,+384,2026-09-30T02:10:10.834139Z
PGA,make_cut,Peter Malnati,"Malnati, Peter",-114,53.27%,51.23%,-114,,,-102,2026-09-30T02:10:10.834142Z
PGA,make_cut,Ben Martin,"Martin, Ben",-126,55.75%,53.69%,-126,,,-106,2026-09-30T02:10:10.834145Z
PGA,make_cut,Bowen Mauss,"Mauss, Bowen",156,39.06%,31.18%,+156,,,+660,2026-09-30T02:10:10.834149Z
PGA,make_cut,Denny McCarthy,"McCarthy, Denny",-228,69.51%,64.60%,-230,,-227,-232,2026-09-30T02:10:10.834152Z
PGA,make_cut,Matt McCarty,"McCarty, Matt",-287.4,74.19%,69.78%,-265,,-333,-199,2026-09-30T02:10:10.834155Z
PGA,make_cut,Max McGreevy,"McGreevy, Max",-223,69.04%,64.44%,-215,,-227,-186,2026-09-30T02:10:10.834159Z
PGA,make_cut,Maverick McNealy,"McNealy, Maverick",-465.8333333,82.33%,77.40%,-460,,-500,-480,2026-09-30T02:10:10.834162Z
PGA,make_cut,Mac Meissner,"Meissner, Mac",-327.3333333,76.60%,72.22%,-310,,-333,-326,2026-09-30T02:10:10.834166Z
PGA,make_cut,Taylor Moore,"Moore, Taylor",-216,68.35%,64.24%,-205,,-227,-201,2026-09-30T02:10:10.834169Z
PGA,make_cut,William Mouw,"Mouw, William",-224.6666667,69.20%,64.49%,-220,,-227,-201,2026-09-30T02:10:10.834172Z
PGA,make_cut,Rasmus Neergaard-Petersen,"Neergaard-Petersen, Rasmus",-282,73.82%,69.71%,-265,,-303,-250,2026-09-30T02:10:10.834176Z
PGA,make_cut,Pontus Nyholm,"Nyholm, Pontus",-141.5,58.59%,53.95%,-146,,-137,-130,2026-09-30T02:10:10.834180Z
PGA,make_cut,C.T. Pan,"Pan, C.T.",-108,51.92%,47.76%,-108,,,+134,2026-09-30T02:10:10.834184Z
PGA,make_cut,John Parry,"Parry, John",-250,71.43%,66.66%,-245,,-227,-260,2026-09-30T02:10:10.834187Z
PGA,make_cut,Matthieu Pavon,"Pavon, Matthieu",-216.6666667,68.42%,64.21%,-196,,-227,-203,2026-09-30T02:10:10.834191Z
PGA,make_cut,Marco Penge,"Penge, Marco",-403,80.12%,75.03%,-360,,-455,-320,2026-09-30T02:10:10.834194Z
PGA,make_cut,Paul Peterson,"Peterson, Paul",-152,60.32%,59.19%,-152,,,-137,2026-09-30T02:10:10.834197Z
PGA,make_cut,Chandler Phillips,"Phillips, Chandler",-224.6666667,69.20%,64.49%,-220,,-227,-217,2026-09-30T02:10:10.834201Z
PGA,make_cut,Aldrich Potgieter,"Potgieter, Aldrich",-199.3333333,66.59%,62.41%,-182,,-227,-150,2026-09-30T02:10:10.834205Z
PGA,make_cut,Seamus Power,"Power, Seamus",-229.6666667,69.67%,64.65%,-235,,-227,-189,2026-09-30T02:10:10.834208Z
PGA,make_cut,Andrew Putnam,"Putnam, Andrew",-166.5,62.48%,56.68%,-184,,-149,-183,2026-09-30T02:10:10.834212Z
PGA,make_cut,Chad Ramey,"Ramey, Chad",-184.5,64.85%,60.68%,-180,,-189,-165,2026-09-30T02:10:10.834215Z
PGA,make_cut,Rhett Rasmussen,"Rasmussen, Rhett",205,32.79%,27.56%,+205,,,+646,2026-09-30T02:10:10.834218Z
PGA,make_cut,Davis Riley,"Riley, Davis",-120,54.55%,51.59%,-120,,,-100,2026-09-30T02:10:10.834222Z
PGA,make_cut,Patrick Rodgers,"Rodgers, Patrick",-197.5,66.39%,63.47%,-168,,-227,-142,2026-09-30T02:10:10.834225Z
PGA,make_cut,Kevin Roy,"Roy, Kevin",-285.3333333,74.05%,69.78%,-275,,-278,-268,2026-09-30T02:10:10.834228Z
PGA,make_cut,Marcelo Rozo,"Rozo, Marcelo",138,42.02%,40.11%,+138,,,+175,2026-09-30T02:10:10.834232Z
PGA,make_cut,Isaiah Salinda,"Salinda, Isaiah",-158.5,61.32%,56.27%,-168,,-149,-134,2026-09-30T02:10:10.834235Z
PGA,make_cut,Gordon Sargent,"Sargent, Gordon",-193.5,65.93%,63.26%,-160,,-227,-134,2026-09-30T02:10:10.834239Z
PGA,make_cut,Adam Schenk,"Schenk, Adam",100,50.00%,48.47%,+100,,,+113,2026-09-30T02:10:10.834242Z
PGA,make_cut,Tyson Shelley,"Shelley, Tyson",118,45.87%,34.75%,+118,,,+648,2026-09-30T02:10:10.834245Z
PGA,make_cut,Neal Shipley,"Shipley, Neal",-285.25,74.04%,69.75%,-265,,-303,-217,2026-09-30T02:10:10.834249Z
PGA,make_cut,Ben Silverman,"Silverman, Ben",-146.5,59.43%,54.28%,-156,,-137,-126,2026-09-30T02:10:10.834252Z
PGA,make_cut,David Skinns,"Skinns, David",-144,59.02%,55.75%,-144,,,-115,2026-09-30T02:10:10.834255Z
PGA,make_cut,Jordan Smith,"Smith, Jordan",-353.8333333,77.97%,73.33%,-330,,-400,-313,2026-09-30T02:10:10.834259Z
PGA,make_cut,Austin Smotherman,"Smotherman, Austin",-221,68.85%,64.42%,-215,,-227,-179,2026-09-30T02:10:10.834262Z
PGA,make_cut,Matt Snyder,"Snyder, Matt",220,31.25%,26.43%,+220,,,+693,2026-09-30T02:10:10.834266Z
PGA,make_cut,Hayden Springer,"Springer, Hayden",-190,65.52%,62.08%,-180,,-200,-173,2026-09-30T02:10:10.834269Z
PGA,make_cut,Jimmy Stanger,"Stanger, Jimmy",-102,50.50%,48.36%,-102,,,+115,2026-09-30T02:10:10.834273Z
PGA,make_cut,Kevin Streelman,"Streelman, Kevin",-146.5,59.43%,54.28%,-156,,-137,-115,2026-09-30T02:10:10.834276Z
PGA,make_cut,Jackson Suber,"Suber, Jackson",-373.3333333,78.87%,74.19%,-350,,-400,-311,2026-09-30T02:10:10.834280Z
PGA,make_cut,Adam Svensson,"Svensson, Adam",-118,54.13%,52.71%,-118,,,-103,2026-09-30T02:10:10.834283Z
PGA,make_cut,Jesper Svensson,"Svensson, Jesper",-189,65.40%,62.03%,-178,,-200,-132,2026-09-30T02:10:10.834286Z
PGA,make_cut,Nick Taylor,"Taylor, Nick",-288.75,74.28%,69.57%,-280,,-278,-270,2026-09-30T02:10:10.834290Z
PGA,make_cut,Davis Thompson,"Thompson, Davis",-341.6,77.36%,72.51%,-340,,-345,-315,2026-09-30T02:10:10.834293Z
PGA,make_cut,Michael Thompson,"Thompson, Michael",120,45.45%,42.11%,+120,,,+168,2026-09-30T02:10:10.834297Z
PGA,make_cut,Brendon Todd,"Todd, Brendon",210,32.26%,30.19%,+210,,,+290,2026-09-30T02:10:10.834300Z
PGA,make_cut,Alejandro Tosti,"Tosti, Alejandro",-108,51.92%,47.84%,-108,,,+134,2026-09-30T02:10:10.834303Z
PGA,make_cut,Erik Van Rooyen,"Van Rooyen, Erik",-146.5,59.43%,55.52%,-144,,-149,-128,2026-09-30T02:10:10.834307Z
PGA,make_cut,John VanDerLaan,"VanDerLaan, John",-180.5,64.35%,60.49%,-172,,-189,-139,2026-09-30T02:10:10.834310Z
PGA,make_cut,Kristoffer Ventura,"Ventura, Kristoffer",-296.5,74.78%,70.25%,-280,,-333,-244,2026-09-30T02:10:10.834314Z
PGA,make_cut,Danny Walker,"Walker, Danny",-116,53.70%,50.79%,-116,,,+107,2026-09-30T02:10:10.834317Z
PGA,make_cut,Matt Wallace,"Wallace, Matt",-482.6666667,82.84%,77.93%,-430,,-455,-459,2026-09-30T02:10:10.834321Z
PGA,make_cut,Vince Whaley,"Whaley, Vince",-115,53.49%,52.64%,-115,,,-114,2026-09-30T02:10:10.834324Z
PGA,make_cut,Aaron Wise,"Wise, Aaron",-118,54.13%,51.92%,-118,,,-102,2026-09-30T02:10:10.834327Z
PGA,make_cut,Dylan Wu,"Wu, Dylan",-114,53.27%,52.68%,-114,,,-111,2026-09-30T02:10:10.834331Z
PGA,make_cut,Sudarshan Yellamaraju,"Yellamaraju, Sudarshan",-212.3333333,67.98%,63.53%,-210,,-227,-185,2026-09-30T02:10:10.834334Z
PGA,make_cut,Kevin Yu,"Yu, Kevin",-362.5,78.38%,73.80%,-340,,-345,-329,2026-09-30T02:10:10.834337Z
PGA,mc,Kihei Akina,"Akina, Kihei",N/A,N/A,48.42%,,,,+101,2026-09-30T02:10:10.834341Z
PGA,mc,Seonghyeon An,"An, Seonghyeon",N/A,N/A,84.10%,,,,-546,2026-09-30T02:10:10.834344Z
PGA,mc,Zach Bauchou,"Bauchou, Zach",212.5,32.00%,30.40%,,,+225,+273,2026-09-30T02:10:10.834348Z
PGA,mc,Christiaan Bezuidenhout,"Bezuidenhout, Christiaan",208.3333333,32.43%,30.48%,,,+200,+280,2026-09-30T02:10:10.834351Z
PGA,mc,Zac Blair,"Blair, Zac",156,39.06%,36.35%,,,+150,+210,2026-09-30T02:10:10.834355Z
PGA,mc,Chandler Blanchet,"Blanchet, Chandler",110,47.62%,43.85%,,,+110,+136,2026-09-30T02:10:10.834358Z
PGA,mc,Boston Bracken,"Bracken, Boston",N/A,N/A,55.82%,,,,-181,2026-09-30T02:10:10.834362Z
PGA,mc,Michael Brennan,"Brennan, Michael",352,22.12%,20.97%,,,+400,+400,2026-09-30T02:10:10.834365Z
PGA,mc,Rafael Campos,"Campos, Rafael",N/A,N/A,53.03%,,,,-127,2026-09-30T02:10:10.834369Z
PGA,mc,Davis Chatfield,"Chatfield, Davis",110,47.62%,43.91%,,,+110,+153,2026-09-30T02:10:10.834372Z
PGA,mc,Luke Clanton,"Clanton, Luke",110,47.62%,44.15%,,,+110,+138,2026-09-30T02:10:10.834376Z
PGA,mc,Eric Cole,"Cole, Eric",230,30.30%,28.55%,,,+240,+312,2026-09-30T02:10:10.834379Z
PGA,mc,Pierceson Coody,"Coody, Pierceson",209.3333333,32.33%,30.46%,,,+240,+244,2026-09-30T02:10:10.834382Z
PGA,mc,Trace Crowe,"Crowe, Trace",163,38.02%,35.76%,,,+163,+177,2026-09-30T02:10:10.834386Z
PGA,mc,Joel Dahmen,"Dahmen, Joel",150,40.00%,37.50%,,,+150,+158,2026-09-30T02:10:10.834389Z
PGA,mc,Cam Davis,"Davis, Cam",N/A,N/A,55.21%,,,,-135,2026-09-30T02:10:10.834392Z
PGA,mc,Zecheng Dou,"Dou, Zecheng",200,33.33%,31.44%,,,+200,+241,2026-09-30T02:10:10.834396Z
PGA,mc,Adrien Dumont De Chassart,"Dumont De Chassart, Adrien",110,47.62%,44.22%,,,+110,+141,2026-09-30T02:10:10.834400Z
PGA,mc,Tyler Duncan,"Duncan, Tyler",N/A,N/A,40.56%,,,,+131,2026-09-30T02:10:10.834403Z
PGA,mc,Nick Dunlap,"Dunlap, Nick",N/A,N/A,53.36%,,,,-130,2026-09-30T02:10:10.834406Z
PGA,mc,Austin Eckroat,"Eckroat, Austin",168.5,37.24%,34.59%,,,+175,+228,2026-09-30T02:10:10.834410Z
PGA,mc,A.J. Ewart,"Ewart, A.J.",110,47.62%,43.97%,,,+110,+154,2026-09-30T02:10:10.834413Z
PGA,mc,Tony Finau,"Finau, Tony",150.5,39.92%,37.65%,,,+163,+167,2026-09-30T02:10:10.834416Z
PGA,mc,Patrick Fishburn,"Fishburn, Patrick",150,40.00%,37.31%,,,+150,+190,2026-09-30T02:10:10.834420Z
PGA,mc,Steven Fisk,"Fisk, Steven",162.5,38.10%,35.17%,,,+163,+217,2026-09-30T02:10:10.834423Z
PGA,mc,David Ford,"Ford, David",156.5,38.99%,36.54%,,,+163,+157,2026-09-30T02:10:10.834427Z
PGA,mc,Brice Garnett,"Garnett, Brice",N/A,N/A,46.37%,,,,+104,2026-09-30T02:10:10.834431Z
PGA,mc,Doug Ghim,"Ghim, Doug",339.6,22.75%,21.49%,,,+333,+447,2026-09-30T02:10:10.834434Z
PGA,mc,Lucas Glover,"Glover, Lucas",138,42.02%,39.51%,,,+138,+133,2026-09-30T02:10:10.834437Z
PGA,mc,Will Gordon,"Gordon, Will",N/A,N/A,48.48%,,,,-108,2026-09-30T02:10:10.834441Z
PGA,mc,Max Greyserman,"Greyserman, Max",215.75,31.67%,29.94%,,,+225,+261,2026-09-30T02:10:10.834444Z
PGA,mc,Emiliano Grillo,"Grillo, Emiliano",200,33.33%,31.36%,,,+200,+236,2026-09-30T02:10:10.834448Z
PGA,mc,Harry Hall,"Hall, Harry",230,30.30%,28.52%,,,+240,+297,2026-09-30T02:10:10.834451Z
PGA,mc,Garrick Higgo,"Higgo, Garrick",110,47.62%,43.97%,,,+110,+122,2026-09-30T02:10:10.834454Z
PGA,mc,Joe Highsmith,"Highsmith, Joe",N/A,N/A,45.31%,,,,+107,2026-09-30T02:10:10.834458Z
PGA,mc,Kensei Hirata,"Hirata, Kensei",N/A,N/A,58.04%,,,,-157,2026-09-30T02:10:10.834461Z
PGA,mc,Lee Hodges,"Hodges, Lee",169,37.17%,34.59%,,,+163,+197,2026-09-30T02:10:10.834464Z
PGA,mc,Rico Hoey,"Hoey, Rico",218.75,31.37%,29.56%,,,+225,+244,2026-09-30T02:10:10.834468Z
PGA,mc,Tom Hoge,"Hoge, Tom",120,45.45%,42.23%,,,+120,+154,2026-09-30T02:10:10.834471Z
PGA,mc,Rasmus Hojgaard,"Hojgaard, Rasmus",207,32.57%,30.82%,,,+240,+252,2026-09-30T02:10:10.834474Z
PGA,mc,Max Homa,"Homa, Max",215.75,31.67%,29.80%,,,+225,+247,2026-09-30T02:10:10.834478Z
PGA,mc,Billy Horschel,"Horschel, Billy",204.3333333,32.86%,31.10%,,,+225,+234,2026-09-30T02:10:10.834481Z
PGA,mc,Beau Hossler,"Hossler, Beau",218.75,31.37%,29.47%,,,+225,+290,2026-09-30T02:10:10.834484Z
PGA,mc,Mark Hubbard,"Hubbard, Mark",110,47.62%,44.09%,,,+110,+146,2026-09-30T02:10:10.834488Z
PGA,mc,Mackenzie Hughes,"Hughes, Mackenzie",175,36.36%,33.61%,,,+175,+267,2026-09-30T02:10:10.834491Z
PGA,mc,Stephan Jaeger,"Jaeger, Stephan",176.6666667,36.14%,33.58%,,,+200,+206,2026-09-30T02:10:10.834495Z
PGA,mc,Ben James,"James, Ben",360,21.74%,20.60%,,,+400,+454,2026-09-30T02:10:10.834498Z
PGA,mc,Zach J. Johnson,"Johnson, Zach J.",N/A,N/A,76.31%,,,,-1028,2026-09-30T02:10:10.834502Z
PGA,mc,Takumi Kanaya,"Kanaya, Takumi",110,47.62%,43.37%,,,+110,+177,2026-09-30T02:10:10.834505Z
PGA,mc,Jeffrey Kang,"Kang, Jeffrey",N/A,N/A,50.00%,,,,-102,2026-09-30T02:10:10.834509Z
PGA,mc,Johnny Keefer,"Keefer, Johnny",241.25,29.30%,27.80%,,,+275,+277,2026-09-30T02:10:10.834512Z
PGA,mc,Chris Kirk,"Kirk, Chris",226.25,30.65%,28.90%,,,+225,+274,2026-09-30T02:10:10.834515Z
PGA,mc,Patton Kizzire,"Kizzire, Patton",N/A,N/A,53.55%,,,,-132,2026-09-30T02:10:10.834519Z
PGA,mc,Ben Kohles,"Kohles, Ben",232.5,30.08%,28.28%,,,+225,+269,2026-09-30T02:10:10.834522Z
PGA,mc,Jackson Koivun,"Koivun, Jackson",425,19.05%,17.96%,,,+450,+579,2026-09-30T02:10:10.834526Z
PGA,mc,Christo Lamprecht,"Lamprecht, Christo",N/A,N/A,63.25%,,,,-186,2026-09-30T02:10:10.834529Z
PGA,mc,Hank Lebioda,"Lebioda, Hank",N/A,N/A,44.13%,,,,+124,2026-09-30T02:10:10.834532Z
PGA,mc,Haotong Li,"Li, Haotong",200,33.33%,32.12%,,,+225,+191,2026-09-30T02:10:10.834536Z
PGA,mc,David Lingmerth,"Lingmerth, David",N/A,N/A,72.27%,,,,-340,2026-09-30T02:10:10.834539Z
PGA,mc,David Lipsky,"Lipsky, David",N/A,N/A,42.63%,,,,+124,2026-09-30T02:10:10.834542Z
PGA,mc,Justin Lower,"Lower, Justin",110,47.62%,44.70%,,,+110,+117,2026-09-30T02:10:10.834546Z
PGA,mc,Carson Lundell,"Lundell, Carson",N/A,N/A,67.78%,,,,-384,2026-09-30T02:10:10.834549Z
PGA,mc,Peter Malnati,"Malnati, Peter",N/A,N/A,48.77%,,,,+102,2026-09-30T02:10:10.834552Z
PGA,mc,Ben Martin,"Martin, Ben",N/A,N/A,46.31%,,,,+106,2026-09-30T02:10:10.834556Z
PGA,mc,Bowen Mauss,"Mauss, Bowen",N/A,N/A,68.82%,,,,-660,2026-09-30T02:10:10.834559Z
PGA,mc,Denny McCarthy,"McCarthy, Denny",162.5,38.10%,35.40%,,,+163,+232,2026-09-30T02:10:10.834562Z
PGA,mc,Matt McCarty,"McCarty, Matt",213.75,31.87%,30.22%,,,+240,+199,2026-09-30T02:10:10.834566Z
PGA,mc,Max McGreevy,"McGreevy, Max",162.5,38.10%,35.56%,,,+163,+186,2026-09-30T02:10:10.834569Z
PGA,mc,Maverick McNealy,"McNealy, Maverick",318.2,23.91%,22.60%,,,+333,+480,2026-09-30T02:10:10.834573Z
PGA,mc,Mac Meissner,"Meissner, Mac",241,29.33%,27.78%,,,+240,+326,2026-09-30T02:10:10.834576Z
PGA,mc,Taylor Moore,"Moore, Taylor",163,38.02%,35.76%,,,+163,+201,2026-09-30T02:10:10.834579Z
PGA,mc,William Mouw,"Mouw, William",162.5,38.10%,35.51%,,,+163,+201,2026-09-30T02:10:10.834583Z
PGA,mc,Rasmus Neergaard-Petersen,"Neergaard-Petersen, Rasmus",212.5,32.00%,30.29%,,,+225,+250,2026-09-30T02:10:10.834586Z
PGA,mc,Pontus Nyholm,"Nyholm, Pontus",100,50.00%,46.05%,,,+100,+130,2026-09-30T02:10:10.834590Z
PGA,mc,C.T. Pan,"Pan, C.T.",N/A,N/A,52.24%,,,,-134,2026-09-30T02:10:10.834593Z
PGA,mc,John Parry,"Parry, John",181.5,35.52%,33.34%,,,+163,+260,2026-09-30T02:10:10.834597Z
PGA,mc,Matthieu Pavon,"Pavon, Matthieu",162.5,38.10%,35.79%,,,+163,+203,2026-09-30T02:10:10.834600Z
PGA,mc,Marco Penge,"Penge, Marco",276.25,26.58%,24.97%,,,+300,+320,2026-09-30T02:10:10.834603Z
PGA,mc,Paul Peterson,"Peterson, Paul",N/A,N/A,40.81%,,,,+137,2026-09-30T02:10:10.834607Z
PGA,mc,Chandler Phillips,"Phillips, Chandler",162.5,38.10%,35.51%,,,+163,+217,2026-09-30T02:10:10.834610Z
PGA,mc,Aldrich Potgieter,"Potgieter, Aldrich",150.5,39.92%,37.59%,,,+163,+150,2026-09-30T02:10:10.834614Z
PGA,mc,Seamus Power,"Power, Seamus",162.5,38.10%,35.35%,,,+163,+189,2026-09-30T02:10:10.834620Z
PGA,mc,Andrew Putnam,"Putnam, Andrew",110,47.62%,43.32%,,,+110,+183,2026-09-30T02:10:10.834623Z
PGA,mc,Chad Ramey,"Ramey, Chad",138,42.02%,39.32%,,,+138,+165,2026-09-30T02:10:10.834626Z
PGA,mc,Rhett Rasmussen,"Rasmussen, Rhett",N/A,N/A,72.44%,,,,-646,2026-09-30T02:10:10.834630Z
PGA,mc,Davis Riley,"Riley, Davis",N/A,N/A,48.41%,,,,+100,2026-09-30T02:10:10.834633Z
PGA,mc,Patrick Rodgers,"Rodgers, Patrick",163,38.02%,36.53%,,,+163,+142,2026-09-30T02:10:10.834637Z
PGA,mc,Kevin Roy,"Roy, Kevin",212.5,32.00%,30.22%,,,+200,+268,2026-09-30T02:10:10.834640Z
PGA,mc,Marcelo Rozo,"Rozo, Marcelo",N/A,N/A,59.89%,,,,-175,2026-09-30T02:10:10.834643Z
PGA,mc,Isaiah Salinda,"Salinda, Isaiah",110,47.62%,43.73%,,,+110,+134,2026-09-30T02:10:10.834647Z
PGA,mc,Gordon Sargent,"Sargent, Gordon",163,38.02%,36.74%,,,+163,+134,2026-09-30T02:10:10.834650Z
PGA,mc,Adam Schenk,"Schenk, Adam",N/A,N/A,51.53%,,,,-113,2026-09-30T02:10:10.834653Z
PGA,mc,Tyson Shelley,"Shelley, Tyson",N/A,N/A,65.25%,,,,-648,2026-09-30T02:10:10.834659Z
PGA,mc,Neal Shipley,"Shipley, Neal",212.6666667,31.98%,30.25%,,,+225,+217,2026-09-30T02:10:10.834662Z
PGA,mc,Ben Silverman,"Silverman, Ben",100,50.00%,45.72%,,,+100,+126,2026-09-30T02:10:10.834666Z
PGA,mc,David Skinns,"Skinns, David",N/A,N/A,44.25%,,,,+115,2026-09-30T02:10:10.834669Z
PGA,mc,Jordan Smith,"Smith, Jordan",255,28.17%,26.67%,,,+275,+313,2026-09-30T02:10:10.834672Z
PGA,mc,Austin Smotherman,"Smotherman, Austin",163,38.02%,35.58%,,,+163,+179,2026-09-30T02:10:10.834682Z
PGA,mc,Matt Snyder,"Snyder, Matt",N/A,N/A,73.57%,,,,-693,2026-09-30T02:10:10.834686Z
PGA,mc,Hayden Springer,"Springer, Hayden",150,40.00%,37.92%,,,+150,+173,2026-09-30T02:10:10.834689Z
PGA,mc,Jimmy Stanger,"Stanger, Jimmy",N/A,N/A,51.64%,,,,-115,2026-09-30T02:10:10.834693Z
PGA,mc,Kevin Streelman,"Streelman, Kevin",100,50.00%,45.72%,,,+100,+115,2026-09-30T02:10:10.834696Z
PGA,mc,Jackson Suber,"Suber, Jackson",266,27.32%,25.81%,,,+275,+311,2026-09-30T02:10:10.834702Z
PGA,mc,Adam Svensson,"Svensson, Adam",N/A,N/A,47.29%,,,,+103,2026-09-30T02:10:10.834705Z
PGA,mc,Jesper Svensson,"Svensson, Jesper",150,40.00%,37.97%,,,+150,+132,2026-09-30T02:10:10.834709Z
PGA,mc,Nick Taylor,"Taylor, Nick",208.3333333,32.43%,30.43%,,,+200,+270,2026-09-30T02:10:10.834713Z
PGA,mc,Davis Thompson,"Thompson, Davis",241.25,29.30%,27.49%,,,+250,+315,2026-09-30T02:10:10.834716Z
PGA,mc,Michael Thompson,"Thompson, Michael",N/A,N/A,57.89%,,,,-168,2026-09-30T02:10:10.834720Z
PGA,mc,Brendon Todd,"Todd, Brendon",N/A,N/A,69.81%,,,,-290,2026-09-30T02:10:10.834725Z
PGA,mc,Alejandro Tosti,"Tosti, Alejandro",N/A,N/A,52.16%,,,,-134,2026-09-30T02:10:10.834729Z
PGA,mc,Erik Van Rooyen,"Van Rooyen, Erik",110,47.62%,44.48%,,,+110,+128,2026-09-30T02:10:10.834732Z
PGA,mc,John VanDerLaan,"VanDerLaan, John",138,42.02%,39.51%,,,+138,+139,2026-09-30T02:10:10.834736Z
PGA,mc,Kristoffer Ventura,"Ventura, Kristoffer",217.6666667,31.48%,29.75%,,,+240,+244,2026-09-30T02:10:10.834741Z
PGA,mc,Danny Walker,"Walker, Danny",N/A,N/A,49.21%,,,,-107,2026-09-30T02:10:10.834745Z
PGA,mc,Matt Wallace,"Wallace, Matt",328,23.36%,22.07%,,,+300,+459,2026-09-30T02:10:10.834748Z
PGA,mc,Vince Whaley,"Whaley, Vince",N/A,N/A,47.36%,,,,+114,2026-09-30T02:10:10.834751Z
PGA,mc,Aaron Wise,"Wise, Aaron",N/A,N/A,48.08%,,,,+102,2026-09-30T02:10:10.834755Z
PGA,mc,Dylan Wu,"Wu, Dylan",N/A,N/A,47.32%,,,,+111,2026-09-30T02:10:10.834758Z
PGA,mc,Sudarshan Yellamaraju,"Yellamaraju, Sudarshan",156.5,38.99%,36.47%,,,+163,+185,2026-09-30T02:10:10.834762Z
PGA,mc,Kevin Yu,"Yu, Kevin",261,27.70%,26.20%,,,+250,+329,2026-09-30T02:10:10.834765Z
PGA,top_10,Kihei Akina,"Akina, Kihei",1963.636364,4.85%,1.97%,+1900,+2500,+1800,+2841,2026-09-30T02:10:10.834768Z
PGA,top_10,Seonghyeon An,"An, Seonghyeon",4922.222222,1.99%,0.92%,,+4000,+9000,+77745,2026-09-30T02:10:10.834772Z
PGA,top_10,Zach Bauchou,"Bauchou, Zach",524.5454545,16.01%,6.41%,+570,+600,+475,+635,2026-09-30T02:10:10.834777Z
PGA,top_10,Christiaan Bezuidenhout,"Bezuidenhout, Christiaan",500.4545455,16.65%,6.67%,+530,+600,+550,+679,2026-09-30T02:10:10.834781Z
PGA,top_10,Zac Blair,"Blair, Zac",806.3636364,11.03%,4.44%,+770,+1000,+900,+1088,2026-09-30T02:10:10.834785Z
PGA,top_10,Chandler Blanchet,"Blanchet, Chandler",1184.090909,7.79%,3.11%,+1125,+1300,+1200,+1803,2026-09-30T02:10:10.834795Z
PGA,top_10,Boston Bracken,"Bracken, Boston",3083.333333,3.14%,1.27%,+2350,+3500,+3500,+8493,2026-09-30T02:10:10.834799Z
PGA,top_10,Michael Brennan,"Brennan, Michael",194.5454545,33.95%,13.60%,+225,+200,+210,+295,2026-09-30T02:10:10.834802Z
PGA,top_10,Rafael Campos,"Campos, Rafael",3400,2.86%,1.16%,+2900,+3500,+4000,+4860,2026-09-30T02:10:10.834805Z
PGA,top_10,Davis Chatfield,"Chatfield, Davis",1175,7.84%,3.15%,+1225,+1400,+1200,+1767,2026-09-30T02:10:10.834809Z
PGA,top_10,Luke Clanton,"Clanton, Luke",1175,7.84%,3.14%,+1225,+1300,+1200,+1699,2026-09-30T02:10:10.834812Z
PGA,top_10,Eric Cole,"Cole, Eric",410.9090909,19.57%,7.83%,+435,+470,+425,+461,2026-09-30T02:10:10.834816Z
PGA,top_10,Pierceson Coody,"Coody, Pierceson",456.3636364,17.97%,7.18%,+460,+470,+425,+656,2026-09-30T02:10:10.834821Z
PGA,top_10,Trace Crowe,"Crowe, Trace",756.8181818,11.67%,4.67%,+750,+850,+750,+1074,2026-09-30T02:10:10.834824Z
PGA,top_10,Joel Dahmen,"Dahmen, Joel",1001.818182,9.08%,3.64%,+870,+1100,+900,+1543,2026-09-30T02:10:10.834828Z
PGA,top_10,Cam Davis,"Davis, Cam",2810,3.44%,1.38%,+2900,+3000,+2800,+5010,2026-09-30T02:10:10.834831Z
PGA,top_10,Zecheng Dou,"Dou, Zecheng",545,15.50%,6.20%,+570,+550,+550,+680,2026-09-30T02:10:10.834835Z
PGA,top_10,Adrien Dumont De Chassart,"Dumont De Chassart, Adrien",1304.545455,7.12%,2.86%,+1250,+1600,+1400,+1660,2026-09-30T02:10:10.834839Z
PGA,top_10,Tyler Duncan,"Duncan, Tyler",1482.5,6.32%,2.58%,+1225,+1700,+2000,+2203,2026-09-30T02:10:10.834842Z
PGA,top_10,Nick Dunlap,"Dunlap, Nick",2381.818182,4.03%,1.63%,+2400,+2500,+2200,+5121,2026-09-30T02:10:10.834846Z
PGA,top_10,Austin Eckroat,"Eckroat, Austin",614.5454545,13.99%,5.60%,+610,+700,+650,+799,2026-09-30T02:10:10.834849Z
PGA,top_10,A.J. Ewart,"Ewart, A.J.",1267.5,7.31%,2.95%,+1175,+1700,+1400,+1496,2026-09-30T02:10:10.834854Z
PGA,top_10,Tony Finau,"Finau, Tony",827.2727273,10.78%,4.33%,+900,+1000,+750,+1199,2026-09-30T02:10:10.834860Z
PGA,top_10,Patrick Fishburn,"Fishburn, Patrick",809.0909091,11.00%,4.41%,+750,+900,+850,+993,2026-09-30T02:10:10.834863Z
PGA,top_10,Steven Fisk,"Fisk, Steven",673.1818182,12.93%,5.19%,+580,+850,+700,+814,2026-09-30T02:10:10.834867Z
PGA,top_10,David Ford,"Ford, David",746.3636364,11.82%,4.78%,+760,+750,+700,+1373,2026-09-30T02:10:10.834870Z
PGA,top_10,Brice Garnett,"Garnett, Brice",1940.909091,4.90%,1.98%,+1850,+2500,+2000,+3132,2026-09-30T02:10:10.834873Z
PGA,top_10,Doug Ghim,"Ghim, Doug",262.7272727,27.57%,11.01%,+250,+300,+250,+296,2026-09-30T02:10:10.834877Z
PGA,top_10,Lucas Glover,"Glover, Lucas",1031.818182,8.84%,3.54%,+1100,+1300,+1000,+2024,2026-09-30T02:10:10.834880Z
PGA,top_10,Will Gordon,"Gordon, Will",2425,3.96%,1.64%,+1950,+2700,+2200,+3401,2026-09-30T02:10:10.834884Z
PGA,top_10,Max Greyserman,"Greyserman, Max",431.8181818,18.80%,7.56%,+475,+500,+450,+577,2026-09-30T02:10:10.834887Z
PGA,top_10,Emiliano Grillo,"Grillo, Emiliano",540.4545455,15.61%,6.25%,+570,+650,+550,+758,2026-09-30T02:10:10.834891Z
PGA,top_10,Harry Hall,"Hall, Harry",387.7272727,20.50%,8.21%,+415,+430,+425,+549,2026-09-30T02:10:10.834896Z
PGA,top_10,Garrick Higgo,"Higgo, Garrick",1197.727273,7.71%,3.10%,+1175,+1600,+1200,+2023,2026-09-30T02:10:10.834899Z
PGA,top_10,Joe Highsmith,"Highsmith, Joe",1668.181818,5.66%,2.27%,+1450,+1700,+1800,+2481,2026-09-30T02:10:10.834903Z
PGA,top_10,Kensei Hirata,"Hirata, Kensei",4060,2.40%,0.98%,+4800,+4000,+5000,+8117,2026-09-30T02:10:10.834906Z
PGA,top_10,Lee Hodges,"Hodges, Lee",639.5454545,13.52%,5.45%,+660,+850,+700,+998,2026-09-30T02:10:10.834909Z
PGA,top_10,Rico Hoey,"Hoey, Rico",444.0909091,18.38%,7.37%,+460,+550,+475,+679,2026-09-30T02:10:10.834915Z
PGA,top_10,Tom Hoge,"Hoge, Tom",1100,8.33%,3.36%,+1050,+1400,+1200,+1512,2026-09-30T02:10:10.834918Z
PGA,top_10,Rasmus Hojgaard,"Hojgaard, Rasmus",445.9090909,18.32%,7.32%,+460,+470,+425,+597,2026-09-30T02:10:10.834921Z
PGA,top_10,Max Homa,"Homa, Max",429.5454545,18.88%,7.56%,+400,+500,+450,+626,2026-09-30T02:10:10.834925Z
PGA,top_10,Billy Horschel,"Horschel, Billy",490.9090909,16.92%,6.78%,+600,+550,+475,+762,2026-09-30T02:10:10.834928Z
PGA,top_10,Beau Hossler,"Hossler, Beau",449.0909091,18.21%,7.29%,+415,+500,+475,+528,2026-09-30T02:10:10.834934Z
PGA,top_10,Mark Hubbard,"Hubbard, Mark",1247.727273,7.42%,2.98%,+1225,+1600,+1400,+1658,2026-09-30T02:10:10.834937Z
PGA,top_10,Mackenzie Hughes,"Hughes, Mackenzie",594.5454545,14.40%,5.81%,+540,+750,+650,+632,2026-09-30T02:10:10.834941Z
PGA,top_10,Stephan Jaeger,"Jaeger, Stephan",510.4545455,16.38%,6.58%,+465,+650,+550,+860,2026-09-30T02:10:10.834944Z
PGA,top_10,Ben James,"James, Ben",209.5454545,32.31%,12.93%,+220,+210,+210,+268,2026-09-30T02:10:10.834947Z
PGA,top_10,Zach J. Johnson,"Johnson, Zach J.",11000,0.90%,0.42%,+18000,,,+193500,2026-09-30T02:10:10.834951Z
PGA,top_10,Takumi Kanaya,"Kanaya, Takumi",1086.363636,8.43%,3.40%,+1050,+1300,+1200,+1397,2026-09-30T02:10:10.834954Z
PGA,top_10,Jeffrey Kang,"Kang, Jeffrey",2440,3.94%,1.59%,+2500,+2700,+2800,+3207,2026-09-30T02:10:10.834958Z
PGA,top_10,Johnny Keefer,"Keefer, Johnny",365.5454545,21.48%,8.61%,+430,+430,+333,+535,2026-09-30T02:10:10.834961Z
PGA,top_10,Chris Kirk,"Kirk, Chris",442.2727273,18.44%,7.38%,+465,+500,+475,+603,2026-09-30T02:10:10.834965Z
PGA,top_10,Patton Kizzire,"Kizzire, Patton",3040,3.18%,1.29%,+3000,+3000,+4000,+5476,2026-09-30T02:10:10.834970Z
PGA,top_10,Ben Kohles,"Kohles, Ben",465.4545455,17.68%,7.08%,+470,+500,+475,+713,2026-09-30T02:10:10.834975Z
PGA,top_10,Jackson Koivun,"Koivun, Jackson",153.1818182,39.50%,15.80%,+154,+160,+163,+201,2026-09-30T02:10:10.834981Z
PGA,top_10,Christo Lamprecht,"Lamprecht, Christo",4640,2.11%,0.88%,+5800,+7000,+4000,+8724,2026-09-30T02:10:10.834985Z
PGA,top_10,Hank Lebioda,"Lebioda, Hank",2055,4.64%,1.88%,+1650,+2500,+2200,+2239,2026-09-30T02:10:10.834988Z
PGA,top_10,Haotong Li,"Li, Haotong",573.1818182,14.85%,6.04%,+730,+650,+475,+984,2026-09-30T02:10:10.834992Z
PGA,top_10,David Lingmerth,"Lingmerth, David",10777.77778,0.92%,0.41%,+18500,,+12500,+38851,2026-09-30T02:10:10.834995Z
PGA,top_10,David Lipsky,"Lipsky, David",1770,5.35%,2.16%,+1400,+1900,+2000,+2311,2026-09-30T02:10:10.834998Z
PGA,top_10,Justin Lower,"Lower, Justin",1261.363636,7.35%,2.98%,+1475,+1700,+1200,+2428,2026-09-30T02:10:10.835002Z
PGA,top_10,Carson Lundell,"Lundell, Carson",6444.444444,1.53%,0.72%,+7800,,+7000,+26493,2026-09-30T02:10:10.835006Z
PGA,top_10,Peter Malnati,"Malnati, Peter",2220,4.31%,1.77%,+2100,+2500,+2500,+2903,2026-09-30T02:10:10.835011Z
PGA,top_10,Ben Martin,"Martin, Ben",2025,4.71%,1.92%,+1750,+2500,+2200,+3219,2026-09-30T02:10:10.835014Z
PGA,top_10,Bowen Mauss,"Mauss, Bowen",8377.777778,1.18%,0.49%,+6400,,+10000,+120568,2026-09-30T02:10:10.835018Z
PGA,top_10,Denny McCarthy,"McCarthy, Denny",709.5454545,12.35%,4.98%,+680,+850,+700,+871,2026-09-30T02:10:10.835021Z
PGA,top_10,Matt McCarty,"McCarty, Matt",437.7272727,18.60%,7.47%,+490,+550,+425,+1008,2026-09-30T02:10:10.835025Z
PGA,top_10,Max McGreevy,"McGreevy, Max",703.6363636,12.44%,4.98%,+740,+850,+700,+1143,2026-09-30T02:10:10.835028Z
PGA,top_10,Maverick McNealy,"McNealy, Maverick",240.4545455,29.37%,11.75%,+235,+280,+240,+255,2026-09-30T02:10:10.835032Z
PGA,top_10,Mac Meissner,"Meissner, Mac",412.2727273,19.52%,7.80%,+425,+470,+425,+496,2026-09-30T02:10:10.835035Z
PGA,top_10,Taylor Moore,"Moore, Taylor",813.6363636,10.95%,4.38%,+750,+900,+750,+902,2026-09-30T02:10:10.835062Z
PGA,top_10,William Mouw,"Mouw, William",677.2727273,12.87%,5.15%,+700,+750,+700,+928,2026-09-30T02:10:10.835073Z
PGA,top_10,Rasmus Neergaard-Petersen,"Neergaard-Petersen, Rasmus",508.6363636,16.43%,6.59%,+520,+650,+475,+683,2026-09-30T02:10:10.835086Z
PGA,top_10,Pontus Nyholm,"Nyholm, Pontus",1325,7.02%,2.83%,+1275,+1300,+1600,+1796,2026-09-30T02:10:10.835094Z
PGA,top_10,C.T. Pan,"Pan, C.T.",2575,3.74%,1.51%,+2500,+3000,+2500,+4908,2026-09-30T02:10:10.835098Z
PGA,top_10,John Parry,"Parry, John",615.4545455,13.98%,5.64%,+620,+750,+700,+731,2026-09-30T02:10:10.835101Z
PGA,top_10,Matthieu Pavon,"Pavon, Matthieu",731.3636364,12.03%,4.82%,+770,+850,+700,+916,2026-09-30T02:10:10.835105Z
PGA,top_10,Marco Penge,"Penge, Marco",294.0909091,25.37%,10.16%,+310,+340,+280,+405,2026-09-30T02:10:10.835108Z
PGA,top_10,Paul Peterson,"Peterson, Paul",1463.636364,6.40%,2.60%,+1500,+1900,+1800,+2265,2026-09-30T02:10:10.835112Z
PGA,top_10,Chandler Phillips,"Phillips, Chandler",685.9090909,12.72%,5.10%,+720,+850,+700,+883,2026-09-30T02:10:10.835115Z
PGA,top_10,Aldrich Potgieter,"Potgieter, Aldrich",731.8181818,12.02%,4.81%,+800,+750,+750,+1237,2026-09-30T02:10:10.835119Z
PGA,top_10,Seamus Power,"Power, Seamus",671.3636364,12.96%,5.21%,+660,+850,+700,+1100,2026-09-30T02:10:10.835122Z
PGA,top_10,Andrew Putnam,"Putnam, Andrew",1127.272727,8.15%,3.32%,+1050,+1400,+1400,+1397,2026-09-30T02:10:10.835129Z
PGA,top_10,Chad Ramey,"Ramey, Chad",936.3636364,9.65%,3.90%,+950,+1300,+1000,+1445,2026-09-30T02:10:10.835132Z
PGA,top_10,Rhett Rasmussen,"Rasmussen, Rhett",7875,1.25%,0.66%,+12000,,+10000,+70657,2026-09-30T02:10:10.835136Z
PGA,top_10,Davis Riley,"Riley, Davis",1930,4.93%,2.00%,+1800,+1900,+2000,+2616,2026-09-30T02:10:10.835139Z
PGA,top_10,Patrick Rodgers,"Rodgers, Patrick",885.4545455,10.15%,4.10%,+990,+1000,+700,+1690,2026-09-30T02:10:10.835142Z
PGA,top_10,Kevin Roy,"Roy, Kevin",500.9090909,16.64%,6.64%,+510,+550,+550,+599,2026-09-30T02:10:10.835148Z
PGA,top_10,Marcelo Rozo,"Rozo, Marcelo",6344.444444,1.55%,0.67%,+5100,,+7000,+9194,2026-09-30T02:10:10.835151Z
PGA,top_10,Isaiah Salinda,"Salinda, Isaiah",1075,8.51%,3.41%,+1025,+1100,+1200,+1686,2026-09-30T02:10:10.835155Z
PGA,top_10,Gordon Sargent,"Sargent, Gordon",890.9090909,10.09%,4.12%,+1000,+1100,+750,+1500,2026-09-30T02:10:10.835158Z
PGA,top_10,Adam Schenk,"Schenk, Adam",2710,3.56%,1.42%,+2500,+3000,+2800,+3891,2026-09-30T02:10:10.835161Z
PGA,top_10,Tyson Shelley,"Shelley, Tyson",5737.5,1.71%,0.86%,+3600,,+10000,+126880,2026-09-30T02:10:10.835167Z
PGA,top_10,Neal Shipley,"Shipley, Neal",483.6363636,17.13%,6.87%,+520,+600,+475,+777,2026-09-30T02:10:10.835170Z
PGA,top_10,Ben Silverman,"Silverman, Ben",1395.454545,6.69%,2.75%,+1250,+1700,+1400,+2282,2026-09-30T02:10:10.835174Z
PGA,top_10,David Skinns,"Skinns, David",1731.818182,5.46%,2.24%,+1450,+2500,+1800,+2368,2026-09-30T02:10:10.835177Z
PGA,top_10,Jordan Smith,"Smith, Jordan",362.0909091,21.64%,8.65%,+395,+380,+333,+468,2026-09-30T02:10:10.835181Z
PGA,top_10,Austin Smotherman,"Smotherman, Austin",727.7272727,12.08%,4.87%,+730,+850,+750,+1089,2026-09-30T02:10:10.835184Z
PGA,top_10,Matt Snyder,"Snyder, Matt",7750,1.27%,0.67%,+14000,,+10000,+99532,2026-09-30T02:10:10.835190Z
PGA,top_10,Hayden Springer,"Springer, Hayden",908.1818182,9.92%,4.01%,+890,+1100,+900,+1179,2026-09-30T02:10:10.835193Z
PGA,top_10,Jimmy Stanger,"Stanger, Jimmy",2370,4.05%,1.66%,+2400,+2500,+2500,+3794,2026-09-30T02:10:10.835197Z
PGA,top_10,Kevin Streelman,"Streelman, Kevin",1431.818182,6.53%,2.65%,+1250,+1900,+1600,+2589,2026-09-30T02:10:10.835200Z
PGA,top_10,Jackson Suber,"Suber, Jackson",317.7272727,23.94%,9.56%,+340,+340,+320,+439,2026-09-30T02:10:10.835206Z
PGA,top_10,Adam Svensson,"Svensson, Adam",1890.909091,5.02%,2.04%,+2100,+2500,+2000,+3233,2026-09-30T02:10:10.835211Z
PGA,top_10,Jesper Svensson,"Svensson, Jesper",930.9090909,9.70%,3.89%,+890,+900,+850,+1512,2026-09-30T02:10:10.835214Z
PGA,top_10,Nick Taylor,"Taylor, Nick",509.0909091,16.42%,6.59%,+475,+650,+550,+683,2026-09-30T02:10:10.835218Z
PGA,top_10,Davis Thompson,"Thompson, Davis",366.8181818,21.42%,8.58%,+375,+430,+350,+472,2026-09-30T02:10:10.835221Z
PGA,top_10,Michael Thompson,"Thompson, Michael",4580,2.14%,0.87%,+4000,+6000,+5000,+8115,2026-09-30T02:10:10.835225Z
PGA,top_10,Brendon Todd,"Todd, Brendon",9422.222222,1.05%,0.49%,+14000,,+9000,+28555,2026-09-30T02:10:10.835229Z
PGA,top_10,Alejandro Tosti,"Tosti, Alejandro",2470,3.89%,1.57%,+2100,+2700,+2500,+4089,2026-09-30T02:10:10.835232Z
PGA,top_10,Erik Van Rooyen,"Van Rooyen, Erik",1320.454545,7.04%,2.83%,+1325,+1600,+1400,+2022,2026-09-30T02:10:10.835236Z
PGA,top_10,John VanDerLaan,"VanDerLaan, John",1072.727273,8.53%,3.42%,+1000,+1300,+1000,+1610,2026-09-30T02:10:10.835239Z
PGA,top_10,Kristoffer Ventura,"Ventura, Kristoffer",450.4545455,18.17%,7.26%,+460,+470,+425,+649,2026-09-30T02:10:10.835245Z
PGA,top_10,Danny Walker,"Walker, Danny",2430,3.95%,1.60%,+1900,+2500,+2500,+2965,2026-09-30T02:10:10.835248Z
PGA,top_10,Matt Wallace,"Wallace, Matt",267.7272727,27.19%,10.86%,+265,+300,+280,+293,2026-09-30T02:10:10.835252Z
PGA,top_10,Vince Whaley,"Whaley, Vince",1968.181818,4.84%,1.95%,+2050,+2500,+2000,+2848,2026-09-30T02:10:10.835255Z
PGA,top_10,Aaron Wise,"Wise, Aaron",2070,4.61%,1.85%,+1800,+2200,+2200,+2831,2026-09-30T02:10:10.835259Z
PGA,top_10,Dylan Wu,"Wu, Dylan",2595,3.71%,1.50%,+2150,+3300,+2500,+3211,2026-09-30T02:10:10.835262Z
PGA,top_10,Sudarshan Yellamaraju,"Yellamaraju, Sudarshan",781.8181818,11.34%,4.55%,+750,+850,+700,+1067,2026-09-30T02:10:10.835266Z
PGA,top_10,Kevin Yu,"Yu, Kevin",341.9090909,22.63%,9.03%,+360,+380,+350,+447,2026-09-30T02:10:10.835269Z
PGA,top_20,Kihei Akina,"Akina, Kihei",784,11.31%,4.81%,+740,+1000,+650,+1093,2026-09-30T02:10:10.835275Z
PGA,top_20,Seonghyeon An,"An, Seonghyeon",1712.5,5.52%,2.41%,,+1900,+2500,+22501,2026-09-30T02:10:10.835278Z
PGA,top_20,Zach Bauchou,"Bauchou, Zach",228.5,30.44%,12.66%,+245,+250,+210,+275,2026-09-30T02:10:10.835283Z
PGA,top_20,Christiaan Bezuidenhout,"Bezuidenhout, Christiaan",228,30.49%,12.71%,+225,+250,+240,+283,2026-09-30T02:10:10.835287Z
PGA,top_20,Zac Blair,"Blair, Zac",344.1,22.52%,9.40%,+310,+430,+350,+427,2026-09-30T02:10:10.835291Z
PGA,top_20,Chandler Blanchet,"Blanchet, Chandler",515.5,16.25%,6.81%,+455,+600,+500,+712,2026-09-30T02:10:10.835294Z
PGA,top_20,Boston Bracken,"Bracken, Boston",1172.5,7.86%,3.32%,+880,+1400,+1200,+3025,2026-09-30T02:10:10.835298Z
PGA,top_20,Michael Brennan,"Brennan, Michael",-26.7,21.07%,21.40%,+106,-105,-105,+143,2026-09-30T02:10:10.835301Z
PGA,top_20,Rafael Campos,"Campos, Rafael",1283.333333,7.23%,3.04%,+1050,+1600,+1400,+1723,2026-09-30T02:10:10.835305Z
PGA,top_20,Davis Chatfield,"Chatfield, Davis",500.5,16.65%,7.01%,+480,+600,+500,+686,2026-09-30T02:10:10.835308Z
PGA,top_20,Luke Clanton,"Clanton, Luke",501,16.64%,6.92%,+485,+550,+500,+689,2026-09-30T02:10:10.835311Z
PGA,top_20,Eric Cole,"Cole, Eric",187.6,34.77%,14.47%,+192,+200,+188,+212,2026-09-30T02:10:10.835315Z
PGA,top_20,Pierceson Coody,"Coody, Pierceson",216.8,31.57%,13.21%,+205,+210,+188,+295,2026-09-30T02:10:10.835321Z
PGA,top_20,Trace Crowe,"Crowe, Trace",329,23.31%,9.73%,+315,+340,+320,+460,2026-09-30T02:10:10.835324Z
PGA,top_20,Joel Dahmen,"Dahmen, Joel",413,19.49%,8.19%,+355,+500,+350,+614,2026-09-30T02:10:10.835328Z
PGA,top_20,Cam Davis,"Davis, Cam",1152.777778,7.98%,3.34%,+1075,+1300,+1000,+1767,2026-09-30T02:10:10.835331Z
PGA,top_20,Zecheng Dou,"Dou, Zecheng",241.5,29.28%,12.19%,+245,+250,+240,+301,2026-09-30T02:10:10.835336Z
PGA,top_20,Adrien Dumont De Chassart,"Dumont De Chassart, Adrien",537.5,15.69%,6.59%,+500,+650,+500,+667,2026-09-30T02:10:10.835340Z
PGA,top_20,Tyler Duncan,"Duncan, Tyler",614.4444444,14.00%,5.88%,+480,+700,+700,+821,2026-09-30T02:10:10.835344Z
PGA,top_20,Nick Dunlap,"Dunlap, Nick",959,9.44%,3.98%,+890,+1100,+800,+1802,2026-09-30T02:10:10.835347Z
PGA,top_20,Austin Eckroat,"Eckroat, Austin",272,26.88%,11.19%,+260,+300,+260,+344,2026-09-30T02:10:10.835351Z
PGA,top_20,A.J. Ewart,"Ewart, A.J.",516.1111111,16.23%,6.78%,+470,+650,+500,+605,2026-09-30T02:10:10.835354Z
PGA,top_20,Tony Finau,"Finau, Tony",355.8,21.94%,9.17%,+375,+430,+320,+517,2026-09-30T02:10:10.835359Z
PGA,top_20,Patrick Fishburn,"Fishburn, Patrick",345.1,22.47%,9.37%,+315,+380,+350,+428,2026-09-30T02:10:10.835364Z
PGA,top_20,Steven Fisk,"Fisk, Steven",290.5,25.61%,10.69%,+245,+340,+280,+354,2026-09-30T02:10:10.835368Z
PGA,top_20,David Ford,"Ford, David",329,23.31%,9.78%,+320,+340,+280,+568,2026-09-30T02:10:10.835371Z
PGA,top_20,Brice Garnett,"Garnett, Brice",769,11.51%,4.83%,+690,+1000,+700,+1149,2026-09-30T02:10:10.835375Z
PGA,top_20,Doug Ghim,"Ghim, Doug",123.3,44.78%,18.66%,+115,+135,+115,+138,2026-09-30T02:10:10.835378Z
PGA,top_20,Lucas Glover,"Glover, Lucas",438.5,18.57%,7.79%,+435,+550,+400,+768,2026-09-30T02:10:10.835382Z
PGA,top_20,Will Gordon,"Gordon, Will",958.8888889,9.44%,4.12%,+730,+1100,+800,+1257,2026-09-30T02:10:10.835385Z
PGA,top_20,Max Greyserman,"Greyserman, Max",200.8,33.24%,13.84%,+210,+220,+200,+262,2026-09-30T02:10:10.835388Z
PGA,top_20,Emiliano Grillo,"Grillo, Emiliano",236,29.76%,12.39%,+245,+270,+240,+328,2026-09-30T02:10:10.835392Z
PGA,top_20,Harry Hall,"Hall, Harry",184.4,35.16%,14.65%,+186,+200,+188,+243,2026-09-30T02:10:10.835399Z
PGA,top_20,Garrick Higgo,"Higgo, Garrick",487,17.04%,7.15%,+470,+650,+500,+803,2026-09-30T02:10:10.835402Z
PGA,top_20,Joe Highsmith,"Highsmith, Joe",662,13.12%,5.48%,+570,+700,+650,+979,2026-09-30T02:10:10.835406Z
PGA,top_20,Kensei Hirata,"Hirata, Kensei",1572.222222,5.98%,2.49%,+1550,+1700,+1600,+2603,2026-09-30T02:10:10.835409Z
PGA,top_20,Lee Hodges,"Hodges, Lee",284,26.04%,10.86%,+280,+340,+280,+425,2026-09-30T02:10:10.835413Z
PGA,top_20,Rico Hoey,"Hoey, Rico",204.8,32.81%,13.67%,+205,+230,+210,+301,2026-09-30T02:10:10.835416Z
PGA,top_20,Tom Hoge,"Hoge, Tom",458,17.92%,7.51%,+430,+550,+475,+613,2026-09-30T02:10:10.835420Z
PGA,top_20,Rasmus Hojgaard,"Hojgaard, Rasmus",196.7,33.70%,14.02%,+205,+220,+188,+273,2026-09-30T02:10:10.835423Z
PGA,top_20,Max Homa,"Homa, Max",197.5,33.61%,14.00%,+180,+230,+200,+284,2026-09-30T02:10:10.835427Z
PGA,top_20,Billy Horschel,"Horschel, Billy",221.5,31.10%,12.97%,+260,+230,+210,+328,2026-09-30T02:10:10.835430Z
PGA,top_20,Beau Hossler,"Hossler, Beau",201.9,33.12%,13.80%,+186,+230,+210,+238,2026-09-30T02:10:10.835436Z
PGA,top_20,Mark Hubbard,"Hubbard, Mark",516,16.23%,6.78%,+485,+650,+500,+660,2026-09-30T02:10:10.835439Z
PGA,top_20,Mackenzie Hughes,"Hughes, Mackenzie",268.5,27.14%,11.34%,+230,+340,+275,+279,2026-09-30T02:10:10.835442Z
PGA,top_20,Stephan Jaeger,"Jaeger, Stephan",229.5,30.35%,12.66%,+205,+270,+230,+374,2026-09-30T02:10:10.835446Z
PGA,top_20,Ben James,"James, Ben",-1.1,1.09%,20.90%,+102,+105,-105,+130,2026-09-30T02:10:10.835449Z
PGA,top_20,Zach J. Johnson,"Johnson, Zach J.",3233.333333,3.00%,1.45%,+5200,,,+57382,2026-09-30T02:10:10.835453Z
PGA,top_20,Takumi Kanaya,"Kanaya, Takumi",451.5,18.13%,7.59%,+415,+500,+500,+542,2026-09-30T02:10:10.835456Z
PGA,top_20,Jeffrey Kang,"Kang, Jeffrey",986.6666667,9.20%,3.84%,+930,+1100,+1000,+1195,2026-09-30T02:10:10.835462Z
PGA,top_20,Johnny Keefer,"Keefer, Johnny",175.1,36.35%,15.15%,+194,+195,+150,+246,2026-09-30T02:10:10.835465Z
PGA,top_20,Chris Kirk,"Kirk, Chris",205.5,32.73%,13.65%,+205,+230,+210,+267,2026-09-30T02:10:10.835468Z
PGA,top_20,Patton Kizzire,"Kizzire, Patton",1230.555556,7.52%,3.14%,+1075,+1300,+1400,+1870,2026-09-30T02:10:10.835477Z
PGA,top_20,Ben Kohles,"Kohles, Ben",212.8,31.97%,13.32%,+200,+230,+210,+302,2026-09-30T02:10:10.835481Z
PGA,top_20,Jackson Koivun,"Koivun, Jackson",-141.9,58.66%,24.29%,-140,-135,-130,-103,2026-09-30T02:10:10.835485Z
PGA,top_20,Christo Lamprecht,"Lamprecht, Christo",1694.444444,5.57%,2.36%,+1950,+2200,+1400,+3041,2026-09-30T02:10:10.835488Z
PGA,top_20,Hank Lebioda,"Lebioda, Hank",814.4444444,10.94%,4.61%,+630,+1000,+800,+865,2026-09-30T02:10:10.835492Z
PGA,top_20,Haotong Li,"Li, Haotong",258,27.93%,11.72%,+315,+280,+210,+420,2026-09-30T02:10:10.835495Z
PGA,top_20,David Lingmerth,"Lingmerth, David",3575,2.72%,1.20%,+5000,,+3300,+10334,2026-09-30T02:10:10.835499Z
PGA,top_20,David Lipsky,"Lipsky, David",704.4444444,12.43%,5.23%,+540,+850,+700,+880,2026-09-30T02:10:10.835502Z
PGA,top_20,Justin Lower,"Lower, Justin",513,16.31%,6.84%,+580,+650,+500,+918,2026-09-30T02:10:10.835506Z
PGA,top_20,Carson Lundell,"Lundell, Carson",2081.25,4.58%,2.01%,+2450,,+2200,+9059,2026-09-30T02:10:10.835509Z
PGA,top_20,Peter Malnati,"Malnati, Peter",882.2222222,10.18%,4.29%,+790,+1000,+900,+1099,2026-09-30T02:10:10.835515Z
PGA,top_20,Ben Martin,"Martin, Ben",818.8888889,10.88%,4.61%,+670,+1100,+800,+1149,2026-09-30T02:10:10.835518Z
PGA,top_20,Bowen Mauss,"Mauss, Bowen",2906.25,3.33%,1.45%,+2050,,+2800,+32338,2026-09-30T02:10:10.835522Z
PGA,top_20,Denny McCarthy,"McCarthy, Denny",303.5,24.78%,10.38%,+285,+340,+280,+360,2026-09-30T02:10:10.835528Z
PGA,top_20,Matt McCarty,"McCarty, Matt",203.4,32.96%,13.75%,+220,+250,+188,+419,2026-09-30T02:10:10.835531Z
PGA,top_20,Max McGreevy,"McGreevy, Max",307,24.57%,10.27%,+310,+380,+280,+470,2026-09-30T02:10:10.835535Z
PGA,top_20,Maverick McNealy,"McNealy, Maverick",94.8,51.33%,19.41%,+110,+130,+110,+124,2026-09-30T02:10:10.835538Z
PGA,top_20,Mac Meissner,"Meissner, Mac",185.7,35.00%,14.56%,+188,+195,+188,+221,2026-09-30T02:10:10.835542Z
PGA,top_20,Taylor Moore,"Moore, Taylor",357.5,21.86%,9.14%,+315,+380,+320,+388,2026-09-30T02:10:10.835547Z
PGA,top_20,William Mouw,"Mouw, William",294,25.38%,10.58%,+295,+340,+280,+397,2026-09-30T02:10:10.835550Z
PGA,top_20,Rasmus Neergaard-Petersen,"Neergaard-Petersen, Rasmus",230.5,30.26%,12.62%,+225,+270,+210,+296,2026-09-30T02:10:10.835560Z
PGA,top_20,Pontus Nyholm,"Nyholm, Pontus",563.5,15.07%,6.30%,+510,+600,+550,+730,2026-09-30T02:10:10.835564Z
PGA,top_20,C.T. Pan,"Pan, C.T.",1057.142857,8.64%,3.69%,+900,+1300,+900,+1801,2026-09-30T02:10:10.835567Z
PGA,top_20,John Parry,"Parry, John",272,26.88%,11.24%,+260,+340,+280,+307,2026-09-30T02:10:10.835571Z
PGA,top_20,Matthieu Pavon,"Pavon, Matthieu",316,24.04%,10.04%,+330,+380,+280,+393,2026-09-30T02:10:10.835575Z
PGA,top_20,Marco Penge,"Penge, Marco",140.8,41.53%,17.31%,+144,+160,+130,+193,2026-09-30T02:10:10.835578Z
PGA,top_20,Paul Peterson,"Peterson, Paul",600,14.29%,6.03%,+550,+850,+650,+828,2026-09-30T02:10:10.835581Z
PGA,top_20,Chandler Phillips,"Phillips, Chandler",307.5,24.54%,10.26%,+300,+380,+280,+372,2026-09-30T02:10:10.835585Z
PGA,top_20,Aldrich Potgieter,"Potgieter, Aldrich",332.3,23.13%,9.65%,+345,+340,+320,+550,2026-09-30T02:10:10.835589Z
PGA,top_20,Seamus Power,"Power, Seamus",299.5,25.03%,10.49%,+270,+380,+280,+455,2026-09-30T02:10:10.835592Z
PGA,top_20,Andrew Putnam,"Putnam, Andrew",441,18.48%,7.77%,+410,+550,+500,+536,2026-09-30T02:10:10.835599Z
PGA,top_20,Chad Ramey,"Ramey, Chad",398.5,20.06%,8.42%,+385,+550,+400,+573,2026-09-30T02:10:10.835602Z
PGA,top_20,Rhett Rasmussen,"Rasmussen, Rhett",2314.285714,4.14%,1.92%,+3500,,+2800,+23495,2026-09-30T02:10:10.835606Z
PGA,top_20,Davis Riley,"Riley, Davis",776.6666667,11.41%,4.86%,+690,+750,+700,+1044,2026-09-30T02:10:10.835609Z
PGA,top_20,Patrick Rodgers,"Rodgers, Patrick",371.3,21.22%,8.95%,+410,+430,+280,+682,2026-09-30T02:10:10.835613Z
PGA,top_20,Kevin Roy,"Roy, Kevin",230,30.30%,12.61%,+220,+250,+230,+270,2026-09-30T02:10:10.835616Z
PGA,top_20,Marcelo Rozo,"Rozo, Marcelo",2087.5,4.57%,1.97%,+1700,,+2200,+3027,2026-09-30T02:10:10.835620Z
PGA,top_20,Isaiah Salinda,"Salinda, Isaiah",469.5,17.56%,7.33%,+425,+470,+500,+681,2026-09-30T02:10:10.835623Z
PGA,top_20,Gordon Sargent,"Sargent, Gordon",400.3,19.99%,8.45%,+425,+550,+320,+651,2026-09-30T02:10:10.835626Z
PGA,top_20,Adam Schenk,"Schenk, Adam",1071.111111,8.54%,3.58%,+940,+1300,+1000,+1390,2026-09-30T02:10:10.835630Z
PGA,top_20,Tyson Shelley,"Shelley, Tyson",1878.571429,5.05%,2.29%,+1250,,+2800,+31618,2026-09-30T02:10:10.835635Z
PGA,top_20,Neal Shipley,"Shipley, Neal",217,31.55%,13.14%,+225,+250,+210,+344,2026-09-30T02:10:10.835638Z
PGA,top_20,Ben Silverman,"Silverman, Ben",574.5,14.83%,6.34%,+495,+700,+550,+868,2026-09-30T02:10:10.835642Z
PGA,top_20,David Skinns,"Skinns, David",686,12.72%,5.39%,+560,+1000,+650,+919,2026-09-30T02:10:10.835646Z
PGA,top_20,Jordan Smith,"Smith, Jordan",166.7,37.50%,15.65%,+175,+185,+150,+214,2026-09-30T02:10:10.835649Z
PGA,top_20,Austin Smotherman,"Smotherman, Austin",311.5,24.30%,10.12%,+305,+340,+320,+458,2026-09-30T02:10:10.835652Z
PGA,top_20,Matt Snyder,"Snyder, Matt",2342.857143,4.09%,1.92%,+4000,,+2800,+28744,2026-09-30T02:10:10.835658Z
PGA,top_20,Hayden Springer,"Springer, Hayden",385.5,20.60%,8.63%,+375,+470,+350,+500,2026-09-30T02:10:10.835661Z
PGA,top_20,Jimmy Stanger,"Stanger, Jimmy",966.6666667,9.38%,3.96%,+900,+1000,+900,+1405,2026-09-30T02:10:10.835665Z
PGA,top_20,Kevin Streelman,"Streelman, Kevin",574.5,14.83%,6.25%,+495,+750,+550,+971,2026-09-30T02:10:10.835668Z
PGA,top_20,Jackson Suber,"Suber, Jackson",156.4,39.00%,16.26%,+154,+175,+145,+206,2026-09-30T02:10:10.835674Z
PGA,top_20,Adam Svensson,"Svensson, Adam",773,11.45%,4.82%,+780,+1000,+700,+1161,2026-09-30T02:10:10.835677Z
PGA,top_20,Jesper Svensson,"Svensson, Jesper",393,20.28%,8.46%,+375,+430,+350,+643,2026-09-30T02:10:10.835681Z
PGA,top_20,Nick Taylor,"Taylor, Nick",224.5,30.82%,12.86%,+205,+270,+230,+290,2026-09-30T02:10:10.835684Z
PGA,top_20,Davis Thompson,"Thompson, Davis",171.8,36.79%,15.34%,+166,+200,+160,+214,2026-09-30T02:10:10.835688Z
PGA,top_20,Michael Thompson,"Thompson, Michael",1618.75,5.82%,2.44%,+1350,,+1600,+2843,2026-09-30T02:10:10.835691Z
PGA,top_20,Brendon Todd,"Todd, Brendon",3112.5,3.11%,1.43%,+3900,,+2500,+8609,2026-09-30T02:10:10.835695Z
PGA,top_20,Alejandro Tosti,"Tosti, Alejandro",1006.666667,9.04%,3.83%,+810,+1100,+900,+1551,2026-09-30T02:10:10.835698Z
PGA,top_20,Erik Van Rooyen,"Van Rooyen, Erik",568,14.97%,6.30%,+530,+700,+500,+810,2026-09-30T02:10:10.835702Z
PGA,top_20,John VanDerLaan,"VanDerLaan, John",463.5,17.75%,7.42%,+410,+550,+400,+660,2026-09-30T02:10:10.835705Z
PGA,top_20,Kristoffer Ventura,"Ventura, Kristoffer",211.3,32.12%,13.40%,+205,+220,+188,+294,2026-09-30T02:10:10.835711Z
PGA,top_20,Danny Walker,"Walker, Danny",942.2222222,9.59%,4.04%,+730,+1000,+900,+1187,2026-09-30T02:10:10.835714Z
PGA,top_20,Matt Wallace,"Wallace, Matt",126.5,44.15%,18.38%,+122,+135,+130,+136,2026-09-30T02:10:10.835719Z
PGA,top_20,Vince Whaley,"Whaley, Vince",777,11.40%,4.78%,+770,+1000,+700,+1034,2026-09-30T02:10:10.835725Z
PGA,top_20,Aaron Wise,"Wise, Aaron",850,10.53%,4.44%,+700,+900,+800,+1092,2026-09-30T02:10:10.835728Z
PGA,top_20,Dylan Wu,"Wu, Dylan",950,9.52%,3.99%,+800,+1100,+900,+1130,2026-09-30T02:10:10.835731Z
PGA,top_20,Sudarshan Yellamaraju,"Yellamaraju, Sudarshan",333.8,23.05%,9.65%,+315,+380,+280,+452,2026-09-30T02:10:10.835735Z
PGA,top_20,Kevin Yu,"Yu, Kevin",158.7,38.65%,16.09%,+162,+175,+160,+203,2026-09-30T02:10:10.835739Z
PGA,top_5,Kihei Akina,"Akina, Kihei",4490.909091,2.18%,0.88%,+4800,+5000,+4500,+7037,2026-09-30T02:10:10.835742Z
PGA,top_5,Seonghyeon An,"An, Seonghyeon",12777.77778,0.78%,0.38%,,+8000,+27500,+236586,2026-09-30T02:10:10.835745Z
PGA,top_5,Zach Bauchou,"Bauchou, Zach",1118.75,8.21%,3.24%,+1275,+1100,+1000,+1379,2026-09-30T02:10:10.835751Z
PGA,top_5,Christiaan Bezuidenhout,"Bezuidenhout, Christiaan",1152.083333,7.99%,3.17%,+1175,+1100,+1200,+1522,2026-09-30T02:10:10.835755Z
PGA,top_5,Zac Blair,"Blair, Zac",1837.5,5.16%,2.03%,+1800,+2200,+2000,+2589,2026-09-30T02:10:10.835758Z
PGA,top_5,Chandler Blanchet,"Blanchet, Chandler",2670.833333,3.61%,1.42%,+2700,+2500,+3000,+4454,2026-09-30T02:10:10.835762Z
PGA,top_5,Boston Bracken,"Bracken, Boston",7977.777778,1.24%,0.49%,+6200,+8000,+9000,+22097,2026-09-30T02:10:10.835765Z
PGA,top_5,Michael Brennan,"Brennan, Michael",395.4166667,20.19%,7.91%,+445,+380,+400,+573,2026-09-30T02:10:10.835769Z
PGA,top_5,Rafael Campos,"Campos, Rafael",8066.666667,1.22%,0.49%,+8000,,+11000,+12839,2026-09-30T02:10:10.835772Z
PGA,top_5,Davis Chatfield,"Chatfield, Davis",2712.5,3.56%,1.41%,+3100,+3000,+3000,+4381,2026-09-30T02:10:10.835775Z
PGA,top_5,Luke Clanton,"Clanton, Luke",2787.5,3.46%,1.36%,+2900,+2700,+3000,+3937,2026-09-30T02:10:10.835779Z
PGA,top_5,Eric Cole,"Cole, Eric",882.0833333,10.18%,4.01%,+930,+900,+900,+941,2026-09-30T02:10:10.835784Z
PGA,top_5,Pierceson Coody,"Coody, Pierceson",998.3333333,9.10%,3.58%,+980,+1000,+900,+1378,2026-09-30T02:10:10.835790Z
PGA,top_5,Trace Crowe,"Crowe, Trace",1695.833333,5.57%,2.18%,+1700,+1700,+1800,+2448,2026-09-30T02:10:10.835794Z
PGA,top_5,Joel Dahmen,"Dahmen, Joel",2266.666667,4.23%,1.66%,+2050,+2500,+2000,+3641,2026-09-30T02:10:10.835797Z
PGA,top_5,Cam Davis,"Davis, Cam",7490,1.32%,0.52%,+7800,+7500,+8000,+12264,2026-09-30T02:10:10.835801Z
PGA,top_5,Zecheng Dou,"Dou, Zecheng",1195,7.72%,3.03%,+1275,+1100,+1200,+1430,2026-09-30T02:10:10.835804Z
PGA,top_5,Adrien Dumont De Chassart,"Dumont De Chassart, Adrien",3320.833333,2.92%,1.18%,+3000,+3300,+3000,+3963,2026-09-30T02:10:10.835808Z
PGA,top_5,Tyler Duncan,"Duncan, Tyler",3440,2.82%,1.14%,+3000,+3500,+5500,+5333,2026-09-30T02:10:10.835812Z
PGA,top_5,Nick Dunlap,"Dunlap, Nick",5781.818182,1.70%,0.67%,+6200,+5000,+6000,+12907,2026-09-30T02:10:10.835815Z
PGA,top_5,Austin Eckroat,"Eckroat, Austin",1333.333333,6.98%,2.73%,+1350,+1400,+1400,+1753,2026-09-30T02:10:10.835819Z
PGA,top_5,A.J. Ewart,"Ewart, A.J.",2804.545455,3.44%,1.35%,+2800,+3300,+3000,+3491,2026-09-30T02:10:10.835822Z
PGA,top_5,Tony Finau,"Finau, Tony",1950,4.88%,1.95%,+2050,+2000,+1800,+2634,2026-09-30T02:10:10.835827Z
PGA,top_5,Patrick Fishburn,"Fishburn, Patrick",1804.166667,5.25%,2.07%,+1700,+1700,+2000,+2202,2026-09-30T02:10:10.835831Z
PGA,top_5,Steven Fisk,"Fisk, Steven",1445.833333,6.47%,2.53%,+1300,+1700,+1600,+1802,2026-09-30T02:10:10.835835Z
PGA,top_5,David Ford,"Ford, David",1654.166667,5.70%,2.26%,+1700,+1600,+1600,+3081,2026-09-30T02:10:10.835838Z
PGA,top_5,Brice Garnett,"Garnett, Brice",4809.090909,2.04%,0.80%,+4900,+5000,+5500,+8221,2026-09-30T02:10:10.835842Z
PGA,top_5,Doug Ghim,"Ghim, Doug",532.0833333,15.82%,6.15%,+520,+600,+500,+585,2026-09-30T02:10:10.835847Z
PGA,top_5,Lucas Glover,"Glover, Lucas",2254.166667,4.25%,1.68%,+2600,+2700,+2200,+5031,2026-09-30T02:10:10.835850Z
PGA,top_5,Will Gordon,"Gordon, Will",6000,1.64%,0.67%,+5000,+5500,+6000,+8355,2026-09-30T02:10:10.835854Z
PGA,top_5,Max Greyserman,"Greyserman, Max",964.5833333,9.39%,3.71%,+1025,+1000,+1000,+1199,2026-09-30T02:10:10.835857Z
PGA,top_5,Emiliano Grillo,"Grillo, Emiliano",1177.083333,7.83%,3.07%,+1275,+1400,+1200,+1703,2026-09-30T02:10:10.835861Z
PGA,top_5,Harry Hall,"Hall, Harry",840.8333333,10.63%,4.21%,+890,+850,+900,+1187,2026-09-30T02:10:10.835866Z
PGA,top_5,Garrick Higgo,"Higgo, Garrick",2762.5,3.49%,1.38%,+2800,+3300,+3000,+4625,2026-09-30T02:10:10.835870Z
PGA,top_5,Joe Highsmith,"Highsmith, Joe",3890.909091,2.51%,0.99%,+3500,+4000,+4500,+5846,2026-09-30T02:10:10.835874Z
PGA,top_5,Kensei Hirata,"Hirata, Kensei",10777.77778,0.92%,0.38%,+14000,,+15000,+23370,2026-09-30T02:10:10.835877Z
PGA,top_5,Lee Hodges,"Hodges, Lee",1392.916667,6.70%,2.63%,+1500,+1600,+1600,+2232,2026-09-30T02:10:10.835881Z
PGA,top_5,Rico Hoey,"Hoey, Rico",954.1666667,9.49%,3.72%,+1000,+1100,+1000,+1445,2026-09-30T02:10:10.835884Z
PGA,top_5,Tom Hoge,"Hoge, Tom",2529.166667,3.80%,1.51%,+2500,+3000,+2800,+3580,2026-09-30T02:10:10.835887Z
PGA,top_5,Rasmus Hojgaard,"Hojgaard, Rasmus",906.6666667,9.93%,3.88%,+980,+1000,+900,+1238,2026-09-30T02:10:10.835891Z
PGA,top_5,Max Homa,"Homa, Max",928.3333333,9.72%,3.85%,+840,+1000,+1000,+1311,2026-09-30T02:10:10.835894Z
PGA,top_5,Billy Horschel,"Horschel, Billy",1077.083333,8.50%,3.36%,+1325,+1100,+1000,+1688,2026-09-30T02:10:10.835900Z
PGA,top_5,Beau Hossler,"Hossler, Beau",965.8333333,9.38%,3.66%,+890,+1100,+1000,+1114,2026-09-30T02:10:10.835905Z
PGA,top_5,Mark Hubbard,"Hubbard, Mark",2845.833333,3.39%,1.34%,+3000,+3000,+3000,+4024,2026-09-30T02:10:10.835910Z
PGA,top_5,Mackenzie Hughes,"Hughes, Mackenzie",1362.5,6.84%,2.71%,+1200,+1600,+1600,+1340,2026-09-30T02:10:10.835914Z
PGA,top_5,Stephan Jaeger,"Jaeger, Stephan",1166.666667,7.89%,3.19%,+1000,+1300,+1100,+1847,2026-09-30T02:10:10.835918Z
PGA,top_5,Ben James,"James, Ben",395.4166667,20.19%,7.88%,+445,+380,+400,+515,2026-09-30T02:10:10.835921Z
PGA,top_5,Zach J. Johnson,"Johnson, Zach J.",28833.33333,0.35%,0.16%,+49000,,,+685614,2026-09-30T02:10:10.835925Z
PGA,top_5,Takumi Kanaya,"Kanaya, Takumi",2554.166667,3.77%,1.49%,+2600,+2700,+3000,+3421,2026-09-30T02:10:10.835928Z
PGA,top_5,Jeffrey Kang,"Kang, Jeffrey",6320,1.56%,0.62%,+6800,+7000,+8000,+7828,2026-09-30T02:10:10.835932Z
PGA,top_5,Johnny Keefer,"Keefer, Johnny",775.4166667,11.42%,4.47%,+900,+850,+700,+1115,2026-09-30T02:10:10.835935Z
PGA,top_5,Chris Kirk,"Kirk, Chris",970.8333333,9.34%,3.68%,+1000,+1100,+1000,+1302,2026-09-30T02:10:10.835939Z
PGA,top_5,Patton Kizzire,"Kizzire, Patton",7940,1.24%,0.50%,+8400,+7500,+11000,+14442,2026-09-30T02:10:10.835944Z
PGA,top_5,Ben Kohles,"Kohles, Ben",1047.916667,8.71%,3.43%,+1025,+1100,+1000,+1606,2026-09-30T02:10:10.835948Z
PGA,top_5,Jackson Koivun,"Koivun, Jackson",288.3333333,25.75%,10.05%,+305,+300,+320,+376,2026-09-30T02:10:10.835951Z
PGA,top_5,Christo Lamprecht,"Lamprecht, Christo",11800,0.84%,0.34%,+16000,+15000,+11000,+25066,2026-09-30T02:10:10.835954Z
PGA,top_5,Hank Lebioda,"Lebioda, Hank",5070,1.93%,0.76%,+4200,+6000,+6000,+5629,2026-09-30T02:10:10.835958Z
PGA,top_5,Haotong Li,"Li, Haotong",1245.833333,7.43%,2.98%,+1600,+1300,+1000,+2209,2026-09-30T02:10:10.835961Z
PGA,top_5,David Lingmerth,"Lingmerth, David",25900,0.38%,0.18%,+49000,+15000,+35000,+135391,2026-09-30T02:10:10.835965Z
PGA,top_5,David Lipsky,"Lipsky, David",4250,2.30%,0.91%,+3500,+4500,+5500,+5460,2026-09-30T02:10:10.835968Z
PGA,top_5,Justin Lower,"Lower, Justin",3054.166667,3.17%,1.26%,+3700,+3300,+3000,+5757,2026-09-30T02:10:10.835973Z
PGA,top_5,Carson Lundell,"Lundell, Carson",17850,0.56%,0.27%,+24000,+15000,+20000,+72826,2026-09-30T02:10:10.835977Z
PGA,top_5,Peter Malnati,"Malnati, Peter",5410,1.81%,0.72%,+5500,+5500,+7000,+6968,2026-09-30T02:10:10.835982Z
PGA,top_5,Ben Martin,"Martin, Ben",4960,1.98%,0.78%,+4600,+5500,+6000,+8349,2026-09-30T02:10:10.835985Z
PGA,top_5,Bowen Mauss,"Mauss, Bowen",20150,0.49%,0.21%,+19000,+15000,+30000,+516770,2026-09-30T02:10:10.835989Z
PGA,top_5,Denny McCarthy,"McCarthy, Denny",1600,5.88%,2.33%,+1550,+1700,+1600,+1986,2026-09-30T02:10:10.835992Z
PGA,top_5,Matt McCarty,"McCarty, Matt",1001.25,9.08%,3.67%,+1050,+1100,+900,+2247,2026-09-30T02:10:10.835995Z
PGA,top_5,Max McGreevy,"McGreevy, Max",1545.833333,6.08%,2.37%,+1700,+1700,+1600,+2634,2026-09-30T02:10:10.835999Z
PGA,top_5,Maverick McNealy,"McNealy, Maverick",477.9166667,17.30%,6.76%,+480,+550,+475,+483,2026-09-30T02:10:10.836002Z
PGA,top_5,Mac Meissner,"Meissner, Mac",882.0833333,10.18%,3.97%,+920,+900,+900,+1043,2026-09-30T02:10:10.836006Z
PGA,top_5,Taylor Moore,"Moore, Taylor",1829.166667,5.18%,2.03%,+1700,+1900,+1800,+1949,2026-09-30T02:10:10.836009Z
PGA,top_5,William Mouw,"Mouw, William",1500,6.25%,2.45%,+1550,+1600,+1600,+2049,2026-09-30T02:10:10.836012Z
PGA,top_5,Rasmus Neergaard-Petersen,"Neergaard-Petersen, Rasmus",1108.333333,8.28%,3.23%,+1150,+1300,+1000,+1457,2026-09-30T02:10:10.836018Z
PGA,top_5,Pontus Nyholm,"Nyholm, Pontus",3020.833333,3.20%,1.28%,+3000,+2700,+4000,+4422,2026-09-30T02:10:10.836022Z
PGA,top_5,C.T. Pan,"Pan, C.T.",6425,1.53%,0.61%,+6900,+7500,+7000,+12401,2026-09-30T02:10:10.836025Z
PGA,top_5,John Parry,"Parry, John",1334.583333,6.97%,2.75%,+1400,+1600,+1600,+1631,2026-09-30T02:10:10.836028Z
PGA,top_5,Matthieu Pavon,"Pavon, Matthieu",1562.5,6.02%,2.36%,+1700,+1700,+1600,+1988,2026-09-30T02:10:10.836034Z
PGA,top_5,Marco Penge,"Penge, Marco",587.0833333,14.55%,5.72%,+640,+650,+600,+797,2026-09-30T02:10:10.836037Z
PGA,top_5,Paul Peterson,"Peterson, Paul",3436.363636,2.83%,1.14%,+3900,+4000,+4500,+5811,2026-09-30T02:10:10.836069Z
PGA,top_5,Chandler Phillips,"Phillips, Chandler",1550,6.06%,2.37%,+1650,+1700,+1600,+1939,2026-09-30T02:10:10.836079Z
PGA,top_5,Aldrich Potgieter,"Potgieter, Aldrich",1633.333333,5.77%,2.26%,+1750,+1600,+1800,+2660,2026-09-30T02:10:10.836086Z
PGA,top_5,Seamus Power,"Power, Seamus",1487.5,6.30%,2.49%,+1500,+1700,+1600,+2509,2026-09-30T02:10:10.836090Z
PGA,top_5,Andrew Putnam,"Putnam, Andrew",2620.833333,3.68%,1.48%,+2600,+3000,+3000,+3426,2026-09-30T02:10:10.836097Z
PGA,top_5,Chad Ramey,"Ramey, Chad",2104.166667,4.54%,1.78%,+2200,+2500,+2200,+3427,2026-09-30T02:10:10.836101Z
PGA,top_5,Rhett Rasmussen,"Rasmussen, Rhett",20555.55556,0.48%,0.26%,+38000,+15000,+30000,+184205,2026-09-30T02:10:10.836104Z
PGA,top_5,Davis Riley,"Riley, Davis",4660,2.10%,0.85%,+4500,+4000,+5500,+6118,2026-09-30T02:10:10.836108Z
PGA,top_5,Patrick Rodgers,"Rodgers, Patrick",2054.166667,4.64%,1.87%,+2300,+2000,+1600,+4088,2026-09-30T02:10:10.836112Z
PGA,top_5,Kevin Roy,"Roy, Kevin",1112.5,8.25%,3.23%,+1100,+1300,+1100,+1274,2026-09-30T02:10:10.836117Z
PGA,top_5,Marcelo Rozo,"Rozo, Marcelo",14000,0.71%,0.30%,+14500,+15000,+20000,+25592,2026-09-30T02:10:10.836121Z
PGA,top_5,Isaiah Salinda,"Salinda, Isaiah",2408.333333,3.99%,1.58%,+2450,+2200,+3000,+3913,2026-09-30T02:10:10.836124Z
PGA,top_5,Gordon Sargent,"Sargent, Gordon",2004.166667,4.75%,1.90%,+2300,+2500,+1800,+3382,2026-09-30T02:10:10.836127Z
PGA,top_5,Adam Schenk,"Schenk, Adam",6490,1.52%,0.60%,+6700,+7500,+8000,+10024,2026-09-30T02:10:10.836131Z
PGA,top_5,Tyson Shelley,"Shelley, Tyson",15625,0.64%,0.34%,+10000,,+30000,+334472,2026-09-30T02:10:10.836136Z
PGA,top_5,Neal Shipley,"Shipley, Neal",1063.333333,8.60%,3.37%,+1125,+1300,+1000,+1623,2026-09-30T02:10:10.836142Z
PGA,top_5,Ben Silverman,"Silverman, Ben",3362.5,2.89%,1.19%,+3100,+4000,+3300,+5930,2026-09-30T02:10:10.836145Z
PGA,top_5,David Skinns,"Skinns, David",3945.454545,2.47%,0.98%,+3600,+5000,+4500,+5792,2026-09-30T02:10:10.836149Z
PGA,top_5,Jordan Smith,"Smith, Jordan",748.3333333,11.79%,4.60%,+840,+750,+700,+979,2026-09-30T02:10:10.836152Z
PGA,top_5,Austin Smotherman,"Smotherman, Austin",1583.333333,5.94%,2.33%,+1650,+1700,+1800,+2453,2026-09-30T02:10:10.836156Z
PGA,top_5,Matt Snyder,"Snyder, Matt",22055.55556,0.45%,0.25%,+44000,+15000,+30000,+220151,2026-09-30T02:10:10.836159Z
PGA,top_5,Hayden Springer,"Springer, Hayden",1933.333333,4.92%,1.95%,+2050,+2200,+2000,+2676,2026-09-30T02:10:10.836162Z
PGA,top_5,Jimmy Stanger,"Stanger, Jimmy",5790,1.70%,0.69%,+6300,+5500,+7000,+9437,2026-09-30T02:10:10.836166Z
PGA,top_5,Kevin Streelman,"Streelman, Kevin",3372.727273,2.88%,1.13%,+3100,+4000,+4000,+6273,2026-09-30T02:10:10.836169Z
PGA,top_5,Jackson Suber,"Suber, Jackson",648.75,13.36%,5.21%,+710,+650,+650,+869,2026-09-30T02:10:10.836178Z
PGA,top_5,Adam Svensson,"Svensson, Adam",4827.272727,2.03%,0.80%,+5600,+5500,+5500,+8642,2026-09-30T02:10:10.836181Z
PGA,top_5,Jesper Svensson,"Svensson, Jesper",2100,4.55%,1.79%,+2050,+2000,+2000,+3406,2026-09-30T02:10:10.836185Z
PGA,top_5,Nick Taylor,"Taylor, Nick",1143.75,8.04%,3.20%,+1025,+1300,+1100,+1517,2026-09-30T02:10:10.836188Z
PGA,top_5,Davis Thompson,"Thompson, Davis",762.9166667,11.59%,4.53%,+800,+850,+750,+992,2026-09-30T02:10:10.836192Z
PGA,top_5,Michael Thompson,"Thompson, Michael",11200,0.88%,0.36%,+11000,+12500,+15000,+20900,2026-09-30T02:10:10.836195Z
PGA,top_5,Brendon Todd,"Todd, Brendon",24050,0.41%,0.21%,+45000,+15000,+27500,+94801,2026-09-30T02:10:10.836199Z
PGA,top_5,Alejandro Tosti,"Tosti, Alejandro",6060,1.62%,0.65%,+5400,+6000,+7000,+9913,2026-09-30T02:10:10.836204Z
PGA,top_5,Erik Van Rooyen,"Van Rooyen, Erik",3062.5,3.16%,1.23%,+3200,+3000,+3000,+4945,2026-09-30T02:10:10.836208Z
PGA,top_5,John VanDerLaan,"VanDerLaan, John",2508.333333,3.83%,1.51%,+2350,+2700,+2200,+3779,2026-09-30T02:10:10.836211Z
PGA,top_5,Kristoffer Ventura,"Ventura, Kristoffer",1006.25,9.04%,3.54%,+990,+1000,+900,+1368,2026-09-30T02:10:10.836217Z
PGA,top_5,Danny Walker,"Walker, Danny",5890,1.67%,0.67%,+4800,+6000,+7000,+7113,2026-09-30T02:10:10.836220Z
PGA,top_5,Matt Wallace,"Wallace, Matt",542.0833333,15.57%,6.07%,+550,+600,+600,+582,2026-09-30T02:10:10.836224Z
PGA,top_5,Vince Whaley,"Whaley, Vince",4854.545455,2.02%,0.80%,+5400,+5500,+5500,+7146,2026-09-30T02:10:10.836227Z
PGA,top_5,Aaron Wise,"Wise, Aaron",4910,2.00%,0.80%,+4500,+4500,+6000,+6850,2026-09-30T02:10:10.836230Z
PGA,top_5,Dylan Wu,"Wu, Dylan",6510,1.51%,0.60%,+5700,+8000,+7000,+8277,2026-09-30T02:10:10.836234Z
PGA,top_5,Sudarshan Yellamaraju,"Yellamaraju, Sudarshan",1720.833333,5.49%,2.15%,+1700,+1700,+1600,+2373,2026-09-30T02:10:10.836237Z
PGA,top_5,Kevin Yu,"Yu, Kevin",706.6666667,12.40%,4.84%,+760,+750,+750,+911,2026-09-30T02:10:10.836241Z
PGA,win,Kihei Akina,"Akina, Kihei",26898.23077,0.37%,0.15%,+31000,+22500,+25000,+46775,2026-09-30T02:10:10.836244Z
PGA,win,Seonghyeon An,"An, Seonghyeon",89000,0.11%,0.05%,,+75000,+200000,+1999900,2026-09-30T02:10:10.836248Z
PGA,win,Zach Bauchou,"Bauchou, Zach",5968.5,1.65%,0.61%,+6700,+5500,+5000,+8315,2026-09-30T02:10:10.836253Z
PGA,win,Christiaan Bezuidenhout,"Bezuidenhout, Christiaan",5943.357143,1.65%,0.62%,+6100,+6000,+6000,+8484,2026-09-30T02:10:10.836257Z
PGA,win,Zac Blair,"Blair, Zac",9998.071429,0.99%,0.37%,+10500,+10000,+11000,+16707,2026-09-30T02:10:10.836260Z
PGA,win,Chandler Blanchet,"Blanchet, Chandler",16485.78571,0.60%,0.23%,+16500,+15000,+15000,+27678,2026-09-30T02:10:10.836264Z
PGA,win,Boston Bracken,"Bracken, Boston",47000,0.21%,0.08%,+42500,+50000,+60000,+199900,2026-09-30T02:10:10.836269Z
PGA,win,Michael Brennan,"Brennan, Michael",1579.928571,5.95%,2.17%,+1800,+1600,+1600,+2415,2026-09-30T02:10:10.836272Z
PGA,win,Rafael Campos,"Campos, Rafael",52272.72727,0.19%,0.07%,+57500,+50000,+75000,+122349,2026-09-30T02:10:10.836276Z
PGA,win,Davis Chatfield,"Chatfield, Davis",15164.57143,0.66%,0.25%,+19500,+12500,+16000,+35194,2026-09-30T02:10:10.836279Z
PGA,win,Luke Clanton,"Clanton, Luke",15432.64286,0.64%,0.24%,+18000,+12500,+16000,+22977,2026-09-30T02:10:10.836283Z
PGA,win,Eric Cole,"Cole, Eric",4305.142857,2.27%,0.82%,+4500,+4000,+4000,+4754,2026-09-30T02:10:10.836288Z
PGA,win,Pierceson Coody,"Coody, Pierceson",4811.571429,2.04%,0.75%,+4700,+4500,+4000,+7335,2026-09-30T02:10:10.836293Z
PGA,win,Trace Crowe,"Crowe, Trace",9517.571429,1.04%,0.38%,+9200,+10000,+9000,+15285,2026-09-30T02:10:10.836297Z
PGA,win,Joel Dahmen,"Dahmen, Joel",12164.85714,0.82%,0.30%,+12000,+12500,+11000,+24290,2026-09-30T02:10:10.836300Z
PGA,win,Cam Davis,"Davis, Cam",42890.25,0.23%,0.09%,+55000,+50000,+50000,+76823,2026-09-30T02:10:10.836304Z
PGA,win,Zecheng Dou,"Dou, Zecheng",6243.785714,1.58%,0.59%,+6600,+5500,+6000,+7409,2026-09-30T02:10:10.836307Z
PGA,win,Adrien Dumont De Chassart,"Dumont De Chassart, Adrien",17559.57143,0.57%,0.21%,+18500,+17500,+17500,+29457,2026-09-30T02:10:10.836311Z
PGA,win,Tyler Duncan,"Duncan, Tyler",21893.33333,0.45%,0.17%,+19500,+17500,+30000,+38861,2026-09-30T02:10:10.836314Z
PGA,win,Nick Dunlap,"Dunlap, Nick",32851.53846,0.30%,0.12%,+41000,+35000,+35000,+90809,2026-09-30T02:10:10.836318Z
PGA,win,Austin Eckroat,"Eckroat, Austin",7283.714286,1.35%,0.50%,+7200,+7000,+6600,+10299,2026-09-30T02:10:10.836321Z
PGA,win,A.J. Ewart,"Ewart, A.J.",16879.16667,0.59%,0.22%,+17500,+17500,+17500,+22372,2026-09-30T02:10:10.836325Z
PGA,win,Tony Finau,"Finau, Tony",9580,1.03%,0.38%,+11500,+10000,+9000,+15090,2026-09-30T02:10:10.836332Z
PGA,win,Patrick Fishburn,"Fishburn, Patrick",9786.5,1.01%,0.37%,+9600,+10000,+10000,+13414,2026-09-30T02:10:10.836336Z
PGA,win,Steven Fisk,"Fisk, Steven",7779.571429,1.27%,0.46%,+6900,+8000,+7500,+10139,2026-09-30T02:10:10.836339Z
PGA,win,David Ford,"Ford, David",9156,1.08%,0.40%,+9400,+7000,+8000,+20034,2026-09-30T02:10:10.836343Z
PGA,win,Brice Garnett,"Garnett, Brice",29487.84615,0.34%,0.13%,+34000,+25000,+30000,+60506,2026-09-30T02:10:10.836346Z
PGA,win,Doug Ghim,"Ghim, Doug",2355.071429,4.07%,1.47%,+2300,+2500,+2200,+2686,2026-09-30T02:10:10.836349Z
PGA,win,Lucas Glover,"Glover, Lucas",11777.64286,0.84%,0.32%,+16500,+12500,+12500,+35828,2026-09-30T02:10:10.836353Z
PGA,win,Will Gordon,"Gordon, Will",38327.25,0.26%,0.10%,+34000,+35000,+35000,+55975,2026-09-30T02:10:10.836356Z
PGA,win,Max Greyserman,"Greyserman, Max",4609.571429,2.12%,0.78%,+4900,+4500,+4500,+6048,2026-09-30T02:10:10.836360Z
PGA,win,Emiliano Grillo,"Grillo, Emiliano",6294.071429,1.56%,0.58%,+6800,+7000,+6000,+9624,2026-09-30T02:10:10.836363Z
PGA,win,Harry Hall,"Hall, Harry",3838.642857,2.54%,0.96%,+4200,+4000,+4000,+6657,2026-09-30T02:10:10.836368Z
PGA,win,Garrick Higgo,"Higgo, Garrick",15111.21429,0.66%,0.24%,+17000,+17500,+16000,+26567,2026-09-30T02:10:10.836372Z
PGA,win,Joe Highsmith,"Highsmith, Joe",22869,0.44%,0.17%,+22000,+17500,+25000,+42154,2026-09-30T02:10:10.836375Z
PGA,win,Kensei Hirata,"Hirata, Kensei",69318.18182,0.14%,0.06%,+115000,+75000,+100000,+187400,2026-09-30T02:10:10.836379Z
PGA,win,Lee Hodges,"Hodges, Lee",7558.642857,1.31%,0.48%,+8200,+8000,+7500,+13725,2026-09-30T02:10:10.836382Z
PGA,win,Rico Hoey,"Hoey, Rico",4682.071429,2.09%,0.76%,+4800,+5000,+5000,+7723,2026-09-30T02:10:10.836385Z
PGA,win,Tom Hoge,"Hoge, Tom",13757.21429,0.72%,0.26%,+15000,+15000,+14000,+23900,2026-09-30T02:10:10.836391Z
PGA,win,Rasmus Hojgaard,"Hojgaard, Rasmus",4295.214286,2.28%,0.84%,+4600,+4500,+4000,+6486,2026-09-30T02:10:10.836394Z
PGA,win,Max Homa,"Homa, Max",4257.357143,2.29%,0.83%,+3900,+4500,+4500,+6486,2026-09-30T02:10:10.836398Z
PGA,win,Billy Horschel,"Horschel, Billy",5286.785714,1.86%,0.69%,+6700,+5000,+5000,+9624,2026-09-30T02:10:10.836401Z
PGA,win,Beau Hossler,"Hossler, Beau",4787.357143,2.05%,0.74%,+4300,+5000,+5000,+5560,2026-09-30T02:10:10.836406Z
PGA,win,Mark Hubbard,"Hubbard, Mark",16679.92857,0.60%,0.22%,+18500,+15000,+17500,+26686,2026-09-30T02:10:10.836410Z
PGA,win,Mackenzie Hughes,"Hughes, Mackenzie",6860.428571,1.44%,0.53%,+6200,+6500,+7000,+7353,2026-09-30T02:10:10.836413Z
PGA,win,Stephan Jaeger,"Jaeger, Stephan",5574.928571,1.76%,0.64%,+4800,+6000,+5500,+10809,2026-09-30T02:10:10.836417Z
PGA,win,Ben James,"James, Ben",1615.928571,5.83%,2.12%,+1900,+1600,+1600,+2223,2026-09-30T02:10:10.836420Z
PGA,win,Zach J. Johnson,"Johnson, Zach J.",233333.3333,0.04%,0.02%,+450000,,,,2026-09-30T02:10:10.836424Z
PGA,win,Takumi Kanaya,"Kanaya, Takumi",15090.92857,0.66%,0.25%,+16000,+15000,+15000,+24390,2026-09-30T02:10:10.836427Z
PGA,win,Jeffrey Kang,"Kang, Jeffrey",38454.54545,0.26%,0.10%,+48000,+35000,+50000,+51624,2026-09-30T02:10:10.836431Z
PGA,win,Johnny Keefer,"Keefer, Johnny",3498.071429,2.78%,1.02%,+4200,+3500,+3000,+5609,2026-09-30T02:10:10.836434Z
PGA,win,Chris Kirk,"Kirk, Chris",4759,2.06%,0.76%,+5100,+4500,+5000,+6975,2026-09-30T02:10:10.836438Z
PGA,win,Patton Kizzire,"Kizzire, Patton",53409.09091,0.19%,0.08%,+62500,+50000,+75000,+115285,2026-09-30T02:10:10.836443Z
PGA,win,Ben Kohles,"Kohles, Ben",5159.142857,1.90%,0.69%,+5300,+4500,+5000,+9834,2026-09-30T02:10:10.836447Z
PGA,win,Jackson Koivun,"Koivun, Jackson",1144.071429,8.04%,2.91%,+1250,+1200,+1200,+1493,2026-09-30T02:10:10.836450Z
PGA,win,Christo Lamprecht,"Lamprecht, Christo",78181.81818,0.13%,0.05%,+120000,+100000,+75000,+199900,2026-09-30T02:10:10.836456Z
PGA,win,Hank Lebioda,"Lebioda, Hank",29918.75,0.33%,0.12%,+28000,+35000,+35000,+46775,2026-09-30T02:10:10.836460Z
PGA,win,Haotong Li,"Li, Haotong",5979.5,1.64%,0.62%,+8200,+6500,+5000,+12479,2026-09-30T02:10:10.836463Z
PGA,win,David Lingmerth,"Lingmerth, David",199090.9091,0.05%,0.03%,+500000,+100000,+300000,+999900,2026-09-30T02:10:10.836468Z
PGA,win,David Lipsky,"Lipsky, David",24779.5,0.40%,0.15%,+23000,+22500,+27500,+37167,2026-09-30T02:10:10.836472Z
PGA,win,Justin Lower,"Lower, Justin",17107.14286,0.58%,0.22%,+23000,+17500,+16000,+41567,2026-09-30T02:10:10.836475Z
PGA,win,Carson Lundell,"Lundell, Carson",114545.4545,0.09%,0.04%,+200000,+100000,+150000,+857043,2026-09-30T02:10:10.836479Z
PGA,win,Peter Malnati,"Malnati, Peter",33909.09091,0.29%,0.11%,+38000,+25000,+45000,+47144,2026-09-30T02:10:10.836484Z
PGA,win,Ben Martin,"Martin, Ben",28863.63636,0.35%,0.13%,+30000,+35000,+35000,+61124,2026-09-30T02:10:10.836487Z
PGA,win,Bowen Mauss,"Mauss, Bowen",140000,0.07%,0.03%,+150000,+100000,+250000,,2026-09-30T02:10:10.836491Z
PGA,win,Denny McCarthy,"McCarthy, Denny",8486.285714,1.16%,0.43%,+8400,+8000,+7500,+13204,2026-09-30T02:10:10.836494Z
PGA,win,Matt McCarty,"McCarty, Matt",4020.285714,2.43%,0.90%,+5000,+4500,+4000,+13630,2026-09-30T02:10:10.836498Z
PGA,win,Max McGreevy,"McGreevy, Max",8170.857143,1.21%,0.44%,+9200,+8000,+8000,+17495,2026-09-30T02:10:10.836501Z
PGA,win,Maverick McNealy,"McNealy, Maverick",2037.285714,4.68%,1.71%,+2050,+2200,+2000,+2055,2026-09-30T02:10:10.836505Z
PGA,win,Mac Meissner,"Meissner, Mac",4305,2.27%,0.83%,+4500,+4000,+4000,+5720,2026-09-30T02:10:10.836508Z
PGA,win,Taylor Moore,"Moore, Taylor",10003.5,0.99%,0.37%,+9400,+10000,+9000,+11372,2026-09-30T02:10:10.836512Z
PGA,win,William Mouw,"Mouw, William",7836.071429,1.26%,0.47%,+8600,+7000,+8000,+12943,2026-09-30T02:10:10.836517Z
PGA,win,Rasmus Neergaard-Petersen,"Neergaard-Petersen, Rasmus",5706.071429,1.72%,0.63%,+5900,+6000,+5000,+8041,2026-09-30T02:10:10.836522Z
PGA,win,Pontus Nyholm,"Nyholm, Pontus",18378.64286,0.54%,0.21%,+18000,+15000,+22500,+30988,2026-09-30T02:10:10.836526Z
PGA,win,C.T. Pan,"Pan, C.T.",44444.44444,0.22%,0.08%,+50000,+50000,+45000,+111011,2026-09-30T02:10:10.836529Z
PGA,win,John Parry,"Parry, John",7219.214286,1.37%,0.50%,+7600,+7000,+7500,+10317,2026-09-30T02:10:10.836533Z
PGA,win,Matthieu Pavon,"Pavon, Matthieu",8573.857143,1.15%,0.42%,+9200,+8000,+8000,+11528,2026-09-30T02:10:10.836536Z
PGA,win,Marco Penge,"Penge, Marco",2513.571429,3.83%,1.41%,+2800,+2500,+2500,+3620,2026-09-30T02:10:10.836539Z
PGA,win,Paul Peterson,"Peterson, Paul",24191.61538,0.41%,0.16%,+27000,+25000,+25000,+48680,2026-09-30T02:10:10.836543Z
PGA,win,Chandler Phillips,"Phillips, Chandler",8477.142857,1.17%,0.43%,+9200,+10000,+8000,+11199,2026-09-30T02:10:10.836546Z
PGA,win,Aldrich Potgieter,"Potgieter, Aldrich",8210.5,1.20%,0.44%,+9000,+8000,+9000,+14499,2026-09-30T02:10:10.836550Z
PGA,win,Seamus Power,"Power, Seamus",8294.428571,1.19%,0.44%,+8200,+10000,+8000,+15648,2026-09-30T02:10:10.836553Z
PGA,win,Andrew Putnam,"Putnam, Andrew",15874.71429,0.63%,0.23%,+16000,+15000,+17500,+24290,2026-09-30T02:10:10.836558Z
PGA,win,Chad Ramey,"Ramey, Chad",12014.35714,0.83%,0.30%,+12500,+12500,+12500,+22205,2026-09-30T02:10:10.836562Z
PGA,win,Rhett Rasmussen,"Rasmussen, Rhett",151000,0.07%,0.03%,+350000,+100000,+250000,+1499900,2026-09-30T02:10:10.836565Z
PGA,win,Davis Riley,"Riley, Davis",26001.66667,0.38%,0.15%,+28000,+25000,+30000,+42453,2026-09-30T02:10:10.836568Z
PGA,win,Patrick Rodgers,"Rodgers, Patrick",10284.85714,0.96%,0.36%,+12500,+10000,+8000,+26216,2026-09-30T02:10:10.836572Z
PGA,win,Kevin Roy,"Roy, Kevin",5691,1.73%,0.63%,+5700,+5500,+5500,+6734,2026-09-30T02:10:10.836575Z
PGA,win,Marcelo Rozo,"Rozo, Marcelo",105454.5455,0.09%,0.04%,+120000,+100000,+150000,+249900,2026-09-30T02:10:10.836581Z
PGA,win,Isaiah Salinda,"Salinda, Isaiah",13580.71429,0.73%,0.27%,+14000,+10000,+15000,+25651,2026-09-30T02:10:10.836584Z
PGA,win,Gordon Sargent,"Sargent, Gordon",10186.85714,0.97%,0.36%,+12500,+10000,+9000,+20308,2026-09-30T02:10:10.836588Z
PGA,win,Adam Schenk,"Schenk, Adam",45318.18182,0.22%,0.08%,+46000,+75000,+50000,+83233,2026-09-30T02:10:10.836591Z
PGA,win,Tyson Shelley,"Shelley, Tyson",120312.5,0.08%,0.04%,+77500,,+250000,,2026-09-30T02:10:10.836596Z
PGA,win,Neal Shipley,"Shipley, Neal",5061.5,1.94%,0.71%,+5700,+6000,+5000,+8375,2026-09-30T02:10:10.836600Z
PGA,win,Ben Silverman,"Silverman, Ben",19690.71429,0.51%,0.20%,+19500,+17500,+20000,+45702,2026-09-30T02:10:10.836603Z
PGA,win,David Skinns,"Skinns, David",25820.46154,0.39%,0.14%,+23000,+35000,+25000,+43065,2026-09-30T02:10:10.836607Z
PGA,win,Jordan Smith,"Smith, Jordan",3706.428571,2.63%,0.96%,+4000,+3300,+3000,+4855,2026-09-30T02:10:10.836610Z
PGA,win,Austin Smotherman,"Smotherman, Austin",8789.714286,1.12%,0.41%,+9200,+8000,+9000,+14788,2026-09-30T02:10:10.836614Z
PGA,win,Matt Snyder,"Snyder, Matt",151500,0.07%,0.03%,+450000,+100000,+250000,+999900,2026-09-30T02:10:10.836617Z
PGA,win,Hayden Springer,"Springer, Hayden",11330.28571,0.87%,0.32%,+11000,+12500,+11000,+16384,2026-09-30T02:10:10.836621Z
PGA,win,Jimmy Stanger,"Stanger, Jimmy",36636.36364,0.27%,0.10%,+43000,+35000,+45000,+68082,2026-09-30T02:10:10.836624Z
PGA,win,Kevin Streelman,"Streelman, Kevin",22288.92308,0.45%,0.17%,+19000,+22500,+22500,+46054,2026-09-30T02:10:10.836628Z
PGA,win,Jackson Suber,"Suber, Jackson",2862.285714,3.38%,1.23%,+3300,+3000,+2800,+4119,2026-09-30T02:10:10.836633Z
PGA,win,Adam Svensson,"Svensson, Adam",29178.30769,0.34%,0.13%,+40000,+25000,+30000,+69667,2026-09-30T02:10:10.836636Z
PGA,win,Jesper Svensson,"Svensson, Jesper",10801.64286,0.92%,0.34%,+11000,+10000,+10000,+19508,2026-09-30T02:10:10.836643Z
PGA,win,Nick Taylor,"Taylor, Nick",5662.571429,1.74%,0.63%,+5100,+5500,+5500,+8351,2026-09-30T02:10:10.836647Z
PGA,win,Davis Thompson,"Thompson, Davis",3626.571429,2.68%,0.98%,+3800,+3500,+3500,+5055,2026-09-30T02:10:10.836650Z
PGA,win,Michael Thompson,"Thompson, Michael",86590.90909,0.12%,0.04%,+87500,+100000,+100000,+153746,2026-09-30T02:10:10.836654Z
PGA,win,Brendon Todd,"Todd, Brendon",149090.9091,0.07%,0.03%,+450000,+100000,+200000,+1999900,2026-09-30T02:10:10.836657Z
PGA,win,Alejandro Tosti,"Tosti, Alejandro",39000,0.26%,0.10%,+34000,+35000,+45000,+89452,2026-09-30T02:10:10.836660Z
PGA,win,Erik Van Rooyen,"Van Rooyen, Erik",18194.71429,0.55%,0.21%,+19500,+15000,+17500,+33991,2026-09-30T02:10:10.836664Z
PGA,win,John VanDerLaan,"VanDerLaan, John",13674.28571,0.73%,0.27%,+13500,+12500,+12500,+24693,2026-09-30T02:10:10.836668Z
PGA,win,Kristoffer Ventura,"Ventura, Kristoffer",4805.5,2.04%,0.75%,+4800,+4500,+4000,+6885,2026-09-30T02:10:10.836673Z
PGA,win,Danny Walker,"Walker, Danny",37462.83333,0.27%,0.10%,+31000,+35000,+45000,+53471,2026-09-30T02:10:10.836677Z
PGA,win,Matt Wallace,"Wallace, Matt",2384.642857,4.02%,1.46%,+2450,+2200,+2500,+2753,2026-09-30T02:10:10.836680Z
PGA,win,Vince Whaley,"Whaley, Vince",27257.30769,0.37%,0.14%,+36000,+25000,+30000,+53954,2026-09-30T02:10:10.836684Z
PGA,win,Aaron Wise,"Wise, Aaron",31471,0.32%,0.12%,+29000,+25000,+35000,+50320,2026-09-30T02:10:10.836687Z
PGA,win,Dylan Wu,"Wu, Dylan",37409.09091,0.27%,0.10%,+39000,+50000,+40000,+60506,2026-09-30T02:10:10.836690Z
PGA,win,Sudarshan Yellamaraju,"Yellamaraju, Sudarshan",9078,1.09%,0.40%,+9400,+8000,+8000,+13536,2026-09-30T02:10:10.836694Z
PGA,win,Kevin Yu,"Yu, Kevin",3187.714286,3.04%,1.12%,+3500,+3300,+3300,+4606,2026-09-30T02:10:10.836697Z
